# Blender 4.4.0
# www.blender.org
mtllib Studio.mtl
o 円柱.002
v 1.589422 4.541656 -48.996216
v 4.813684 4.541656 -48.678658
v 1.589422 7.934492 -48.996216
v -1.634840 4.541656 -48.678658
v -4.735196 4.541656 -47.738174
v -1.634840 7.934492 -48.678658
v -4.735196 7.934492 -47.738174
v -7.592499 7.934492 -46.210915
v -10.096947 7.934493 -44.155567
v -7.592499 4.541657 -46.210911
v -10.096947 4.541657 -44.155563
v -12.152294 4.541657 -41.651119
v -13.679555 4.541658 -38.793816
v -12.152294 7.934493 -41.651119
v -13.679555 7.934494 -38.793816
v -14.620036 7.934494 -35.693459
v -14.937600 7.934494 -32.469196
v -14.620036 4.541658 -35.693459
v -14.937600 4.541659 -32.469196
v 18.116444 7.934494 -32.469196
v 18.116444 4.541659 -32.469196
v 17.798880 4.541658 -35.693459
v 16.858398 4.541658 -38.793816
v 17.798880 7.934494 -35.693459
v 16.858398 7.934494 -38.793816
v 15.331137 7.934493 -41.651119
v 13.275789 7.934493 -44.155567
v 15.331137 4.541657 -41.651119
v 13.275789 4.541657 -44.155563
v 10.771342 4.541657 -46.210911
v 7.914039 4.541656 -47.738174
v 10.771342 7.934492 -46.210915
v 7.914039 7.934492 -47.738174
v 4.813684 7.934492 -48.678658
v 18.089321 4.541659 -32.193817
v -14.910478 4.541659 -32.193817
v -14.910478 7.934494 -32.193821
v 18.089321 7.934494 -32.193821
vn -0.4044 -0.6857 -0.6052
vn 0.6052 -0.6857 -0.4044
vn 0.6821 -0.7282 0.0672
vn -0.0000 0.6857 -0.7279
vn 0.1420 -0.6857 -0.7139
vn -0.0000 -0.6857 -0.7279
vn -0.1420 0.6857 -0.7139
vn -0.1420 -0.6857 -0.7139
vn -0.2786 0.6857 -0.6725
vn -0.2786 -0.6857 -0.6725
vn 0.5147 0.6857 -0.5147
vn -0.5147 0.6857 -0.5147
vn -0.7279 0.6857 -0.0000
vn -0.4044 0.6857 -0.6052
vn -0.5147 -0.6857 -0.5147
vn -0.6052 0.6857 -0.4044
vn -0.6052 -0.6857 -0.4044
vn -0.6725 -0.6857 -0.2786
vn -0.7139 -0.6857 -0.1420
vn -0.6725 0.6857 -0.2786
vn -0.7279 -0.6857 -0.0000
vn -0.7139 0.6857 -0.1420
vn -0.6821 -0.7282 0.0672
vn -0.6821 0.7282 0.0672
vn 0.7279 0.6857 -0.0000
vn 0.6821 0.7282 0.0672
vn 0.7139 -0.6857 -0.1420
vn 0.7279 -0.6857 -0.0000
vn 0.6725 0.6857 -0.2786
vn 0.6725 -0.6857 -0.2786
vn 0.6052 0.6857 -0.4044
vn 0.5147 -0.6857 -0.5147
vn 0.4044 0.6857 -0.6052
vn 0.4044 -0.6857 -0.6052
vn 0.2786 -0.6857 -0.6725
vn 0.1420 0.6857 -0.7139
vn -0.0000 -0.0000 1.0000
vn 0.7139 0.6857 -0.1420
vn 0.2786 0.6857 -0.6725
vt 0.397538 0.865253
vt 0.459039 0.853020
vt 0.466439 0.827647
vt 0.468360 0.966948
vt 0.462586 0.874573
vt 0.468360 0.874573
vt 0.289382 0.966948
vt 0.283609 0.874573
vt 0.289382 0.874573
vt 0.295156 0.966948
vt 0.295156 0.874573
vt 0.361150 0.859739
vt 0.298443 0.859739
vt 0.285456 0.828385
vt 0.300929 0.966948
vt 0.300929 0.874573
vt 0.306703 0.966948
vt 0.306703 0.874573
vt 0.312476 0.966948
vt 0.312476 0.874573
vt 0.318250 0.874573
vt 0.324023 0.874573
vt 0.318250 0.966948
vt 0.329797 0.874573
vt 0.324023 0.966948
vt 0.329797 0.966948
vt 0.330290 0.874573
vt 0.330290 0.966948
vt 0.421679 0.874573
vt 0.422172 0.966948
vt 0.421679 0.966948
vt 0.427945 0.874573
vt 0.422172 0.874573
vt 0.433719 0.966948
vt 0.433719 0.874573
vt 0.439492 0.966948
vt 0.439492 0.874573
vt 0.445266 0.966948
vt 0.445266 0.874573
vt 0.451039 0.966948
vt 0.451039 0.874573
vt 0.456813 0.874573
vt 0.462586 0.966948
vt 0.473752 0.298316
vt 0.446816 0.450981
vt 0.473752 0.450981
vt 0.377905 0.827647
vt 0.377832 0.828385
vt 0.378684 0.837036
vt 0.381207 0.845354
vt 0.385304 0.853020
vt 0.390819 0.859739
vt 0.405204 0.869350
vt 0.413522 0.871874
vt 0.422172 0.872726
vt 0.430822 0.871874
vt 0.439140 0.869350
vt 0.446806 0.865253
vt 0.453525 0.859739
vt 0.463137 0.845354
vt 0.465660 0.837036
vt 0.466512 0.828385
vt 0.283609 0.966948
vt 0.285529 0.827647
vt 0.374064 0.827647
vt 0.374137 0.828385
vt 0.373285 0.837036
vt 0.370762 0.845354
vt 0.366664 0.853020
vt 0.354431 0.865253
vt 0.346765 0.869350
vt 0.338447 0.871874
vt 0.329797 0.872726
vt 0.321146 0.871874
vt 0.312828 0.869350
vt 0.305163 0.865253
vt 0.292929 0.853020
vt 0.288832 0.845354
vt 0.286308 0.837036
vt 0.427945 0.966948
vt 0.456813 0.966948
vt 0.446816 0.298316
s 1
usemtl マテリアル.007
f 10/1/1 28/2/2 35/3/3
f 3/4/4 2/5/5 1/6/6
f 6/7/7 1/8/6 4/9/8
f 7/10/9 4/9/8 5/11/10
f 27/12/11 9/13/12 17/14/13
f 8/15/14 5/11/10 10/16/1
f 9/17/12 10/16/1 11/18/15
f 14/19/16 11/18/15 12/20/17
f 13/21/18 14/19/16 12/20/17
f 18/22/19 15/23/20 13/21/18
f 19/24/21 16/25/22 18/22/19
f 17/26/13 36/27/23 37/28/24
f 35/29/3 20/30/25 38/31/26
f 22/32/27 20/30/25 21/33/28
f 25/34/29 22/32/27 23/35/30
f 26/36/31 23/35/30 28/37/2
f 27/38/11 28/37/2 29/39/32
f 32/40/33 29/39/32 30/41/34
f 31/42/35 32/40/33 30/41/34
f 34/43/36 31/42/35 2/5/5
f 37/44/37 35/45/37 38/46/37
f 36/47/23 19/48/21 18/49/19
f 18/49/19 13/50/18 12/51/17
f 12/51/17 11/52/15 10/1/1
f 10/1/1 5/53/10 4/54/8
f 4/54/8 1/55/6 2/56/5
f 2/56/5 31/57/35 30/58/34
f 30/58/34 29/59/32 28/2/2
f 28/2/2 23/60/30 22/61/27
f 22/61/27 21/62/28 35/3/3
f 35/3/3 36/47/23 18/49/19
f 18/49/19 12/51/17 10/1/1
f 10/1/1 4/54/8 2/56/5
f 2/56/5 30/58/34 28/2/2
f 28/2/2 22/61/27 35/3/3
f 35/3/3 18/49/19 10/1/1
f 10/1/1 2/56/5 28/2/2
f 3/4/4 34/43/36 2/5/5
f 6/7/7 3/63/4 1/8/6
f 7/10/9 6/7/7 4/9/8
f 37/64/24 38/65/26 20/66/25
f 20/66/25 24/67/38 25/68/29
f 25/68/29 26/69/31 27/12/11
f 27/12/11 32/70/33 33/71/39
f 33/71/39 34/72/36 3/73/4
f 3/73/4 6/74/7 7/75/9
f 7/75/9 8/76/14 9/13/12
f 9/13/12 14/77/16 15/78/20
f 15/78/20 16/79/22 17/14/13
f 17/14/13 37/64/24 20/66/25
f 20/66/25 25/68/29 27/12/11
f 27/12/11 33/71/39 3/73/4
f 3/73/4 7/75/9 9/13/12
f 9/13/12 15/78/20 17/14/13
f 17/14/13 20/66/25 27/12/11
f 27/12/11 3/73/4 9/13/12
f 8/15/14 7/10/9 5/11/10
f 9/17/12 8/15/14 10/16/1
f 14/19/16 9/17/12 11/18/15
f 13/21/18 15/23/20 14/19/16
f 18/22/19 16/25/22 15/23/20
f 19/24/21 17/26/13 16/25/22
f 17/26/13 19/24/21 36/27/23
f 35/29/3 21/33/28 20/30/25
f 22/32/27 24/80/38 20/30/25
f 25/34/29 24/80/38 22/32/27
f 26/36/31 25/34/29 23/35/30
f 27/38/11 26/36/31 28/37/2
f 32/40/33 27/38/11 29/39/32
f 31/42/35 33/81/39 32/40/33
f 34/43/36 33/81/39 31/42/35
f 37/44/37 36/82/37 35/45/37
o 円柱.003
v 1.589422 4.541656 20.798569
v 4.813683 4.541657 20.481007
v 1.589421 7.934492 20.798569
v -1.634840 4.541656 20.481007
v -4.735196 4.541656 19.540524
v -1.634841 7.934491 20.481007
v -4.735196 7.934491 19.540524
v -7.592500 7.934491 18.013264
v -10.096948 7.934491 15.957917
v -7.592499 4.541656 18.013264
v -10.096947 4.541656 15.957916
v -12.152294 4.541656 13.453469
v -13.679555 4.541656 10.596165
v -12.152295 7.934491 13.453470
v -13.679556 7.934491 10.596167
v -14.620036 7.934492 7.495811
v -14.937600 7.934492 4.271549
v -14.620036 4.541656 7.495810
v -14.937600 4.541656 4.271548
v 18.116444 7.934497 4.271549
v 18.116444 4.541662 4.271548
v 17.798880 4.541661 7.495810
v 16.858398 4.541660 10.596165
v 17.798880 7.934496 7.495811
v 16.858397 7.934496 10.596167
v 15.331136 7.934495 13.453470
v 13.275788 7.934494 15.957917
v 15.331137 4.541660 13.453469
v 13.275789 4.541659 15.957916
v 10.771342 4.541658 18.013264
v 7.914039 4.541657 19.540524
v 10.771341 7.934494 18.013264
v 7.914039 7.934493 19.540524
v 4.813683 7.934492 20.481007
v 18.089321 4.541662 3.996170
v -14.910478 4.541656 3.996170
v -14.910478 7.934492 3.996171
v 18.089321 7.934497 3.996171
vn 0.4044 0.6857 -0.6052
vn -0.6052 0.6857 -0.4044
vn -0.6821 0.7282 0.0672
vn -0.0000 -0.6857 -0.7279
vn -0.1420 0.6857 -0.7139
vn -0.0000 0.6857 -0.7279
vn 0.1420 -0.6857 -0.7139
vn 0.1420 0.6857 -0.7139
vn 0.2786 -0.6857 -0.6725
vn 0.2786 0.6857 -0.6725
vn -0.5147 -0.6857 -0.5147
vn 0.5147 -0.6857 -0.5147
vn 0.7279 -0.6857 -0.0000
vn 0.4044 -0.6857 -0.6052
vn 0.5147 0.6857 -0.5147
vn 0.6052 -0.6857 -0.4044
vn 0.6052 0.6857 -0.4044
vn 0.6725 -0.6857 -0.2786
vn 0.6725 0.6857 -0.2785
vn 0.7139 -0.6857 -0.1420
vn 0.7139 0.6857 -0.1420
vn 0.7279 0.6857 -0.0000
vn 0.6821 0.7282 0.0672
vn 0.6821 -0.7282 0.0672
vn -0.7279 0.6857 -0.0000
vn -0.6821 -0.7282 0.0672
vn -0.7139 -0.6857 -0.1420
vn -0.7139 0.6857 -0.1420
vn -0.6725 0.6857 -0.2785
vn -0.6725 -0.6857 -0.2786
vn -0.5147 0.6857 -0.5147
vn -0.6052 -0.6857 -0.4044
vn -0.4044 0.6857 -0.6052
vn -0.2786 -0.6857 -0.6725
vn -0.2786 0.6857 -0.6725
vn -0.1420 -0.6857 -0.7139
vn -0.0000 -0.0000 1.0000
vn -0.7279 -0.6857 -0.0000
vn -0.4044 -0.6857 -0.6052
vt 0.397538 0.865253
vt 0.459039 0.853020
vt 0.466439 0.827647
vt 0.468360 0.966948
vt 0.462586 0.874573
vt 0.468360 0.874573
vt 0.289382 0.966948
vt 0.283609 0.874573
vt 0.289382 0.874573
vt 0.295156 0.966948
vt 0.295156 0.874573
vt 0.361150 0.859739
vt 0.298443 0.859739
vt 0.285456 0.828385
vt 0.300929 0.966948
vt 0.300929 0.874573
vt 0.306703 0.874573
vt 0.312476 0.966948
vt 0.312476 0.874573
vt 0.318250 0.966948
vt 0.318250 0.874573
vt 0.324023 0.966948
vt 0.324023 0.874573
vt 0.329797 0.874573
vt 0.329797 0.966948
vt 0.330290 0.874573
vt 0.330290 0.966948
vt 0.422172 0.874573
vt 0.421679 0.966948
vt 0.421679 0.874573
vt 0.427945 0.966948
vt 0.427945 0.874573
vt 0.433719 0.874573
vt 0.439492 0.874573
vt 0.433719 0.966948
vt 0.445266 0.874573
vt 0.439492 0.966948
vt 0.451039 0.874573
vt 0.445266 0.966948
vt 0.456813 0.966948
vt 0.456813 0.874573
vt 0.462586 0.966948
vt 0.473752 0.298316
vt 0.446816 0.450981
vt 0.473752 0.450981
vt 0.377905 0.827647
vt 0.377832 0.828385
vt 0.378684 0.837036
vt 0.381207 0.845354
vt 0.385304 0.853020
vt 0.390819 0.859739
vt 0.405204 0.869350
vt 0.413522 0.871874
vt 0.422172 0.872726
vt 0.430822 0.871874
vt 0.439140 0.869350
vt 0.446806 0.865253
vt 0.453525 0.859739
vt 0.463137 0.845354
vt 0.465660 0.837036
vt 0.466512 0.828385
vt 0.283609 0.966948
vt 0.285529 0.827647
vt 0.374064 0.827647
vt 0.374137 0.828385
vt 0.373285 0.837036
vt 0.370762 0.845354
vt 0.366664 0.853020
vt 0.354431 0.865253
vt 0.346765 0.869350
vt 0.338447 0.871874
vt 0.329797 0.872726
vt 0.321146 0.871874
vt 0.312828 0.869350
vt 0.305163 0.865253
vt 0.292929 0.853020
vt 0.288832 0.845354
vt 0.286308 0.837036
vt 0.306703 0.966948
vt 0.422172 0.966948
vt 0.451039 0.966948
vt 0.446816 0.298316
s 1
usemtl マテリアル.008
f 48/83/40 66/84/41 73/85/42
f 41/86/43 40/87/44 39/88/45
f 44/89/46 39/90/45 42/91/47
f 45/92/48 42/91/47 43/93/49
f 65/94/50 47/95/51 55/96/52
f 46/97/53 43/93/49 48/98/40
f 49/99/54 46/97/53 48/98/40
f 52/100/55 49/99/54 50/101/56
f 53/102/57 50/101/56 51/103/58
f 54/104/59 51/103/58 56/105/60
f 57/106/61 54/104/59 56/105/60
f 55/107/52 74/108/62 75/109/63
f 59/110/64 76/111/65 73/112/42
f 62/113/66 59/110/64 60/114/67
f 61/115/68 62/113/66 60/114/67
f 66/116/41 63/117/69 61/115/68
f 67/118/70 64/119/71 66/116/41
f 68/120/72 65/121/50 67/118/70
f 71/122/73 68/120/72 69/123/74
f 72/124/75 69/123/74 40/87/44
f 75/125/76 73/126/76 76/127/76
f 74/128/62 57/129/61 56/130/60
f 56/130/60 51/131/58 50/132/56
f 50/132/56 49/133/54 48/83/40
f 48/83/40 43/134/49 42/135/47
f 42/135/47 39/136/45 40/137/44
f 40/137/44 69/138/74 68/139/72
f 68/139/72 67/140/70 66/84/41
f 66/84/41 61/141/68 60/142/67
f 60/142/67 59/143/64 73/85/42
f 73/85/42 74/128/62 56/130/60
f 56/130/60 50/132/56 48/83/40
f 48/83/40 42/135/47 40/137/44
f 40/137/44 68/139/72 66/84/41
f 66/84/41 60/142/67 73/85/42
f 73/85/42 56/130/60 48/83/40
f 48/83/40 40/137/44 66/84/41
f 41/86/43 72/124/75 40/87/44
f 44/89/46 41/144/43 39/90/45
f 45/92/48 44/89/46 42/91/47
f 75/145/63 76/146/65 58/147/77
f 58/147/77 62/148/66 63/149/69
f 63/149/69 64/150/71 65/94/50
f 65/94/50 70/151/78 71/152/73
f 71/152/73 72/153/75 41/154/43
f 41/154/43 44/155/46 45/156/48
f 45/156/48 46/157/53 47/95/51
f 47/95/51 52/158/55 53/159/57
f 53/159/57 54/160/59 55/96/52
f 55/96/52 75/145/63 58/147/77
f 58/147/77 63/149/69 65/94/50
f 65/94/50 71/152/73 41/154/43
f 41/154/43 45/156/48 47/95/51
f 47/95/51 53/159/57 55/96/52
f 55/96/52 58/147/77 65/94/50
f 65/94/50 41/154/43 47/95/51
f 46/97/53 45/92/48 43/93/49
f 49/99/54 47/161/51 46/97/53
f 52/100/55 47/161/51 49/99/54
f 53/102/57 52/100/55 50/101/56
f 54/104/59 53/102/57 51/103/58
f 57/106/61 55/107/52 54/104/59
f 55/107/52 57/106/61 74/108/62
f 59/110/64 58/162/77 76/111/65
f 62/113/66 58/162/77 59/110/64
f 61/115/68 63/117/69 62/113/66
f 66/116/41 64/119/71 63/117/69
f 67/118/70 65/121/50 64/119/71
f 68/120/72 70/163/78 65/121/50
f 71/122/73 70/163/78 68/120/72
f 72/124/75 71/122/73 69/123/74
f 75/125/76 74/164/76 73/126/76
o 円柱.027
v 14.602291 6.838226 -75.062180
v 15.094318 40.906433 -75.158920
v 14.908703 63.736664 -75.168068
v 15.369308 66.753235 -75.240372
v 16.034737 40.592896 -74.332062
v 15.642059 41.463013 -75.043945
v 15.885513 36.294495 -74.513390
v 15.656902 7.855774 -75.098579
v 15.406822 41.430267 -75.155029
v 15.439362 6.599304 -75.196236
v 15.123135 7.333618 -75.198891
v 15.913151 6.061768 -74.554985
v 16.220451 7.626862 -74.319542
v 16.036472 6.599579 -74.398605
v 16.863945 39.669678 -74.108994
v 15.289711 42.112091 -75.000755
v 15.842129 37.769684 -74.239990
v 15.868664 7.832397 -74.278671
v 16.071442 42.854584 -74.125343
v 16.508083 43.044525 -74.069344
v 16.990360 42.649689 -73.416321
v 17.180691 42.020569 -73.220634
v 17.142368 6.599640 -73.306763
v 17.731945 43.043762 -73.131401
v 18.285664 40.268616 -72.371193
v 18.411114 8.059479 -72.332451
v 18.516266 36.335449 -72.252853
v 19.102299 41.975555 -72.148743
v 18.571857 66.865265 -72.320511
v 19.267479 43.044525 -71.954590
v 19.490025 66.875214 -71.616898
v 19.519333 36.002075 -71.422577
v 19.742996 42.854706 -71.311531
v 20.184139 42.372009 -71.252754
v 20.966854 42.854431 -70.373589
v 21.542370 42.535217 -70.280434
v 21.713249 42.694641 -70.080513
v 21.957478 38.979950 -69.550217
v 22.190704 42.854675 -69.435654
v 22.631836 42.372192 -69.376877
v 23.279484 39.969238 -68.539581
v 23.106621 42.854004 -68.733711
v 23.855694 42.372253 -68.438942
v 24.395603 33.544983 -67.684120
v 24.638409 42.854065 -67.559776
v 25.079548 42.372162 -67.501007
v 25.631081 39.860962 -66.737320
v 25.709333 6.599579 -66.741188
v 25.862261 42.854187 -66.621841
v 26.303396 42.372040 -66.563065
v 26.843304 33.545563 -65.808243
v 27.086115 42.854309 -65.683899
v 27.662828 42.228424 -65.589157
v 27.833662 42.975586 -65.389900
v 28.077761 39.944366 -64.862289
v 28.157040 6.599640 -64.865311
v 28.309971 42.854462 -64.745964
v 28.883120 42.805695 -64.653870
v 29.058849 37.432281 -64.457779
v 29.110662 66.825012 -64.521873
v 29.399233 39.922333 -63.849564
v 29.229059 43.031586 -64.040421
v 29.380892 6.599518 -63.927376
v 29.970461 43.044159 -63.752022
v 30.524889 39.934326 -62.986900
v 30.664492 7.787170 -62.945183
v 30.757668 42.854675 -62.870087
v 31.194309 43.044006 -62.814087
v 31.846573 39.953339 -61.973934
v 31.673595 42.855225 -62.168144
v 31.828596 6.599548 -62.051498
v 32.422665 42.371796 -61.873375
v 33.066574 39.220215 -61.036499
v 32.897449 42.854370 -61.230202
v 33.786095 42.248291 -60.898254
v 33.945606 42.257324 -60.703426
v 34.028931 43.309357 -60.424065
v 34.064583 51.653503 -59.915215
v 34.183807 6.169830 -60.055023
v 34.064190 40.543427 -60.857925
v 33.132034 6.528168 -61.293442
v 33.019104 36.934387 -61.383965
v 32.769749 40.597931 -61.917000
v 32.537323 41.174896 -62.029922
v 31.946550 6.599579 -62.205410
v 31.795254 36.934052 -62.321899
v 31.623514 41.175018 -62.730255
v 30.722698 6.599670 -63.143349
v 30.571398 36.933380 -63.259842
v 30.327667 41.243195 -63.792564
v 30.089619 41.174896 -63.905800
v 29.498850 6.599579 -64.081284
v 29.347542 36.934784 -64.197784
v 29.175810 41.174530 -64.606125
v 28.274996 6.599548 -65.019226
v 28.123955 41.045837 -65.131241
v 27.949585 41.003784 -65.546921
v 27.051142 6.599579 -65.957169
v 26.899841 36.933746 -66.073654
v 26.728106 41.174896 -66.482002
v 25.775358 6.151703 -66.929466
v 25.675985 36.933929 -67.011597
v 25.432682 41.186462 -67.543617
v 25.203842 41.245392 -67.655777
v 24.603439 6.599640 -67.833038
v 24.452133 36.934601 -67.949532
v 24.280403 41.174805 -68.357872
v 23.970356 41.174652 -68.595490
v 23.335945 5.483887 -68.800354
v 23.228283 36.933594 -68.887466
v 23.056553 41.174500 -69.295815
v 22.115257 5.986877 -69.735901
v 22.004433 36.935242 -69.825409
v 21.751907 40.281830 -70.362862
v 21.526760 40.574249 -70.469177
v 20.931881 6.599640 -70.646851
v 20.780575 36.933990 -70.763351
v 20.535736 40.879364 -71.295952
v 20.303474 42.452271 -71.411270
v 19.859852 36.933350 -71.468979
v 19.386951 40.577087 -72.106400
v 18.436642 6.360321 -72.554390
v 18.332870 36.934113 -72.639221
v 18.086933 40.734650 -73.173515
v 17.860722 41.245941 -73.283409
v 17.210690 6.477966 -73.495941
v 17.112133 42.487640 -73.571877
v 17.267258 40.007172 -73.390739
v 16.822628 66.890198 -74.244881
v 16.112267 66.879608 -74.380600
v 16.989346 66.883148 -74.049026
v 15.932575 66.890869 -74.581497
v 14.756790 63.037567 -75.009689
v 14.497852 51.650360 -74.909836
v 14.994781 42.115997 -75.007889
v 15.298607 66.990967 -75.089630
v 15.584240 66.897980 -74.963699
v 15.524574 42.806274 -74.894638
v 15.895741 66.897217 -74.302460
v 16.126232 66.877716 -74.200165
v 16.773251 66.879852 -74.070587
v 16.753139 42.533630 -73.948128
v 17.141270 66.913483 -73.334526
v 18.044365 66.888885 -73.307686
v 17.236710 66.877563 -73.521591
v 17.462582 66.875885 -73.408440
v 18.482841 40.551361 -72.455856
v 19.214169 41.047791 -72.310120
v 19.643867 40.330170 -71.565567
v 20.930054 40.609009 -70.580383
v 22.153885 40.607513 -69.642456
v 22.888115 40.821625 -69.494308
v 23.378242 40.552002 -68.704109
v 24.155651 40.581116 -68.516182
v 24.601978 40.600830 -67.766380
v 25.825445 40.609161 -66.828644
v 26.559343 40.809235 -66.680595
v 27.049295 40.608917 -65.890701
v 27.783195 40.820526 -65.742661
v 28.281614 40.112274 -64.949608
v 29.007051 40.809113 -64.804718
v 29.497513 40.550262 -64.014412
v 30.720850 40.608612 -63.076893
v 31.454752 40.809570 -62.928841
v 31.945213 40.551941 -62.138542
v 33.168556 40.608154 -61.201012
v 33.905357 40.872650 -61.052063
v 34.149815 41.811035 -60.560837
v 34.207012 62.042938 -60.260696
v 34.053291 66.712158 -60.669312
v 34.092430 63.151031 -60.194477
v 33.828327 66.896362 -60.982094
v 33.116848 66.893158 -61.104477
v 32.955475 66.881012 -61.302563
v 32.657852 42.499512 -61.761543
v 32.686863 66.878052 -61.875175
v 31.892715 66.896057 -62.042603
v 31.731682 66.888611 -62.240509
v 31.433973 42.455627 -62.699425
v 31.463146 66.879608 -62.813679
v 30.579966 66.893616 -63.048553
v 30.812449 66.887970 -62.944984
v 30.210726 42.516052 -63.636917
v 30.238733 66.881531 -63.751793
v 29.369448 66.900757 -63.977364
v 29.588596 66.889099 -63.882935
v 28.931248 66.892670 -64.734283
v 28.131958 66.895081 -64.924767
v 28.364756 66.877716 -64.820778
v 27.764082 66.883820 -65.648300
v 26.904449 66.897064 -65.863754
v 27.140890 66.887360 -65.758797
v 26.530598 42.379059 -66.453194
v 26.541765 66.885284 -66.585175
v 25.685030 66.892059 -66.799942
v 25.917040 66.885468 -66.696716
v 25.312164 42.299194 -67.390610
v 25.342632 66.875977 -67.503204
v 24.459415 66.864502 -67.737343
v 24.693180 66.891632 -67.634705
v 24.085171 42.336151 -68.331528
v 24.116802 66.883850 -68.442009
v 23.325665 66.889496 -68.608162
v 23.164738 66.891602 -68.806076
v 22.870674 42.891449 -69.259918
v 22.867863 66.869720 -69.399757
v 22.012444 66.894928 -69.614746
v 22.245476 66.890808 -69.510574
v 21.644222 66.879822 -70.338303
v 20.736935 45.208069 -70.488449
v 21.021626 66.886261 -70.448479
v 20.784061 66.892578 -70.563080
v 20.545723 66.888794 -71.094101
v 20.412903 43.615967 -71.142685
v 20.364281 66.893188 -71.299850
v 19.649937 66.884216 -71.423279
v 19.200588 66.883575 -72.210266
v 18.347057 66.882599 -72.422081
v 17.971420 42.555542 -73.018303
v 18.022217 66.885925 -73.093979
v 17.792030 66.891510 -73.204308
v 18.211994 66.891357 -73.116898
v 18.559498 66.887451 -72.505058
v 19.269081 66.891296 -72.369308
v 18.380283 66.890472 -72.705627
v 19.435017 66.890930 -72.180038
v 19.605095 66.888977 -71.766441
v 19.783127 66.884094 -71.567276
v 20.546436 66.881073 -71.406311
v 20.898647 66.858887 -70.711617
v 21.134159 66.887024 -70.594635
v 21.803757 66.890747 -70.427170
v 21.576672 66.876312 -70.538361
v 22.226860 66.860321 -69.693687
v 22.052719 66.889709 -69.890678
v 22.991760 66.893127 -69.535545
v 23.454800 66.872986 -68.753357
v 23.277390 66.889709 -68.951683
v 24.165947 66.899506 -68.617050
v 24.330032 66.884949 -68.428780
v 24.678581 66.874146 -67.815483
v 24.501232 66.883270 -68.013741
v 25.442089 66.879120 -67.654366
v 25.898466 66.860687 -66.879852
v 25.725096 66.888550 -67.075806
v 26.663363 66.890076 -66.721695
v 26.948942 66.885956 -66.137863
v 27.122318 66.872070 -65.941948
v 27.886591 66.876862 -65.783936
v 28.172974 66.885284 -65.202217
v 28.334236 66.861023 -65.007385
v 29.111736 66.897400 -64.845428
v 29.394955 66.889587 -64.264183
v 29.574091 66.876129 -64.063675
v 30.337532 66.881134 -63.902752
v 30.620502 66.883789 -63.324043
v 30.793856 66.866943 -63.128124
v 31.559046 66.891724 -62.969780
v 31.843758 66.887024 -62.386887
v 32.017765 66.852692 -62.190128
v 32.782715 66.892548 -62.032135
v 33.067612 66.888977 -61.448948
v 33.241508 66.863708 -61.252270
v 33.955086 66.899109 -61.118557
v 34.150269 66.749939 -60.861336
v 34.170795 47.572723 -60.045620
v 15.675091 66.898193 -75.129913
v 16.631351 40.573608 -74.220932
v 16.888824 6.599701 -74.151993
v 16.660667 6.599396 -74.262543
v 17.446201 6.599335 -73.382309
v 18.112671 6.599915 -73.214058
v 17.886852 6.599518 -73.325462
v 18.665909 6.600128 -72.446106
v 19.231354 6.599365 -72.357330
v 19.414375 6.599518 -72.152161
v 19.586208 6.486694 -71.739586
v 19.748161 7.791473 -71.550018
v 20.558060 6.523407 -71.336823
v 20.333431 7.110718 -71.449120
v 20.810303 6.599884 -70.802856
v 21.118130 6.599579 -70.568329
v 21.694054 6.466278 -70.465981
v 21.865730 6.340942 -70.269478
v 22.341980 6.600098 -69.630402
v 22.917774 6.458984 -69.528084
v 23.086800 6.066376 -69.334877
v 23.561314 6.599548 -68.694351
v 24.141659 6.510956 -68.590012
v 24.309841 6.088531 -68.401672
v 24.482971 6.969727 -67.985886
v 24.787312 6.341705 -67.755516
v 25.454144 6.408264 -67.584305
v 25.228848 7.110626 -67.697365
v 26.013542 6.599548 -66.816582
v 26.677820 6.412750 -66.646660
v 26.451487 6.599579 -66.759041
v 26.930811 7.073090 -66.109756
v 27.237391 6.599365 -65.878647
v 27.901531 6.471008 -65.708878
v 27.675341 6.599579 -65.821106
v 28.153757 6.599548 -65.174789
v 28.461241 6.599548 -64.940704
v 29.124104 6.475494 -64.771889
v 28.899199 6.599579 -64.883163
v 29.379786 6.599548 -64.234047
v 29.680576 6.599579 -64.004662
v 30.261894 6.423462 -63.899960
v 30.429047 6.599304 -63.710712
v 30.599983 6.970490 -63.300819
v 30.908949 6.599579 -63.064827
v 31.571804 6.474792 -62.896015
v 31.346897 6.599213 -63.007290
v 31.827492 6.599548 -62.358170
v 32.128281 6.599426 -62.128784
v 32.716511 5.768555 -62.021782
v 32.880257 6.599609 -61.830318
v 33.356651 6.599487 -61.188953
v 33.934952 6.547394 -61.085732
v 34.095833 6.599823 -60.898258
v 34.176395 7.902466 -60.617607
v 34.062672 6.786438 -60.445820
v 33.816715 6.519714 -60.931957
v 33.977894 6.599976 -60.744377
v 33.051842 5.840790 -61.112770
v 33.238701 6.599609 -61.035042
v 32.929733 6.970551 -61.271030
v 32.679279 6.407898 -61.802925
v 32.452797 6.599579 -61.915440
v 32.012554 6.228424 -61.973938
v 31.707361 6.599518 -62.207062
v 31.455603 6.407776 -62.740456
v 31.228941 6.599579 -62.853378
v 30.480566 6.748840 -63.148788
v 30.143034 6.269135 -63.746376
v 30.311150 7.110474 -63.558067
v 29.564850 6.970581 -63.849815
v 29.259655 6.599304 -64.082939
v 29.009998 6.720428 -64.615242
v 28.781240 6.599579 -64.729248
v 28.338768 6.599670 -64.788689
v 28.035799 6.599548 -65.020882
v 27.695889 6.575134 -65.622116
v 27.863384 6.599213 -65.432678
v 27.119438 6.599762 -65.724731
v 26.889313 8.097565 -65.833740
v 26.471842 6.518158 -66.560211
v 26.639530 6.600128 -66.370621
v 25.895578 6.599579 -66.662674
v 25.585093 6.599548 -66.900620
v 25.248055 6.516602 -67.498177
v 25.415676 6.599640 -67.308563
v 24.671730 6.599579 -67.600609
v 24.442837 8.542603 -67.708565
v 24.131527 6.599579 -68.357620
v 23.885826 6.599548 -68.481003
v 23.447884 6.599579 -68.538544
v 23.211880 7.310486 -68.652298
v 22.896137 7.541992 -69.302750
v 22.661980 6.599701 -69.418945
v 22.224026 6.599548 -69.476486
v 21.983707 6.357758 -69.592194
v 21.576717 6.410858 -70.311569
v 21.745815 6.070099 -70.120193
v 20.995655 6.599426 -70.416321
v 20.762806 6.119507 -70.526871
v 20.354012 6.564423 -71.248962
v 20.518837 6.599487 -71.062164
v 19.767036 6.817749 -71.355186
v 19.539898 6.634277 -71.467087
v 19.120964 7.994354 -72.193756
v 19.296421 6.599579 -71.998245
v 18.242229 6.599548 -72.527939
v 18.000729 7.540833 -73.054497
v 17.766567 6.599548 -73.170700
v 17.324100 6.599640 -73.230133
v 17.020546 6.486450 -73.461548
v 16.672997 9.091614 -74.073441
v 16.848423 6.599579 -73.877243
v 16.099098 7.525879 -74.167107
v 15.555882 6.600891 -74.930359
v 15.321442 6.599426 -75.042343
v 15.036648 6.116699 -75.048752
v 14.489677 5.882751 -74.915062
v 14.626717 53.431885 -75.064301
v 34.071541 6.950531 -59.908379
vn -0.0938 0.0002 -0.9956
vn -0.5932 0.0062 -0.8051
vn -0.6206 0.0646 -0.7815
vn 0.7043 -0.0018 -0.7099
vn 0.2269 -0.0017 -0.9739
vn 0.5430 0.5980 -0.5895
vn 0.3050 -0.0021 -0.9523
vn 0.3198 0.7293 -0.6048
vn 0.3807 0.6506 -0.6571
vn 0.5888 0.7201 -0.3670
vn 0.5279 -0.0018 -0.8493
vn 0.8444 0.0013 -0.5357
vn 0.6925 0.0014 -0.7214
vn 0.8476 0.0014 -0.5307
vn 0.2659 0.0016 -0.9640
vn 0.3765 0.0015 -0.9264
vn 0.7627 0.0016 -0.6467
vn 0.1227 -0.0009 0.9924
vn 0.0846 0.0006 0.9964
vn -0.8451 0.0058 0.5346
vn 0.1836 -0.0009 0.9830
vn -0.2215 0.0002 0.9752
vn -0.3169 0.0016 0.9485
vn -0.5204 0.6577 0.5446
vn -0.7048 -0.0013 0.7094
vn -0.3459 -0.0013 0.9383
vn -0.2858 0.0027 0.9583
vn -0.2629 -0.0015 0.9648
vn -0.2968 0.0032 0.9549
vn -0.4618 -0.0003 0.8870
vn -0.8786 -0.0014 0.4775
vn -0.7010 0.0012 0.7132
vn -0.7008 0.0011 0.7133
vn -0.5769 -0.0022 0.8168
vn -0.3184 -0.0010 0.9479
vn -0.5057 0.0008 0.8627
vn -0.2399 0.5314 0.8124
vn -0.3184 0.0020 0.9480
vn -0.3864 0.6367 0.6673
vn -0.7057 -0.0013 0.7085
vn -0.3259 -0.0013 0.9454
vn -0.4898 0.0005 0.8718
vn -0.3109 0.0003 0.9504
vn -0.7113 -0.0013 0.7028
vn -0.8384 0.0027 0.5451
vn -0.8125 -0.0014 0.5830
vn -0.3102 0.0022 0.9507
vn -0.5020 0.6723 0.5440
vn -0.6116 -0.0020 0.7912
vn -0.8307 0.0018 0.5567
vn -0.7219 0.0027 0.6920
vn -0.3357 0.0016 0.9420
vn -0.5865 0.5614 0.5838
vn -0.7058 -0.0015 0.7084
vn -0.8639 -0.0019 0.5036
vn -0.7056 -0.0010 0.7086
vn -0.7005 0.0017 0.7137
vn -0.3088 0.0022 0.9511
vn -0.5103 0.6680 0.5417
vn -0.3494 0.0022 0.9370
vn -0.5093 0.6769 0.5315
vn -0.7057 -0.0016 0.7085
vn -0.3220 0.0021 0.9467
vn -0.5017 0.6764 0.5392
vn -0.7140 -0.0010 0.7001
vn -0.2634 -0.0014 0.9647
vn -0.4546 0.0020 0.8907
vn -0.2867 -0.0013 0.9580
vn -0.3049 0.0031 0.9524
vn -0.4900 -0.0010 0.8717
vn -0.8918 -0.0019 0.4524
vn -0.7105 -0.0007 0.7037
vn -0.7037 0.0009 0.7105
vn -0.3072 0.0015 0.9516
vn -0.5158 0.6770 0.5251
vn -0.4857 -0.0019 0.8741
vn -0.2790 0.0027 0.9603
vn -0.5051 -0.0010 0.8630
vn -0.8305 0.0023 0.5570
vn -0.8479 -0.0010 0.5301
vn 0.9642 0.0006 0.2651
vn 0.9444 -0.0013 0.3288
vn -0.2598 0.0150 0.9655
vn 0.9887 0.0010 -0.1496
vn 0.8848 0.0007 -0.4660
vn 0.9879 -0.0013 -0.1552
vn 0.3076 0.0016 -0.9515
vn 0.5333 -0.0016 -0.8460
vn 0.5152 -0.0016 -0.8571
vn 0.7086 -0.0005 -0.7056
vn 0.5887 0.7188 -0.3698
vn 0.8459 0.0013 -0.5333
vn 0.8203 0.0013 -0.5719
vn 0.8475 -0.0026 -0.5308
vn 0.6080 0.7011 -0.3725
vn 0.8552 0.0013 -0.5184
vn 0.8546 0.0011 -0.5192
vn 0.2617 0.0019 -0.9652
vn 0.5331 -0.0017 -0.8461
vn 0.5072 -0.0002 -0.8618
vn 0.7069 -0.0020 -0.7073
vn 0.3924 0.7282 0.5619
vn 0.8462 0.0013 -0.5328
vn 0.8587 0.0017 -0.5125
vn 0.5995 0.7063 -0.3765
vn 0.8546 0.0011 -0.5193
vn 0.2617 0.0019 -0.9651
vn 0.5046 0.0006 -0.8633
vn 0.5069 -0.0005 -0.8620
vn 0.8554 0.0009 -0.5180
vn 0.8527 -0.0014 -0.5225
vn 0.8467 -0.0017 -0.5320
vn 0.5075 -0.0005 -0.8616
vn 0.8475 -0.0026 -0.5309
vn 0.2963 0.9138 0.2779
vn 0.8474 0.0012 -0.5310
vn 0.3178 0.0020 -0.9481
vn 0.5072 -0.0002 -0.8619
vn 0.7109 -0.0017 -0.7033
vn 0.5672 0.7383 -0.3650
vn 0.8493 0.0012 -0.5279
vn 0.7933 0.0014 -0.6088
vn 0.2764 0.0016 -0.9610
vn 0.5253 -0.0014 -0.8509
vn 0.3136 -0.0017 -0.9495
vn 0.8576 -0.0023 -0.5143
vn 0.7898 0.4061 -0.4597
vn 0.8550 0.0013 -0.5186
vn 0.8626 0.0014 -0.5059
vn 0.8476 -0.0026 -0.5306
vn 0.5736 0.7367 -0.3581
vn 0.8588 0.0014 -0.5123
vn 0.8355 0.0015 -0.5495
vn 0.3238 0.0017 -0.9461
vn 0.5079 -0.0005 -0.8614
vn 0.7039 -0.0007 -0.7103
vn 0.5863 0.7286 -0.3541
vn 0.8454 0.0013 -0.5342
vn 0.8611 0.0016 -0.5084
vn 0.2761 0.0013 -0.9611
vn 0.5234 -0.0015 -0.8521
vn 0.3062 -0.0013 -0.9520
vn 0.7139 -0.0008 -0.7003
vn 0.4892 0.6958 -0.5259
vn 0.8455 0.0012 -0.5340
vn 0.2709 0.0010 -0.9626
vn 0.6886 -0.0012 -0.7252
vn 0.3196 0.7827 -0.5341
vn 0.8403 -0.0002 -0.5420
vn 0.5534 0.7585 -0.3442
vn 0.9074 0.0014 -0.4203
vn 0.7101 -0.0008 -0.7041
vn 0.5467 0.7640 -0.3428
vn 0.8481 0.0013 -0.5298
vn 0.3030 0.0018 -0.9530
vn 0.5002 0.0005 -0.8659
vn 0.3085 -0.0024 -0.9512
vn 0.7303 0.0017 -0.6832
vn 0.7118 0.0012 -0.7024
vn 0.8391 -0.0027 -0.5440
vn 0.2946 0.5598 -0.7745
vn 0.3740 0.6329 -0.6779
vn 0.5149 0.7088 -0.4822
vn 0.6604 0.6242 -0.4175
vn -0.4430 0.6760 0.5889
vn -0.6158 0.7847 0.0709
vn -0.8806 0.0319 0.4728
vn -0.4023 0.7846 0.4718
vn -0.2356 0.5456 0.8043
vn -0.2185 0.7542 0.6192
vn 0.3021 0.7969 -0.5232
vn 0.5315 -0.0015 -0.8470
vn 0.5056 -0.0021 -0.8627
vn 0.3795 0.6437 -0.6645
vn 0.6216 0.6839 -0.3819
vn 0.2958 -0.0033 -0.9552
vn 0.4875 0.6036 -0.6309
vn 0.1965 0.7557 -0.6247
vn 0.2159 0.6004 -0.7700
vn 0.3454 0.6658 -0.6613
vn 0.4643 0.6499 -0.6018
vn 0.3482 0.1545 -0.9246
vn 0.5250 -0.0014 -0.8511
vn 0.2848 -0.0024 -0.9586
vn 0.3720 0.6674 -0.6452
vn 0.3812 0.7169 -0.5837
vn 0.4823 0.6199 -0.6189
vn 0.3435 0.6781 -0.6497
vn 0.4782 0.6276 -0.6144
vn 0.3298 0.7129 -0.6188
vn 0.4874 0.6043 -0.6303
vn 0.5894 0.7197 -0.3669
vn 0.3505 0.6731 -0.6513
vn 0.4857 0.6589 -0.5744
vn 0.3395 0.7151 -0.6111
vn 0.3081 -0.0011 -0.9514
vn 0.4852 0.6169 -0.6198
vn 0.3220 0.6960 -0.6418
vn 0.4728 0.6363 -0.6096
vn 0.3849 0.6699 -0.6348
vn 0.3084 -0.0025 -0.9513
vn 0.4723 0.6395 -0.6067
vn 0.3537 0.7077 -0.6116
vn 0.4854 0.6881 -0.5393
vn 0.8694 0.4942 0.0046
vn 0.9219 0.0114 0.3872
vn -0.1759 0.1211 0.9769
vn 0.0703 0.4181 0.9057
vn -0.8827 -0.0000 0.4700
vn -0.9849 0.0017 0.1732
vn -0.5127 0.6691 0.5379
vn -0.7654 0.4731 0.4362
vn -0.8485 0.0024 0.5292
vn -0.6970 0.0020 0.7170
vn -0.3421 0.8135 0.4703
vn -0.2870 0.0005 0.9579
vn -0.3795 0.7646 0.5209
vn -0.2891 -0.0004 0.9573
vn -0.7110 0.0023 0.7032
vn -0.2900 0.8216 0.4907
vn -0.2827 -0.0009 0.9592
vn -0.5378 0.6295 0.5608
vn 0.6248 0.6808 -0.3822
vn -0.3578 0.7890 0.4994
vn -0.5467 0.7588 0.3541
vn -0.5348 0.6807 0.5006
vn 0.5370 0.6532 -0.5338
vn -0.6011 0.6950 0.3945
vn -0.2112 0.6666 0.7149
vn -0.3878 0.7840 0.4847
vn 0.6848 0.6065 -0.4039
vn -0.2148 0.7155 0.6647
vn -0.3260 0.8352 0.4430
vn -0.2280 0.7858 0.5749
vn -0.2261 0.5457 0.8069
vn -0.3454 0.8222 0.4523
vn -0.3650 0.6902 0.6248
vn -0.3813 0.7885 0.4826
vn -0.3695 0.6704 0.6435
vn -0.6750 0.6156 0.4067
vn -0.2706 0.2034 -0.9410
vn 0.2890 0.0014 -0.9573
vn 0.7293 0.0014 -0.6842
vn 0.8530 0.0014 -0.5220
vn 0.3949 0.0015 -0.9187
vn 0.8355 0.0012 -0.5495
vn 0.5520 0.0008 -0.8339
vn 0.5859 0.0014 -0.8104
vn 0.8822 0.0013 -0.4709
vn 0.8404 0.0012 -0.5420
vn 0.2998 0.0013 -0.9540
vn 0.8523 0.0011 -0.5230
vn 0.3182 0.0012 -0.9480
vn 0.6842 0.0007 -0.7293
vn 0.3118 0.0012 -0.9501
vn 0.7389 0.0007 -0.6738
vn 0.3108 0.0012 -0.9505
vn 0.7372 0.0007 -0.6757
vn 0.8078 0.0010 -0.5894
vn 0.3109 0.0012 -0.9504
vn 0.4829 0.0014 -0.8757
vn 0.2402 -0.0006 0.9707
vn -0.9839 -0.0011 0.1786
vn -0.8482 -0.0013 0.5297
vn -0.5662 -0.0016 0.8243
vn -0.3037 -0.0016 0.9528
vn -0.4016 -0.0013 0.9158
vn -0.8361 -0.0011 0.5486
vn -0.3603 -0.0007 0.9328
vn -0.2670 -0.0013 0.9637
vn -0.7021 -0.0020 0.7121
vn -0.7795 -0.0010 0.6264
vn -0.8398 -0.0012 0.5428
vn -0.6978 -0.0020 0.7163
vn -0.5492 -0.0014 0.8357
vn -0.3139 -0.0014 0.9495
vn -0.5875 -0.0013 0.8092
vn -0.1795 -0.0012 0.9838
vn -0.6349 -0.0016 0.7726
vn -0.8269 0.0013 0.5623
vn -0.8709 -0.0013 0.4915
vn -0.9172 -0.0012 0.3984
vn -0.7221 -0.0004 0.6918
vn -0.4959 -0.0008 0.8684
vn -0.7162 -0.0015 0.6979
vn -0.6942 0.0028 0.7198
vn -0.5734 -0.0014 0.8193
vn -0.7021 0.0004 -0.7120
vn 0.1374 0.0013 -0.9905
vn -0.7793 -0.0015 0.6266
vn -0.8388 0.0031 0.5444
vn -0.6732 0.6048 0.4255
vn -0.3196 -0.0012 0.9476
vn -0.7813 -0.0017 0.6242
vn -0.6993 0.0038 0.7148
vn -0.4885 -0.0006 0.8726
vn -0.3966 0.6395 0.6586
vn -0.1881 -0.0014 0.9822
vn -0.3051 0.0022 0.9523
vn -0.6938 0.0019 0.7202
vn -0.1936 -0.0008 0.9811
vn -0.2833 0.0007 0.9590
vn -0.2790 -0.0009 0.9603
vn -0.2004 -0.0011 0.9797
vn -0.4893 -0.0005 0.8721
vn -0.8633 -0.0016 0.5047
vn -0.8410 0.0033 0.5410
vn -0.6999 -0.0007 0.7142
vn -0.8547 -0.0016 0.5191
vn -0.8569 -0.0010 0.5155
vn -0.8303 0.0023 0.5573
vn -0.7157 -0.0003 0.6984
vn -0.4918 -0.0010 0.8707
vn -0.2263 -0.0015 0.9740
vn -0.3083 0.0017 0.9513
vn -0.7149 0.0014 0.6992
vn -0.5162 0.0016 0.8565
vn 0.7208 0.0022 -0.6932
vn 0.2612 0.0011 -0.9653
vn 0.2754 0.0012 -0.9613
vn 0.3306 0.0015 -0.9438
vn 0.8119 0.0021 -0.5838
vn 0.8539 0.0013 -0.5204
vn 0.5207 0.0022 -0.8537
vn 0.3193 0.0018 -0.9476
vn 0.7528 0.0016 -0.6583
vn -0.3559 0.7708 0.5283
vn 0.6088 0.0012 -0.7934
vn -0.6468 0.6547 0.3913
vn -0.2157 0.6681 0.7121
vn -0.2029 0.6536 0.7291
vn -0.2143 0.6325 0.7444
vn -0.2172 0.6424 0.7349
vn -0.4362 0.7647 0.4742
vn -0.3551 0.7924 0.4960
vn -0.2208 0.6601 0.7179
vn -0.3576 0.8119 0.4615
vn -0.3794 0.7953 0.4727
vn -0.1374 0.7961 0.5894
vn 0.7174 0.0014 -0.6967
vn 0.4787 0.0016 -0.8780
vn 0.5746 0.0010 -0.8184
vn 0.4469 0.0007 -0.8946
vn 0.3844 0.0008 -0.9232
vn 0.7876 0.0015 -0.6162
vn -0.4751 -0.0012 0.8799
vn -0.6981 -0.0012 0.7160
vn -0.2905 -0.0013 0.9569
vn -0.7507 -0.0012 0.6606
vn -0.8445 -0.0013 0.5356
vn -0.4841 -0.0013 0.8750
vn -0.4694 -0.0008 0.8830
vn -0.4692 -0.0007 0.8831
vn -0.2936 -0.0013 0.9559
vn -0.6561 -0.0014 0.7547
vn -0.1770 -0.0013 0.9842
vn -0.8613 -0.0013 0.5081
vn -0.8505 -0.0013 0.5260
vn -0.5214 -0.0008 0.8533
vn -0.8952 -0.0012 0.4456
vn -0.7038 -0.0014 0.7104
vn -0.1782 -0.0013 0.9840
vn -0.1116 0.0011 -0.9937
vn -0.6081 -0.0015 0.7939
vn -0.8484 -0.0009 0.5294
vn -0.7094 -0.0013 0.7048
vn -0.5563 -0.0016 0.8310
vn 0.6083 0.0018 -0.7937
vn 0.4965 0.0018 -0.8680
vn 0.6084 0.0015 -0.7936
vn 0.4776 0.0018 -0.8786
vn 0.4634 0.0018 -0.8861
vn 0.6082 0.0018 -0.7938
vn -0.5908 -0.0017 0.8068
vt 0.824330 0.780465
vt 0.824925 0.781856
vt 0.825552 0.781226
vt 0.824374 0.963746
vt 0.824382 0.964221
vt 0.825590 0.963794
vt 0.824336 0.961333
vt 0.825589 0.962291
vt 0.825590 0.961066
vt 0.825588 0.962777
vt 0.824351 0.962347
vt 0.824126 0.962777
vt 0.822744 0.963785
vt 0.822677 0.962777
vt 0.822750 0.962055
vt 0.822702 0.961333
vt 0.822703 0.962416
vt 0.822130 0.825249
vt 0.824422 0.827248
vt 0.824833 0.825189
vt 0.822706 0.827288
vt 0.824416 0.827758
vt 0.824457 0.829924
vt 0.825144 0.829473
vt 0.824205 0.829463
vt 0.822746 0.829924
vt 0.824465 0.830646
vt 0.822703 0.832812
vt 0.824465 0.833534
vt 0.824303 0.832612
vt 0.822703 0.834978
vt 0.824257 0.835216
vt 0.824440 0.834009
vt 0.822689 0.835439
vt 0.824128 0.835700
vt 0.824429 0.836692
vt 0.825090 0.835700
vt 0.824457 0.838588
vt 0.825056 0.838227
vt 0.824166 0.838135
vt 0.822703 0.841477
vt 0.824439 0.842452
vt 0.824457 0.841477
vt 0.824216 0.843888
vt 0.824448 0.842921
vt 0.822676 0.843888
vt 0.824457 0.844365
vt 0.825056 0.844004
vt 0.822701 0.846787
vt 0.824457 0.846531
vt 0.824443 0.845574
vt 0.824457 0.850141
vt 0.825065 0.849684
vt 0.824163 0.849647
vt 0.822703 0.852307
vt 0.824262 0.852556
vt 0.824431 0.851331
vt 0.824457 0.853029
vt 0.825056 0.852668
vt 0.824457 0.855917
vt 0.825066 0.855455
vt 0.824163 0.855423
vt 0.824457 0.858805
vt 0.825056 0.858444
vt 0.824266 0.858331
vt 0.822701 0.858805
vt 0.824440 0.859776
vt 0.822719 0.861693
vt 0.824465 0.862415
vt 0.824266 0.861445
vt 0.822708 0.863859
vt 0.824266 0.864107
vt 0.824442 0.862892
vt 0.824457 0.864581
vt 0.825056 0.864220
vt 0.822710 0.864355
vt 0.824465 0.865303
vt 0.824220 0.870106
vt 0.824457 0.869636
vt 0.822719 0.869636
vt 0.822149 0.917747
vt 0.824662 0.917714
vt 0.824837 0.874370
vt 0.822778 0.919699
vt 0.824335 0.920178
vt 0.824391 0.919654
vt 0.822703 0.921622
vt 0.824352 0.921914
vt 0.824337 0.920636
vt 0.824345 0.923327
vt 0.825588 0.922344
vt 0.824156 0.922344
vt 0.822702 0.923066
vt 0.824365 0.925954
vt 0.825588 0.925232
vt 0.824156 0.925232
vt 0.822701 0.925232
vt 0.822703 0.927398
vt 0.824352 0.927690
vt 0.824337 0.926418
vt 0.824345 0.929096
vt 0.825588 0.928120
vt 0.824156 0.928120
vt 0.822719 0.928120
vt 0.824365 0.931730
vt 0.825588 0.931008
vt 0.824156 0.931008
vt 0.822703 0.931008
vt 0.822701 0.933174
vt 0.824340 0.933448
vt 0.824337 0.932194
vt 0.822701 0.933896
vt 0.824357 0.934618
vt 0.824358 0.933896
vt 0.822703 0.936062
vt 0.824352 0.936355
vt 0.824337 0.935082
vt 0.824365 0.937506
vt 0.825588 0.936784
vt 0.824156 0.936784
vt 0.822724 0.936784
vt 0.822703 0.938950
vt 0.824352 0.939243
vt 0.824337 0.937971
vt 0.824345 0.940647
vt 0.825588 0.939672
vt 0.824156 0.939672
vt 0.822702 0.939419
vt 0.822689 0.941839
vt 0.824351 0.942130
vt 0.824369 0.941116
vt 0.824365 0.943283
vt 0.825588 0.942561
vt 0.824157 0.942561
vt 0.822720 0.942561
vt 0.824365 0.946171
vt 0.825588 0.945449
vt 0.824156 0.945449
vt 0.822703 0.945181
vt 0.822703 0.947615
vt 0.824351 0.947907
vt 0.824337 0.946634
vt 0.824344 0.949330
vt 0.825588 0.948337
vt 0.824157 0.948337
vt 0.822689 0.949059
vt 0.822703 0.950503
vt 0.824351 0.950795
vt 0.824336 0.949781
vt 0.824337 0.952200
vt 0.825589 0.950980
vt 0.824156 0.951225
vt 0.824156 0.953391
vt 0.824344 0.953823
vt 0.825589 0.953628
vt 0.824334 0.954835
vt 0.825588 0.954113
vt 0.822697 0.954113
vt 0.824337 0.957980
vt 0.825588 0.957001
vt 0.824156 0.957001
vt 0.822703 0.959167
vt 0.824339 0.959440
vt 0.824369 0.958445
vt 0.822702 0.959635
vt 0.824271 0.960864
vt 0.824428 0.959889
vt 0.825589 0.959167
vt 0.825590 0.958182
vt 0.866122 0.917793
vt 0.867107 0.917958
vt 0.866051 0.874151
vt 0.868787 0.917787
vt 0.869273 0.917733
vt 0.869002 0.874132
vt 0.870793 0.874138
vt 0.871634 0.917767
vt 0.871708 0.874364
vt 0.870290 0.917855
vt 0.825590 0.825203
vt 0.825590 0.827397
vt 0.867441 0.874146
vt 0.868551 0.874158
vt 0.867561 0.917864
vt 0.864941 0.874145
vt 0.864677 0.917866
vt 0.865663 0.917766
vt 0.825589 0.956516
vt 0.824351 0.956570
vt 0.824345 0.955302
vt 0.825590 0.955293
vt 0.825590 0.954835
vt 0.824428 0.952669
vt 0.825590 0.952301
vt 0.825588 0.950503
vt 0.825590 0.949781
vt 0.825589 0.947860
vt 0.825590 0.946538
vt 0.825589 0.944963
vt 0.824351 0.945017
vt 0.824365 0.944005
vt 0.825590 0.943738
vt 0.825589 0.942075
vt 0.825590 0.940748
vt 0.825589 0.939195
vt 0.825590 0.937874
vt 0.825589 0.936307
vt 0.825590 0.934986
vt 0.825590 0.933896
vt 0.825590 0.933442
vt 0.825590 0.932097
vt 0.825589 0.930522
vt 0.824351 0.930577
vt 0.824365 0.929564
vt 0.825590 0.929195
vt 0.825589 0.927643
vt 0.825590 0.926321
vt 0.825589 0.924755
vt 0.824351 0.924801
vt 0.824365 0.923788
vt 0.825590 0.923433
vt 0.825589 0.921867
vt 0.825590 0.920639
vt 0.825590 0.920061
vt 0.825490 0.917733
vt 0.825689 0.874364
vt 0.826484 0.874225
vt 0.826673 0.872885
vt 0.826312 0.872885
vt 0.837210 0.874143
vt 0.838226 0.874090
vt 0.837504 0.872885
vt 0.844267 0.872885
vt 0.844393 0.874146
vt 0.844724 0.872885
vt 0.852901 0.872885
vt 0.853061 0.874144
vt 0.853388 0.872885
vt 0.858703 0.872885
vt 0.858937 0.874153
vt 0.859164 0.872885
vt 0.825175 0.835259
vt 0.864219 0.917956
vt 0.863011 0.917819
vt 0.863497 0.917733
vt 0.863216 0.874136
vt 0.860159 0.874145
vt 0.861331 0.917976
vt 0.861716 0.874146
vt 0.861788 0.917846
vt 0.858796 0.917852
vt 0.860123 0.917813
vt 0.860608 0.917736
vt 0.858442 0.874119
vt 0.856998 0.917737
vt 0.857475 0.917817
vt 0.857475 0.874156
vt 0.856276 0.917958
vt 0.853034 0.917852
vt 0.854355 0.917814
vt 0.854568 0.874146
vt 0.854832 0.917729
vt 0.855819 0.917864
vt 0.851944 0.874176
vt 0.854110 0.874179
vt 0.851459 0.917819
vt 0.851944 0.917724
vt 0.850233 0.917860
vt 0.850111 0.874147
vt 0.849056 0.917835
vt 0.849778 0.917882
vt 0.848334 0.874180
vt 0.848791 0.874135
vt 0.847243 0.917854
vt 0.848571 0.917823
vt 0.845691 0.917815
vt 0.846168 0.917827
vt 0.845901 0.874144
vt 0.844369 0.917855
vt 0.842803 0.917811
vt 0.843020 0.874142
vt 0.840126 0.874143
vt 0.841482 0.917854
vt 0.841508 0.874146
vt 0.840392 0.917829
vt 0.838592 0.917868
vt 0.839937 0.917810
vt 0.838720 0.874154
vt 0.839670 0.874158
vt 0.837018 0.917823
vt 0.837504 0.917738
vt 0.835691 0.917853
vt 0.834615 0.917835
vt 0.835666 0.874145
vt 0.832816 0.917868
vt 0.834138 0.917811
vt 0.834349 0.874145
vt 0.831250 0.917825
vt 0.831727 0.917732
vt 0.831270 0.874145
vt 0.829929 0.917868
vt 0.829888 0.874144
vt 0.828362 0.917810
vt 0.828839 0.917727
vt 0.828382 0.874145
vt 0.828839 0.874164
vt 0.826557 0.917870
vt 0.827134 0.917845
vt 0.870865 0.917819
vt 0.822703 0.958445
vt 0.822702 0.957985
vt 0.822702 0.954835
vt 0.822727 0.952669
vt 0.822702 0.952211
vt 0.822702 0.949519
vt 0.822702 0.946631
vt 0.822677 0.946171
vt 0.822677 0.943283
vt 0.822727 0.941116
vt 0.822702 0.940657
vt 0.822702 0.938228
vt 0.822702 0.937770
vt 0.822702 0.935340
vt 0.822702 0.934882
vt 0.822702 0.932452
vt 0.822702 0.931996
vt 0.822702 0.928842
vt 0.822702 0.926676
vt 0.822702 0.926219
vt 0.822702 0.920633
vt 0.822184 0.874358
vt 0.822729 0.872311
vt 0.824424 0.871802
vt 0.822701 0.871802
vt 0.822666 0.869997
vt 0.822703 0.870358
vt 0.822702 0.865303
vt 0.822727 0.863137
vt 0.822702 0.862678
vt 0.822702 0.859527
vt 0.822715 0.855462
vt 0.822702 0.854473
vt 0.822702 0.851585
vt 0.822737 0.849685
vt 0.822702 0.848471
vt 0.822703 0.844365
vt 0.822702 0.842462
vt 0.822702 0.833534
vt 0.822703 0.832451
vt 0.824445 0.832090
vt 0.822697 0.832090
vt 0.822701 0.831368
vt 0.824452 0.831134
vt 0.822710 0.830886
vt 0.822726 0.829453
vt 0.824438 0.828226
vt 0.822702 0.828238
vt 0.822179 0.781845
vt 0.825417 0.964582
vt 0.824299 0.964737
vt 0.825581 0.964981
vt 0.870717 0.919095
vt 0.822703 0.964221
vt 0.825586 0.960611
vt 0.825056 0.832451
vt 0.822716 0.838117
vt 0.824465 0.837144
vt 0.825089 0.837866
vt 0.822711 0.838588
vt 0.824432 0.839310
vt 0.822706 0.841008
vt 0.824484 0.841013
vt 0.824440 0.839772
vt 0.824266 0.847004
vt 0.824432 0.845087
vt 0.825056 0.846892
vt 0.822703 0.847253
vt 0.824432 0.847975
vt 0.824438 0.848431
vt 0.822703 0.850141
vt 0.824432 0.850863
vt 0.822703 0.853029
vt 0.824432 0.853751
vt 0.824436 0.854207
vt 0.822703 0.855917
vt 0.824430 0.856893
vt 0.822703 0.858083
vt 0.824462 0.857361
vt 0.822702 0.859992
vt 0.824179 0.860249
vt 0.825083 0.860249
vt 0.824463 0.860971
vt 0.825056 0.861332
vt 0.822703 0.866748
vt 0.824457 0.866748
vt 0.824439 0.865772
vt 0.824266 0.867221
vt 0.825056 0.867109
vt 0.822685 0.867470
vt 0.824432 0.868192
vt 0.824439 0.868660
vt 0.825056 0.869997
vt 0.824430 0.871342
vt 0.824408 0.872278
vt 0.822701 0.922061
vt 0.822703 0.924510
vt 0.822701 0.930286
vt 0.822703 0.944727
vt 0.822701 0.948060
vt 0.822703 0.951225
vt 0.822702 0.953660
vt 0.822703 0.956279
vt 0.822699 0.956738
vt 0.825590 0.959626
vt 0.870238 0.874153
vt 0.825590 0.827036
vt 0.870249 0.872885
vt 0.868551 0.872885
vt 0.825590 0.957723
vt 0.825590 0.949324
vt 0.824337 0.943644
vt 0.825590 0.943283
vt 0.828839 0.872885
vt 0.831727 0.874175
vt 0.831727 0.872885
vt 0.833893 0.872885
vt 0.833893 0.874175
vt 0.836782 0.872885
vt 0.836782 0.874176
vt 0.838699 0.872885
vt 0.839670 0.872885
vt 0.842558 0.872885
vt 0.842558 0.874174
vt 0.845446 0.872885
vt 0.845446 0.874171
vt 0.848334 0.872885
vt 0.850044 0.872885
vt 0.851487 0.874142
vt 0.851944 0.872885
vt 0.854110 0.872885
vt 0.860608 0.874162
vt 0.861331 0.872885
vt 0.861783 0.872885
vt 0.862775 0.874159
vt 0.864481 0.874154
vt 0.864465 0.872885
vt 0.855950 0.874144
vt 0.856998 0.874172
vt 0.847219 0.874150
vt 0.843280 0.917731
vt 0.832777 0.874147
vt 0.827165 0.874155
vt 0.822702 0.960873
vt 0.822702 0.955331
vt 0.822702 0.943743
vt 0.822702 0.929300
vt 0.822702 0.923511
vt 0.822701 0.920178
vt 0.822702 0.871346
vt 0.822702 0.868650
vt 0.822702 0.868192
vt 0.822702 0.865763
vt 0.822702 0.857361
vt 0.822702 0.856902
vt 0.822702 0.854014
vt 0.822702 0.851126
vt 0.822702 0.847975
vt 0.822716 0.845562
vt 0.822702 0.845087
vt 0.822677 0.842921
vt 0.822701 0.840032
vt 0.822702 0.839575
vt 0.822702 0.837144
vt 0.822716 0.834009
vt 0.822701 0.827758
vt 0.822747 0.780465
vt 0.822721 0.964742
vt 0.822701 0.852668
vt 0.822703 0.858444
vt 0.822703 0.860971
vt 0.822701 0.861332
vt 0.822703 0.867109
vt 0.822701 0.924871
vt 0.822703 0.927759
vt 0.822701 0.930647
vt 0.822701 0.933535
vt 0.822701 0.936423
vt 0.822701 0.942200
vt 0.822703 0.950864
vt 0.870717 0.872885
vt 0.867829 0.872885
vt 0.866385 0.872885
vt 0.867340 0.872885
vt 0.864941 0.872885
vt 0.827133 0.872885
vt 0.828117 0.872885
vt 0.830283 0.872885
vt 0.831005 0.872885
vt 0.829815 0.872885
vt 0.833171 0.872885
vt 0.832703 0.872885
vt 0.835583 0.872885
vt 0.834615 0.872885
vt 0.836060 0.872885
vt 0.841114 0.872885
vt 0.840392 0.872885
vt 0.841582 0.872885
vt 0.847144 0.872885
vt 0.846168 0.872885
vt 0.847612 0.872885
vt 0.850500 0.872885
vt 0.851222 0.872885
vt 0.855554 0.872885
vt 0.854832 0.872885
vt 0.857461 0.872885
vt 0.856998 0.872885
vt 0.856023 0.872885
vt 0.859886 0.872885
vt 0.822702 0.836667
vt 0.865663 0.872885
s 1
usemtl マテリアル.011
f 78/165/79 461/166/80 79/167/81
f 82/168/82 85/169/83 343/170/84
f 344/171/85 206/172/86 205/173/87
f 208/174/88 206/172/86 81/175/89
f 82/168/82 208/174/88 83/176/90
f 85/169/83 82/168/82 84/177/91
f 88/178/92 82/168/82 83/176/90
f 89/179/93 344/171/85 346/180/94
f 89/179/93 81/175/89 344/171/85
f 90/181/95 83/176/90 81/175/89
f 460/182/96 211/183/97 210/184/98
f 459/185/99 92/186/100 211/183/97
f 95/187/101 215/188/102 93/189/103
f 456/190/104 96/191/105 95/187/101
f 452/192/106 100/193/107 98/194/108
f 449/195/109 101/196/110 295/197/111
f 102/198/112 103/199/113 101/196/110
f 104/200/114 105/201/115 103/199/113
f 109/202/116 292/203/117 108/204/118
f 441/205/119 112/206/120 111/207/121
f 114/208/122 113/209/123 438/210/124
f 115/211/125 283/212/126 114/208/122
f 434/213/127 118/214/128 281/215/129
f 121/216/130 275/217/131 120/218/132
f 426/219/133 123/220/134 273/221/135
f 125/222/136 271/223/137 123/220/134
f 128/224/138 267/225/139 127/226/140
f 133/227/141 264/228/142 131/229/143
f 417/230/144 134/231/145 133/227/141
f 413/232/146 140/233/147 137/234/148
f 410/235/149 141/236/150 259/237/151
f 143/238/152 257/239/153 141/236/150
f 142/240/154 144/241/155 143/238/152
f 149/242/156 150/243/157 403/244/158
f 155/245/159 342/246/160 154/247/161
f 397/248/162 156/249/163 244/250/164
f 394/251/165 242/252/166 243/253/167
f 159/254/168 338/255/169 158/256/170
f 393/257/171 159/254/168 158/256/170
f 163/258/172 335/259/173 162/260/174
f 390/261/175 163/258/172 162/260/174
f 387/262/176 239/263/177 240/264/178
f 166/265/179 332/266/180 165/267/181
f 386/268/182 166/265/179 165/267/181
f 170/269/172 329/270/183 169/271/174
f 382/272/184 170/269/172 169/271/174
f 379/273/185 236/274/186 237/275/187
f 378/276/188 173/277/189 172/278/190
f 375/279/185 234/280/177 235/281/191
f 176/282/192 323/283/193 175/284/174
f 374/285/194 176/282/192 175/284/174
f 371/286/195 232/287/177 233/288/196
f 179/289/197 321/290/198 178/291/199
f 177/292/200 179/289/197 178/291/199
f 368/293/201 231/294/202 180/295/203
f 183/296/204 318/297/205 182/298/206
f 367/299/207 183/296/204 182/298/206
f 187/300/208 314/301/209 186/302/210
f 185/303/211 187/300/208 186/302/210
f 361/304/212 227/305/177 228/306/213
f 190/307/214 311/308/215 189/309/216
f 360/310/217 190/307/214 189/309/216
f 358/311/218 226/312/219 191/313/220
f 194/314/221 306/315/222 193/316/223
f 196/317/224 225/318/225 304/319/226
f 197/320/227 303/321/228 225/318/225
f 353/322/229 197/320/227 225/318/225
f 200/323/230 301/324/231 199/325/232
f 347/326/233 204/327/234 201/328/235
f 202/329/236 91/330/237 203/331/238
f 201/328/235 222/332/239 220/333/240
f 221/334/241 207/335/242 219/336/243
f 206/337/86 208/338/88 215/339/102
f 212/340/244 79/341/81 209/342/245
f 208/338/88 343/343/84 215/339/102
f 461/166/80 209/344/245 79/167/81
f 211/183/97 209/344/245 210/184/98
f 92/186/100 212/345/244 211/183/97
f 217/346/246 215/339/102 216/347/247
f 205/348/87 206/337/86 215/339/102
f 297/349/248 221/334/241 219/336/243
f 220/350/240 222/351/239 297/349/248
f 301/324/231 299/352/249 223/353/250
f 224/354/251 299/352/249 300/355/252
f 197/320/227 302/356/253 303/321/228
f 303/321/228 304/319/226 225/318/225
f 195/357/254 304/319/226 305/358/255
f 191/313/220 307/359/256 309/360/257
f 311/308/215 310/361/258 227/305/177
f 228/306/213 310/361/258 312/362/259
f 314/301/209 313/363/260 229/364/261
f 184/365/262 313/363/260 315/366/263
f 318/297/205 317/367/264 231/294/202
f 180/295/203 317/367/264 319/368/265
f 321/290/198 320/369/266 232/287/177
f 233/288/196 320/369/266 322/370/267
f 323/283/193 324/371/268 234/280/177
f 235/281/191 324/371/268 325/372/269
f 173/277/189 326/373/270 172/278/190
f 237/275/187 327/374/271 328/375/272
f 329/270/183 330/376/273 238/377/261
f 167/378/274 330/376/273 331/379/275
f 332/266/180 333/380/276 239/263/177
f 240/264/178 333/380/276 334/381/277
f 335/259/173 336/382/278 241/383/261
f 160/384/279 336/382/278 337/385/280
f 338/255/169 339/386/281 242/252/166
f 243/253/167 339/386/281 340/387/282
f 156/249/163 341/388/283 244/250/164
f 244/250/164 245/389/284 342/246/160
f 342/246/160 245/389/284 154/247/161
f 245/389/284 247/390/285 154/247/161
f 245/389/284 246/391/286 247/390/285
f 246/391/286 152/392/287 153/393/288
f 261/394/289 136/395/290 138/396/291
f 269/397/292 270/398/293 126/399/294
f 281/400/129 282/401/295 116/402/296
f 290/403/297 291/404/298 110/405/299
f 101/196/110 294/406/300 295/197/111
f 298/407/301 220/350/240 297/349/248
f 299/408/249 301/409/231 294/410/300
f 301/409/231 298/407/301 294/410/300
f 292/411/117 302/412/253 293/413/302
f 302/412/253 299/408/249 293/413/302
f 302/412/253 300/414/252 299/408/249
f 305/415/255 304/416/226 292/411/117
f 304/416/226 303/417/228 292/411/117
f 303/417/228 302/412/253 292/411/117
f 305/415/255 291/404/298 289/418/303
f 307/419/256 306/420/222 288/421/304
f 306/420/222 305/415/255 288/421/304
f 309/422/257 307/419/256 288/421/304
f 312/423/259 310/424/258 283/425/126
f 310/424/258 311/426/215 283/425/126
f 311/426/215 308/427/305 283/425/126
f 312/423/259 282/401/295 280/428/306
f 312/423/259 283/425/126 284/429/307
f 313/430/260 314/431/209 280/428/306
f 315/432/263 313/430/260 280/428/306
f 314/431/209 312/423/259 280/428/306
f 315/432/263 280/428/306 278/433/308
f 318/434/205 316/435/309 315/432/263
f 276/436/310 278/433/308 275/437/131
f 319/438/265 317/439/264 276/436/310
f 320/440/266 321/441/198 271/442/137
f 321/441/198 319/438/265 271/442/137
f 322/443/267 320/440/266 271/442/137
f 324/444/268 270/398/293 267/445/139
f 264/446/142 325/447/269 266/448/311
f 326/449/270 325/447/269 264/446/142
f 328/450/272 327/451/271 264/446/142
f 263/452/312 264/446/142 265/453/313
f 328/450/272 263/452/312 136/395/290
f 328/450/272 264/446/142 263/452/312
f 330/454/273 329/455/183 261/394/289
f 331/456/275 330/454/273 261/394/289
f 332/457/180 331/456/275 260/458/314
f 334/459/277 333/460/276 257/461/153
f 333/460/276 260/458/314 257/461/153
f 336/462/278 335/463/173 253/464/315
f 337/465/280 336/462/278 253/464/315
f 335/463/173 334/459/277 253/464/315
f 337/465/280 253/464/315 252/466/316
f 339/467/281 338/468/169 249/469/317
f 338/468/169 337/465/280 249/469/317
f 249/469/317 252/466/316 250/470/318
f 341/471/283 340/472/282 246/391/286
f 343/343/84 80/473/319 212/340/244
f 349/474/320 200/323/230 348/475/321
f 352/476/322 197/320/227 353/322/229
f 356/477/323 194/314/221 355/478/324
f 358/311/218 191/313/220 359/479/325
f 361/304/212 228/306/213 362/480/326
f 363/481/327 187/300/208 185/303/211
f 366/482/328 183/296/204 367/299/207
f 370/483/329 179/289/197 369/484/330
f 369/484/330 179/289/197 177/292/200
f 371/286/195 233/288/196 373/485/331
f 372/486/332 176/282/192 374/285/194
f 375/279/185 235/281/191 377/487/333
f 376/488/334 173/277/189 378/276/188
f 379/273/185 237/275/187 381/489/335
f 380/490/336 170/269/172 382/272/184
f 385/491/337 166/265/179 386/268/182
f 387/262/176 240/264/178 389/492/338
f 388/493/336 163/258/172 390/261/175
f 394/251/165 243/253/167 395/494/339
f 155/245/159 154/247/161 462/495/340
f 398/496/341 152/497/287 400/498/342
f 401/499/343 402/500/344 149/242/156
f 409/501/345 144/241/155 142/240/154
f 412/502/346 259/237/151 411/503/347
f 411/503/347 140/233/147 413/232/146
f 416/504/348 134/231/145 417/230/144
f 422/505/349 127/226/140 424/506/350
f 426/219/133 273/221/135 428/507/351
f 430/508/352 120/218/132 431/509/353
f 438/210/124 437/510/354 114/208/122
f 439/511/355 112/206/120 441/205/119
f 451/512/356 100/193/107 452/192/106
f 99/513/357 97/514/358 453/515/359
f 455/516/360 218/517/361 454/518/362
f 454/518/362 96/191/105 456/190/104
f 454/518/362 218/517/361 96/191/105
f 94/519/363 214/520/364 457/521/365
f 460/182/96 459/185/99 211/183/97
f 460/182/96 210/184/98 77/522/366
f 80/523/319 78/524/79 79/525/81
f 343/343/84 85/526/83 80/473/319
f 85/169/83 78/524/79 80/523/319
f 82/168/82 343/170/84 208/174/88
f 83/176/90 208/174/88 81/175/89
f 86/527/367 85/169/83 84/177/91
f 88/178/92 84/177/91 82/168/82
f 90/181/95 88/178/92 83/176/90
f 205/173/87 91/330/237 344/171/85
f 344/171/85 81/175/89 206/172/86
f 91/330/237 207/528/242 203/331/238
f 91/330/237 205/173/87 207/528/242
f 94/519/363 93/189/103 214/520/364
f 97/514/358 98/194/108 219/529/243
f 99/513/357 98/194/108 97/514/358
f 446/530/368 108/204/118 106/531/369
f 106/531/369 108/204/118 107/532/370
f 445/533/371 110/534/299 109/202/116
f 442/535/372 286/536/373 290/537/297
f 434/213/127 117/538/374 118/214/128
f 114/208/122 437/510/354 115/211/125
f 437/510/354 116/539/296 115/211/125
f 118/214/128 117/538/374 279/540/375
f 433/541/376 119/542/377 117/538/374
f 277/543/378 120/218/132 275/217/131
f 429/544/379 122/545/380 121/216/130
f 425/546/381 126/547/294 125/222/136
f 269/548/292 127/226/140 267/225/139
f 421/549/382 129/550/383 128/224/138
f 418/551/384 131/229/143 130/552/385
f 415/553/386 135/554/387 134/231/145
f 134/231/145 135/554/387 136/555/290
f 135/554/387 138/556/291 136/555/290
f 138/556/291 137/234/148 261/557/289
f 141/236/150 142/240/154 143/238/152
f 407/558/388 146/559/389 255/560/390
f 146/559/389 145/561/391 253/562/315
f 406/563/392 148/564/393 145/561/391
f 403/244/158 150/243/157 251/565/394
f 150/243/157 149/242/156 249/566/317
f 402/500/344 151/567/395 149/242/156
f 398/496/341 153/568/288 152/497/287
f 243/253/167 242/252/166 339/386/281
f 157/569/396 393/257/171 158/256/170
f 158/256/170 338/255/169 242/252/166
f 391/570/397 241/383/261 160/384/279
f 160/384/279 241/383/261 336/382/278
f 162/260/174 335/259/173 241/383/261
f 240/264/178 239/263/177 333/380/276
f 165/267/181 332/266/180 239/263/177
f 383/571/398 238/377/261 167/378/274
f 167/378/274 238/377/261 330/376/273
f 169/271/174 329/270/183 238/377/261
f 237/275/187 236/274/186 327/374/271
f 235/281/191 234/280/177 324/371/268
f 175/284/174 323/283/193 234/280/177
f 233/288/196 232/287/177 320/369/266
f 178/291/199 321/290/198 232/287/177
f 370/483/329 180/295/203 179/289/197
f 180/295/203 231/294/202 317/367/264
f 182/298/206 318/297/205 231/294/202
f 364/572/399 229/364/261 184/365/262
f 184/365/262 229/364/261 313/363/260
f 186/302/210 314/301/209 229/364/261
f 228/306/213 227/305/177 310/361/258
f 188/573/400 360/310/217 189/309/216
f 189/309/216 311/308/215 227/305/177
f 191/313/220 226/312/219 307/359/256
f 357/574/401 194/314/221 193/316/223
f 193/316/223 306/315/222 226/312/219
f 356/477/323 195/357/254 194/314/221
f 196/317/224 354/575/402 225/318/225
f 195/357/254 196/317/224 304/319/226
f 350/576/403 223/353/250 224/354/251
f 224/354/251 223/353/250 299/352/249
f 198/577/404 200/323/230 199/325/232
f 199/325/232 301/324/231 223/353/250
f 349/474/320 201/328/235 200/323/230
f 201/328/235 204/327/234 222/332/239
f 222/332/239 204/327/234 221/578/241
f 203/331/238 207/528/242 221/578/241
f 219/336/243 207/335/242 205/348/87
f 212/340/244 80/473/319 79/341/81
f 461/166/80 210/184/98 209/344/245
f 215/339/102 343/343/84 213/579/405
f 211/183/97 212/345/244 209/580/245
f 215/339/102 213/579/405 214/581/364
f 214/520/364 93/189/103 215/188/102
f 95/582/101 216/347/247 215/339/102
f 217/346/246 205/348/87 215/339/102
f 298/583/301 200/323/230 220/333/240
f 219/336/243 205/348/87 217/346/246
f 297/349/248 222/351/239 221/334/241
f 220/333/240 200/323/230 201/328/235
f 200/323/230 298/583/301 301/324/231
f 305/358/255 194/314/221 195/357/254
f 194/314/221 305/358/255 306/315/222
f 307/359/256 226/312/219 306/315/222
f 190/307/214 308/584/305 311/308/215
f 187/300/208 312/362/259 314/301/209
f 315/366/263 230/585/406 184/365/262
f 183/296/204 316/586/309 318/297/205
f 319/368/265 179/289/197 180/295/203
f 179/289/197 319/368/265 321/290/198
f 176/282/192 322/370/267 323/283/193
f 173/277/189 325/372/269 326/373/270
f 331/379/275 166/265/179 167/378/274
f 170/269/172 328/375/272 329/270/183
f 166/265/179 331/379/275 332/266/180
f 163/258/172 334/381/277 335/259/173
f 159/254/168 160/384/279 337/385/280
f 159/254/168 337/385/280 338/255/169
f 244/250/164 341/388/283 245/389/284
f 245/389/284 341/471/283 246/391/286
f 247/390/285 246/391/286 153/393/288
f 153/568/288 154/247/161 247/390/285
f 249/469/317 250/470/318 150/587/157
f 253/464/315 254/588/407 146/589/389
f 143/590/152 258/591/408 257/461/153
f 137/592/148 262/593/409 261/394/289
f 136/395/290 263/452/312 134/594/145
f 133/595/141 265/453/313 264/446/142
f 128/596/138 268/597/410 267/445/139
f 267/445/139 270/398/293 269/397/292
f 125/598/136 272/599/411 271/442/137
f 121/600/130 276/436/310 275/437/131
f 275/437/131 278/433/308 277/601/378
f 279/602/375 280/428/306 118/603/128
f 115/604/125 284/429/307 283/425/126
f 290/403/297 289/418/303 291/404/298
f 107/605/370 293/413/302 106/606/369
f 104/607/114 293/413/302 105/608/115
f 294/410/300 296/609/412 295/610/111
f 280/428/306 279/602/375 278/433/308
f 296/609/412 298/407/301 297/349/248
f 293/413/302 294/410/300 105/608/115
f 294/410/300 298/407/301 296/609/412
f 293/413/302 299/408/249 294/410/300
f 107/605/370 292/411/117 293/413/302
f 291/404/298 305/415/255 292/411/117
f 288/421/304 305/415/255 289/418/303
f 285/611/413 288/421/304 287/612/414
f 283/425/126 308/427/305 285/611/413
f 285/611/413 308/427/305 288/421/304
f 308/427/305 309/422/257 288/421/304
f 282/401/295 312/423/259 284/429/307
f 317/439/264 318/434/205 276/436/310
f 276/436/310 318/434/205 315/432/263
f 319/438/265 276/436/310 274/613/415
f 276/436/310 315/432/263 278/433/308
f 271/442/137 319/438/265 274/613/415
f 270/398/293 271/442/137 272/599/411
f 270/398/293 322/443/267 271/442/137
f 324/444/268 323/614/193 270/398/293
f 270/398/293 323/614/193 322/443/267
f 325/447/269 324/444/268 267/445/139
f 266/448/311 267/445/139 268/597/410
f 266/448/311 325/447/269 267/445/139
f 327/451/271 326/449/270 264/446/142
f 261/394/289 328/450/272 136/395/290
f 261/394/289 329/455/183 328/450/272
f 262/593/409 331/456/275 261/394/289
f 260/458/314 331/456/275 262/593/409
f 333/460/276 332/457/180 260/458/314
f 258/591/408 256/615/416 257/461/153
f 254/588/407 334/459/277 256/615/416
f 256/615/416 334/459/277 257/461/153
f 253/464/315 334/459/277 254/588/407
f 249/469/317 337/465/280 252/466/316
f 340/472/282 339/467/281 249/469/317
f 248/616/417 340/472/282 249/469/317
f 246/391/286 340/472/282 248/616/417
f 213/579/405 343/343/84 212/340/244
f 202/329/236 345/617/418 91/330/237
f 347/326/233 201/328/235 349/474/320
f 198/577/404 348/475/321 200/323/230
f 351/618/419 350/576/403 224/354/251
f 354/575/402 353/322/229 225/318/225
f 190/307/214 359/479/325 191/313/220
f 357/574/401 355/478/324 194/314/221
f 190/307/214 360/310/217 359/479/325
f 230/585/406 365/619/420 184/365/262
f 365/619/420 364/572/399 184/365/262
f 368/293/201 180/295/203 370/483/329
f 166/265/179 384/620/421 167/378/274
f 384/620/421 383/571/398 167/378/274
f 166/265/179 385/491/337 384/620/421
f 159/254/168 392/621/422 160/384/279
f 392/621/422 391/570/397 160/384/279
f 159/254/168 393/257/171 392/621/422
f 397/248/162 396/622/423 156/249/163
f 402/500/344 399/623/424 151/567/395
f 401/499/343 149/242/156 403/244/158
f 404/624/425 403/244/158 251/565/394
f 406/563/392 405/625/426 148/564/393
f 408/626/427 407/558/388 255/560/390
f 410/235/149 259/237/151 412/502/346
f 134/231/145 416/504/348 415/553/386
f 420/627/428 418/551/384 130/552/385
f 421/549/382 419/628/429 129/550/383
f 424/506/350 127/226/140 269/548/292
f 425/546/381 423/629/430 126/547/294
f 429/544/379 427/630/431 122/545/380
f 431/509/353 120/218/132 277/543/378
f 433/541/376 432/631/432 119/542/377
f 434/213/127 281/215/129 435/632/433
f 437/510/354 436/633/434 116/539/296
f 440/634/435 438/210/124 113/209/123
f 444/635/436 442/535/372 290/537/297
f 445/533/371 443/636/437 110/534/299
f 448/637/438 446/530/368 106/531/369
f 449/195/109 295/197/111 450/638/439
f 459/185/99 458/639/440 92/186/100
f 77/522/366 210/184/98 461/166/80
f 77/522/366 78/165/79 87/640/441
f 87/641/441 85/169/83 86/527/367
f 456/190/104 93/189/103 94/519/363
f 81/175/89 89/179/93 90/181/95
f 97/514/358 455/516/360 453/515/359
f 105/201/115 101/196/110 103/199/113
f 98/194/108 99/513/357 452/192/106
f 449/195/109 102/198/112 101/196/110
f 445/533/371 108/204/118 446/530/368
f 292/203/117 107/532/370 108/204/118
f 442/535/372 111/207/121 286/536/373
f 429/544/379 120/218/132 430/508/352
f 117/538/374 434/213/127 433/541/376
f 425/546/381 123/220/134 124/642/442
f 426/219/133 124/642/442 123/220/134
f 421/549/382 127/226/140 422/505/349
f 417/230/144 131/229/143 132/643/442
f 418/551/384 132/643/442 131/229/143
f 414/644/443 135/554/387 415/553/386
f 137/234/148 414/644/443 139/645/444
f 145/561/391 407/558/388 147/646/445
f 137/234/148 139/645/444 413/232/146
f 410/235/149 142/240/154 141/236/150
f 462/495/340 153/568/288 398/496/341
f 145/561/391 147/646/445 406/563/392
f 161/647/446 162/260/174 241/383/261
f 242/252/166 394/251/165 157/569/396
f 158/256/170 242/252/166 157/569/396
f 241/383/261 391/570/397 161/647/446
f 164/648/447 165/267/181 239/263/177
f 239/263/177 387/262/176 164/648/447
f 168/649/446 169/271/174 238/377/261
f 238/377/261 383/571/398 168/649/446
f 378/276/188 236/274/186 171/650/448
f 236/274/186 379/273/185 171/650/448
f 174/651/449 175/284/174 234/280/177
f 234/280/177 375/279/185 174/651/449
f 181/652/450 182/298/206 231/294/202
f 232/287/177 371/286/195 177/292/200
f 178/291/199 232/287/177 177/292/200
f 231/294/202 368/293/201 181/652/450
f 192/653/451 193/316/223 226/312/219
f 229/364/261 364/572/399 185/303/211
f 186/302/210 229/364/261 185/303/211
f 227/305/177 361/304/212 188/573/400
f 189/309/216 227/305/177 188/573/400
f 226/312/219 358/311/218 192/653/451
f 196/317/224 356/477/323 354/575/402
f 214/581/364 212/340/244 92/654/100
f 223/353/250 350/576/403 198/577/404
f 199/325/232 223/353/250 198/577/404
f 204/327/234 347/326/233 202/329/236
f 203/331/238 204/327/234 202/329/236
f 221/578/241 204/327/234 203/331/238
f 96/655/105 216/347/247 95/582/101
f 217/346/246 97/656/358 219/336/243
f 217/346/246 96/655/105 218/657/361
f 219/336/243 100/658/107 297/349/248
f 224/354/251 302/356/253 197/320/227
f 191/313/220 308/584/305 190/307/214
f 315/366/263 183/296/204 230/585/406
f 312/362/259 187/300/208 228/306/213
f 172/278/190 327/374/271 236/274/186
f 322/370/267 176/282/192 233/288/196
f 325/372/269 173/277/189 235/281/191
f 243/253/167 341/388/283 156/249/163
f 328/375/272 170/269/172 237/275/187
f 334/381/277 163/258/172 240/264/178
f 246/391/286 151/659/395 152/392/287
f 151/659/395 249/469/317 149/660/156
f 252/466/316 150/587/157 250/470/318
f 148/661/393 253/464/315 145/662/391
f 252/466/316 148/661/393 251/663/394
f 256/615/416 146/589/389 254/588/407
f 144/664/155 258/591/408 143/590/152
f 256/615/416 144/664/155 255/665/390
f 257/461/153 259/666/151 141/667/150
f 140/668/147 262/593/409 137/592/148
f 260/458/314 140/668/147 259/666/151
f 263/452/312 133/595/141 134/594/145
f 264/446/142 130/669/385 131/670/143
f 266/448/311 128/596/138 129/671/383
f 129/671/383 130/669/385 266/448/311
f 270/398/293 125/598/136 126/399/294
f 271/442/137 273/672/135 123/673/134
f 274/613/415 121/600/130 122/674/380
f 274/613/415 122/674/380 273/672/135
f 119/675/377 279/602/375 117/676/374
f 278/433/308 119/675/377 277/601/378
f 280/428/306 281/400/129 118/603/128
f 282/401/295 115/604/125 116/402/296
f 283/425/126 113/677/123 114/678/122
f 287/612/414 286/679/373 111/680/121
f 112/681/120 113/677/123 285/611/413
f 285/611/413 111/680/121 112/681/120
f 289/418/303 286/679/373 288/421/304
f 291/404/298 109/682/116 110/405/299
f 296/609/412 100/658/107 295/610/111
f 104/607/114 106/606/369 293/413/302
f 346/180/94 91/330/237 345/617/418
f 351/618/419 197/320/227 352/476/322
f 362/480/326 187/300/208 363/481/327
f 366/482/328 230/585/406 183/296/204
f 233/288/196 372/486/332 373/485/331
f 233/288/196 176/282/192 372/486/332
f 235/281/191 376/488/334 377/487/333
f 235/281/191 173/277/189 376/488/334
f 237/275/187 380/490/336 381/489/335
f 237/275/187 170/269/172 380/490/336
f 240/264/178 388/493/336 389/492/338
f 240/264/178 163/258/172 388/493/336
f 395/494/339 156/249/163 396/622/423
f 155/245/159 244/250/164 342/246/160
f 400/498/342 151/567/395 399/623/424
f 405/625/426 251/565/394 148/564/393
f 409/501/345 255/560/390 144/241/155
f 259/237/151 140/233/147 411/503/347
f 420/627/428 129/550/383 419/628/429
f 269/548/292 423/629/430 424/506/350
f 269/548/292 126/547/294 423/629/430
f 273/221/135 427/630/431 428/507/351
f 273/221/135 122/545/380 427/630/431
f 432/631/432 277/543/378 119/542/377
f 435/632/433 116/539/296 436/633/434
f 113/209/123 439/511/355 440/634/435
f 290/537/297 443/636/437 444/635/436
f 106/531/369 447/683/452 448/637/438
f 290/537/297 110/534/299 443/636/437
f 447/683/452 103/199/113 102/198/112
f 450/638/439 100/193/107 451/512/356
f 457/521/365 92/186/100 458/639/440
f 77/522/366 461/166/80 78/165/79
f 87/641/441 78/524/79 85/169/83
f 456/190/104 95/187/101 93/189/103
f 97/514/358 218/517/361 455/516/360
f 105/201/115 294/406/300 101/196/110
f 445/533/371 109/202/116 108/204/118
f 442/535/372 441/205/119 111/207/121
f 429/544/379 121/216/130 120/218/132
f 425/546/381 125/222/136 123/220/134
f 421/549/382 128/224/138 127/226/140
f 417/230/144 133/227/141 131/229/143
f 414/644/443 138/556/291 135/554/387
f 137/234/148 138/556/291 414/644/443
f 145/561/391 146/559/389 407/558/388
f 462/495/340 154/247/161 153/568/288
f 161/647/446 390/261/175 162/260/174
f 164/648/447 386/268/182 165/267/181
f 168/649/446 382/272/184 169/271/174
f 378/276/188 172/278/190 236/274/186
f 174/651/449 374/285/194 175/284/174
f 181/652/450 367/299/207 182/298/206
f 192/653/451 357/574/401 193/316/223
f 196/317/224 195/357/254 356/477/323
f 214/581/364 213/579/405 212/340/244
f 96/655/105 217/346/246 216/347/247
f 217/346/246 218/657/361 97/656/358
f 219/336/243 98/684/108 100/658/107
f 224/354/251 300/355/252 302/356/253
f 191/313/220 309/360/257 308/584/305
f 315/366/263 316/586/309 183/296/204
f 172/278/190 326/373/270 327/374/271
f 243/253/167 340/387/282 341/388/283
f 246/391/286 248/616/417 151/659/395
f 151/659/395 248/616/417 249/469/317
f 252/466/316 251/663/394 150/587/157
f 148/661/393 252/466/316 253/464/315
f 256/615/416 255/665/390 146/589/389
f 144/664/155 256/615/416 258/591/408
f 257/461/153 260/458/314 259/666/151
f 140/668/147 260/458/314 262/593/409
f 263/452/312 265/453/313 133/595/141
f 264/446/142 266/448/311 130/669/385
f 266/448/311 268/597/410 128/596/138
f 270/398/293 272/599/411 125/598/136
f 271/442/137 274/613/415 273/672/135
f 274/613/415 276/436/310 121/600/130
f 119/675/377 278/433/308 279/602/375
f 280/428/306 282/401/295 281/400/129
f 282/401/295 284/429/307 115/604/125
f 283/425/126 285/611/413 113/677/123
f 287/612/414 288/421/304 286/679/373
f 285/611/413 287/612/414 111/680/121
f 289/418/303 290/403/297 286/679/373
f 291/404/298 292/411/117 109/682/116
f 296/609/412 297/349/248 100/658/107
f 346/180/94 344/171/85 91/330/237
f 351/618/419 224/354/251 197/320/227
f 362/480/326 228/306/213 187/300/208
f 366/482/328 365/619/420 230/585/406
f 395/494/339 243/253/167 156/249/163
f 155/245/159 397/248/162 244/250/164
f 400/498/342 152/497/287 151/567/395
f 405/625/426 404/624/425 251/565/394
f 409/501/345 408/626/427 255/560/390
f 420/627/428 130/552/385 129/550/383
f 432/631/432 431/509/353 277/543/378
f 435/632/433 281/215/129 116/539/296
f 113/209/123 112/206/120 439/511/355
f 106/531/369 104/200/114 447/683/452
f 447/683/452 104/200/114 103/199/113
f 450/638/439 295/197/111 100/193/107
f 457/521/365 214/520/364 92/186/100
o 円柱.028
v 1.508486 15.966121 -32.314533
v 1.508486 17.952494 -30.605753
v 1.508486 18.489704 -32.314533
v 4.732748 17.952494 -30.288191
v 5.066115 15.966121 -31.964136
v 5.066115 18.489704 -31.964136
v -1.715776 17.952494 -30.288191
v 8.487026 15.966121 -30.926414
v -4.816132 17.952494 -29.347708
v 8.487026 18.489704 -30.926414
v 11.639757 15.966121 -29.241245
v 11.639757 18.489704 -29.241245
v 14.403148 15.966122 -26.973389
v 14.403148 18.489704 -26.973389
v -7.673435 17.952496 -27.820446
v 16.671003 15.966122 -24.209999
v -10.177882 17.952496 -25.765100
v 16.671003 18.489704 -24.209999
v -12.233230 17.952496 -23.260654
v 18.356173 15.966122 -21.057268
v -13.760490 17.952496 -20.403349
v 18.356173 18.489704 -21.057268
v 19.393894 15.966123 -17.636356
v 19.393894 18.489706 -17.636356
v 19.744291 15.966124 -14.078728
v 19.744291 18.489706 -14.078728
v -14.700972 17.952496 -17.302994
v 19.393894 15.966124 -10.521098
v -15.018536 17.952497 -14.078732
v 19.393894 18.489706 -10.521099
v -14.700972 17.952497 -10.854470
v 18.356173 15.966125 -7.100187
v -13.760490 17.952497 -7.754115
v 18.356173 18.489708 -7.100187
v 16.671003 15.966125 -3.947456
v 16.671003 18.489708 -3.947456
v 14.403148 15.966125 -1.184066
v 14.403148 18.489708 -1.184066
v -12.233230 17.952499 -4.896811
v 11.639757 15.966125 1.083790
v -10.177882 17.952499 -2.392364
v -7.673435 17.952499 -0.337017
v 11.639757 18.489708 1.083790
v 8.487026 15.966126 2.768959
v -4.816132 17.952499 1.190244
v 8.487026 18.489710 2.768959
v 5.066115 15.966126 3.806681
v 5.066115 18.489710 3.806681
v 1.508486 15.966126 4.157078
v 1.508486 18.489710 4.157078
v -1.715776 17.952499 2.130726
v -2.049143 15.966126 3.806681
v 1.508486 17.952499 2.448288
v -2.049143 18.489710 3.806681
v 4.732748 17.952499 2.130726
v -5.470055 15.966126 2.768959
v 7.833103 17.952499 1.190244
v -5.470055 18.489710 2.768959
v -8.622786 15.966125 1.083790
v -8.622786 18.489708 1.083790
v -11.386176 15.966125 -1.184066
v -11.386176 18.489708 -1.184066
v 10.690407 17.952499 -0.337017
v -13.654032 15.966125 -3.947456
v 13.194854 17.952499 -2.392364
v -13.654032 18.489708 -3.947456
v 15.250201 17.952499 -4.896811
v -15.339201 15.966125 -7.100187
v 16.777462 17.952497 -7.754115
v -15.339201 18.489708 -7.100187
v -16.376923 15.966124 -10.521098
v -16.376923 18.489706 -10.521099
v -16.727320 15.966124 -14.078728
v -16.727320 18.489706 -14.078728
v 17.717943 17.952497 -10.854470
v -16.376923 15.966123 -17.636356
v 18.035507 17.952497 -14.078732
v -16.376923 18.489706 -17.636356
v 17.717943 17.952496 -17.302994
v -15.339201 15.966122 -21.057268
v 16.777462 17.952496 -20.403349
v -15.339201 18.489704 -21.057268
v -13.654032 15.966122 -24.209999
v -13.654032 18.489704 -24.209999
v -11.386176 15.966122 -26.973389
v -11.386176 18.489704 -26.973389
v 15.250201 17.952496 -23.260654
v -8.622786 15.966121 -29.241245
v 13.194854 17.952496 -25.765100
v -8.622786 18.489704 -29.241245
v 10.690407 17.952496 -27.820446
v -5.470055 15.966121 -30.926414
v 7.833103 17.952494 -29.347708
v -5.470055 18.489704 -30.926414
v -2.049143 15.966121 -31.964136
v -2.049143 18.489704 -31.964136
v -12.233230 18.489704 -23.260654
v -7.673435 18.489704 -27.820446
v -10.177882 18.489704 -25.765100
v -1.715776 18.489704 -30.288191
v 4.732748 18.489704 -30.288191
v 1.508486 18.489704 -30.605753
v -4.816132 18.489704 -29.347708
v -15.018536 18.489706 -14.078732
v -14.700972 18.489706 -10.854470
v -14.700972 18.489706 -17.302994
v -12.233230 18.489708 -4.896811
v -13.760490 18.489708 -7.754115
v -7.673435 18.489708 -0.337017
v -10.177882 18.489708 -2.392364
v -1.715776 18.489708 2.130726
v 4.732748 18.489708 2.130726
v 1.508486 18.489710 2.448288
v 10.690407 18.489708 -0.337017
v 7.833103 18.489708 1.190244
v 15.250201 18.489708 -4.896811
v 13.194854 18.489708 -2.392364
v 10.690407 18.489704 -27.820446
v 15.250201 18.489704 -23.260654
v 13.194854 18.489704 -25.765100
v 18.035507 18.489706 -14.078732
v 17.717943 18.489706 -10.854470
v 17.717943 18.489706 -17.302994
v 16.777462 18.489706 -20.403349
v -13.760490 18.489706 -20.403349
v -4.816132 18.489708 1.190244
v 7.833103 18.489704 -29.347708
v 16.777462 18.489708 -7.754115
v 8.504243 18.489704 -28.988976
v 11.278666 18.489704 -27.337677
v -11.750458 18.489704 -23.848911
v -13.401759 18.489704 -21.074490
v -14.775564 18.489706 -11.611803
v -13.981397 18.489708 -8.482344
v -4.087903 18.489704 -29.568615
v -0.958444 18.489704 -30.362782
v 5.322461 18.387522 -30.109303
v -9.701515 18.387522 -26.156044
v -14.522085 18.387524 -17.892708
v -13.469993 18.387524 -20.946833
v -10.568828 18.387526 -2.868731
v -1.102495 18.387522 -30.348593
v 8.376586 18.387522 -29.057211
v -14.761375 18.387526 -11.467752
v -4.816132 15.966121 -29.347708
v 1.508486 15.966121 -30.605753
v -1.715776 15.966121 -30.288191
v 7.833103 15.966121 -29.347708
v 10.690407 15.966121 -27.820446
v 13.194854 15.966122 -25.765100
v 4.732748 15.966121 -30.288191
v 13.194854 15.966125 -2.392364
v 15.250201 15.966125 -4.896811
v 18.035507 15.966124 -14.078732
v 17.717943 15.966123 -17.302994
v 16.777462 15.966125 -7.754115
v 17.717943 15.966124 -10.854470
v 16.777462 15.966123 -20.403349
v -10.177882 15.966125 -2.392364
v -4.816132 15.966125 1.190244
v -7.673435 15.966125 -0.337017
v 1.508486 15.966126 2.448288
v -1.715776 15.966125 2.130726
v 7.833103 15.966125 1.190244
v 4.732748 15.966125 2.130726
v -15.018536 15.966124 -14.078732
v -14.700972 15.966124 -10.854470
v -14.700972 15.966123 -17.302994
v -10.177882 15.966122 -25.765100
v -12.233230 15.966122 -23.260654
v -13.760490 15.966125 -7.754115
v -13.760490 15.966123 -20.403349
v -7.673435 15.966121 -27.820446
v 15.250201 15.966122 -23.260654
v 10.690407 15.966125 -0.337017
v -12.233230 15.966125 -4.896811
v -6.275753 17.952499 0.410060
v -8.952805 17.952499 -1.386969
v -0.138593 17.952499 2.286064
v -3.299558 17.952499 1.650291
v 3.085669 17.952499 2.292950
v 6.249321 17.952499 1.670678
v 11.915484 17.952499 -1.342413
v 9.230785 17.952499 0.443167
v 14.200250 17.952499 -3.617441
v 15.997277 17.952497 -6.294493
v 17.873283 17.952497 -12.431654
v 17.237509 17.952497 -9.270688
v 17.880167 17.952497 -15.655916
v 17.257896 17.952496 -18.819567
v 16.030384 17.952496 -21.801031
v 14.244805 17.952496 -24.485731
v -4.160807 18.435923 -29.546497
v -9.642287 18.441610 -26.204651
v -11.793677 18.441612 -23.796249
v -14.502182 18.435925 -17.958319
v -13.959280 18.435926 -8.409439
v -10.617434 18.441614 -2.927959
v 11.226003 18.441610 -27.380896
v 5.388072 18.435923 -30.089399
v -6.370232 18.197517 0.359560
v -3.402073 18.197517 1.619193
v 15.946777 18.197517 -6.200015
v 16.080885 18.197514 -21.706554
v -9.035615 18.197517 -1.454929
v 11.832674 18.197517 -1.274451
v 14.132289 18.197517 -3.534631
v 9.136307 18.197517 0.493668
v 2.979057 18.197519 2.303450
v 14.312766 18.197514 -24.402920
v 6.146807 18.197517 1.701777
v -0.245204 18.197519 2.275564
v 17.206411 18.197517 -9.168173
v 17.862783 18.197515 -12.325042
v 17.890667 18.197515 -15.549304
v 17.288994 18.197515 -18.717052
vn -0.0000 0.6857 -0.7279
vn 0.1420 -0.6857 -0.7139
vn -0.0000 -0.6857 -0.7279
vn 0.1420 0.6857 -0.7139
vn 0.2785 -0.6857 -0.6725
vn 0.2786 0.6857 -0.6725
vn 0.4044 -0.6857 -0.6052
vn 0.4044 0.6857 -0.6052
vn 0.5147 -0.6857 -0.5147
vn 0.5147 0.6857 -0.5147
vn 0.6052 -0.6857 -0.4044
vn 0.6052 0.6857 -0.4044
vn 0.6725 -0.6857 -0.2786
vn 0.6725 0.6857 -0.2786
vn 0.7139 -0.6857 -0.1420
vn 0.7139 0.6857 -0.1420
vn 0.7279 -0.6857 -0.0000
vn 0.7139 0.6857 0.1420
vn 0.7139 -0.6857 0.1420
vn 0.6725 -0.6857 0.2785
vn 0.6725 0.6857 0.2786
vn 0.6052 -0.6857 0.4044
vn 0.6052 0.6857 0.4044
vn 0.5147 -0.6857 0.5147
vn 0.5147 0.6857 0.5147
vn 0.4044 -0.6857 0.6052
vn 0.4044 0.6857 0.6052
vn 0.2786 -0.6857 0.6725
vn 0.2785 0.6857 0.6725
vn 0.1420 -0.6857 0.7139
vn 0.1420 0.6857 0.7139
vn -0.0000 -0.6857 0.7279
vn -0.0000 0.6857 0.7279
vn -0.1420 -0.6857 0.7139
vn -0.1420 0.6857 0.7139
vn -0.2786 -0.6857 0.6725
vn -0.4044 0.6857 0.6052
vn -0.4044 -0.6857 0.6052
vn -0.5147 -0.6857 0.5147
vn -0.5147 0.6857 0.5147
vn -0.6052 -0.6857 0.4044
vn -0.6725 0.6857 0.2785
vn -0.6725 -0.6857 0.2785
vn -0.7139 0.6857 0.1420
vn -0.7139 -0.6857 0.1420
vn -0.7279 -0.6857 -0.0000
vn -0.7139 0.6857 -0.1420
vn -0.7139 -0.6857 -0.1420
vn -0.6725 0.6857 -0.2786
vn -0.6725 -0.6857 -0.2785
vn -0.6052 -0.6857 -0.4044
vn -0.6052 0.6857 -0.4044
vn -0.5147 -0.6857 -0.5147
vn -0.4044 0.6857 -0.6052
vn -0.4044 -0.6857 -0.6052
vn -0.2786 -0.6857 -0.6725
vn 0.1334 0.7298 -0.6705
vn -0.2786 0.6857 -0.6725
vn -0.0000 0.7298 0.6836
vn -0.1420 -0.6857 -0.7139
vn -0.1420 0.6857 -0.7139
vn -0.1334 -0.7298 -0.6705
vn 0.1334 -0.7298 0.6705
vn -0.1951 -0.0000 0.9808
vn -0.1334 0.7299 0.6705
vn -0.0000 -0.0000 1.0000
vn 0.0980 -0.0000 0.9952
vn 0.1951 -0.0000 0.9808
vn 0.1334 0.7299 0.6705
vn 0.0693 0.7071 0.7037
vn 0.2052 0.7071 0.6766
vn 0.2903 -0.0000 0.9569
vn 0.3827 -0.0000 0.9239
vn 0.2616 0.7298 0.6316
vn 0.5556 -0.0000 0.8315
vn 0.6344 -0.0000 0.7730
vn 0.7071 -0.0000 0.7071
vn 0.3798 0.7298 0.5684
vn 0.4834 0.7298 0.4834
vn 0.5466 0.7071 0.4486
vn 0.7730 -0.0000 0.6344
vn 0.8315 -0.0000 0.5556
vn 0.5684 0.7298 0.3798
vn 0.6236 0.7071 0.3333
vn 0.8883 -0.0000 0.4593
vn 0.9239 -0.0000 0.3827
vn 0.6316 0.7299 0.2616
vn 0.9569 -0.0000 0.2903
vn 0.9808 -0.0000 0.1951
vn 0.6705 0.7299 0.1334
vn 1.0000 -0.0000 -0.0000
vn 0.7037 0.7071 -0.0693
vn 0.6747 -0.3032 -0.6729
vn 0.9808 -0.0000 -0.1951
vn 0.6836 0.7299 -0.0000
vn 0.6705 0.7298 -0.1334
vn 0.6767 0.7071 -0.2053
vn 0.9569 -0.0000 -0.2903
vn 0.9239 -0.0000 -0.3827
vn 0.6316 0.7299 -0.2616
vn 0.8315 -0.0000 -0.5556
vn 0.7730 -0.0000 -0.6344
vn 0.7071 -0.0000 -0.7071
vn 0.5684 0.7298 -0.3798
vn 0.4834 0.7299 -0.4834
vn 0.6344 -0.0000 -0.7730
vn 0.5556 -0.0000 -0.8315
vn 0.4714 -0.0000 -0.8819
vn 0.3827 -0.0000 -0.9239
vn 0.3798 0.7298 -0.5684
vn 0.2903 -0.0000 -0.9569
vn 0.1951 -0.0000 -0.9808
vn 0.2616 0.7299 -0.6316
vn 0.0980 -0.0000 -0.9952
vn -0.0000 -0.0000 -1.0000
vn -0.0980 -0.0000 -0.9952
vn -0.1951 -0.0000 -0.9808
vn -0.0000 0.7299 -0.6836
vn -0.2903 -0.0000 -0.9569
vn -0.3827 -0.0000 -0.9239
vn -0.1334 0.7298 -0.6705
vn -0.4714 -0.0000 -0.8819
vn -0.5556 -0.0000 -0.8315
vn -0.2616 0.7299 -0.6316
vn -0.6344 -0.0000 -0.7730
vn -0.7071 -0.0000 -0.7071
vn -0.3798 0.7298 -0.5684
vn -0.7730 -0.0000 -0.6344
vn -0.8315 -0.0000 -0.5556
vn -0.4834 0.7299 -0.4834
vn -0.8819 -0.0000 -0.4714
vn -0.9239 -0.0000 -0.3827
vn -0.5684 0.7298 -0.3798
vn -0.9569 -0.0000 -0.2903
vn -0.9808 -0.0000 -0.1951
vn -0.6316 0.7299 -0.2616
vn -0.9952 -0.0000 -0.0980
vn -1.0000 -0.0000 -0.0000
vn -0.6705 0.7298 -0.1334
vn -0.9952 -0.0000 0.0980
vn -0.9887 -0.1218 0.0872
vn -0.9808 -0.0000 0.1951
vn -0.6836 0.7299 -0.0000
vn -0.9569 -0.0000 0.2903
vn -0.9239 -0.0000 0.3827
vn -0.6705 0.7298 0.1334
vn -0.8819 -0.0000 0.4714
vn -0.8315 -0.0000 0.5556
vn -0.6316 0.7299 0.2616
vn -0.7730 -0.0000 0.6344
vn -0.7071 -0.0000 0.7071
vn -0.5684 0.7298 0.3798
vn -0.4486 0.7071 0.5466
vn -0.6344 -0.0000 0.7730
vn -0.4834 0.7299 0.4834
vn -0.5556 -0.0000 0.8315
vn -0.3798 0.7298 0.5684
vn -0.3333 -0.7071 0.6236
vn -0.3333 0.7071 0.6236
vn -0.3827 -0.0000 0.9239
vn -0.2616 0.7298 0.6316
vn -0.2903 -0.0000 0.9569
vn -0.0000 -0.7298 0.6836
vn 0.2616 -0.7298 0.6316
vn 0.3798 -0.7298 0.5684
vn 0.4834 -0.7299 0.4834
vn 0.5684 -0.7298 0.3798
vn 0.6316 -0.7299 0.2616
vn 0.6705 -0.7298 0.1334
vn 0.6836 -0.7299 -0.0000
vn 0.6316 -0.7299 -0.2616
vn 0.5684 -0.7298 -0.3798
vn 0.4834 -0.7299 -0.4834
vn 0.3798 -0.7298 -0.5684
vn 0.2616 -0.7299 -0.6316
vn 0.1334 -0.7298 -0.6705
vn -0.0000 -0.7299 -0.6836
vn -0.2616 -0.7299 -0.6316
vn -0.3798 -0.7298 -0.5684
vn -0.4834 -0.7299 -0.4834
vn -0.5684 -0.7298 -0.3798
vn -0.6316 -0.7299 -0.2616
vn -0.6705 -0.7298 -0.1334
vn -0.6836 -0.7299 -0.0000
vn -0.6316 -0.7298 0.2616
vn -0.5684 -0.7298 0.3798
vn -0.4834 -0.7299 0.4834
vn -0.3798 -0.7298 0.5684
vn -0.1334 -0.7298 0.6705
vn 0.7279 0.6857 -0.0000
vn -0.2785 0.6857 0.6725
vn -0.6052 0.6857 0.4044
vn -0.7279 0.6857 -0.0000
vn -0.5147 0.6857 -0.5147
vn -0.2616 -0.7299 0.6316
vn -0.6705 -0.7298 0.1334
vn 0.6705 -0.7298 -0.1334
vt 0.454067 0.957356
vt 0.448605 0.869972
vt 0.454067 0.869972
vt 0.448605 0.957356
vt 0.443144 0.869972
vt 0.443144 0.957356
vt 0.437682 0.869972
vt 0.437682 0.957356
vt 0.432221 0.869972
vt 0.432221 0.957356
vt 0.426759 0.869972
vt 0.426759 0.957356
vt 0.421298 0.869972
vt 0.421298 0.957356
vt 0.415836 0.869972
vt 0.415836 0.957356
vt 0.410375 0.869972
vt 0.404914 0.957356
vt 0.404914 0.869972
vt 0.399452 0.869972
vt 0.399452 0.957356
vt 0.393991 0.869972
vt 0.393991 0.957356
vt 0.388529 0.869972
vt 0.388529 0.957356
vt 0.383068 0.869972
vt 0.383068 0.957356
vt 0.377606 0.869972
vt 0.377606 0.957356
vt 0.372145 0.869972
vt 0.372145 0.957356
vt 0.366683 0.869972
vt 0.366683 0.957356
vt 0.361222 0.869972
vt 0.361222 0.957356
vt 0.355760 0.869972
vt 0.350299 0.957356
vt 0.350299 0.869972
vt 0.344837 0.869972
vt 0.344837 0.957356
vt 0.339376 0.869972
vt 0.333914 0.957356
vt 0.333914 0.869972
vt 0.328453 0.957356
vt 0.328453 0.869972
vt 0.322991 0.869972
vt 0.317530 0.957356
vt 0.317530 0.869972
vt 0.312068 0.957356
vt 0.312068 0.869972
vt 0.306607 0.869972
vt 0.306607 0.957356
vt 0.301145 0.869972
vt 0.295684 0.957356
vt 0.295684 0.869972
vt 0.290222 0.869972
vt 0.299688 0.791405
vt 0.331174 0.785142
vt 0.315575 0.788997
vt 0.339043 0.865032
vt 0.306940 0.865032
vt 0.322991 0.864294
vt 0.290222 0.957356
vt 0.284761 0.869972
vt 0.284761 0.957356
vt 0.279299 0.869972
vt 0.433678 0.791405
vt 0.402192 0.785142
vt 0.417791 0.788997
vt 0.394324 0.865032
vt 0.410375 0.868225
vt 0.402959 0.863564
vt 0.448605 0.890498
vt 0.279299 0.890498
vt 0.283722 0.886594
vt 0.284761 0.890498
vt 0.283478 0.890498
vt 0.288940 0.890498
vt 0.289068 0.888443
vt 0.290222 0.890498
vt 0.300107 0.886594
vt 0.295684 0.890498
vt 0.301145 0.890498
vt 0.299977 0.888660
vt 0.305324 0.890498
vt 0.305439 0.888660
vt 0.306607 0.890498
vt 0.310785 0.890498
vt 0.311029 0.886594
vt 0.312068 0.890498
vt 0.316491 0.886594
vt 0.317530 0.890498
vt 0.316375 0.888443
vt 0.327170 0.890498
vt 0.327414 0.886594
vt 0.322991 0.890498
vt 0.328453 0.890498
vt 0.332631 0.890498
vt 0.332760 0.888443
vt 0.333914 0.890498
vt 0.343798 0.886594
vt 0.339376 0.890498
vt 0.344837 0.890498
vt 0.343669 0.888660
vt 0.347328 0.879334
vt 0.347509 0.869972
vt 0.352790 0.879334
vt 0.352970 0.869972
vt 0.350299 0.890498
vt 0.358251 0.879334
vt 0.358432 0.869972
vt 0.355760 0.890498
vt 0.363713 0.879334
vt 0.363893 0.869972
vt 0.361222 0.890498
vt 0.369174 0.879334
vt 0.369355 0.869972
vt 0.366683 0.890498
vt 0.374636 0.879334
vt 0.374816 0.869972
vt 0.372145 0.890498
vt 0.380097 0.879334
vt 0.380278 0.869972
vt 0.377606 0.890498
vt 0.385559 0.879334
vt 0.385739 0.869972
vt 0.383068 0.890498
vt 0.391020 0.879334
vt 0.391201 0.869972
vt 0.388529 0.890498
vt 0.396482 0.879334
vt 0.396662 0.869972
vt 0.393991 0.890498
vt 0.401943 0.879334
vt 0.402124 0.869972
vt 0.399452 0.890498
vt 0.407404 0.879334
vt 0.407585 0.869972
vt 0.404914 0.890498
vt 0.412866 0.879334
vt 0.413047 0.869972
vt 0.410375 0.890498
vt 0.418327 0.879334
vt 0.418508 0.869972
vt 0.415836 0.890498
vt 0.423789 0.879334
vt 0.423970 0.869972
vt 0.421298 0.890498
vt 0.429250 0.879334
vt 0.429431 0.869972
vt 0.426759 0.890498
vt 0.436400 0.890498
vt 0.436514 0.888660
vt 0.432221 0.890498
vt 0.437682 0.890498
vt 0.441861 0.890498
vt 0.442105 0.886594
vt 0.443144 0.890498
vt 0.447567 0.886594
vt 0.447451 0.888443
vt 0.454067 0.891187
vt 0.448605 0.914611
vt 0.454067 0.914611
vt 0.454067 0.920946
vt 0.448605 0.920946
vt 0.284761 0.891187
vt 0.279299 0.914611
vt 0.284761 0.914611
vt 0.290222 0.891187
vt 0.290222 0.914611
vt 0.289068 0.920312
vt 0.284761 0.920946
vt 0.295684 0.891187
vt 0.295684 0.914611
vt 0.295684 0.920946
vt 0.290222 0.920946
vt 0.301145 0.891187
vt 0.301145 0.920946
vt 0.299977 0.920379
vt 0.306607 0.891187
vt 0.301145 0.914611
vt 0.306607 0.914611
vt 0.305439 0.920379
vt 0.312068 0.891187
vt 0.312068 0.914611
vt 0.317530 0.891187
vt 0.317530 0.914611
vt 0.317530 0.920946
vt 0.316375 0.920312
vt 0.312068 0.920946
vt 0.322991 0.891187
vt 0.322991 0.914611
vt 0.322991 0.920946
vt 0.328453 0.914611
vt 0.333914 0.891187
vt 0.333914 0.914611
vt 0.332760 0.920312
vt 0.328453 0.920946
vt 0.339376 0.891187
vt 0.339376 0.914611
vt 0.339376 0.920946
vt 0.333914 0.920946
vt 0.344837 0.891187
vt 0.344837 0.914611
vt 0.344837 0.920946
vt 0.343669 0.920379
vt 0.347509 0.914611
vt 0.350299 0.891187
vt 0.352970 0.914611
vt 0.355760 0.891187
vt 0.350299 0.914611
vt 0.358432 0.914611
vt 0.361222 0.891187
vt 0.355760 0.914611
vt 0.363893 0.914611
vt 0.366683 0.891187
vt 0.361222 0.914611
vt 0.369355 0.914611
vt 0.372145 0.891187
vt 0.366683 0.914611
vt 0.374816 0.914611
vt 0.377606 0.891187
vt 0.372145 0.914611
vt 0.380278 0.914611
vt 0.383068 0.891187
vt 0.377606 0.914611
vt 0.383068 0.914611
vt 0.385739 0.914611
vt 0.388529 0.891187
vt 0.391201 0.914611
vt 0.393991 0.891187
vt 0.388529 0.914611
vt 0.396662 0.914611
vt 0.399452 0.891187
vt 0.393991 0.914611
vt 0.402124 0.914611
vt 0.404914 0.891187
vt 0.399452 0.914611
vt 0.407585 0.914611
vt 0.410375 0.891187
vt 0.404914 0.914611
vt 0.415836 0.914611
vt 0.410375 0.914611
vt 0.418508 0.914611
vt 0.421298 0.891187
vt 0.423970 0.914611
vt 0.426759 0.891187
vt 0.421298 0.914611
vt 0.426759 0.914611
vt 0.429431 0.914611
vt 0.432221 0.891187
vt 0.437682 0.891187
vt 0.432221 0.914611
vt 0.437682 0.914611
vt 0.436514 0.920379
vt 0.432221 0.920946
vt 0.443144 0.914611
vt 0.448605 0.891187
vt 0.447451 0.920312
vt 0.443144 0.920946
vt 0.410375 0.957356
vt 0.355760 0.957356
vt 0.339376 0.957356
vt 0.322991 0.957356
vt 0.301145 0.957356
vt 0.308444 0.861401
vt 0.299688 0.861156
vt 0.293332 0.855940
vt 0.288116 0.849584
vt 0.284240 0.842332
vt 0.281853 0.834463
vt 0.281047 0.826281
vt 0.281853 0.818098
vt 0.284240 0.810229
vt 0.288116 0.802978
vt 0.293332 0.796622
vt 0.306940 0.787529
vt 0.314808 0.785142
vt 0.322991 0.784336
vt 0.339043 0.787529
vt 0.346294 0.791405
vt 0.352650 0.796622
vt 0.357867 0.802978
vt 0.361743 0.810229
vt 0.364130 0.818098
vt 0.364935 0.826281
vt 0.364130 0.834463
vt 0.361743 0.842332
vt 0.357867 0.849584
vt 0.352650 0.855940
vt 0.346294 0.861156
vt 0.337539 0.861401
vt 0.339082 0.860576
vt 0.344111 0.857888
vt 0.301872 0.857888
vt 0.291384 0.847400
vt 0.292494 0.848753
vt 0.296111 0.853160
vt 0.345464 0.856777
vt 0.349871 0.853160
vt 0.354599 0.847400
vt 0.288696 0.842371
vt 0.287871 0.840828
vt 0.358111 0.840828
vt 0.360275 0.833697
vt 0.285708 0.833697
vt 0.361005 0.826281
vt 0.360275 0.818864
vt 0.284977 0.826281
vt 0.285536 0.820606
vt 0.358111 0.811733
vt 0.285708 0.818864
vt 0.287363 0.813408
vt 0.354599 0.805161
vt 0.349871 0.799401
vt 0.287871 0.811733
vt 0.291384 0.805161
vt 0.344111 0.794673
vt 0.296111 0.799401
vt 0.337539 0.791160
vt 0.330407 0.788997
vt 0.301872 0.794673
vt 0.308444 0.791160
vt 0.322991 0.788267
vt 0.330407 0.863564
vt 0.331174 0.867419
vt 0.322991 0.868225
vt 0.314808 0.867419
vt 0.310119 0.861909
vt 0.315575 0.863564
vt 0.317317 0.863736
vt 0.279299 0.957356
vt 0.424922 0.861401
vt 0.417791 0.863564
vt 0.418558 0.867419
vt 0.426426 0.865032
vt 0.433678 0.861156
vt 0.440034 0.855940
vt 0.445250 0.849584
vt 0.449126 0.842332
vt 0.451513 0.834463
vt 0.452319 0.826281
vt 0.451513 0.818098
vt 0.449126 0.810229
vt 0.445250 0.802978
vt 0.440034 0.796622
vt 0.426426 0.787529
vt 0.418558 0.785142
vt 0.410375 0.784336
vt 0.394324 0.787529
vt 0.387072 0.791405
vt 0.380716 0.796622
vt 0.375500 0.802978
vt 0.371624 0.810229
vt 0.369237 0.818098
vt 0.368431 0.826281
vt 0.369237 0.834463
vt 0.371624 0.842332
vt 0.375500 0.849584
vt 0.380716 0.855940
vt 0.387072 0.861156
vt 0.389256 0.857888
vt 0.383495 0.853160
vt 0.378768 0.847400
vt 0.431494 0.857888
vt 0.375255 0.840828
vt 0.437255 0.853160
vt 0.441982 0.847400
vt 0.373092 0.833697
vt 0.372361 0.826281
vt 0.445495 0.840828
vt 0.447658 0.833697
vt 0.373092 0.818864
vt 0.448389 0.826281
vt 0.375255 0.811733
vt 0.378768 0.805161
vt 0.447658 0.818864
vt 0.445495 0.811733
vt 0.383495 0.799401
vt 0.389256 0.794673
vt 0.441982 0.805161
vt 0.395828 0.791160
vt 0.437255 0.799401
vt 0.431494 0.794673
vt 0.402959 0.788997
vt 0.410375 0.788267
vt 0.424922 0.791160
vt 0.402192 0.867419
vt 0.410375 0.864294
vt 0.395828 0.861401
vt 0.279299 0.891187
vt 0.306607 0.920946
vt 0.328453 0.891187
vt 0.413047 0.914611
vt 0.415836 0.891187
vt 0.437682 0.920946
vt 0.443144 0.891187
s 1
usemtl マテリアル.004
f 465/685/453 467/686/454 463/687/455
f 468/688/456 470/689/457 467/686/454
f 472/690/458 473/691/459 470/689/457
f 474/692/460 475/693/461 473/691/459
f 476/694/462 478/695/463 475/693/461
f 480/696/464 482/697/465 478/695/463
f 484/698/466 485/699/467 482/697/465
f 486/700/468 487/701/469 485/699/467
f 487/701/469 492/702/470 490/703/471
f 492/702/470 494/704/472 490/703/471
f 496/705/473 497/706/474 494/704/472
f 498/707/475 499/708/476 497/706/474
f 500/709/477 502/710/478 499/708/476
f 505/711/479 506/712/480 502/710/478
f 508/713/481 509/714/482 506/712/480
f 510/715/483 511/716/484 509/714/482
f 512/717/485 514/718/486 511/716/484
f 516/719/487 518/720/488 514/718/486
f 518/720/488 522/721/489 521/722/490
f 522/721/489 523/723/491 521/722/490
f 524/724/492 526/725/493 523/723/491
f 526/725/493 532/726/494 530/727/495
f 530/727/495 534/728/496 533/729/497
f 534/728/496 535/730/498 533/729/497
f 535/730/498 540/731/499 538/732/500
f 538/732/500 544/733/501 542/734/502
f 544/733/501 545/735/503 542/734/502
f 546/736/504 547/737/505 545/735/503
f 547/737/505 552/738/506 550/739/507
f 552/738/506 554/740/508 550/739/507
f 522/741/489 510/742/483 573/743/509
f 472/744/458 556/745/510 564/746/511
f 556/747/510 557/748/512 554/740/508
f 558/749/513 463/750/455 557/748/512
f 502/751/478 514/752/486 627/753/514
f 554/754/508 463/755/455 609/756/515
f 466/686/516 563/757/517 464/687/518
f 564/758/511 604/759/519 469/748/520
f 464/750/518 564/758/511 469/748/520
f 562/760/521 604/759/519 598/761/522
f 597/762/523 655/763/524 562/760/521
f 469/748/520 562/760/521 471/740/525
f 655/763/524 597/762/523 565/764/526
f 471/740/525 565/764/526 477/739/527
f 600/765/528 479/737/529 560/766/530
f 477/739/527 560/766/530 479/737/529
f 561/767/531 600/765/528 656/768/528
f 593/769/532 657/770/533 561/767/531
f 479/737/529 561/767/531 481/735/534
f 657/770/533 593/769/532 559/771/535
f 594/772/536 602/773/537 483/734/538
f 481/735/534 559/771/535 483/734/538
f 587/774/539 602/773/537 594/772/536
f 601/775/540 489/732/541 587/774/539
f 483/734/538 587/774/539 489/732/541
f 568/776/542 601/775/540 658/777/540
f 489/732/541 568/776/542 491/730/543
f 595/778/544 606/779/545 493/729/546
f 491/730/543 566/780/547 493/729/546
f 567/781/548 606/779/545 595/778/544
f 596/782/549 659/783/550 567/781/548
f 493/729/546 567/781/548 495/727/551
f 659/783/550 596/782/549 570/784/552
f 495/727/551 570/784/552 501/725/553
f 603/785/554 503/723/555 569/786/556
f 501/725/553 569/786/556 503/723/555
f 572/787/557 603/785/554 660/788/554
f 503/723/555 667/789/558 640/790/558
f 504/722/559 667/789/558 572/787/557
f 504/722/559 663/791/560 639/792/560
f 507/720/561 663/791/560 571/793/562
f 507/720/561 664/794/563 642/795/563
f 513/718/564 664/794/563 588/796/565
f 513/718/564 674/797/566 641/798/566
f 515/716/567 674/797/566 573/799/509
f 515/716/567 671/800/568 643/801/568
f 517/714/569 671/800/568 575/802/570
f 517/714/569 673/803/571 644/804/571
f 519/712/572 673/803/571 574/805/573
f 519/712/572 670/806/574 646/807/574
f 525/710/575 670/806/574 577/808/576
f 525/710/575 668/809/577 645/810/577
f 527/708/578 668/809/577 576/811/579
f 527/708/578 669/812/580 647/813/580
f 529/706/581 669/812/580 579/814/582
f 529/706/581 665/815/583 648/816/583
f 531/704/584 665/815/583 578/817/585
f 531/704/584 675/818/586 650/819/586
f 537/703/587 675/818/586 590/820/588
f 537/703/587 676/821/589 649/822/589
f 539/701/590 676/821/589 584/823/591
f 539/701/590 677/824/592 651/825/593
f 541/699/594 677/824/592 583/826/595
f 541/699/594 678/827/596 652/828/596
f 543/697/597 678/827/596 585/829/598
f 543/697/597 666/830/599 653/831/599
f 549/695/600 666/830/599 586/832/601
f 549/695/600 672/833/602 654/834/602
f 551/693/603 672/833/602 581/835/604
f 592/836/605 661/837/606 582/838/607
f 551/693/603 582/838/607 553/691/608
f 661/837/606 592/836/605 580/839/609
f 591/840/610 605/841/611 555/689/612
f 553/691/608 580/839/609 555/689/612
f 589/842/613 605/841/611 591/840/610
f 599/843/614 466/686/516 589/842/613
f 555/689/612 589/842/613 466/686/516
f 563/757/517 599/843/614 662/844/614
f 608/845/615 466/846/516 464/847/518
f 564/848/511 464/847/518 563/849/517
f 609/850/515 464/851/518 469/852/520
f 607/853/616 469/852/520 471/854/525
f 655/855/524 471/854/525 562/856/521
f 635/857/617 471/854/525 477/858/527
f 560/859/530 477/858/527 565/860/526
f 477/858/527 631/861/618 635/857/617
f 561/862/531 656/863/528 560/859/530
f 632/864/619 479/865/529 481/866/534
f 657/867/533 481/866/534 561/862/531
f 634/868/620 481/866/534 483/869/538
f 630/870/621 483/869/538 489/871/541
f 568/872/542 658/873/540 587/874/539
f 628/875/622 489/871/541 491/876/543
f 566/877/547 491/876/543 568/872/542
f 493/878/546 628/875/622 491/876/543
f 633/879/623 493/878/546 495/880/551
f 659/881/550 495/880/551 567/882/548
f 638/883/624 495/880/551 501/884/553
f 569/885/556 501/884/553 570/886/552
f 621/887/625 501/884/553 503/888/555
f 572/889/557 660/890/554 569/885/556
f 640/891/558 623/892/626 503/888/555
f 639/893/560 622/894/627 504/895/559
f 642/896/563 625/897/628 507/898/561
f 641/899/566 624/900/629 513/901/564
f 643/902/568 627/903/514 515/904/567
f 644/905/571 626/906/630 517/907/569
f 646/908/574 637/909/631 519/910/572
f 525/911/575 645/912/577 614/913/632
f 647/914/580 615/915/633 527/916/578
f 648/917/583 618/918/634 529/919/581
f 650/920/586 619/921/635 531/922/584
f 649/923/589 616/924/636 537/925/587
f 541/926/594 616/924/636 539/927/590
f 652/928/596 620/929/637 541/926/594
f 653/930/599 636/931/638 543/932/597
f 549/933/600 654/934/602 612/935/639
f 611/936/640 551/937/603 553/938/608
f 661/939/606 553/938/608 582/940/607
f 555/941/612 611/936/640 553/938/608
f 613/942/641 555/941/612 466/846/516
f 563/849/517 662/943/614 589/944/613
f 465/685/453 468/688/456 467/686/454
f 468/688/456 472/690/458 470/689/457
f 472/690/458 474/692/460 473/691/459
f 474/692/460 476/694/462 475/693/461
f 476/694/462 480/696/464 478/695/463
f 480/696/464 484/698/466 482/697/465
f 484/698/466 486/700/468 485/699/467
f 486/700/468 488/945/642 487/701/469
f 487/701/469 488/945/642 492/702/470
f 492/702/470 496/705/473 494/704/472
f 496/705/473 498/707/475 497/706/474
f 498/707/475 500/709/477 499/708/476
f 500/709/477 505/711/479 502/710/478
f 505/711/479 508/713/481 506/712/480
f 508/713/481 510/715/483 509/714/482
f 510/715/483 512/717/485 511/716/484
f 512/717/485 516/719/487 514/718/486
f 516/719/487 520/946/643 518/720/488
f 518/720/488 520/946/643 522/721/489
f 522/721/489 524/724/492 523/723/491
f 524/724/492 528/947/644 526/725/493
f 526/725/493 528/947/644 532/726/494
f 530/727/495 532/726/494 534/728/496
f 534/728/496 536/948/645 535/730/498
f 535/730/498 536/948/645 540/731/499
f 538/732/500 540/731/499 544/733/501
f 544/733/501 546/736/504 545/735/503
f 546/736/504 548/949/646 547/737/505
f 547/737/505 548/949/646 552/738/506
f 552/738/506 556/747/510 554/740/508
f 565/950/526 556/745/510 552/951/506
f 552/951/506 548/952/646 546/953/504
f 546/953/504 544/954/501 540/955/499
f 540/955/499 536/956/645 534/957/496
f 534/957/496 532/958/494 528/959/644
f 528/959/644 524/960/492 522/741/489
f 522/741/489 520/961/643 516/962/487
f 516/962/487 512/963/485 510/742/483
f 510/742/483 508/964/481 505/965/479
f 505/965/479 500/966/477 498/967/475
f 498/967/475 496/968/473 492/969/470
f 492/969/470 488/970/642 486/971/468
f 486/971/468 484/972/466 480/973/464
f 480/973/464 476/974/462 474/975/460
f 474/975/460 472/744/458 589/976/613
f 589/976/613 591/977/610 580/978/609
f 474/975/460 589/976/613 580/978/609
f 486/971/468 480/973/464 474/975/460
f 498/967/475 492/969/470 486/971/468
f 510/742/483 505/965/479 498/967/475
f 522/741/489 516/962/487 510/742/483
f 534/957/496 528/959/644 522/741/489
f 546/953/504 540/955/499 534/957/496
f 560/979/530 565/950/526 552/951/506
f 559/980/535 593/981/532 561/982/531
f 561/982/531 560/979/530 552/951/506
f 474/975/460 580/978/609 592/983/605
f 474/975/460 592/983/605 582/984/607
f 561/982/531 552/951/506 546/953/504
f 559/980/535 561/982/531 546/953/504
f 474/975/460 582/984/607 581/985/604
f 486/971/468 474/975/460 581/985/604
f 594/986/536 559/980/535 546/953/504
f 587/987/539 594/986/536 546/953/504
f 486/971/468 581/985/604 586/988/601
f 486/971/468 586/988/601 585/989/598
f 568/990/542 587/987/539 546/953/504
f 568/990/542 546/953/504 534/957/496
f 486/971/468 585/989/598 583/991/595
f 486/971/468 583/991/595 584/992/591
f 566/993/547 568/990/542 534/957/496
f 595/994/544 566/993/547 534/957/496
f 498/967/475 486/971/468 584/992/591
f 498/967/475 584/992/591 590/995/588
f 567/996/548 595/994/544 534/957/496
f 596/997/549 567/996/548 534/957/496
f 498/967/475 590/995/588 578/998/585
f 498/967/475 578/998/585 579/999/582
f 570/1000/552 596/997/549 534/957/496
f 569/1001/556 570/1000/552 534/957/496
f 498/967/475 579/999/582 576/1002/579
f 510/742/483 498/967/475 576/1002/579
f 569/1001/556 534/957/496 522/741/489
f 572/1003/557 569/1001/556 522/741/489
f 510/742/483 576/1002/579 577/1004/576
f 510/742/483 577/1004/576 574/1005/573
f 571/1006/562 572/1003/557 522/741/489
f 588/1007/565 571/1006/562 522/741/489
f 510/742/483 574/1005/573 575/1008/570
f 573/743/509 588/1007/565 522/741/489
f 510/742/483 575/1008/570 573/743/509
f 563/1009/517 589/976/613 472/744/458
f 472/744/458 468/1010/456 465/1011/453
f 465/1011/453 558/1012/513 556/745/510
f 556/745/510 565/950/526 597/1013/523
f 562/1014/521 598/1015/522 564/746/511
f 556/745/510 597/1013/523 562/1014/521
f 472/744/458 465/1011/453 556/745/510
f 564/746/511 563/1009/517 472/744/458
f 556/745/510 562/1014/521 564/746/511
f 556/747/510 558/749/513 557/748/512
f 558/749/513 465/1016/453 463/750/455
f 610/1017/647 613/1018/641 467/1019/454
f 467/1019/454 470/1020/457 473/1021/459
f 473/1021/459 475/1022/461 478/1023/463
f 478/1023/463 482/1024/465 485/1025/467
f 485/1025/467 487/1026/469 490/1027/471
f 490/1027/471 494/1028/472 497/1029/474
f 497/1029/474 499/1030/476 502/751/478
f 502/751/478 506/1031/480 509/1032/482
f 509/1032/482 511/1033/484 514/752/486
f 514/752/486 518/1034/488 521/1035/490
f 521/1035/490 523/1036/491 526/1037/493
f 526/1037/493 530/1038/495 533/1039/497
f 533/1039/497 535/1040/498 538/1041/500
f 538/1041/500 542/1042/502 545/1043/503
f 545/1043/503 547/1044/505 550/1045/507
f 550/1045/507 635/1046/617 631/1047/618
f 550/1045/507 631/1047/618 632/1048/619
f 538/1041/500 545/1043/503 550/1045/507
f 526/1037/493 533/1039/497 538/1041/500
f 514/752/486 521/1035/490 526/1037/493
f 502/751/478 509/1032/482 514/752/486
f 490/1027/471 497/1029/474 502/751/478
f 478/1023/463 485/1025/467 490/1027/471
f 467/1019/454 473/1021/459 478/1023/463
f 611/1049/640 610/1017/647 467/1019/454
f 611/1049/640 467/1019/454 478/1023/463
f 538/1041/500 550/1045/507 632/1048/619
f 538/1041/500 632/1048/619 634/1050/620
f 612/1051/639 611/1049/640 478/1023/463
f 636/1052/638 612/1051/639 478/1023/463
f 538/1041/500 634/1050/620 630/1053/621
f 538/1041/500 630/1053/621 628/1054/622
f 620/1055/637 636/1052/638 478/1023/463
f 617/1056/648 620/1055/637 478/1023/463
f 538/1041/500 628/1054/622 629/1057/649
f 526/1037/493 538/1041/500 629/1057/649
f 617/1056/648 478/1023/463 490/1027/471
f 616/1058/636 617/1056/648 490/1027/471
f 526/1037/493 629/1057/649 633/1059/623
f 526/1037/493 633/1059/623 638/1060/624
f 619/1061/635 616/1058/636 490/1027/471
f 618/1062/634 619/1061/635 490/1027/471
f 526/1037/493 638/1060/624 621/1063/625
f 526/1037/493 621/1063/625 623/1064/626
f 615/1065/633 618/1062/634 490/1027/471
f 615/1065/633 490/1027/471 502/751/478
f 514/752/486 526/1037/493 623/1064/626
f 514/752/486 623/1064/626 622/1066/627
f 614/1067/632 615/1065/633 502/751/478
f 637/1068/631 614/1067/632 502/751/478
f 514/752/486 622/1066/627 625/1069/628
f 514/752/486 625/1069/628 624/1070/629
f 626/1071/630 637/1068/631 502/751/478
f 514/752/486 624/1070/629 627/753/514
f 627/753/514 626/1071/630 502/751/478
f 635/1046/617 550/1045/507 554/754/508
f 554/754/508 557/1072/512 463/755/455
f 463/755/455 467/1019/454 613/1018/641
f 463/755/455 613/1018/641 608/1073/615
f 607/1074/616 635/1046/617 554/754/508
f 463/755/455 608/1073/615 609/756/515
f 609/756/515 607/1074/616 554/754/508
f 564/758/511 598/761/522 604/759/519
f 604/759/519 562/760/521 469/748/520
f 560/766/530 656/768/528 600/765/528
f 600/765/528 561/767/531 479/737/529
f 483/734/538 559/771/535 594/772/536
f 602/773/537 587/774/539 483/734/538
f 587/774/539 658/777/540 601/775/540
f 601/775/540 568/776/542 489/732/541
f 493/729/546 566/780/547 595/778/544
f 606/779/545 567/781/548 493/729/546
f 569/786/556 660/788/554 603/785/554
f 603/785/554 572/787/557 503/723/555
f 572/787/557 571/793/562 504/722/559
f 504/722/559 640/790/558 667/789/558
f 667/789/558 503/723/555 572/787/557
f 571/793/562 588/796/565 507/720/561
f 507/720/561 639/792/560 663/791/560
f 663/791/560 504/722/559 571/793/562
f 588/796/565 573/799/509 513/718/564
f 513/718/564 642/795/563 664/794/563
f 664/794/563 507/720/561 588/796/565
f 573/799/509 575/802/570 515/716/567
f 515/716/567 641/798/566 674/797/566
f 674/797/566 513/718/564 573/799/509
f 575/802/570 574/805/573 517/714/569
f 517/714/569 643/801/568 671/800/568
f 671/800/568 515/716/567 575/802/570
f 574/805/573 577/808/576 519/712/572
f 519/712/572 644/804/571 673/803/571
f 673/803/571 517/714/569 574/805/573
f 577/808/576 576/811/579 525/710/575
f 525/710/575 646/807/574 670/806/574
f 670/806/574 519/712/572 577/808/576
f 576/811/579 579/814/582 527/708/578
f 527/708/578 645/810/577 668/809/577
f 668/809/577 525/710/575 576/811/579
f 579/814/582 578/817/585 529/706/581
f 529/706/581 647/813/580 669/812/580
f 669/812/580 527/708/578 579/814/582
f 578/817/585 590/820/588 531/704/584
f 531/704/584 648/816/583 665/815/583
f 665/815/583 529/706/581 578/817/585
f 590/820/588 584/823/591 537/703/587
f 537/703/587 650/819/586 675/818/586
f 675/818/586 531/704/584 590/820/588
f 584/823/591 583/826/595 539/701/590
f 539/701/590 649/822/589 676/821/589
f 676/821/589 537/703/587 584/823/591
f 583/826/595 585/829/598 541/699/594
f 541/699/594 651/825/593 677/824/592
f 677/824/592 539/701/590 583/826/595
f 585/829/598 586/832/601 543/697/597
f 543/697/597 652/828/596 678/827/596
f 678/827/596 541/699/594 585/829/598
f 586/832/601 581/835/604 549/695/600
f 549/695/600 653/831/599 666/830/599
f 666/830/599 543/697/597 586/832/601
f 581/835/604 582/838/607 551/693/603
f 551/693/603 654/834/602 672/833/602
f 672/833/602 549/695/600 581/835/604
f 555/689/612 580/839/609 591/840/610
f 605/841/611 589/842/613 555/689/612
f 589/842/613 662/844/614 599/843/614
f 599/843/614 563/757/517 466/686/516
f 608/845/615 613/942/641 466/846/516
f 609/850/515 608/1075/615 464/851/518
f 607/853/616 609/850/515 469/852/520
f 655/855/524 565/860/526 471/854/525
f 635/857/617 607/853/616 471/854/525
f 477/858/527 479/865/529 631/861/618
f 632/864/619 631/861/618 479/865/529
f 657/867/533 559/1076/535 481/866/534
f 634/868/620 632/864/619 481/866/534
f 630/870/621 634/868/620 483/869/538
f 628/875/622 630/870/621 489/871/541
f 493/878/546 629/1077/649 628/875/622
f 633/879/623 629/1077/649 493/878/546
f 659/881/550 570/886/552 495/880/551
f 638/883/624 633/879/623 495/880/551
f 621/887/625 638/883/624 501/884/553
f 640/891/558 504/895/559 623/892/626
f 623/892/626 621/887/625 503/888/555
f 639/893/560 507/898/561 622/894/627
f 622/894/627 623/892/626 504/895/559
f 642/896/563 513/901/564 625/897/628
f 625/897/628 622/894/627 507/898/561
f 641/899/566 515/904/567 624/900/629
f 624/900/629 625/897/628 513/901/564
f 643/902/568 517/907/569 627/903/514
f 627/903/514 624/900/629 515/904/567
f 644/905/571 519/910/572 626/906/630
f 626/906/630 627/903/514 517/907/569
f 646/908/574 525/911/575 637/909/631
f 637/909/631 626/906/630 519/910/572
f 614/913/632 637/909/631 525/911/575
f 645/912/577 527/916/578 614/913/632
f 647/914/580 529/919/581 615/915/633
f 615/915/633 614/913/632 527/916/578
f 648/917/583 531/922/584 618/918/634
f 618/918/634 615/915/633 529/919/581
f 650/920/586 537/925/587 619/921/635
f 619/921/635 618/918/634 531/922/584
f 649/923/589 539/927/590 616/924/636
f 616/924/636 619/921/635 537/925/587
f 539/927/590 651/1078/593 541/926/594
f 541/926/594 617/1079/648 616/924/636
f 652/928/596 543/932/597 620/929/637
f 620/929/637 617/1079/648 541/926/594
f 653/930/599 549/933/600 636/931/638
f 636/931/638 620/929/637 543/932/597
f 612/935/639 636/931/638 549/933/600
f 654/934/602 551/937/603 612/935/639
f 611/936/640 612/935/639 551/937/603
f 661/939/606 580/1080/609 553/938/608
f 555/941/612 610/1081/647 611/936/640
f 613/942/641 610/1081/647 555/941/612
o 円柱.031
v 34.360252 5.666595 -60.133026
v 34.364651 51.145721 -60.129219
v 34.632385 63.067139 -60.232597
v 35.400055 40.671143 -60.129963
v 35.724380 42.327759 -59.468872
v 35.060295 40.000885 -60.259033
v 35.428745 6.845551 -60.159813
v 35.130898 6.086487 -60.290329
v 35.983917 6.599487 -59.395916
v 35.752296 4.667419 -59.504337
v 35.942734 41.566559 -59.360687
v 36.523399 40.713470 -59.265022
v 34.257683 6.884766 -59.999313
v 34.950577 41.976410 -60.105721
v 35.614037 38.998047 -59.307045
v 35.832325 42.952515 -59.207058
v 36.281437 43.440369 -59.145569
v 36.835922 38.658691 -58.370300
v 36.949646 5.944946 -58.342976
v 37.046112 42.192017 -58.269928
v 37.802521 43.415405 -57.979233
v 38.060036 38.782501 -57.432106
v 38.177479 5.536987 -57.401333
v 38.280025 42.948639 -57.331184
v 38.729126 43.436920 -57.269699
v 39.285839 38.937103 -56.492973
v 39.503876 42.949310 -56.393242
v 39.952984 43.436859 -56.331757
v 40.507156 38.716156 -55.556877
v 40.621712 5.986267 -55.528168
v 40.718338 42.111725 -55.455795
v 41.474342 43.410461 -55.164986
v 41.733532 38.930908 -54.617111
v 41.951591 42.954468 -54.517368
v 42.400719 43.440857 -54.455875
v 42.955059 38.682007 -53.680695
v 43.068756 5.894592 -53.653183
v 43.165382 42.183899 -53.580235
v 43.922081 43.424683 -53.289101
v 44.178604 38.597412 -52.743000
v 44.193726 6.759521 -52.789967
v 44.389236 42.190948 -52.642300
v 45.145638 43.414062 -52.351601
v 45.402760 38.682220 -51.804825
v 45.516594 5.941895 -51.777416
v 45.613083 42.190979 -51.704361
v 46.369736 43.413177 -51.413258
v 46.628593 38.829742 -50.865635
v 46.736763 6.719482 -50.841633
v 46.836941 42.190308 -50.766422
v 47.593601 43.410950 -50.475300
v 47.852448 38.830231 -49.927700
v 47.960953 6.714447 -49.903465
v 48.060791 42.189941 -49.828484
v 48.817436 43.408844 -49.537384
v 49.076656 38.931610 -48.989475
v 49.294704 42.953430 -48.889740
v 49.743824 43.440796 -48.828251
v 50.298168 38.682739 -48.053070
v 50.411995 5.942291 -48.025669
v 50.508495 42.191132 -47.952606
v 51.265152 43.412231 -47.661495
v 51.524006 38.831665 -47.113880
v 51.632206 6.717224 -47.089870
v 51.732353 42.189789 -47.014668
v 52.489014 43.411346 -46.723541
v 52.816772 38.862518 -46.123318
v 52.664814 43.047302 -46.306610
v 53.755871 42.740845 -45.695324
v 53.908939 41.105835 -45.653957
v 53.826073 40.860291 -45.942524
v 53.076672 41.564941 -46.229549
v 52.880333 5.862183 -46.376816
v 52.602036 40.892426 -46.884708
v 51.852806 41.564880 -47.167492
v 51.091660 40.904724 -48.041836
v 50.628662 41.474945 -48.105473
v 49.868744 40.864716 -48.979469
v 49.405113 41.567749 -49.043365
v 49.208107 5.776520 -49.191460
v 48.930477 40.893585 -49.698528
v 48.181259 41.566071 -49.981304
v 47.987175 5.766968 -50.126896
v 47.420139 40.914124 -50.855648
v 46.958038 41.555145 -50.919056
v 46.766884 6.701721 -51.062393
v 46.196289 40.915131 -51.793587
v 45.734184 41.554749 -51.856991
v 45.258926 40.896759 -52.512337
v 44.509697 41.567200 -52.795120
v 44.312687 5.775635 -52.943218
v 44.035065 40.891907 -53.450275
v 43.286152 41.551636 -53.732948
v 42.525631 40.865479 -54.607098
v 42.061996 41.566528 -54.670998
v 41.864746 5.787872 -54.819096
v 41.587364 40.891449 -55.326149
v 40.838749 41.557678 -55.608753
v 40.363510 40.892242 -56.264091
v 39.614281 41.566040 -56.546875
v 39.421661 5.795197 -56.691513
v 38.854134 40.827179 -57.420826
v 38.390743 41.552368 -57.484703
v 38.192978 7.308899 -57.635815
v 37.914955 40.792969 -58.141186
v 36.873726 41.396271 -58.647194
v 36.691116 40.868256 -59.079254
v 37.036148 42.334625 -58.464264
v 36.634888 66.885864 -59.292908
v 35.135674 66.831512 -60.315933
v 34.241077 46.780334 -59.974045
v 34.436337 61.779175 -60.064781
v 35.061012 66.865295 -60.164299
v 35.330360 66.898987 -60.047127
v 35.284927 42.698029 -59.975586
v 35.679741 66.831055 -59.348755
v 35.804260 66.820618 -59.485802
v 36.511608 66.861481 -59.163151
v 36.506107 42.210999 -59.040535
v 36.903915 66.872437 -58.410950
v 37.026169 66.874481 -58.548725
v 37.753746 40.846283 -58.325939
v 38.177567 41.825562 -57.584244
v 39.076225 40.906464 -57.309853
v 39.396126 42.406250 -56.654999
v 40.200901 40.998108 -56.450756
v 40.619476 42.445953 -55.717751
v 41.425690 41.146454 -55.511581
v 41.843674 42.403992 -54.779282
v 42.747784 40.902893 -54.496033
v 43.073040 41.826141 -53.832436
v 43.873657 41.110992 -53.635452
v 44.291374 42.404907 -52.903419
v 45.096291 40.995270 -52.699009
v 45.514854 42.372894 -51.965931
v 46.419281 40.895721 -51.682293
v 46.738903 42.445770 -51.027893
v 47.641651 40.823059 -50.748955
v 47.962891 42.334045 -50.089535
v 48.767849 40.995331 -49.885193
v 49.186787 42.405304 -49.151665
v 50.090897 40.904724 -48.868404
v 50.410488 42.442596 -48.214027
v 51.316444 40.754791 -47.928642
v 51.634453 42.335541 -47.275719
v 52.438492 40.923798 -47.071655
v 52.858345 42.404327 -46.337852
v 53.665665 40.840179 -46.132565
v 53.968079 63.379028 -45.440842
v 53.938000 51.431305 -45.128666
v 53.832695 55.127563 -45.023605
v 53.820866 67.283142 -45.757080
v 53.551762 43.179382 -45.976418
v 53.606602 66.893127 -46.040607
v 52.820236 66.851776 -46.208393
v 52.330112 43.277100 -46.910709
v 52.422024 66.864288 -46.969658
v 51.589951 66.830475 -47.155613
v 51.106270 43.278046 -47.848644
v 51.198189 66.868744 -47.907612
v 50.366142 66.823608 -48.093483
v 49.968506 42.214050 -48.723198
v 49.974121 66.869904 -48.845810
v 49.142349 66.830902 -49.031265
v 48.657990 43.262970 -49.724743
v 48.750401 66.850647 -49.783451
v 47.918373 66.835083 -49.969456
v 47.434711 43.277649 -50.662460
v 47.526623 66.874176 -50.721451
v 46.694561 66.836670 -50.907349
v 46.210850 43.277863 -51.600403
v 46.302753 66.856506 -51.659325
v 45.470734 66.829315 -51.845257
v 44.986973 43.278717 -52.538349
v 45.078873 66.855957 -52.597267
v 44.246922 66.835510 -52.783203
v 43.762573 43.261536 -53.476501
v 43.855034 66.857727 -53.535217
v 43.023056 66.828644 -53.721077
v 42.625397 42.212677 -54.350819
v 42.630966 66.848450 -54.473362
v 41.799198 66.837097 -54.658951
v 41.313850 43.275970 -55.353001
v 41.407394 66.868103 -55.411156
v 40.575333 66.829285 -55.596981
v 40.177681 42.211914 -56.226704
v 40.183228 66.848572 -56.349258
v 39.351574 66.830231 -56.534721
v 38.952881 42.302155 -57.164642
v 38.959404 66.851288 -57.287201
v 38.127777 66.830109 -57.472610
v 37.643852 43.278748 -58.165977
v 37.735771 66.863800 -58.224930
v 38.251026 66.849152 -57.610447
v 37.853634 66.877472 -58.357899
v 39.076721 66.879639 -57.420826
v 39.474892 66.845947 -56.672504
v 40.300529 66.878052 -56.482956
v 40.698727 66.836884 -55.734566
v 41.524368 66.880341 -55.545052
v 41.922592 66.849335 -54.796631
v 42.748249 66.879181 -54.607040
v 43.146446 66.849274 -53.858696
v 43.972092 66.878448 -53.669136
v 44.370289 66.845551 -52.920753
v 45.195999 66.878571 -52.731163
v 45.594147 66.846130 -51.982807
v 46.419739 66.879211 -51.793297
v 46.821037 66.876190 -51.041782
v 47.643055 66.886047 -50.858578
v 48.042728 66.823578 -50.106461
v 48.867538 66.878723 -49.917355
v 49.265701 66.843475 -49.168983
v 50.091427 66.878082 -48.979370
v 50.492500 66.874878 -48.228046
v 51.314754 66.885010 -48.044582
v 51.714298 66.820770 -47.292633
v 52.539112 66.887024 -47.103573
v 52.937237 66.845093 -46.355194
v 53.718315 66.896820 -46.189095
v 53.903751 66.978516 -45.957779
v 35.437538 66.894867 -60.204082
v 36.642982 5.996613 -59.233494
v 36.421860 6.599701 -59.338379
v 36.899940 6.599609 -58.692501
v 37.061920 6.031494 -58.499123
v 37.792130 5.984070 -58.352791
v 37.951717 6.599640 -58.165924
v 38.427383 6.940369 -57.520607
v 39.091690 5.987152 -57.356831
v 38.869568 6.599579 -57.462502
v 39.655472 6.599548 -56.582104
v 40.239922 5.966217 -56.476883
v 40.399422 6.599609 -56.290051
v 40.570541 6.293640 -55.878040
v 40.737602 6.399200 -55.682880
v 41.544369 6.669342 -55.473114
v 41.317276 6.599579 -55.586624
v 42.103180 6.599609 -54.706226
v 42.763222 5.983673 -54.543053
v 42.541130 6.599762 -54.648685
v 43.016544 6.599518 -54.006241
v 43.185009 6.218628 -53.805893
v 43.991943 6.595886 -53.597569
v 43.764980 6.599579 -53.710747
v 44.550884 6.599548 -52.830349
v 45.135159 5.981079 -52.725193
v 45.294834 6.599457 -52.538296
v 45.466599 7.060883 -52.125374
v 45.638565 7.197205 -51.929642
v 46.434761 5.965515 -51.729286
v 46.212685 6.599579 -51.834873
v 46.994209 6.293488 -50.955059
v 47.666969 5.263672 -50.785137
v 47.436539 6.599579 -50.896935
v 48.222443 6.599762 -50.016537
v 48.806717 5.980988 -49.911377
v 48.966393 6.599548 -49.724483
v 49.446293 6.599670 -49.078598
v 50.106339 5.983765 -48.915424
v 49.884247 6.599579 -49.021057
v 50.359661 6.599701 -48.378613
v 50.525276 5.983490 -48.180882
v 51.238270 7.155640 -48.044460
v 51.414097 6.599579 -47.848606
v 51.585743 7.092957 -47.435837
v 51.763744 7.667664 -47.239632
v 52.471107 6.614960 -47.099915
v 52.637951 6.599579 -46.910667
v 53.117851 6.599640 -46.264782
v 53.696724 6.622162 -46.161297
v 53.894520 7.623688 -45.911022
v 53.923573 5.333649 -45.661499
v 53.578270 6.644012 -46.007633
v 53.772724 8.002563 -45.762421
v 52.999897 6.599609 -46.110870
v 52.760712 5.966278 -46.223537
v 52.360176 5.977234 -46.943794
v 52.519997 6.599518 -46.756756
v 51.467709 6.234833 -47.281818
v 51.136452 5.965729 -47.881683
v 51.296143 6.599640 -47.694695
v 50.241703 6.599640 -48.224701
v 49.988159 5.966003 -48.761700
v 49.766289 6.599548 -48.867146
v 49.323009 6.234985 -48.925476
v 49.090214 5.550354 -49.035954
v 48.681274 6.650482 -49.759979
v 48.848434 6.599670 -49.570576
v 47.796150 6.234650 -50.095634
v 47.464897 5.965576 -50.695499
v 47.624580 6.599579 -50.508514
v 46.572994 6.111450 -51.032539
v 46.240871 5.980530 -51.633503
v 46.400730 6.599579 -51.446449
v 45.346294 6.599579 -51.976452
v 45.017189 5.965881 -52.571377
v 45.176880 6.599579 -52.384388
v 44.432930 6.599548 -52.676437
v 43.785862 6.650330 -53.511734
v 43.953026 6.599518 -53.322323
v 42.898586 6.599548 -53.852329
v 42.645107 5.959503 -54.389263
v 42.423172 6.599579 -54.494774
v 41.979889 6.234741 -54.553108
v 41.747101 5.551758 -54.663574
v 41.329014 6.035645 -55.394394
v 41.505318 6.599579 -55.198200
v 40.450882 6.599609 -55.728207
v 40.197342 5.966492 -56.265205
v 39.975468 6.599670 -56.370651
v 39.532185 6.234772 -56.428982
v 39.299660 6.267700 -56.540600
v 38.888611 6.341309 -57.264027
v 39.057617 6.599701 -57.074078
v 38.003178 6.599609 -57.604080
v 37.674076 5.965393 -58.199005
v 37.833759 6.598877 -58.012016
v 36.779320 6.599701 -58.542019
v 36.525841 5.959900 -59.078953
v 36.303909 6.599579 -59.184464
v 35.856583 6.540070 -59.243469
v 35.631268 5.533783 -59.350346
v 35.315216 7.394104 -60.004120
v 35.011642 7.083618 -60.138405
v 53.835262 6.515350 -44.986935
vn 0.0889 0.0003 -0.9960
vn -0.6161 0.0031 -0.7877
vn -0.6969 0.0750 -0.7133
vn 0.6747 -0.0011 -0.7381
vn 0.4896 0.6515 -0.5795
vn 0.3903 0.7748 -0.4974
vn 0.7088 -0.0023 -0.7054
vn 0.7967 0.0012 -0.6043
vn 0.6945 0.0015 -0.7195
vn 0.3213 0.0014 -0.9470
vn 0.4793 0.0001 -0.8776
vn 0.3246 0.0011 -0.9458
vn 0.3059 -0.0010 -0.9521
vn 0.4453 0.6660 -0.5985
vn -0.7549 -0.0013 0.6558
vn -0.6920 -0.0010 0.7219
vn -0.6737 0.0030 0.7390
vn -0.2973 0.0014 0.9548
vn -0.4775 0.6197 0.6229
vn -0.3297 -0.0013 0.9441
vn -0.2745 0.0039 0.9616
vn -0.8357 -0.0016 0.5492
vn -0.7004 -0.0006 0.7137
vn -0.6974 0.0009 0.7167
vn -0.3198 0.0009 0.9475
vn -0.4770 0.6195 0.6235
vn -0.8290 -0.0018 0.5592
vn -0.7018 -0.0006 0.7124
vn -0.8358 0.0027 0.5490
vn -0.2980 0.0012 0.9546
vn -0.4945 0.5840 0.6437
vn -0.3472 -0.0011 0.9378
vn -0.2760 0.0039 0.9611
vn -0.4919 0.5889 0.6412
vn -0.6904 -0.0010 0.7234
vn -0.3212 -0.0014 0.9470
vn -0.8361 -0.0016 0.5486
vn -0.7011 -0.0006 0.7131
vn -0.6975 0.0009 0.7166
vn -0.3188 0.0009 0.9478
vn -0.4881 0.6000 0.6338
vn -0.3204 -0.0014 0.9473
vn -0.4980 0.0023 0.8671
vn -0.2974 0.0014 0.9548
vn -0.4885 0.5954 0.6379
vn -0.6979 -0.0010 0.7162
vn -0.3568 -0.0014 0.9342
vn -0.7005 -0.0006 0.7136
vn -0.3196 0.0009 0.9476
vn -0.4962 0.5815 0.6447
vn -0.3205 0.0011 0.9472
vn -0.4880 0.5985 0.6353
vn -0.7050 -0.0012 0.7092
vn -0.8306 -0.0018 0.5568
vn -0.7073 -0.0006 0.7069
vn -0.8358 0.0027 0.5491
vn -0.3197 0.0009 0.9475
vn -0.4935 0.5870 0.6417
vn -0.3187 0.0009 0.9479
vn -0.5098 0.5554 0.6570
vn -0.7060 -0.0006 0.7082
vn -0.3186 0.0009 0.9479
vn -0.4711 0.6270 0.6205
vn -0.4908 0.5934 0.6380
vn -0.8356 -0.0016 0.5493
vn -0.5134 0.5290 0.6758
vn -0.4757 0.6222 0.6217
vn 0.9286 0.0011 -0.3711
vn 0.8821 -0.0004 -0.4711
vn 0.9863 -0.0009 -0.1652
vn 0.3381 0.0013 -0.9411
vn 0.3064 -0.0010 -0.9519
vn 0.4940 -0.0004 -0.8694
vn 0.7904 0.0014 -0.6126
vn 0.8370 -0.0003 -0.5472
vn 0.7153 -0.0024 -0.6988
vn 0.4998 0.0016 -0.8662
vn 0.3051 -0.0011 -0.9523
vn 0.4858 -0.0006 -0.8740
vn 0.9014 0.0018 -0.4330
vn 0.7119 0.0002 -0.7023
vn 0.7098 -0.0024 -0.7044
vn 0.3228 0.0014 -0.9465
vn 0.2932 -0.0012 -0.9560
vn 0.2960 -0.0004 -0.9552
vn 0.7924 0.0014 -0.6099
vn 0.8375 -0.0000 -0.5464
vn 0.3129 0.0011 -0.9498
vn 0.3064 -0.0008 -0.9519
vn 0.4863 -0.0010 -0.8738
vn 0.8615 0.0011 -0.5078
vn 0.7052 -0.0001 -0.7090
vn 0.7096 -0.0023 -0.7046
vn 0.8788 0.0015 -0.4773
vn 0.8378 -0.0002 -0.5460
vn 0.7156 -0.0024 -0.6985
vn 0.3144 0.0012 -0.9493
vn 0.3064 -0.0009 -0.9519
vn 0.7946 0.0010 -0.6071
vn 0.8376 0.0004 -0.5462
vn 0.4136 0.0019 -0.9104
vn 0.2949 -0.0012 -0.9555
vn 0.4865 -0.0012 -0.8737
vn 0.3225 0.0014 -0.9466
vn 0.2932 -0.0012 -0.9561
vn 0.7889 0.0010 -0.6146
vn 0.8377 0.0005 -0.5462
vn 0.7153 -0.0024 -0.6989
vn 0.8440 0.0016 -0.5364
vn 0.3117 0.0012 -0.9502
vn 0.3062 -0.0009 -0.9520
vn 0.4863 -0.0011 -0.8738
vn 0.2007 0.0013 -0.9797
vn 0.2807 -0.0013 -0.9598
vn 0.2960 -0.0003 -0.9552
vn 0.3248 0.0011 -0.9458
vn 0.4951 -0.0023 -0.8689
vn 0.4987 -0.0006 -0.8668
vn -0.2963 0.4788 -0.8264
vn -0.9007 0.0241 0.4337
vn -0.0944 -0.0004 0.9955
vn -0.8512 0.0047 0.5248
vn 0.3567 0.8161 -0.4548
vn 0.4705 0.6508 -0.5958
vn 0.8369 -0.0003 -0.5474
vn 0.3244 0.8452 -0.4246
vn 0.7067 -0.0020 -0.7075
vn 0.4473 0.6766 -0.5850
vn 0.7102 -0.0007 -0.7040
vn 0.3324 0.8381 -0.4325
vn 0.7090 -0.0023 -0.7052
vn 0.4469 0.6779 -0.5838
vn 0.3455 0.8197 -0.4569
vn 0.4861 -0.0013 -0.8739
vn 0.4582 0.6541 -0.6019
vn 0.3378 0.8317 -0.4406
vn 0.4473 0.6789 -0.5822
vn 0.7101 -0.0008 -0.7041
vn 0.3231 0.8482 -0.4197
vn 0.7008 -0.0020 -0.7133
vn 0.4525 0.6654 -0.5937
vn 0.3412 0.8268 -0.4473
vn 0.4532 0.6682 -0.5901
vn 0.3293 0.8403 -0.4306
vn 0.2956 -0.0004 -0.9553
vn 0.4491 0.6678 -0.5936
vn 0.7098 -0.0003 -0.7044
vn 0.2837 0.8855 -0.3681
vn 0.7094 -0.0023 -0.7048
vn 0.2882 -0.0009 -0.9576
vn 0.4612 0.6536 -0.6001
vn 0.3835 0.7737 -0.5042
vn 0.4475 0.6756 -0.5859
vn 0.3375 0.8315 -0.4413
vn 0.4577 0.6431 -0.6140
vn 0.7105 -0.0007 -0.7037
vn 0.2866 0.9001 -0.3282
vn 0.7094 -0.0024 -0.7048
vn 0.3773 0.7760 -0.5055
vn 0.4468 0.6684 -0.5946
vn 0.3617 0.7896 -0.4957
vn 0.3114 0.5002 -0.8080
vn 0.5614 0.0571 0.8256
vn 0.9268 -0.0010 0.3755
vn 0.9208 0.2642 -0.2871
vn 0.0714 0.8983 0.4335
vn -0.2252 0.0235 0.9740
vn -0.3541 0.7871 0.5051
vn -0.3873 0.7751 0.4993
vn -0.3790 0.8026 0.4606
vn 0.4553 0.6613 -0.5962
vn -0.3973 0.7697 0.4997
vn -0.4773 0.6212 0.6215
vn -0.7583 0.6025 0.2491
vn 0.3208 0.0011 -0.9471
vn 0.3609 0.0014 -0.9326
vn 0.3892 0.0011 -0.9212
vn 0.8414 0.0013 -0.5404
vn 0.7434 0.0007 -0.6689
vn 0.3269 0.0014 -0.9451
vn 0.2850 0.0012 -0.9585
vn 0.7594 0.0007 -0.6506
vn 0.3900 0.0011 -0.9208
vn 0.8007 0.0013 -0.5990
vn 0.8489 0.0011 -0.5285
vn 0.3901 0.0011 -0.9208
vn 0.8399 0.0013 -0.5427
vn 0.8678 0.0013 -0.4969
vn 0.6268 0.0013 -0.7792
vn 0.8591 0.0013 -0.5119
vn 0.2831 0.0011 -0.9591
vn -0.9963 -0.0006 0.0857
vn -0.7883 -0.0011 0.6153
vn -0.3001 -0.0012 0.9539
vn -0.8277 -0.0012 0.5612
vn -0.7886 -0.0011 0.6149
vn -0.3002 -0.0012 0.9539
vn -0.3137 -0.0012 0.9495
vn -0.3380 -0.0007 0.9411
vn -0.8276 -0.0012 0.5613
vn -0.7885 -0.0011 0.6150
vn -0.3213 -0.0012 0.9470
vn -0.9702 -0.0002 -0.2424
vn 0.0001 -0.0009 1.0000
vn -0.2736 0.0005 -0.9618
vn -0.3181 -0.0013 0.9481
vn -0.4993 0.0023 0.8664
vn -0.6534 -0.0016 0.7571
vn -0.6979 0.0006 0.7162
vn -0.7562 -0.0013 0.6544
vn -0.8349 0.0026 0.5504
vn -0.3916 -0.0015 0.9201
vn -0.4988 0.0022 0.8667
vn -0.6958 -0.0014 0.7183
vn -0.8356 0.0027 0.5493
vn -0.2554 -0.0012 0.9668
vn -0.3193 -0.0013 0.9477
vn -0.4995 0.0023 0.8663
vn -0.8762 -0.0015 0.4819
vn -0.8356 0.0026 0.5493
vn -0.5256 -0.0017 0.8507
vn -0.8751 -0.0015 0.4839
vn -0.5699 -0.0018 0.8217
vn -0.4989 0.0023 0.8667
vn -0.7563 -0.0013 0.6542
vn -0.8353 0.0027 0.5497
vn -0.3180 -0.0013 0.9481
vn -0.8754 -0.0015 0.4834
vn -0.5221 -0.0017 0.8529
vn -0.7871 -0.0015 0.6168
vn -0.8455 0.0011 0.5340
vn -0.8516 0.0027 0.5243
vn -0.5151 -0.0006 0.8571
vn -0.3373 -0.0017 0.9414
vn -0.5449 0.0028 0.8385
vn -0.9325 -0.0002 0.3612
vn 0.4548 0.0014 -0.8906
vn 0.2950 -0.0001 -0.9555
vn 0.2966 -0.0005 -0.9550
vn 0.8385 0.0014 -0.5449
vn 0.2408 0.0013 -0.9706
vn 0.2936 -0.0011 -0.9559
vn 0.6881 0.0013 -0.7256
vn 0.4629 0.0017 -0.8864
vn 0.2924 -0.0013 -0.9563
vn 0.8401 0.0015 -0.5424
vn 0.5600 0.0019 -0.8285
vn 0.3071 -0.0010 -0.9517
vn 0.8342 0.0011 -0.5515
vn 0.7142 0.0014 -0.7000
vn 0.8376 0.0011 -0.5463
vn 0.8439 -0.0007 -0.5365
vn 0.8449 0.0001 -0.5350
vn -0.4093 0.7634 0.4996
vn -0.3776 0.7893 0.4842
vn -0.3952 0.7555 0.5225
vn -0.3665 0.7983 0.4779
vn -0.3910 0.7699 0.5043
vn -0.3846 0.7699 0.5092
vn -0.3724 0.7966 0.4762
vn -0.3971 0.7558 0.5207
vn -0.3987 0.7525 0.5243
vn -0.3978 0.7485 0.5307
vn -0.6659 0.6188 0.4167
vn -0.3958 0.8184 0.4166
vn 0.7868 0.0007 -0.6172
vn 0.7934 0.0013 -0.6087
vn 0.8417 0.0011 -0.5400
vn 0.2814 0.0012 -0.9596
vn 0.7877 0.0012 -0.6161
vn 0.3768 0.0014 -0.9263
vn 0.7840 0.0012 -0.6208
vn 0.3138 0.0013 -0.9495
vn 0.4979 0.0008 -0.8672
vn 0.7876 0.0012 -0.6161
vn 0.9942 0.0009 -0.1072
vn -0.9244 -0.0009 0.3815
vn -0.2555 -0.0010 0.9668
vn -0.8382 -0.0012 0.5454
vn -0.3980 -0.0011 0.9174
vn -0.8431 -0.0012 0.5378
vn -0.3109 -0.0011 0.9505
vn -0.8652 -0.0011 0.5014
vn -0.5243 -0.0012 0.8515
vn -0.3973 -0.0011 0.9177
vn -0.8457 -0.0012 0.5337
vn -0.3117 -0.0011 0.9502
vn -0.3891 -0.0011 0.9212
vn -0.8377 -0.0011 0.5461
vn -0.4541 -0.0011 0.8909
vn -0.8361 -0.0011 0.5485
vn -0.8334 -0.0010 0.5527
vn -0.3112 -0.0011 0.9504
vn -0.7184 -0.0014 0.6956
vn -0.1043 0.0007 -0.9945
vt 0.824318 0.780465
vt 0.824794 0.782051
vt 0.825568 0.781480
vt 0.824333 0.963751
vt 0.824365 0.964408
vt 0.825590 0.963790
vt 0.825590 0.962423
vt 0.824334 0.962520
vt 0.822706 0.962511
vt 0.822722 0.963755
vt 0.822701 0.962055
vt 0.824356 0.961099
vt 0.822702 0.961333
vt 0.824383 0.962055
vt 0.825590 0.960968
vt 0.822698 0.829465
vt 0.824243 0.829484
vt 0.824438 0.828218
vt 0.824463 0.829924
vt 0.825056 0.829563
vt 0.822698 0.829924
vt 0.824486 0.830646
vt 0.822701 0.832090
vt 0.824237 0.832365
vt 0.824417 0.831103
vt 0.824422 0.832812
vt 0.825056 0.832451
vt 0.822703 0.834978
vt 0.824237 0.835253
vt 0.824485 0.834256
vt 0.824463 0.835700
vt 0.825056 0.835339
vt 0.822696 0.835455
vt 0.824486 0.836422
vt 0.824463 0.838588
vt 0.825056 0.838227
vt 0.824242 0.838149
vt 0.822684 0.838588
vt 0.824486 0.839310
vt 0.822701 0.840755
vt 0.824238 0.841028
vt 0.824416 0.839767
vt 0.824418 0.841477
vt 0.825056 0.841116
vt 0.822703 0.841225
vt 0.824418 0.842459
vt 0.824463 0.844365
vt 0.825056 0.844004
vt 0.824242 0.843925
vt 0.822684 0.844365
vt 0.824486 0.845087
vt 0.822703 0.846531
vt 0.824237 0.846805
vt 0.824416 0.845543
vt 0.824422 0.847253
vt 0.825056 0.846892
vt 0.824422 0.850141
vt 0.825056 0.849780
vt 0.824236 0.849693
vt 0.822701 0.852307
vt 0.824237 0.852581
vt 0.824485 0.851585
vt 0.824422 0.853029
vt 0.825056 0.852668
vt 0.824422 0.855917
vt 0.825056 0.855556
vt 0.824242 0.855478
vt 0.824422 0.858805
vt 0.825056 0.858444
vt 0.824242 0.858366
vt 0.824463 0.861693
vt 0.825056 0.861332
vt 0.824242 0.861254
vt 0.822684 0.861693
vt 0.824486 0.862415
vt 0.822701 0.863859
vt 0.824237 0.864134
vt 0.824416 0.862872
vt 0.824422 0.864581
vt 0.825056 0.864220
vt 0.824422 0.867470
vt 0.825056 0.867109
vt 0.824242 0.867030
vt 0.822720 0.920060
vt 0.824353 0.920178
vt 0.824354 0.919668
vt 0.822701 0.921622
vt 0.824383 0.921622
vt 0.824356 0.920649
vt 0.822695 0.922090
vt 0.824355 0.923066
vt 0.824334 0.922087
vt 0.822701 0.924750
vt 0.824383 0.924510
vt 0.824355 0.923545
vt 0.822726 0.925232
vt 0.824356 0.926190
vt 0.824334 0.924975
vt 0.822703 0.930286
vt 0.824383 0.930286
vt 0.824353 0.929564
vt 0.822695 0.930756
vt 0.824355 0.931730
vt 0.824334 0.930751
vt 0.822701 0.933174
vt 0.824383 0.933174
vt 0.824355 0.932207
vt 0.822708 0.933636
vt 0.824356 0.934868
vt 0.824334 0.933639
vt 0.822724 0.939672
vt 0.824355 0.940394
vt 0.824333 0.939417
vt 0.822701 0.941839
vt 0.824383 0.941839
vt 0.824355 0.940871
vt 0.822695 0.942308
vt 0.824355 0.943283
vt 0.824334 0.942303
vt 0.822707 0.944984
vt 0.824383 0.944727
vt 0.824355 0.943756
vt 0.822701 0.947615
vt 0.824383 0.947615
vt 0.824353 0.946893
vt 0.822697 0.948084
vt 0.824355 0.949059
vt 0.824334 0.948080
vt 0.822687 0.951225
vt 0.824355 0.951947
vt 0.824333 0.950969
vt 0.822703 0.953391
vt 0.824383 0.953391
vt 0.824355 0.952424
vt 0.822719 0.956279
vt 0.824383 0.956279
vt 0.824351 0.955557
vt 0.822701 0.959436
vt 0.824337 0.959423
vt 0.824356 0.958198
vt 0.868919 0.917815
vt 0.870285 0.917842
vt 0.868940 0.874137
vt 0.870856 0.917815
vt 0.871705 0.917754
vt 0.871651 0.874363
vt 0.824410 0.827573
vt 0.825407 0.825194
vt 0.824626 0.825192
vt 0.867464 0.917869
vt 0.866026 0.917794
vt 0.866050 0.874097
vt 0.825590 0.959530
vt 0.825590 0.958090
vt 0.824349 0.957723
vt 0.825590 0.956649
vt 0.824330 0.956724
vt 0.825590 0.955204
vt 0.824355 0.955075
vt 0.825590 0.953761
vt 0.824335 0.953856
vt 0.825590 0.952316
vt 0.825590 0.950873
vt 0.824356 0.949532
vt 0.825590 0.949428
vt 0.825590 0.947985
vt 0.825590 0.946539
vt 0.824355 0.946410
vt 0.825590 0.945096
vt 0.824331 0.945172
vt 0.825590 0.943651
vt 0.825590 0.942208
vt 0.825590 0.940763
vt 0.825590 0.939320
vt 0.824356 0.938228
vt 0.825590 0.937875
vt 0.824355 0.937746
vt 0.825590 0.936425
vt 0.824334 0.936529
vt 0.824356 0.935340
vt 0.825590 0.934986
vt 0.825590 0.933542
vt 0.825590 0.932099
vt 0.825590 0.930656
vt 0.825590 0.929211
vt 0.824355 0.929082
vt 0.825590 0.927761
vt 0.824334 0.927864
vt 0.825590 0.924878
vt 0.825590 0.923434
vt 0.825590 0.921992
vt 0.825590 0.920631
vt 0.825731 0.917770
vt 0.824820 0.917709
vt 0.826593 0.917870
vt 0.826503 0.874211
vt 0.824984 0.874365
vt 0.864585 0.917853
vt 0.864601 0.874149
vt 0.863144 0.917814
vt 0.863163 0.874136
vt 0.861699 0.917852
vt 0.860256 0.917818
vt 0.860275 0.874135
vt 0.858811 0.917853
vt 0.855923 0.917851
vt 0.857368 0.917833
vt 0.857387 0.874137
vt 0.854480 0.917814
vt 0.854499 0.874130
vt 0.853035 0.917852
vt 0.851592 0.917814
vt 0.851611 0.874133
vt 0.850147 0.917853
vt 0.850161 0.874152
vt 0.848723 0.874137
vt 0.848704 0.917819
vt 0.847259 0.917853
vt 0.845816 0.917816
vt 0.845835 0.874136
vt 0.838594 0.917852
vt 0.840038 0.917815
vt 0.840059 0.874136
vt 0.837151 0.917817
vt 0.837170 0.874135
vt 0.835706 0.917851
vt 0.834256 0.917800
vt 0.835721 0.874154
vt 0.831373 0.917819
vt 0.832816 0.917869
vt 0.831394 0.874136
vt 0.829930 0.917851
vt 0.829944 0.874151
vt 0.828487 0.917813
vt 0.828486 0.874117
vt 0.827127 0.917846
vt 0.870791 0.874128
vt 0.822702 0.958167
vt 0.822702 0.955557
vt 0.822702 0.952391
vt 0.822702 0.951947
vt 0.822702 0.949320
vt 0.822702 0.946893
vt 0.822702 0.944005
vt 0.822702 0.943544
vt 0.822702 0.940838
vt 0.822702 0.940394
vt 0.822702 0.934878
vt 0.822702 0.932174
vt 0.822702 0.931730
vt 0.822702 0.929564
vt 0.822702 0.925954
vt 0.822702 0.923523
vt 0.822702 0.923066
vt 0.822702 0.920632
vt 0.821799 0.874355
vt 0.822702 0.862859
vt 0.822702 0.862415
vt 0.822702 0.851585
vt 0.822702 0.845530
vt 0.822702 0.845087
vt 0.822702 0.842442
vt 0.822702 0.839754
vt 0.822702 0.839310
vt 0.822702 0.836683
vt 0.822702 0.834256
vt 0.822702 0.831090
vt 0.822702 0.830646
vt 0.821089 0.825232
vt 0.822709 0.827640
vt 0.821900 0.781845
vt 0.825417 0.964582
vt 0.825581 0.964981
vt 0.870717 0.919095
vt 0.822701 0.832555
vt 0.824418 0.833798
vt 0.822697 0.838120
vt 0.824416 0.836878
vt 0.822695 0.843896
vt 0.824485 0.842921
vt 0.822703 0.846995
vt 0.824418 0.848237
vt 0.822707 0.849669
vt 0.824486 0.848697
vt 0.822701 0.850141
vt 0.824417 0.851127
vt 0.822701 0.852771
vt 0.824417 0.854015
vt 0.822678 0.855195
vt 0.824485 0.854473
vt 0.822703 0.855652
vt 0.824417 0.856903
vt 0.822684 0.858083
vt 0.824485 0.857361
vt 0.822702 0.858541
vt 0.824418 0.859790
vt 0.822696 0.861225
vt 0.824485 0.860249
vt 0.822701 0.864324
vt 0.824417 0.865567
vt 0.822684 0.866748
vt 0.824485 0.866026
vt 0.822701 0.867204
vt 0.824417 0.868455
vt 0.822696 0.869887
vt 0.824468 0.869636
vt 0.824485 0.868914
vt 0.824234 0.870078
vt 0.825056 0.869997
vt 0.822703 0.870358
vt 0.824441 0.871344
vt 0.824413 0.871969
vt 0.822699 0.927662
vt 0.824379 0.927398
vt 0.824355 0.926676
vt 0.822701 0.928120
vt 0.822687 0.936062
vt 0.824383 0.936062
vt 0.822701 0.936515
vt 0.822697 0.939198
vt 0.824383 0.938950
vt 0.822703 0.945449
vt 0.822697 0.950761
vt 0.824383 0.950503
vt 0.822703 0.953848
vt 0.822698 0.956752
vt 0.822701 0.959889
vt 0.824353 0.960611
vt 0.824375 0.959889
vt 0.825590 0.827036
vt 0.825590 0.827397
vt 0.867490 0.874154
vt 0.825590 0.926321
vt 0.825590 0.920098
vt 0.829561 0.872885
vt 0.830020 0.872885
vt 0.832449 0.872885
vt 0.832832 0.874153
vt 0.832908 0.872885
vt 0.838226 0.872885
vt 0.838608 0.874148
vt 0.838685 0.872885
vt 0.841114 0.872885
vt 0.841496 0.874151
vt 0.841572 0.872885
vt 0.844002 0.872885
vt 0.844385 0.874153
vt 0.844460 0.872885
vt 0.846890 0.872885
vt 0.847273 0.874150
vt 0.847348 0.872885
vt 0.849778 0.872885
vt 0.850237 0.872885
vt 0.855554 0.872885
vt 0.855937 0.874154
vt 0.856015 0.872885
vt 0.864219 0.872885
vt 0.864677 0.872885
vt 0.861714 0.874152
vt 0.858826 0.874147
vt 0.853049 0.874150
vt 0.844371 0.917852
vt 0.842947 0.874121
vt 0.841482 0.917855
vt 0.842920 0.917819
vt 0.834282 0.874137
vt 0.827124 0.874156
vt 0.870265 0.874159
vt 0.822702 0.960890
vt 0.822702 0.957723
vt 0.822702 0.955113
vt 0.822702 0.949781
vt 0.822702 0.946449
vt 0.822702 0.938228
vt 0.822702 0.937784
vt 0.822702 0.935340
vt 0.822702 0.926431
vt 0.822702 0.929120
vt 0.820526 0.919660
vt 0.822710 0.871910
vt 0.822702 0.871347
vt 0.822702 0.868914
vt 0.822702 0.868469
vt 0.822702 0.866026
vt 0.822702 0.865581
vt 0.822702 0.860249
vt 0.822702 0.859791
vt 0.822702 0.857361
vt 0.822702 0.856917
vt 0.822702 0.854473
vt 0.822702 0.854029
vt 0.822702 0.851141
vt 0.822702 0.848697
vt 0.822702 0.848239
vt 0.822702 0.842921
vt 0.822702 0.837144
vt 0.822702 0.833812
vt 0.822710 0.828236
vt 0.870257 0.872885
vt 0.867829 0.872885
vt 0.868551 0.872885
vt 0.865663 0.872885
vt 0.867372 0.872885
vt 0.827131 0.872885
vt 0.831005 0.872885
vt 0.833893 0.872885
vt 0.835603 0.872885
vt 0.836060 0.872885
vt 0.836782 0.872885
vt 0.839670 0.872885
vt 0.842558 0.872885
vt 0.845446 0.872885
vt 0.848334 0.872885
vt 0.851222 0.872885
vt 0.852931 0.872885
vt 0.853388 0.872885
vt 0.854110 0.872885
vt 0.856998 0.872885
vt 0.858708 0.872885
vt 0.859164 0.872885
vt 0.859886 0.872885
vt 0.861597 0.872885
vt 0.862053 0.872885
vt 0.862775 0.872885
vt 0.822701 0.780465
vt 0.822693 0.964337
vt 0.870717 0.872885
vt 0.869273 0.872885
vt 0.866385 0.872885
vt 0.826544 0.872885
vt 0.828117 0.872885
vt 0.828839 0.872885
vt 0.831727 0.872885
vt 0.834615 0.872885
vt 0.837504 0.872885
vt 0.840392 0.872885
vt 0.843280 0.872885
vt 0.846168 0.872885
vt 0.849056 0.872885
vt 0.851944 0.872885
vt 0.854832 0.872885
vt 0.857720 0.872885
vt 0.860609 0.872885
vt 0.863497 0.872885
s 1
usemtl マテリアル
f 684/1082/650 680/1083/651 681/1084/652
f 682/1085/653 684/1086/650 900/1087/654
f 682/1085/653 795/1088/655 683/1089/656
f 688/1090/657 682/1085/653 683/1089/656
f 685/1091/658 682/1085/653 688/1090/657
f 687/1092/659 690/1093/660 902/1094/661
f 687/1092/659 689/1095/662 690/1093/660
f 690/1093/660 795/1088/655 787/1096/663
f 1001/1097/664 693/1098/665 793/1099/666
f 694/1100/667 794/1101/668 693/1098/665
f 1000/1102/669 695/1103/670 694/1100/667
f 997/1104/671 696/1105/672 797/1106/673
f 698/1107/674 798/1108/675 696/1105/672
f 994/1109/676 700/1110/677 699/1111/678
f 702/1112/679 869/1113/680 700/1110/677
f 701/1114/681 703/1115/682 702/1112/679
f 705/1116/667 866/1117/683 704/1118/684
f 990/1119/685 706/1120/670 705/1116/667
f 987/1121/686 707/1122/687 864/1123/688
f 709/1124/689 863/1125/690 707/1122/687
f 708/1126/691 861/1127/692 709/1124/689
f 712/1128/693 860/1129/694 711/1130/695
f 983/1131/696 713/1132/670 712/1128/693
f 980/1133/671 714/1134/697 858/1135/688
f 716/1136/698 857/1137/699 714/1134/697
f 720/1138/700 854/1139/701 718/1140/702
f 974/1141/703 722/1142/704 721/1143/705
f 724/1144/706 851/1145/707 722/1142/704
f 728/1146/708 848/1147/709 726/1148/710
f 732/1149/711 845/1150/712 730/1151/710
f 735/1152/667 842/1153/713 734/1154/695
f 964/1155/696 736/1156/670 735/1152/667
f 961/1157/714 737/1158/697 840/1159/688
f 739/1160/706 839/1161/715 737/1158/697
f 743/1162/711 836/1163/716 741/1164/710
f 950/1165/717 749/1166/718 748/1167/719
f 948/1168/720 750/1169/721 826/1170/722
f 751/1171/723 752/1172/724 825/1173/725
f 945/1174/726 753/1175/727 824/1176/728
f 944/1177/729 822/1178/730 823/1179/731
f 937/1180/732 757/1181/733 756/1182/734
f 758/1183/735 759/1184/736 819/1185/725
f 934/1186/737 760/1187/738 818/1188/739
f 761/1189/740 816/1190/741 817/1191/742
f 927/1192/743 767/1193/744 813/1194/745
f 924/1195/746 768/1196/747 812/1197/739
f 769/1198/748 770/1199/749 811/1200/725
f 921/1201/750 771/1202/751 810/1203/752
f 917/1204/753 773/1205/754 772/1206/734
f 774/1207/755 775/1208/756 807/1209/757
f 913/1210/758 777/1211/744 805/1212/745
f 910/1213/759 778/1214/760 804/1215/761
f 907/1216/762 781/1217/763 780/1218/764
f 904/1219/765 786/1220/766 800/1221/767
f 795/1222/655 900/1223/654 794/1224/668
f 788/1225/768 681/1226/652 790/1227/769
f 692/1228/770 790/1229/769 789/1230/771
f 787/1231/663 795/1222/655 794/1224/668
f 799/1232/772 787/1231/663 798/1233/675
f 800/1221/767 799/1234/772 873/1235/773
f 783/1236/774 872/1237/775 801/1238/776
f 780/1218/764 872/1237/775 874/1239/777
f 802/1240/778 875/1241/779 803/1242/780
f 804/1215/761 875/1241/779 876/1243/781
f 777/1211/744 877/1244/782 805/1212/745
f 806/1245/783 877/1244/782 878/1246/784
f 775/1208/756 879/1247/785 807/1209/757
f 772/1206/734 879/1247/785 880/1248/786
f 808/1249/787 881/1250/788 809/1251/789
f 810/1203/752 881/1250/788 882/1252/790
f 770/1199/749 883/1253/791 811/1200/725
f 812/1197/739 883/1253/791 884/1254/792
f 767/1193/744 885/1255/793 813/1194/745
f 765/1256/794 885/1255/793 886/1257/795
f 814/1258/796 887/1259/797 815/1260/798
f 762/1261/799 887/1259/797 888/1262/800
f 816/1190/741 889/1263/801 817/1191/742
f 818/1188/739 889/1263/801 890/1264/802
f 759/1184/736 891/1265/803 819/1185/725
f 756/1182/734 891/1265/803 892/1266/804
f 820/1267/805 893/1268/806 821/1269/807
f 822/1178/730 895/1270/808 823/1179/731
f 824/1176/728 895/1270/808 896/1271/809
f 752/1172/724 897/1272/810 825/1173/725
f 826/1170/722 897/1272/810 898/1273/811
f 748/1167/719 827/1274/812 828/1275/813
f 827/1274/812 899/1276/814 830/1277/815
f 827/1274/812 830/1277/815 829/1278/816
f 873/1279/773 798/1233/675 871/1280/817
f 872/1281/775 873/1279/773 869/1282/680
f 873/1279/773 799/1232/772 798/1233/675
f 874/1283/777 872/1281/775 869/1282/680
f 875/1284/779 874/1283/777 866/1285/683
f 876/1286/781 875/1284/779 866/1285/683
f 878/1287/784 877/1288/782 863/1289/690
f 879/1290/785 878/1287/784 860/1291/694
f 880/1292/786 879/1290/785 860/1291/694
f 881/1293/788 880/1292/786 857/1294/699
f 882/1295/790 856/1296/818 854/1297/701
f 882/1295/790 857/1294/699 856/1296/818
f 883/1298/791 882/1295/790 854/1297/701
f 884/1299/792 883/1298/791 854/1297/701
f 885/1300/793 884/1299/792 851/1301/707
f 890/1302/802 889/1303/801 845/1304/712
f 891/1305/803 890/1302/802 842/1306/713
f 892/1307/804 891/1305/803 842/1306/713
f 893/1308/806 892/1307/804 841/1309/819
f 895/1310/808 894/1311/820 836/1312/716
f 896/1313/809 836/1312/716 835/1314/821
f 897/1315/810 896/1313/809 833/1316/822
f 898/1317/811 897/1315/810 833/1316/822
f 899/1276/814 898/1317/811 830/1277/815
f 900/1223/654 788/1225/768 791/1318/823
f 904/1219/765 800/1221/767 905/1319/824
f 907/1216/762 780/1218/764 909/1320/825
f 910/1213/759 804/1215/761 911/1321/826
f 912/1322/827 777/1211/744 913/1210/758
f 915/1323/828 775/1208/756 774/1207/755
f 917/1204/753 772/1206/734 919/1324/829
f 921/1201/750 810/1203/752 923/1325/830
f 922/1326/831 770/1199/749 769/1198/748
f 924/1195/746 812/1197/739 925/1327/832
f 926/1328/833 767/1193/744 927/1192/743
f 932/1329/834 816/1190/741 761/1189/740
f 934/1186/737 818/1188/739 935/1330/835
f 936/1331/836 759/1184/736 758/1183/735
f 937/1180/732 756/1182/734 939/1332/829
f 943/1333/837 822/1178/730 944/1177/729
f 945/1174/726 824/1176/728 946/1334/838
f 947/1335/839 752/1172/724 751/1171/723
f 948/1168/720 826/1170/722 949/1336/840
f 828/1275/813 829/1278/816 1004/1337/841
f 961/1157/714 840/1159/688 962/1338/842
f 963/1339/843 736/1156/670 964/1155/696
f 974/1141/703 721/1143/705 976/1340/844
f 980/1133/671 858/1135/688 981/1341/845
f 982/1342/846 713/1132/670 983/1131/696
f 985/1343/847 861/1127/692 708/1126/691
f 987/1121/686 864/1123/688 988/1344/842
f 989/1345/843 706/1120/670 990/1119/685
f 992/1346/848 703/1115/682 701/1114/681
f 994/1109/676 699/1111/678 996/1347/849
f 997/1104/671 797/1106/673 998/1348/850
f 999/1349/851 695/1103/670 1000/1102/669
f 691/1350/852 1003/1351/853 692/1228/770
f 691/1350/852 692/1228/770 789/1230/771
f 691/1350/852 680/1083/651 679/1352/854
f 788/1353/768 684/1086/650 681/1354/652
f 900/1223/654 684/1355/650 788/1225/768
f 682/1085/653 900/1087/654 795/1088/655
f 690/1093/660 689/1095/662 795/1088/655
f 697/1356/855 870/1357/856 698/1107/674
f 991/1358/857 704/1118/684 867/1359/858
f 984/1360/859 711/1130/695 710/1361/860
f 715/1362/861 855/1363/862 716/1136/698
f 719/1364/863 718/1140/702 717/1365/864
f 977/1366/865 852/1367/856 720/1138/700
f 723/1368/866 849/1369/867 724/1144/706
f 971/1370/868 726/1148/710 725/1371/869
f 727/1372/870 846/1373/867 728/1146/708
f 968/1374/871 730/1151/710 729/1375/869
f 731/1376/872 843/1377/873 732/1149/711
f 965/1378/874 734/1154/695 733/1379/875
f 738/1380/876 837/1381/867 739/1160/706
f 958/1382/877 741/1164/710 740/1383/869
f 742/1384/878 834/1385/867 743/1162/711
f 955/1386/879 746/1387/880 744/1388/881
f 746/1387/880 745/1389/882 833/1390/822
f 954/1391/883 831/1392/884 745/1389/882
f 1004/1337/841 829/1278/816 747/1393/885
f 941/1394/886 755/1395/887 754/1396/888
f 940/1397/889 820/1267/805 821/1269/807
f 931/1398/890 763/1399/891 762/1261/799
f 764/1400/892 814/1258/796 815/1260/798
f 928/1401/893 766/1402/894 765/1256/794
f 920/1403/895 808/1249/787 809/1251/789
f 914/1404/896 776/1405/897 806/1245/783
f 779/1406/898 802/1240/778 803/1242/780
f 782/1407/899 783/1236/774 801/1238/776
f 903/1408/900 785/1409/901 784/1410/902
f 800/1221/767 786/1220/766 799/1234/772
f 790/1411/769 692/1228/770 791/1412/823
f 680/1083/651 790/1229/769 681/1084/652
f 680/1083/651 789/1230/771 790/1229/769
f 791/1318/823 788/1225/768 790/1227/769
f 796/1413/903 787/1231/663 794/1224/668
f 798/1233/675 787/1231/663 796/1413/903
f 783/1236/774 873/1235/773 872/1237/775
f 780/1218/764 781/1217/763 872/1237/775
f 874/1239/777 802/1240/778 780/1218/764
f 802/1240/778 874/1239/777 875/1241/779
f 804/1215/761 778/1214/760 875/1241/779
f 777/1211/744 876/1243/781 877/1244/782
f 806/1245/783 776/1405/897 877/1244/782
f 775/1208/756 878/1246/784 879/1247/785
f 772/1206/734 773/1205/754 879/1247/785
f 880/1248/786 808/1249/787 772/1206/734
f 808/1249/787 880/1248/786 881/1250/788
f 810/1203/752 771/1202/751 881/1250/788
f 770/1199/749 882/1252/790 883/1253/791
f 812/1197/739 768/1196/747 883/1253/791
f 767/1193/744 884/1254/792 885/1255/793
f 765/1256/794 766/1402/894 885/1255/793
f 886/1257/795 814/1258/796 765/1256/794
f 814/1258/796 886/1257/795 887/1259/797
f 762/1261/799 763/1399/891 887/1259/797
f 816/1190/741 888/1262/800 889/1263/801
f 818/1188/739 760/1187/738 889/1263/801
f 759/1184/736 890/1264/802 891/1265/803
f 756/1182/734 757/1181/733 891/1265/803
f 892/1266/804 820/1267/805 756/1182/734
f 820/1267/805 892/1266/804 893/1268/806
f 822/1178/730 894/1414/820 895/1270/808
f 824/1176/728 753/1175/727 895/1270/808
f 752/1172/724 896/1271/809 897/1272/810
f 826/1170/722 750/1169/721 897/1272/810
f 827/1274/812 748/1167/719 899/1415/814
f 828/1275/813 827/1274/812 829/1278/816
f 747/1393/885 829/1278/816 830/1277/815
f 744/1416/881 835/1314/821 834/1417/867
f 740/1418/869 838/1419/904 837/1420/867
f 733/1421/875 844/1422/905 843/1423/873
f 729/1424/869 847/1425/906 846/1426/867
f 725/1427/869 850/1428/907 849/1429/867
f 721/1430/705 853/1431/908 852/1432/856
f 717/1433/864 856/1296/818 855/1434/862
f 710/1435/860 862/1436/909 861/1437/692
f 699/1438/678 871/1280/817 870/1439/856
f 869/1282/680 873/1279/773 871/1280/817
f 868/1440/910 874/1283/777 869/1282/680
f 866/1285/683 874/1283/777 868/1440/910
f 863/1289/690 876/1286/781 865/1441/911
f 865/1441/911 876/1286/781 866/1285/683
f 863/1289/690 877/1288/782 876/1286/781
f 860/1291/694 878/1287/784 862/1436/909
f 862/1436/909 878/1287/784 863/1289/690
f 859/1442/912 880/1292/786 860/1291/694
f 882/1295/790 881/1293/788 857/1294/699
f 853/1431/908 884/1299/792 854/1297/701
f 886/1443/795 885/1300/793 851/1301/707
f 851/1301/707 884/1299/792 853/1431/908
f 848/1444/709 886/1443/795 850/1428/907
f 850/1428/907 886/1443/795 851/1301/707
f 888/1445/800 887/1446/797 848/1444/709
f 848/1444/709 887/1446/797 886/1443/795
f 847/1425/906 888/1445/800 848/1444/709
f 845/1304/712 889/1303/801 888/1445/800
f 845/1304/712 888/1445/800 847/1425/906
f 842/1306/713 890/1302/802 844/1422/905
f 844/1422/905 890/1302/802 845/1304/712
f 841/1309/819 892/1307/804 842/1306/713
f 839/1447/715 893/1308/806 841/1309/819
f 894/1311/820 893/1308/806 839/1447/715
f 838/1419/904 894/1311/820 839/1447/715
f 836/1312/716 894/1311/820 838/1419/904
f 896/1313/809 895/1310/808 836/1312/716
f 833/1316/822 896/1313/809 835/1314/821
f 830/1277/815 898/1317/811 832/1448/913
f 832/1448/913 898/1317/811 833/1316/822
f 792/1449/914 900/1223/654 791/1318/823
f 794/1224/668 900/1223/654 792/1449/914
f 903/1408/900 901/1450/915 785/1409/901
f 782/1407/899 906/1451/916 783/1236/774
f 779/1406/898 908/1452/917 802/1240/778
f 916/1453/918 914/1404/896 806/1245/783
f 920/1403/895 918/1454/919 808/1249/787
f 930/1455/920 928/1401/893 765/1256/794
f 764/1400/892 929/1456/921 814/1258/796
f 933/1457/922 931/1398/890 762/1261/799
f 822/1178/730 942/1458/923 754/1396/888
f 940/1397/889 938/1459/924 820/1267/805
f 942/1458/923 941/1394/886 754/1396/888
f 951/1460/925 950/1165/717 828/1275/813
f 1004/1337/841 747/1393/885 953/1461/926
f 954/1391/883 952/1462/927 831/1392/884
f 957/1463/928 955/1386/879 744/1388/881
f 742/1384/878 956/1464/929 834/1385/867
f 960/1465/930 958/1382/877 740/1383/869
f 738/1380/876 959/1466/931 837/1381/867
f 967/1467/932 965/1378/874 733/1379/875
f 731/1376/872 966/1468/933 843/1377/873
f 970/1469/930 968/1374/871 729/1375/869
f 727/1372/870 969/1470/934 846/1373/867
f 973/1471/935 971/1370/868 725/1371/869
f 723/1368/866 972/1472/936 849/1369/867
f 977/1366/865 975/1473/937 852/1367/856
f 979/1474/938 719/1364/863 717/1365/864
f 715/1362/861 978/1475/939 855/1363/862
f 986/1476/940 984/1360/859 710/1361/860
f 993/1477/941 991/1358/857 867/1359/858
f 697/1356/855 995/1478/942 870/1357/856
f 1001/1097/664 793/1099/666 1002/1479/943
f 691/1350/852 789/1230/771 680/1083/651
f 690/1093/660 787/1096/663 785/1409/901
f 696/1105/672 997/1104/671 697/1356/855
f 700/1110/677 994/1109/676 701/1114/681
f 707/1122/687 987/1121/686 708/1126/691
f 714/1134/697 980/1133/671 715/1362/861
f 722/1142/704 974/1141/703 723/1368/866
f 726/1148/710 971/1370/868 727/1372/870
f 730/1151/710 968/1374/871 731/1376/872
f 737/1158/697 961/1157/714 738/1380/876
f 741/1164/710 958/1382/877 742/1384/878
f 954/1391/883 745/1389/882 955/1386/879
f 753/1175/727 945/1174/726 823/1179/731
f 944/1177/729 823/1179/731 945/1174/726
f 755/1395/887 941/1394/886 821/1269/807
f 821/1269/807 941/1394/886 940/1397/889
f 766/1402/894 928/1401/893 813/1194/745
f 927/1192/743 813/1194/745 928/1401/893
f 809/1251/789 921/1201/750 920/1403/895
f 776/1405/897 914/1404/896 805/1212/745
f 805/1212/745 914/1404/896 913/1210/758
f 784/1410/902 799/1234/772 786/1220/766
f 800/1221/767 873/1235/773 783/1236/774
f 804/1215/761 876/1243/781 777/1211/744
f 806/1245/783 878/1246/784 775/1208/756
f 810/1203/752 882/1252/790 770/1199/749
f 812/1197/739 884/1254/792 767/1193/744
f 818/1188/739 890/1264/802 759/1184/736
f 824/1176/728 896/1271/809 752/1172/724
f 899/1415/814 748/1167/719 749/1166/718
f 902/1094/661 690/1093/660 901/1450/915
f 690/1093/660 785/1409/901 901/1450/915
f 916/1453/918 806/1245/783 915/1323/828
f 915/1323/828 806/1245/783 775/1208/756
f 923/1325/830 810/1203/752 922/1326/831
f 922/1326/831 810/1203/752 770/1199/749
f 993/1477/941 867/1359/858 992/1346/848
f 992/1346/848 867/1359/858 703/1115/682
f 684/1082/650 679/1352/854 680/1083/651
f 685/1091/658 684/1086/650 682/1085/653
f 689/1095/662 683/1089/656 795/1088/655
f 683/1089/656 687/1092/659 688/1090/657
f 693/1098/665 1000/1102/669 694/1100/667
f 704/1118/684 990/1119/685 705/1116/667
f 697/1356/855 698/1107/674 696/1105/672
f 701/1114/681 702/1112/679 700/1110/677
f 711/1130/695 983/1131/696 712/1128/693
f 708/1126/691 709/1124/689 707/1122/687
f 718/1140/702 977/1366/865 720/1138/700
f 715/1362/861 716/1136/698 714/1134/697
f 734/1154/695 964/1155/696 735/1152/667
f 723/1368/866 724/1144/706 722/1142/704
f 727/1372/870 728/1146/708 726/1148/710
f 731/1376/872 732/1149/711 730/1151/710
f 751/1171/723 750/1169/721 948/1168/720
f 738/1380/876 739/1160/706 737/1158/697
f 742/1384/878 743/1162/711 741/1164/710
f 745/1389/882 746/1387/880 955/1386/879
f 758/1183/735 757/1181/733 937/1180/732
f 817/1191/742 934/1186/737 761/1189/740
f 764/1400/892 763/1399/891 931/1398/890
f 769/1198/748 768/1196/747 924/1195/746
f 774/1207/755 773/1205/754 917/1204/753
f 809/1251/789 771/1202/751 921/1201/750
f 779/1406/898 778/1214/760 910/1213/759
f 782/1407/899 781/1217/763 907/1216/762
f 904/1219/765 784/1410/902 786/1220/766
f 784/1410/902 787/1096/663 799/1234/772
f 791/1318/823 793/1480/666 792/1449/914
f 695/1481/670 794/1224/668 694/1482/667
f 793/1480/666 794/1224/668 792/1449/914
f 870/1439/856 798/1233/675 698/1483/674
f 796/1413/903 695/1481/670 797/1484/673
f 797/1484/673 798/1233/675 796/1413/903
f 894/1414/820 755/1395/887 893/1268/806
f 781/1217/763 801/1238/776 872/1237/775
f 778/1214/760 803/1242/780 875/1241/779
f 776/1405/897 805/1212/745 877/1244/782
f 773/1205/754 807/1209/757 879/1247/785
f 771/1202/751 809/1251/789 881/1250/788
f 768/1196/747 811/1200/725 883/1253/791
f 766/1402/894 813/1194/745 885/1255/793
f 763/1399/891 815/1260/798 887/1259/797
f 816/1190/741 762/1261/799 888/1262/800
f 760/1187/738 817/1191/742 889/1263/801
f 757/1181/733 819/1185/725 891/1265/803
f 749/1166/718 898/1273/811 899/1415/814
f 755/1395/887 821/1269/807 893/1268/806
f 822/1178/730 754/1396/888 894/1414/820
f 753/1175/727 823/1179/731 895/1270/808
f 750/1169/721 825/1173/725 897/1272/810
f 831/1485/884 830/1277/815 832/1448/913
f 833/1316/822 831/1485/884 832/1448/913
f 744/1416/881 833/1316/822 835/1314/821
f 834/1417/867 836/1312/716 743/1486/711
f 740/1418/869 836/1312/716 838/1419/904
f 837/1420/867 839/1447/715 739/1487/706
f 840/1488/688 839/1447/715 841/1309/819
f 736/1489/670 842/1306/713 735/1490/667
f 841/1309/819 736/1489/670 840/1488/688
f 733/1421/875 842/1306/713 844/1422/905
f 843/1423/873 845/1304/712 732/1491/711
f 729/1424/869 845/1304/712 847/1425/906
f 846/1426/867 848/1444/709 728/1492/708
f 725/1427/869 848/1444/709 850/1428/907
f 849/1429/867 851/1301/707 724/1493/706
f 721/1430/705 851/1301/707 853/1431/908
f 852/1432/856 854/1297/701 720/1494/700
f 717/1433/864 854/1297/701 856/1296/818
f 855/1434/862 857/1294/699 716/1495/698
f 858/1496/688 857/1294/699 859/1442/912
f 713/1497/670 860/1291/694 712/1498/693
f 859/1442/912 713/1497/670 858/1496/688
f 710/1435/860 860/1291/694 862/1436/909
f 861/1437/692 863/1289/690 709/1499/689
f 864/1500/688 863/1289/690 865/1441/911
f 706/1501/670 866/1285/683 705/1502/667
f 865/1441/911 706/1501/670 864/1500/688
f 867/1503/858 866/1285/683 868/1440/910
f 703/1504/682 869/1282/680 702/1505/679
f 868/1440/910 703/1504/682 867/1503/858
f 699/1438/678 869/1282/680 871/1280/817
f 880/1292/786 859/1442/912 857/1294/699
f 800/1221/767 906/1451/916 905/1319/824
f 802/1240/778 909/1320/825 780/1218/764
f 804/1215/761 912/1322/827 911/1321/826
f 808/1249/787 919/1324/829 772/1206/734
f 812/1197/739 926/1328/833 925/1327/832
f 814/1258/796 930/1455/920 765/1256/794
f 816/1190/741 933/1457/922 762/1261/799
f 818/1188/739 936/1331/836 935/1330/835
f 820/1267/805 939/1332/829 756/1182/734
f 943/1333/837 942/1458/923 822/1178/730
f 752/1172/724 946/1334/838 824/1176/728
f 826/1170/722 950/1165/717 949/1336/840
f 831/1392/884 953/1461/926 747/1393/885
f 828/1275/813 950/1165/717 748/1167/719
f 834/1385/867 957/1463/928 744/1388/881
f 837/1381/867 960/1465/930 740/1383/869
f 840/1159/688 963/1339/843 962/1338/842
f 843/1377/873 967/1467/932 733/1379/875
f 846/1373/867 970/1469/930 729/1375/869
f 849/1369/867 973/1471/935 725/1371/869
f 852/1367/856 976/1340/844 721/1143/705
f 855/1363/862 979/1474/938 717/1365/864
f 858/1135/688 982/1342/846 981/1341/845
f 861/1127/692 986/1476/940 710/1361/860
f 864/1123/688 989/1345/843 988/1344/842
f 870/1357/856 996/1347/849 699/1111/678
f 797/1106/673 999/1349/851 998/1348/850
f 692/1228/770 1002/1479/943 793/1099/666
f 684/1082/650 686/1506/944 679/1352/854
f 685/1091/658 686/1507/944 684/1086/650
f 683/1089/656 689/1095/662 687/1092/659
f 693/1098/665 1001/1097/664 1000/1102/669
f 704/1118/684 991/1358/857 990/1119/685
f 711/1130/695 984/1360/859 983/1131/696
f 718/1140/702 719/1364/863 977/1366/865
f 734/1154/695 965/1378/874 964/1155/696
f 751/1171/723 825/1173/725 750/1169/721
f 758/1183/735 819/1185/725 757/1181/733
f 817/1191/742 760/1187/738 934/1186/737
f 764/1400/892 815/1260/798 763/1399/891
f 769/1198/748 811/1200/725 768/1196/747
f 774/1207/755 807/1209/757 773/1205/754
f 779/1406/898 803/1242/780 778/1214/760
f 782/1407/899 801/1238/776 781/1217/763
f 904/1219/765 903/1408/900 784/1410/902
f 784/1410/902 785/1409/901 787/1096/663
f 791/1318/823 692/1508/770 793/1480/666
f 695/1481/670 796/1413/903 794/1224/668
f 793/1480/666 693/1509/665 794/1224/668
f 870/1439/856 871/1280/817 798/1233/675
f 797/1484/673 696/1510/672 798/1233/675
f 894/1414/820 754/1396/888 755/1395/887
f 749/1166/718 826/1170/722 898/1273/811
f 831/1485/884 747/1511/885 830/1277/815
f 833/1316/822 745/1512/882 831/1485/884
f 744/1416/881 746/1513/880 833/1316/822
f 834/1417/867 835/1314/821 836/1312/716
f 740/1418/869 741/1514/710 836/1312/716
f 837/1420/867 838/1419/904 839/1447/715
f 840/1488/688 737/1515/697 839/1447/715
f 736/1489/670 841/1309/819 842/1306/713
f 733/1421/875 734/1516/695 842/1306/713
f 843/1423/873 844/1422/905 845/1304/712
f 729/1424/869 730/1517/710 845/1304/712
f 846/1426/867 847/1425/906 848/1444/709
f 725/1427/869 726/1518/710 848/1444/709
f 849/1429/867 850/1428/907 851/1301/707
f 721/1430/705 722/1519/704 851/1301/707
f 852/1432/856 853/1431/908 854/1297/701
f 717/1433/864 718/1520/702 854/1297/701
f 855/1434/862 856/1296/818 857/1294/699
f 858/1496/688 714/1521/697 857/1294/699
f 713/1497/670 859/1442/912 860/1291/694
f 710/1435/860 711/1522/695 860/1291/694
f 861/1437/692 862/1436/909 863/1289/690
f 864/1500/688 707/1523/687 863/1289/690
f 706/1501/670 865/1441/911 866/1285/683
f 867/1503/858 704/1524/684 866/1285/683
f 703/1504/682 868/1440/910 869/1282/680
f 699/1438/678 700/1525/677 869/1282/680
f 800/1221/767 783/1236/774 906/1451/916
f 802/1240/778 908/1452/917 909/1320/825
f 804/1215/761 777/1211/744 912/1322/827
f 808/1249/787 918/1454/919 919/1324/829
f 812/1197/739 767/1193/744 926/1328/833
f 814/1258/796 929/1456/921 930/1455/920
f 816/1190/741 932/1329/834 933/1457/922
f 818/1188/739 759/1184/736 936/1331/836
f 820/1267/805 938/1459/924 939/1332/829
f 752/1172/724 947/1335/839 946/1334/838
f 826/1170/722 749/1166/718 950/1165/717
f 831/1392/884 952/1462/927 953/1461/926
f 834/1385/867 956/1464/929 957/1463/928
f 837/1381/867 959/1466/931 960/1465/930
f 840/1159/688 736/1156/670 963/1339/843
f 843/1377/873 966/1468/933 967/1467/932
f 846/1373/867 969/1470/934 970/1469/930
f 849/1369/867 972/1472/936 973/1471/935
f 852/1367/856 975/1473/937 976/1340/844
f 855/1363/862 978/1475/939 979/1474/938
f 858/1135/688 713/1132/670 982/1342/846
f 861/1127/692 985/1343/847 986/1476/940
f 864/1123/688 706/1120/670 989/1345/843
f 870/1357/856 995/1478/942 996/1347/849
f 797/1106/673 695/1103/670 999/1349/851
f 692/1228/770 1003/1351/853 1002/1479/943
o 円柱.033
v 1.206057 -74.519043 -44.873367
v 1.206057 16.289505 -44.873383
v 6.994057 -74.519043 -44.303299
v 6.994057 16.289505 -44.303314
v 12.559628 -74.519043 -42.614998
v 12.559628 16.289505 -42.615013
v 17.688889 -74.519043 -39.873352
v 17.688889 16.289505 -39.873367
v 22.184721 -74.519035 -36.183720
v 22.184721 16.289505 -36.183735
v 25.874355 -74.519035 -31.687887
v 25.874355 16.289507 -31.687902
v 28.616001 -74.519035 -26.558628
v 28.616001 16.289507 -26.558643
v 30.304300 -74.519035 -20.993057
v 30.304300 16.289509 -20.993071
v 30.874369 -74.519035 -15.205056
v 30.874369 16.289509 -15.205070
v 30.304300 -74.519035 -9.417055
v 30.304300 16.289511 -9.417070
v 28.616001 -74.519035 -3.851484
v 28.616001 16.289511 -3.851499
v 25.874355 -74.519035 1.277777
v 25.874355 16.289513 1.277761
v 22.184721 -74.519035 5.773609
v 22.184721 16.289513 5.773594
v 17.688889 -74.519028 9.463243
v 17.688889 16.289513 9.463228
v 12.559628 -74.519028 12.204889
v 12.559628 16.289515 12.204874
v 6.994057 -74.519028 13.893188
v 6.994057 16.289515 13.893173
v 1.206057 -74.519028 14.463257
v 1.206057 16.289515 14.463242
v -4.581944 -74.519028 13.893188
v -4.581944 16.289515 13.893173
v -10.147515 -74.519028 12.204889
v -10.147515 16.289515 12.204874
v -15.276775 -74.519028 9.463243
v -15.276775 16.289513 9.463228
v -19.772608 -74.519035 5.773609
v -19.772608 16.289513 5.773594
v -23.462242 -74.519035 1.277777
v -23.462242 16.289513 1.277761
v -26.203888 -74.519035 -3.851484
v -26.203888 16.289511 -3.851499
v -27.892187 -74.519035 -9.417055
v -27.892187 16.289511 -9.417070
v -28.462255 -74.519035 -15.205056
v -28.462255 16.289509 -15.205070
v -27.892187 -74.519035 -20.993057
v -27.892187 16.289509 -20.993071
v -26.203888 -74.519035 -26.558628
v -26.203888 16.289507 -26.558643
v -23.462242 -74.519035 -31.687887
v -23.462242 16.289507 -31.687902
v -19.772608 -74.519035 -36.183720
v -19.772608 16.289505 -36.183735
v -15.276775 -74.519043 -39.873352
v -15.276775 16.289505 -39.873367
v -10.147515 -74.519043 -42.614998
v -10.147515 16.289505 -42.615013
v -4.581944 -74.519043 -44.303299
v -4.581944 16.289505 -44.303314
v -16.545710 16.289509 -14.090138
v -15.171646 16.289511 -7.182269
v -16.198860 16.289511 -10.568538
v -16.198860 16.289509 -17.611740
v -13.503545 16.289511 -4.061468
v -13.503545 16.289509 -24.118809
v -15.171646 16.289509 -20.998007
v -11.258656 16.289507 -26.854214
v -8.523250 16.289513 0.918827
v -8.523250 16.289507 -29.099102
v -2.016181 16.289507 -31.794420
v 5.027021 16.289507 -31.794420
v 1.505420 16.289507 -32.141266
v -5.402448 16.289507 -30.767206
v -11.258656 16.289511 -1.326063
v -5.402448 16.289513 2.586929
v 1.505420 16.289513 3.960991
v 5.027021 16.289513 3.614143
v -2.016181 16.289513 3.614143
v 8.413289 16.289513 2.586929
v 11.534090 16.289507 -29.099102
v 11.534090 16.289513 0.918827
v 8.413289 16.289507 -30.767206
v 16.514385 16.289509 -24.118809
v 16.514385 16.289511 -4.061468
v 14.269496 16.289507 -26.854214
v 19.556549 16.289509 -14.090138
v 19.209702 16.289509 -17.611740
v 18.182487 16.289511 -7.182269
v 19.209702 16.289511 -10.568538
v 18.182487 16.289509 -20.998007
v 14.269496 16.289511 -1.326063
v -2.016181 -74.519035 -31.794405
v 1.505420 -74.519035 -32.141251
v 5.027021 -74.519035 -31.794405
v 8.413289 -74.519035 2.586945
v 11.534090 -74.519035 0.918842
v 8.413289 -74.519035 -30.767193
v 5.027021 -74.519035 3.614159
v 11.534090 -74.519035 -29.099089
v 16.514385 -74.519035 -24.118793
v 16.514385 -74.519035 -4.061454
v 14.269496 -74.519035 -26.854198
v 19.556549 -74.519035 -14.090124
v 19.209702 -74.519035 -17.611725
v 18.182487 -74.519035 -7.182255
v 19.209702 -74.519035 -10.568523
v 18.182487 -74.519035 -20.997993
v 14.269496 -74.519035 -1.326049
v -16.545710 -74.519035 -14.090124
v -15.171646 -74.519035 -7.182255
v -16.198860 -74.519035 -10.568523
v -16.198860 -74.519035 -17.611725
v -13.503545 -74.519035 -4.061454
v -13.503545 -74.519035 -24.118793
v -11.258656 -74.519035 -1.326049
v -15.171646 -74.519035 -20.997993
v -5.402448 -74.519035 -30.767193
v -8.523250 -74.519035 0.918842
v -8.523250 -74.519035 -29.099089
v 1.505420 -74.519035 3.961006
v -2.016181 -74.519035 3.614159
v -5.402448 -74.519035 2.586945
v -11.258656 -74.519035 -26.854198
vn 0.0980 -0.0000 -0.9952
vn 0.2903 -0.0000 -0.9569
vn 0.4714 -0.0000 -0.8819
vn 0.6344 -0.0000 -0.7730
vn 0.7730 -0.0000 -0.6344
vn 0.8819 -0.0000 -0.4714
vn 0.9569 -0.0000 -0.2903
vn 0.9952 -0.0000 -0.0980
vn 0.9952 -0.0000 0.0980
vn 0.9569 -0.0000 0.2903
vn 0.8819 -0.0000 0.4714
vn 0.7730 -0.0000 0.6344
vn 0.6344 -0.0000 0.7730
vn 0.4714 -0.0000 0.8819
vn 0.2903 -0.0000 0.9569
vn 0.0980 -0.0000 0.9952
vn -0.0980 -0.0000 0.9952
vn -0.2903 -0.0000 0.9569
vn -0.4714 -0.0000 0.8819
vn -0.6344 -0.0000 0.7730
vn -0.7730 -0.0000 0.6344
vn -0.8819 -0.0000 0.4714
vn -0.9569 -0.0000 0.2903
vn -0.9952 -0.0000 0.0980
vn -0.9952 -0.0000 -0.0980
vn -0.9569 -0.0000 -0.2903
vn -0.8819 -0.0000 -0.4714
vn -0.7730 -0.0000 -0.6344
vn -0.6344 -0.0000 -0.7730
vn -0.4714 -0.0000 -0.8819
vn -0.0000 1.0000 -0.0000
vn -0.2903 -0.0000 -0.9569
vn -0.0980 -0.0000 -0.9952
vn -0.0000 -1.0000 -0.0000
vt 0.224145 0.975362
vt 0.218036 0.877620
vt 0.224145 0.877620
vt 0.218036 0.975362
vt 0.211927 0.877620
vt 0.211927 0.975362
vt 0.205819 0.877620
vt 0.205819 0.975362
vt 0.199710 0.877620
vt 0.199710 0.975362
vt 0.193601 0.877620
vt 0.187492 0.975362
vt 0.187492 0.877620
vt 0.181383 0.877620
vt 0.181383 0.975362
vt 0.175274 0.877620
vt 0.175274 0.975362
vt 0.169165 0.877620
vt 0.169165 0.975362
vt 0.163056 0.877620
vt 0.163056 0.975362
vt 0.156947 0.877620
vt 0.156947 0.975362
vt 0.150838 0.877620
vt 0.150838 0.975362
vt 0.144729 0.877620
vt 0.144729 0.975362
vt 0.138621 0.877620
vt 0.138621 0.975362
vt 0.132512 0.877620
vt 0.132512 0.975362
vt 0.126403 0.877620
vt 0.126403 0.975362
vt 0.120294 0.877620
vt 0.120294 0.975362
vt 0.114185 0.877620
vt 0.114185 0.975362
vt 0.108076 0.877620
vt 0.108076 0.975362
vt 0.101967 0.877620
vt 0.101967 0.975362
vt 0.095858 0.877620
vt 0.095858 0.975362
vt 0.089749 0.877620
vt 0.089749 0.975362
vt 0.083640 0.877620
vt 0.083640 0.975362
vt 0.077531 0.877620
vt 0.077531 0.975362
vt 0.071423 0.877620
vt 0.071423 0.975362
vt 0.065314 0.877620
vt 0.065314 0.975362
vt 0.059205 0.877620
vt 0.059205 0.975362
vt 0.053096 0.877620
vt 0.046987 0.975362
vt 0.046987 0.877620
vt 0.040878 0.877620
vt 0.059577 0.785403
vt 0.120877 0.810794
vt 0.088929 0.800613
vt 0.095486 0.872094
vt 0.034186 0.846703
vt 0.067081 0.853358
vt 0.040878 0.975362
vt 0.034769 0.877620
vt 0.034769 0.975362
vt 0.028660 0.877620
vt 0.129259 0.819596
vt 0.166121 0.874763
vt 0.152013 0.842844
vt 0.221289 0.837901
vt 0.184427 0.782734
vt 0.199482 0.811126
vt 0.218036 0.950275
vt 0.224145 0.931748
vt 0.218036 0.931748
vt 0.211927 0.950275
vt 0.211927 0.931748
vt 0.205819 0.950275
vt 0.205819 0.931748
vt 0.199710 0.950275
vt 0.199710 0.931748
vt 0.193601 0.950275
vt 0.193601 0.931748
vt 0.187492 0.950275
vt 0.187492 0.931748
vt 0.181383 0.950275
vt 0.181383 0.931748
vt 0.175274 0.950275
vt 0.175274 0.931748
vt 0.169165 0.950275
vt 0.169165 0.931748
vt 0.163056 0.950275
vt 0.163056 0.931748
vt 0.156947 0.950275
vt 0.156947 0.931748
vt 0.150838 0.950275
vt 0.150838 0.931748
vt 0.144729 0.931748
vt 0.144729 0.950275
vt 0.138621 0.950275
vt 0.138621 0.931748
vt 0.132512 0.950275
vt 0.132512 0.931748
vt 0.126403 0.931748
vt 0.126403 0.950275
vt 0.120294 0.931748
vt 0.120294 0.950275
vt 0.114185 0.931748
vt 0.114185 0.950275
vt 0.108076 0.931748
vt 0.108076 0.950275
vt 0.101967 0.931748
vt 0.101967 0.950275
vt 0.095858 0.950275
vt 0.095858 0.931748
vt 0.089749 0.931748
vt 0.083640 0.931748
vt 0.089749 0.950275
vt 0.077531 0.931748
vt 0.083640 0.950275
vt 0.071423 0.931748
vt 0.077531 0.950275
vt 0.065314 0.931748
vt 0.071423 0.950275
vt 0.059205 0.931748
vt 0.065314 0.950275
vt 0.053096 0.931748
vt 0.059205 0.950275
vt 0.046987 0.950275
vt 0.046987 0.931748
vt 0.040878 0.950275
vt 0.040878 0.931748
vt 0.034769 0.950275
vt 0.034769 0.931748
vt 0.028660 0.931748
vt 0.193601 0.975362
vt 0.053096 0.975362
vt 0.072436 0.798989
vt 0.067081 0.800613
vt 0.068379 0.782734
vt 0.077531 0.781832
vt 0.086684 0.782734
vt 0.095486 0.785403
vt 0.103597 0.789739
vt 0.110706 0.795574
vt 0.116541 0.802683
vt 0.104377 0.816062
vt 0.101740 0.811126
vt 0.098190 0.806801
vt 0.078005 0.798440
vt 0.083574 0.798989
vt 0.093864 0.803251
vt 0.106002 0.821416
vt 0.123546 0.819596
vt 0.124448 0.828749
vt 0.123546 0.837901
vt 0.120877 0.846703
vt 0.116541 0.854814
vt 0.110706 0.861923
vt 0.103597 0.867758
vt 0.086684 0.874763
vt 0.077531 0.875665
vt 0.068379 0.874763
vt 0.059577 0.872094
vt 0.051466 0.867758
vt 0.044357 0.861923
vt 0.038522 0.854814
vt 0.031517 0.837901
vt 0.030615 0.828749
vt 0.031517 0.819596
vt 0.034186 0.810794
vt 0.038522 0.802683
vt 0.044357 0.795574
vt 0.051466 0.789739
vt 0.062146 0.803251
vt 0.057820 0.806801
vt 0.106550 0.826985
vt 0.106002 0.832554
vt 0.054270 0.811126
vt 0.051632 0.816062
vt 0.104377 0.837909
vt 0.050008 0.821416
vt 0.101740 0.842844
vt 0.098190 0.847170
vt 0.049459 0.826985
vt 0.050008 0.832554
vt 0.093864 0.850720
vt 0.088929 0.853358
vt 0.051632 0.837909
vt 0.054270 0.842844
vt 0.083574 0.854982
vt 0.078005 0.855531
vt 0.057820 0.847170
vt 0.062146 0.850720
vt 0.072436 0.854982
vt 0.028660 0.975362
vt 0.175747 0.798440
vt 0.181316 0.798989
vt 0.175274 0.781832
vt 0.166121 0.782734
vt 0.157320 0.785403
vt 0.149209 0.789739
vt 0.142099 0.795574
vt 0.136264 0.802683
vt 0.131929 0.810794
vt 0.128358 0.828749
vt 0.129259 0.837901
vt 0.131929 0.846703
vt 0.136264 0.854814
vt 0.142099 0.861923
vt 0.149209 0.867758
vt 0.157320 0.872094
vt 0.175274 0.875665
vt 0.184427 0.874763
vt 0.193228 0.872094
vt 0.201339 0.867758
vt 0.208449 0.861923
vt 0.214284 0.854814
vt 0.218619 0.846703
vt 0.203744 0.832554
vt 0.202120 0.837909
vt 0.199482 0.842844
vt 0.170178 0.798989
vt 0.164824 0.800613
vt 0.195932 0.847170
vt 0.191606 0.850720
vt 0.159888 0.803251
vt 0.186671 0.853358
vt 0.155563 0.806801
vt 0.152013 0.811126
vt 0.181316 0.854982
vt 0.175747 0.855531
vt 0.149375 0.816062
vt 0.147750 0.821416
vt 0.170178 0.854982
vt 0.164824 0.853358
vt 0.147202 0.826985
vt 0.147750 0.832554
vt 0.159888 0.850720
vt 0.155563 0.847170
vt 0.149375 0.837909
vt 0.204293 0.826985
vt 0.222190 0.828749
vt 0.221289 0.819596
vt 0.218619 0.810794
vt 0.214284 0.802683
vt 0.208449 0.795574
vt 0.201339 0.789739
vt 0.193228 0.785403
vt 0.186671 0.800613
vt 0.191606 0.803251
vt 0.203744 0.821416
vt 0.202120 0.816062
vt 0.195932 0.806801
vt 0.224145 0.950275
vt 0.053096 0.950275
vt 0.028660 0.950275
s 1
usemtl マテリアル.003
f 1006/1526/945 1007/1527/945 1005/1528/945
f 1008/1529/946 1009/1530/946 1007/1527/946
f 1010/1531/947 1011/1532/947 1009/1530/947
f 1012/1533/948 1013/1534/948 1011/1532/948
f 1014/1535/949 1015/1536/949 1013/1534/949
f 1015/1536/950 1018/1537/950 1017/1538/950
f 1018/1537/951 1019/1539/951 1017/1538/951
f 1020/1540/952 1021/1541/952 1019/1539/952
f 1022/1542/953 1023/1543/953 1021/1541/953
f 1024/1544/954 1025/1545/954 1023/1543/954
f 1026/1546/955 1027/1547/955 1025/1545/955
f 1028/1548/956 1029/1549/956 1027/1547/956
f 1030/1550/957 1031/1551/957 1029/1549/957
f 1032/1552/958 1033/1553/958 1031/1551/958
f 1034/1554/959 1035/1555/959 1033/1553/959
f 1036/1556/960 1037/1557/960 1035/1555/960
f 1038/1558/961 1039/1559/961 1037/1557/961
f 1040/1560/962 1041/1561/962 1039/1559/962
f 1042/1562/963 1043/1563/963 1041/1561/963
f 1044/1564/964 1045/1565/964 1043/1563/964
f 1046/1566/965 1047/1567/965 1045/1565/965
f 1048/1568/966 1049/1569/966 1047/1567/966
f 1050/1570/967 1051/1571/967 1049/1569/967
f 1052/1572/968 1053/1573/968 1051/1571/968
f 1054/1574/969 1055/1575/969 1053/1573/969
f 1056/1576/970 1057/1577/970 1055/1575/970
f 1058/1578/971 1059/1579/971 1057/1577/971
f 1060/1580/972 1061/1581/972 1059/1579/972
f 1061/1581/973 1064/1582/973 1063/1583/973
f 1064/1582/974 1065/1584/974 1063/1583/974
f 1042/1585/975 1026/1586/975 1088/1587/975
f 1010/1588/975 1058/1589/975 1082/1590/975
f 1066/1591/976 1067/1592/976 1065/1584/976
f 1068/1593/977 1005/1594/977 1067/1592/977
f 1051/1595/978 1067/1596/978 1123/1597/978
f 1019/1598/978 1035/1599/978 1110/1600/978
f 1080/1601/961 1102/1602/961 1103/1603/961
f 1091/1604/962 1103/1603/962 1106/1605/962
f 1089/1606/963 1106/1605/963 1108/1607/963
f 1094/1608/964 1108/1607/964 1111/1609/964
f 1092/1610/965 1111/1609/965 1109/1611/965
f 1099/1612/966 1109/1611/966 1116/1613/966
f 1096/1614/967 1116/1613/967 1113/1615/967
f 1095/1616/968 1113/1615/968 1112/1617/968
f 1098/1618/969 1112/1617/969 1115/1619/969
f 1097/1620/970 1115/1619/970 1114/1621/970
f 1093/1622/971 1114/1621/971 1110/1623/971
f 1100/1624/972 1110/1623/972 1117/1625/972
f 1100/1624/973 1105/1626/973 1090/1627/973
f 1088/1628/974 1105/1626/974 1104/1629/974
f 1086/1630/976 1104/1629/976 1107/1631/976
f 1086/1630/977 1129/1632/977 1085/1633/977
f 1085/1633/945 1130/1634/945 1087/1635/945
f 1087/1635/946 1131/1636/946 1084/1637/946
f 1084/1637/947 1127/1638/947 1077/1639/947
f 1077/1639/948 1124/1640/948 1083/1641/948
f 1073/1642/949 1124/1640/949 1122/1643/949
f 1119/1644/950 1073/1642/950 1122/1643/950
f 1120/1645/951 1070/1646/951 1119/1644/951
f 1118/1647/952 1071/1648/952 1120/1645/952
f 1121/1649/953 1069/1650/953 1118/1647/953
f 1125/1651/954 1072/1652/954 1121/1649/954
f 1123/1653/955 1075/1654/955 1125/1651/955
f 1132/1655/956 1074/1656/956 1123/1653/956
f 1078/1657/957 1132/1655/957 1128/1658/957
f 1082/1659/958 1128/1658/958 1126/1660/958
f 1079/1661/959 1126/1660/959 1101/1662/959
f 1102/1663/960 1079/1661/960 1101/1662/960
f 1006/1526/945 1008/1529/945 1007/1527/945
f 1008/1529/946 1010/1531/946 1009/1530/946
f 1010/1531/947 1012/1533/947 1011/1532/947
f 1012/1533/948 1014/1535/948 1013/1534/948
f 1014/1535/949 1016/1664/949 1015/1536/949
f 1015/1536/950 1016/1664/950 1018/1537/950
f 1018/1537/951 1020/1540/951 1019/1539/951
f 1020/1540/952 1022/1542/952 1021/1541/952
f 1022/1542/953 1024/1544/953 1023/1543/953
f 1024/1544/954 1026/1546/954 1025/1545/954
f 1026/1546/955 1028/1548/955 1027/1547/955
f 1028/1548/956 1030/1550/956 1029/1549/956
f 1030/1550/957 1032/1552/957 1031/1551/957
f 1032/1552/958 1034/1554/958 1033/1553/958
f 1034/1554/959 1036/1556/959 1035/1555/959
f 1036/1556/960 1038/1558/960 1037/1557/960
f 1038/1558/961 1040/1560/961 1039/1559/961
f 1040/1560/962 1042/1562/962 1041/1561/962
f 1042/1562/963 1044/1564/963 1043/1563/963
f 1044/1564/964 1046/1566/964 1045/1565/964
f 1046/1566/965 1048/1568/965 1047/1567/965
f 1048/1568/966 1050/1570/966 1049/1569/966
f 1050/1570/967 1052/1572/967 1051/1571/967
f 1052/1572/968 1054/1574/968 1053/1573/968
f 1054/1574/969 1056/1576/969 1055/1575/969
f 1056/1576/970 1058/1578/970 1057/1577/970
f 1058/1578/971 1060/1580/971 1059/1579/971
f 1060/1580/972 1062/1665/972 1061/1581/972
f 1061/1581/973 1062/1665/973 1064/1582/973
f 1064/1582/974 1066/1591/974 1065/1584/974
f 1087/1666/975 1084/1667/975 1042/1585/975
f 1042/1585/975 1040/1668/975 1038/1669/975
f 1038/1669/975 1036/1670/975 1034/1671/975
f 1034/1671/975 1032/1672/975 1030/1673/975
f 1030/1673/975 1028/1674/975 1026/1586/975
f 1026/1586/975 1097/1675/975 1093/1676/975
f 1026/1586/975 1093/1676/975 1100/1677/975
f 1034/1671/975 1030/1673/975 1026/1586/975
f 1042/1585/975 1038/1669/975 1034/1671/975
f 1085/1678/975 1087/1666/975 1042/1585/975
f 1086/1679/975 1085/1678/975 1042/1585/975
f 1042/1585/975 1034/1671/975 1026/1586/975
f 1026/1586/975 1100/1677/975 1090/1680/975
f 1088/1587/975 1086/1679/975 1042/1585/975
f 1026/1586/975 1090/1680/975 1088/1587/975
f 1098/1681/975 1097/1675/975 1026/1586/975
f 1026/1586/975 1024/1682/975 1022/1683/975
f 1022/1683/975 1020/1684/975 1018/1685/975
f 1018/1685/975 1016/1686/975 1014/1687/975
f 1014/1687/975 1012/1688/975 1010/1588/975
f 1010/1588/975 1008/1689/975 1006/1690/975
f 1006/1690/975 1068/1691/975 1066/1692/975
f 1066/1692/975 1064/1693/975 1062/1694/975
f 1062/1694/975 1060/1695/975 1058/1589/975
f 1058/1589/975 1056/1696/975 1054/1697/975
f 1054/1697/975 1052/1698/975 1050/1699/975
f 1050/1699/975 1048/1700/975 1046/1701/975
f 1046/1701/975 1044/1702/975 1042/1585/975
f 1042/1585/975 1084/1667/975 1077/1703/975
f 1042/1585/975 1077/1703/975 1083/1704/975
f 1050/1699/975 1046/1701/975 1042/1585/975
f 1058/1589/975 1054/1697/975 1050/1699/975
f 1066/1692/975 1062/1694/975 1058/1589/975
f 1010/1588/975 1006/1690/975 1066/1692/975
f 1018/1685/975 1014/1687/975 1010/1588/975
f 1026/1586/975 1022/1683/975 1018/1685/975
f 1095/1705/975 1098/1681/975 1026/1586/975
f 1096/1706/975 1095/1705/975 1026/1586/975
f 1026/1586/975 1018/1685/975 1010/1588/975
f 1010/1588/975 1066/1692/975 1058/1589/975
f 1058/1589/975 1050/1699/975 1042/1585/975
f 1042/1585/975 1083/1704/975 1073/1707/975
f 1042/1585/975 1073/1707/975 1070/1708/975
f 1096/1706/975 1026/1586/975 1010/1588/975
f 1099/1709/975 1096/1706/975 1010/1588/975
f 1058/1589/975 1042/1585/975 1070/1708/975
f 1058/1589/975 1070/1708/975 1071/1710/975
f 1092/1711/975 1099/1709/975 1010/1588/975
f 1094/1712/975 1092/1711/975 1010/1588/975
f 1058/1589/975 1071/1710/975 1069/1713/975
f 1058/1589/975 1069/1713/975 1072/1714/975
f 1089/1715/975 1094/1712/975 1010/1588/975
f 1091/1716/975 1089/1715/975 1010/1588/975
f 1058/1589/975 1072/1714/975 1075/1717/975
f 1058/1589/975 1075/1717/975 1074/1718/975
f 1080/1719/975 1091/1716/975 1010/1588/975
f 1081/1720/975 1080/1719/975 1010/1588/975
f 1058/1589/975 1074/1718/975 1076/1721/975
f 1058/1589/975 1076/1721/975 1078/1722/975
f 1079/1723/975 1081/1720/975 1010/1588/975
f 1058/1589/975 1078/1722/975 1082/1590/975
f 1082/1590/975 1079/1723/975 1010/1588/975
f 1066/1591/976 1068/1593/976 1067/1592/976
f 1068/1593/977 1006/1724/977 1005/1594/977
f 1129/1725/978 1107/1726/978 1035/1599/978
f 1035/1599/978 1037/1727/978 1039/1728/978
f 1039/1728/978 1041/1729/978 1043/1730/978
f 1043/1730/978 1045/1731/978 1047/1732/978
f 1047/1732/978 1049/1733/978 1051/1595/978
f 1051/1595/978 1053/1734/978 1055/1735/978
f 1055/1735/978 1057/1736/978 1059/1737/978
f 1059/1737/978 1061/1738/978 1063/1739/978
f 1063/1739/978 1065/1740/978 1067/1596/978
f 1067/1596/978 1005/1741/978 1007/1742/978
f 1007/1742/978 1009/1743/978 1011/1744/978
f 1011/1744/978 1013/1745/978 1015/1746/978
f 1015/1746/978 1017/1747/978 1019/1598/978
f 1019/1598/978 1113/1748/978 1116/1749/978
f 1019/1598/978 1116/1749/978 1109/1750/978
f 1011/1744/978 1015/1746/978 1019/1598/978
f 1067/1596/978 1007/1742/978 1011/1744/978
f 1059/1737/978 1063/1739/978 1067/1596/978
f 1051/1595/978 1055/1735/978 1059/1737/978
f 1043/1730/978 1047/1732/978 1051/1595/978
f 1035/1599/978 1039/1728/978 1043/1730/978
f 1130/1751/978 1129/1725/978 1035/1599/978
f 1131/1752/978 1130/1751/978 1035/1599/978
f 1035/1599/978 1043/1730/978 1051/1595/978
f 1051/1595/978 1059/1737/978 1067/1596/978
f 1067/1596/978 1011/1744/978 1019/1598/978
f 1019/1598/978 1109/1750/978 1111/1753/978
f 1019/1598/978 1111/1753/978 1108/1754/978
f 1131/1752/978 1035/1599/978 1051/1595/978
f 1127/1755/978 1131/1752/978 1051/1595/978
f 1067/1596/978 1019/1598/978 1108/1754/978
f 1067/1596/978 1108/1754/978 1106/1756/978
f 1124/1757/978 1127/1755/978 1051/1595/978
f 1122/1758/978 1124/1757/978 1051/1595/978
f 1067/1596/978 1106/1756/978 1103/1759/978
f 1067/1596/978 1103/1759/978 1102/1760/978
f 1119/1761/978 1122/1758/978 1051/1595/978
f 1120/1762/978 1119/1761/978 1051/1595/978
f 1067/1596/978 1102/1760/978 1101/1763/978
f 1067/1596/978 1101/1763/978 1126/1764/978
f 1118/1765/978 1120/1762/978 1051/1595/978
f 1121/1766/978 1118/1765/978 1051/1595/978
f 1067/1596/978 1126/1764/978 1128/1767/978
f 1067/1596/978 1128/1767/978 1132/1768/978
f 1125/1769/978 1121/1766/978 1051/1595/978
f 1067/1596/978 1132/1768/978 1123/1597/978
f 1123/1597/978 1125/1769/978 1051/1595/978
f 1112/1770/978 1113/1748/978 1019/1598/978
f 1019/1598/978 1021/1771/978 1023/1772/978
f 1023/1772/978 1025/1773/978 1027/1774/978
f 1027/1774/978 1029/1775/978 1031/1776/978
f 1031/1776/978 1033/1777/978 1035/1599/978
f 1035/1599/978 1107/1726/978 1104/1778/978
f 1035/1599/978 1104/1778/978 1105/1779/978
f 1027/1774/978 1031/1776/978 1035/1599/978
f 1019/1598/978 1023/1772/978 1027/1774/978
f 1115/1780/978 1112/1770/978 1019/1598/978
f 1114/1781/978 1115/1780/978 1019/1598/978
f 1019/1598/978 1027/1774/978 1035/1599/978
f 1035/1599/978 1105/1779/978 1117/1782/978
f 1110/1600/978 1114/1781/978 1019/1598/978
f 1035/1599/978 1117/1782/978 1110/1600/978
f 1080/1601/961 1081/1783/961 1102/1602/961
f 1091/1604/962 1080/1601/962 1103/1603/962
f 1089/1606/963 1091/1604/963 1106/1605/963
f 1094/1608/964 1089/1606/964 1108/1607/964
f 1092/1610/965 1094/1608/965 1111/1609/965
f 1099/1612/966 1092/1610/966 1109/1611/966
f 1096/1614/967 1099/1612/967 1116/1613/967
f 1095/1616/968 1096/1614/968 1113/1615/968
f 1098/1618/969 1095/1616/969 1112/1617/969
f 1097/1620/970 1098/1618/970 1115/1619/970
f 1093/1622/971 1097/1620/971 1114/1621/971
f 1100/1624/972 1093/1622/972 1110/1623/972
f 1100/1624/973 1117/1625/973 1105/1626/973
f 1088/1628/974 1090/1627/974 1105/1626/974
f 1086/1630/976 1088/1628/976 1104/1629/976
f 1086/1630/977 1107/1631/977 1129/1632/977
f 1085/1633/945 1129/1632/945 1130/1634/945
f 1087/1635/946 1130/1634/946 1131/1636/946
f 1084/1637/947 1131/1636/947 1127/1638/947
f 1077/1639/948 1127/1638/948 1124/1640/948
f 1073/1642/949 1083/1641/949 1124/1640/949
f 1119/1644/950 1070/1646/950 1073/1642/950
f 1120/1645/951 1071/1648/951 1070/1646/951
f 1118/1647/952 1069/1650/952 1071/1648/952
f 1121/1649/953 1072/1652/953 1069/1650/953
f 1125/1651/954 1075/1654/954 1072/1652/954
f 1123/1653/955 1074/1656/955 1075/1654/955
f 1132/1655/956 1076/1784/956 1074/1656/956
f 1078/1657/957 1076/1784/957 1132/1655/957
f 1082/1659/958 1078/1657/958 1128/1658/958
f 1079/1661/959 1082/1659/959 1126/1660/959
f 1102/1663/960 1081/1785/960 1079/1661/960
o 円柱.035
v 78.961166 15.489698 28.703533
v 76.707458 66.774628 28.920467
v 74.234688 66.774628 30.474932
v 76.538681 15.489698 28.976538
v 74.836250 15.489698 29.984615
v 73.170982 66.774628 33.306675
v 73.406509 15.489698 32.047958
v 73.381981 66.774628 35.273903
v 73.366905 15.489698 35.525967
v 75.179085 15.489698 37.816597
v 74.936447 66.774628 37.746674
v 78.228241 66.774628 38.870136
v 76.963089 15.489698 38.672058
v 80.650452 66.774628 38.211033
v 79.987480 15.489698 38.614452
v 82.278107 15.489698 36.802280
v 82.168922 66.774628 36.942665
v 83.234787 66.774628 34.750202
v 83.277832 15.489698 34.499657
v 82.940048 66.774628 31.798042
v 83.004822 15.489698 32.077168
v 81.645683 15.489698 29.966660
v 81.404175 66.774628 29.812439
v 79.211716 66.774628 28.746574
v 59.280655 15.489689 -47.045853
v 58.475567 66.774620 -47.184174
v 56.060448 66.774620 -46.852348
v 56.256279 15.489689 -46.988258
v 53.769543 66.774620 -44.967140
v 52.912106 66.774620 -42.126907
v 53.633896 15.489689 -44.752144
v 52.918766 15.489689 -41.872780
v 54.022667 66.774620 -38.864449
v 53.923843 15.489689 -39.081367
v 57.505852 66.774620 -36.993820
v 56.793701 15.489689 -37.116165
v 60.451313 66.774620 -37.682602
v 60.701488 15.489689 -37.717010
v 62.275078 66.774620 -39.300293
v 62.998322 66.774620 -41.278831
v 62.837242 15.489689 -40.421761
v 63.033005 66.774620 -43.137352
v 62.976894 15.489689 -43.385300
v 61.446548 15.489689 -45.927010
v 61.307301 66.774620 -46.120476
v 13.213875 15.337133 -82.175896
v 10.533737 66.622070 -82.636345
v 7.411682 66.622070 -81.103111
v 9.778397 15.337133 -82.449043
v 7.236710 15.337133 -80.918709
v 5.890068 66.622070 -78.010902
v 5.869141 15.337133 -77.720596
v 6.578850 66.622070 -75.065445
v 7.220802 15.337133 -74.005089
v 8.196518 66.622070 -73.241707
v 10.576698 66.622070 -72.444016
v 9.771629 15.337133 -72.582329
v 12.543961 66.622070 -72.654999
v 14.280701 66.622070 -73.602768
v 12.281563 15.337133 -72.539886
v 14.415169 15.337133 -73.719154
v 15.970345 66.622070 -75.985168
v 16.047516 15.337133 -76.265823
v 15.590576 66.622070 -79.920593
v 15.645187 15.337133 -79.688568
v 13.381477 66.622070 -81.987000
v -51.734329 66.622070 -63.433037
v -51.988449 15.337133 -63.426369
v -54.156570 66.622070 -62.773918
v -54.311157 15.337133 -62.686020
v -55.784195 15.337133 -61.365181
v -55.675034 66.622070 -61.505562
v -56.740891 66.622070 -59.313103
v -56.888367 15.337133 -58.548973
v -56.288132 66.622070 -55.896645
v -55.826019 15.337135 -55.270477
v -53.236801 66.622070 -53.382431
v -52.956146 15.337135 -53.305275
v -49.765640 66.622070 -53.604210
v -50.044769 15.337135 -53.539444
v -47.562096 15.337133 -55.267593
v -47.176537 66.622070 -55.878708
v -46.621758 15.337133 -59.107872
v -46.716835 66.622070 -59.326462
v -48.442528 66.622070 -62.309563
v -48.672287 15.337133 -62.488243
v -97.243622 66.622078 56.467041
v -97.497757 15.337139 56.473709
v -100.081573 66.622078 57.332039
v -100.289169 15.337139 57.478760
v -101.729401 66.622078 59.225784
v -102.347046 66.622078 61.584053
v -102.051758 15.337139 59.865292
v -102.256607 15.337139 62.294483
v -101.236496 66.622078 64.846519
v -101.046021 15.337139 65.066597
v -98.666672 66.622078 66.442238
v -97.976578 15.337139 66.633652
v -95.747025 66.622078 66.523544
v -95.554062 15.337139 66.360641
v -93.071411 15.337139 64.632507
v -92.685837 66.622078 64.021378
v -92.131058 15.337139 60.792210
v -92.226151 66.622078 60.573593
v -93.951828 66.622078 57.590515
v -94.181595 15.337139 57.411831
v -107.022522 14.804152 89.014359
v -107.022522 15.938568 89.014359
v -107.022507 14.804144 -84.186821
v -107.022507 15.938560 -84.186821
v 112.939072 14.804150 89.014374
v 112.939072 15.938566 89.014374
v 112.939072 14.804142 -84.186806
v 112.939072 15.938559 -84.186806
v -16.727325 14.804146 -14.078735
v -16.376923 14.804146 -10.521103
v -16.376923 14.804146 -17.636360
v -13.654045 14.804148 -3.947464
v -15.339203 14.804146 -7.100189
v -15.339218 14.804146 -21.057270
v -13.654053 14.804146 -24.210003
v -2.049156 14.804148 3.806679
v -2.049149 14.804146 -31.964142
v -5.470070 14.804148 2.768957
v -5.470062 14.804146 -30.926414
v -11.386192 14.804148 -1.184071
v -11.386185 14.804146 -26.973392
v -8.622795 14.804146 -29.241249
v 5.066101 14.804148 3.806681
v 5.066109 14.804146 -31.964142
v 8.487015 14.804148 2.768957
v 8.487022 14.804146 -30.926414
v 19.744278 14.804146 -14.078732
v 19.393879 14.804146 -10.521103
v 19.393883 14.804146 -17.636360
v 16.670990 14.804146 -3.947460
v 18.356163 14.804146 -7.100189
v 18.356159 14.804146 -21.057266
v 16.670990 14.804146 -24.209999
v 11.639748 14.804148 1.083786
v 14.403133 14.804146 -1.184067
v 14.403133 14.804146 -26.973392
v 11.639748 14.804146 -29.241249
v 1.508476 14.804146 -32.314537
v -8.622795 14.804148 1.083786
v 1.508476 14.804148 4.157076
v -16.727325 15.938562 -14.078735
v -16.376923 15.938562 -10.521103
v -16.376923 15.938562 -17.636360
v -13.654045 15.938564 -3.947464
v -15.339203 15.938562 -7.100189
v -15.339218 15.938562 -21.057270
v -13.654053 15.938562 -24.210003
v -2.049149 15.938562 -31.964142
v -2.049156 15.938564 3.806679
v -5.470062 15.938562 -30.926414
v -5.470070 15.938564 2.768957
v -8.622795 15.938564 1.083786
v -11.386192 15.938564 -1.184071
v -11.386185 15.938562 -26.973392
v -8.622795 15.938562 -29.241249
v 5.066101 15.938564 3.806681
v 5.066109 15.938562 -31.964142
v 8.487015 15.938564 2.768957
v 8.487022 15.938562 -30.926414
v 19.744278 15.938562 -14.078732
v 19.393883 15.938562 -17.636360
v 19.393879 15.938562 -10.521103
v 18.356159 15.938562 -21.057266
v 16.670990 15.938562 -3.947460
v 18.356163 15.938562 -7.100189
v 16.670990 15.938562 -24.209999
v 14.403133 15.938562 -26.973392
v 14.403133 15.938562 -1.184067
v 11.639748 15.938562 -29.241249
v 1.508476 15.938562 -32.314537
v 11.639748 15.938564 1.083786
v 1.508476 15.938564 4.157076
v -106.632217 66.692642 -84.233208
v -106.631882 71.069199 -84.234711
v 84.433289 66.692581 -84.148384
v 84.433632 71.069138 -84.149879
v -106.821304 66.709053 87.445084
v -106.820953 71.085602 87.443588
v 84.244194 66.708984 87.529922
v 84.244537 71.085541 87.528419
vn -0.5930 0.6429 -0.4847
vn -0.5095 -0.6627 -0.5489
vn -0.7254 -0.6483 -0.2313
vn -0.7458 0.6595 -0.0938
vn -0.7267 -0.6404 0.2484
vn -0.4767 0.6405 0.6021
vn -0.4684 -0.6605 0.5868
vn -0.1605 -0.6595 0.7343
vn -0.0240 0.6483 0.7610
vn 0.2590 -0.6429 0.7208
vn 0.7058 0.6505 -0.2807
vn 0.7085 -0.6593 -0.2516
vn 0.5002 -0.6504 -0.5716
vn 0.0836 0.6567 -0.7495
vn 0.1713 -0.6567 -0.7344
vn -0.2730 -0.6394 -0.7188
vn -0.5902 0.6343 0.4993
vn -0.6054 -0.6444 0.4671
vn -0.1722 -0.6342 0.7537
vn -0.1002 0.6364 0.7648
vn 0.3888 -0.6350 0.6676
vn 0.6232 0.6569 0.4244
vn 0.7155 -0.6457 0.2668
vn 0.4973 0.6394 -0.5864
vn 0.5195 -0.6509 -0.5536
vn -0.0889 0.6402 -0.7630
vn 0.3274 -0.6373 -0.6976
vn -0.1759 -0.6455 -0.7432
vn -0.4166 0.6546 0.6308
vn -0.5861 -0.6379 0.4995
vn -0.1955 -0.6573 0.7278
vn -0.0807 0.6628 0.7444
vn 0.1832 -0.6539 0.7340
vn 0.6922 0.6360 -0.3412
vn 0.6925 -0.6415 -0.3299
vn -0.6755 0.6348 0.3752
vn -0.7680 -0.6400 -0.0237
vn -0.6134 -0.6424 0.4594
vn 0.2924 0.6421 0.7087
vn 0.2547 -0.6529 0.7134
vn 0.6354 -0.6368 0.4368
vn 0.6798 0.6371 0.3633
vn 0.7663 -0.6315 -0.1184
vn -0.7605 0.6487 0.0274
vn -0.7099 -0.6516 -0.2675
vn -0.7441 -0.6566 0.1233
vn 0.2484 0.6378 0.7291
vn -0.1362 -0.6487 0.7488
vn 0.2664 -0.6564 0.7058
vn 0.6354 -0.6364 0.4372
vn 0.6754 0.6342 0.3763
vn 0.1238 -0.6509 -0.7490
vn 0.5979 -0.6567 0.4596
vn -0.2337 0.6567 -0.7170
vn 0.1448 0.6533 -0.7431
vn 0.3474 0.6627 0.6634
vn 0.4736 0.6593 -0.5840
vn -0.2383 -0.6628 -0.7098
vn -0.7095 0.6605 0.2457
vn 0.7474 0.6509 0.1333
vn 0.5896 0.6628 0.4615
vn 0.7488 -0.6533 0.1115
vn -0.6500 -0.6449 -0.4021
vn 0.7386 -0.6476 -0.1873
vn -0.3049 0.6509 -0.6952
vn -0.6340 0.6474 -0.4229
vn -0.7642 0.6449 0.0133
vn -0.7611 -0.6474 0.0393
vn 0.7281 0.6720 0.1350
vn 0.3463 0.6564 0.6702
vn 0.7347 0.6515 -0.1892
vn 0.3555 0.6535 -0.6683
vn -0.7728 -0.6342 -0.0220
vn 0.5157 -0.6562 0.5508
vn -0.5422 0.6421 -0.5420
vn -0.7641 0.6392 -0.0874
vn 0.2233 0.6659 0.7118
vn -0.5765 -0.6446 -0.5022
vn -0.6699 0.6569 0.3460
vn 0.7449 0.6369 0.1987
vn 0.4990 0.6598 0.5619
vn 0.7499 -0.6388 0.1722
vn 0.4683 -0.6339 -0.6155
vn 0.0239 0.6473 -0.7619
vn 0.4901 0.6362 -0.5958
vn -0.1969 -0.6391 0.7435
vn -0.3718 -0.6631 -0.6497
vn 0.7523 0.6416 -0.1501
vn -0.5896 0.6631 -0.4612
vn -0.0127 -0.6481 -0.7615
vn -0.3466 0.6624 -0.6642
vn -0.6174 -0.6592 -0.4292
vn -0.7511 0.6487 -0.1225
vn -0.2373 0.6338 0.7362
vn 0.0125 0.6446 -0.7644
vn -0.4548 -0.6479 -0.6111
vn -0.6641 0.6600 -0.3514
vn 0.7523 0.6415 -0.1501
vn -0.0268 -0.6449 -0.7638
vn -0.4133 0.6504 -0.6373
vn -0.6017 0.6394 0.4786
vn -0.5600 -0.6394 0.5268
vn -0.2180 0.6538 0.7246
vn -1.0000 -0.0000 -0.0000
vn -0.0000 -0.0000 -1.0000
vn 1.0000 -0.0000 -0.0000
vn -0.0000 -0.0000 1.0000
vn -0.0000 -1.0000 -0.0000
vn -0.0000 1.0000 -0.0000
vn -0.0980 -0.0000 0.9952
vn -0.2903 -0.0000 0.9569
vn -0.4714 -0.0000 0.8819
vn -0.6344 -0.0000 0.7730
vn -0.7730 -0.0000 0.6344
vn -0.8819 -0.0000 0.4714
vn -0.9569 -0.0000 0.2903
vn -0.9952 -0.0000 0.0980
vn -0.9952 -0.0000 -0.0980
vn -0.9569 -0.0000 -0.2903
vn -0.8819 -0.0000 -0.4714
vn -0.7730 -0.0000 -0.6344
vn -0.6344 -0.0000 -0.7730
vn -0.4714 -0.0000 -0.8819
vn -0.2903 -0.0000 -0.9569
vn -0.0980 -0.0000 -0.9952
vn 0.0980 -0.0000 -0.9952
vn 0.2903 -0.0000 -0.9569
vn 0.4714 -0.0000 -0.8819
vn 0.6344 -0.0000 -0.7730
vn 0.7730 -0.0000 -0.6344
vn 0.8819 -0.0000 -0.4714
vn 0.9569 -0.0000 -0.2903
vn 0.9952 -0.0000 -0.0980
vn 0.9952 -0.0000 0.0980
vn 0.9569 -0.0000 0.2903
vn 0.8819 -0.0000 0.4714
vn 0.7730 -0.0000 0.6344
vn 0.6344 -0.0000 0.7730
vn 0.4714 -0.0000 0.8819
vn 0.2903 -0.0000 0.9569
vn 0.0980 -0.0000 0.9952
vn 0.0004 -0.0003 -1.0000
vn 1.0000 -0.0001 0.0011
vn -0.0004 0.0003 1.0000
vn -1.0000 0.0001 -0.0011
vn -0.0000 -1.0000 0.0001
vn -0.0000 1.0000 -0.0001
vn 0.0001 -1.0000 -0.0000
vt 0.781186 0.728712
vt 0.776775 0.636417
vt 0.791398 0.636417
vt 0.798812 0.728712
vt 0.811706 0.636417
vt 0.827334 0.728712
vt 0.828691 0.636417
vt 0.840227 0.636417
vt 0.847641 0.728712
vt 0.857853 0.636417
vt 0.905290 0.728712
vt 0.903680 0.636417
vt 0.918339 0.636417
vt 0.752664 0.728712
vt 0.750298 0.636417
vt 0.765558 0.636417
vt 0.821565 0.728712
vt 0.820276 0.636417
vt 0.840548 0.636417
vt 0.844639 0.728712
vt 0.863621 0.636417
vt 0.876483 0.728712
vt 0.883693 0.636417
vt 0.919628 0.728712
vt 0.918303 0.636417
vt 0.932522 0.636417
vt 0.758112 0.728712
vt 0.762556 0.636417
vt 0.830336 0.728712
vt 0.823243 0.636417
vt 0.840227 0.636417
vt 0.844959 0.728712
vt 0.854851 0.636417
vt 0.908091 0.728712
vt 0.906766 0.636417
vt 0.927074 0.636417
vt 0.815797 0.728712
vt 0.800169 0.636417
vt 0.820240 0.636417
vt 0.859142 0.728712
vt 0.857533 0.636417
vt 0.875158 0.636417
vt 0.879249 0.728712
vt 0.898232 0.636417
vt 0.801494 0.728712
vt 0.805617 0.636417
vt 0.856176 0.728712
vt 0.843350 0.636417
vt 0.857533 0.636417
vt 0.875158 0.636417
vt 0.879249 0.728712
vt 0.851199 0.568794
vt 0.887608 0.633969
vt 0.927991 0.570175
vt 0.753701 0.636417
vt 0.764201 0.728712
vt 0.751963 0.728712
vt 0.823812 0.555694
vt 0.817917 0.628784
vt 0.752493 0.586725
vt 0.765238 0.636417
vt 0.874838 0.636417
vt 0.862265 0.728712
vt 0.810349 0.728712
vt 0.887984 0.728712
vt 0.873801 0.728712
vt 0.889497 0.636417
vt 0.933224 0.636417
vt 0.919949 0.728712
vt 0.847935 0.605946
vt 0.928758 0.608014
vt 0.917128 0.557639
vt 0.934888 0.728712
vt 0.766883 0.728712
vt 0.784189 0.728712
vt 0.817922 0.627812
vt 0.753314 0.582791
vt 0.836464 0.572526
vt 0.785665 0.636417
vt 0.801494 0.728712
vt 0.802971 0.636417
vt 0.900998 0.636417
vt 0.888741 0.728712
vt 0.862264 0.728712
vt 0.899521 0.728712
vt 0.925717 0.728712
vt 0.845838 0.584795
vt 0.924528 0.615480
vt 0.923317 0.562904
vt 0.778384 0.728712
vt 0.830654 0.616735
vt 0.753300 0.587269
vt 0.816541 0.551020
vt 0.779861 0.636417
vt 0.798491 0.728712
vt 0.816117 0.728712
vt 0.869070 0.636417
vt 0.856496 0.728712
vt 0.885018 0.728712
vt 0.868033 0.728712
vt 0.886695 0.636417
vt 0.921306 0.636417
vt 0.919628 0.728712
vt 0.885740 0.547124
vt 0.860168 0.623856
vt 0.908024 0.628983
vt 0.837290 0.606020
vt 0.757931 0.611741
vt 0.762238 0.563804
vt 0.756823 0.636417
vt 0.769970 0.728712
vt 0.755346 0.728712
vt 0.771006 0.636417
vt 0.781507 0.728712
vt 0.782543 0.636417
vt 0.795725 0.728712
vt 0.838870 0.728712
vt 0.840548 0.636417
vt 0.899557 0.728712
vt 0.921306 0.636417
vt 0.889874 0.546571
vt 0.857033 0.620451
vt 0.908024 0.628984
vt 0.754483 0.603815
vt 0.815729 0.551556
vt 0.837290 0.606020
vt 0.772652 0.728712
vt 0.774092 0.636417
vt 0.787275 0.728712
vt 0.821565 0.728712
vt 0.823242 0.636417
vt 0.839191 0.728712
vt 0.899557 0.728712
vt 0.819520 0.544122
vt 0.865667 0.590270
vt 0.819520 0.590270
vt 0.819520 0.636417
vt 0.865667 0.636417
vt 0.819520 0.682565
vt 0.865667 0.682565
vt 0.819520 0.728712
vt 0.773372 0.636417
vt 0.796888 0.647017
vt 0.796142 0.646946
vt 0.795395 0.654278
vt 0.796142 0.654349
vt 0.911815 0.682565
vt 0.888299 0.654278
vt 0.889045 0.654349
vt 0.889791 0.647018
vt 0.889045 0.646946
vt 0.934888 0.658747
vt 0.929120 0.700236
vt 0.934888 0.700236
vt 0.929120 0.658747
vt 0.923351 0.700236
vt 0.917583 0.658747
vt 0.923351 0.658747
vt 0.911815 0.658747
vt 0.917583 0.700236
vt 0.906046 0.658747
vt 0.911815 0.700236
vt 0.900278 0.658747
vt 0.906046 0.700236
vt 0.894509 0.658747
vt 0.900278 0.700236
vt 0.888741 0.658747
vt 0.894509 0.700236
vt 0.882972 0.658747
vt 0.888741 0.700236
vt 0.877204 0.658747
vt 0.882972 0.700236
vt 0.871435 0.658747
vt 0.877204 0.700236
vt 0.865667 0.658747
vt 0.871435 0.700236
vt 0.859899 0.658747
vt 0.865667 0.700236
vt 0.854130 0.658747
vt 0.859899 0.700236
vt 0.848362 0.658747
vt 0.854130 0.700236
vt 0.842593 0.658747
vt 0.848362 0.700236
vt 0.836825 0.658747
vt 0.842593 0.700236
vt 0.831056 0.658747
vt 0.836825 0.700236
vt 0.825288 0.700236
vt 0.831056 0.700236
vt 0.825288 0.658747
vt 0.819520 0.700236
vt 0.819520 0.658747
vt 0.813751 0.700236
vt 0.813751 0.658747
vt 0.807983 0.700236
vt 0.807983 0.658747
vt 0.802214 0.700236
vt 0.802214 0.658747
vt 0.796446 0.700236
vt 0.796446 0.658747
vt 0.790677 0.700236
vt 0.790677 0.658747
vt 0.784909 0.700236
vt 0.784909 0.658747
vt 0.779141 0.700236
vt 0.779141 0.658747
vt 0.773372 0.700236
vt 0.773372 0.658747
vt 0.767604 0.700236
vt 0.767604 0.658747
vt 0.761835 0.700236
vt 0.761835 0.658747
vt 0.756067 0.700236
vt 0.756067 0.658747
vt 0.750298 0.700236
vt 0.865667 0.544122
vt 0.773372 0.682565
vt 0.910217 0.552728
vt 0.885196 0.546317
vt 0.868646 0.551020
vt 0.845609 0.597749
vt 0.854165 0.617636
vt 0.867270 0.628784
vt 0.912076 0.627234
vt 0.927255 0.611741
vt 0.932440 0.591403
vt 0.757196 0.570175
vt 0.774970 0.552728
vt 0.803925 0.547138
vt 0.834960 0.568799
vt 0.840145 0.589137
vt 0.833410 0.613605
vt 0.797579 0.633969
vt 0.776351 0.629520
vt 0.758904 0.611746
vt 0.931486 0.728712
vt 0.858643 0.558569
vt 0.846103 0.580633
vt 0.867265 0.627812
vt 0.892286 0.634222
vt 0.912156 0.627256
vt 0.931872 0.582791
vt 0.840747 0.590270
vt 0.837252 0.605946
vt 0.792901 0.634222
vt 0.773031 0.627256
vt 0.756428 0.608014
vt 0.768058 0.557639
vt 0.799446 0.547124
vt 0.823812 0.555694
vt 0.906485 0.550252
vt 0.885196 0.546317
vt 0.862275 0.556062
vt 0.851754 0.613685
vt 0.870997 0.630287
vt 0.900101 0.632002
vt 0.931887 0.587269
vt 0.830032 0.561698
vt 0.839348 0.584795
vt 0.809991 0.632233
vt 0.785086 0.632002
vt 0.760741 0.615490
vt 0.761870 0.562904
vt 0.778701 0.550252
vt 0.799991 0.546317
vt 0.934888 0.636417
vt 0.929751 0.604009
vt 0.927455 0.570986
vt 0.910212 0.551755
vt 0.858560 0.558562
vt 0.849491 0.610365
vt 0.879104 0.632908
vt 0.790971 0.547367
vt 0.819781 0.553306
vt 0.837456 0.576530
vt 0.817922 0.627812
vt 0.788967 0.633402
vt 0.769080 0.624845
vt 0.752684 0.591349
vt 0.929751 0.604009
vt 0.927455 0.570986
vt 0.910212 0.551755
vt 0.862275 0.556062
vt 0.846777 0.576725
vt 0.845609 0.597749
vt 0.766265 0.621978
vt 0.753314 0.582791
vt 0.768058 0.557639
vt 0.791348 0.546470
vt 0.837456 0.576530
vt 0.865667 0.728712
vt 0.795395 0.647017
vt 0.794678 0.647228
vt 0.797606 0.647228
vt 0.798267 0.647570
vt 0.794016 0.647570
vt 0.793436 0.648031
vt 0.798847 0.648031
vt 0.799323 0.648591
vt 0.792961 0.648591
vt 0.799676 0.649231
vt 0.792607 0.649231
vt 0.792389 0.649926
vt 0.799894 0.649926
vt 0.799968 0.650648
vt 0.792316 0.650648
vt 0.792389 0.651370
vt 0.799894 0.651370
vt 0.799676 0.652064
vt 0.792607 0.652064
vt 0.792961 0.652704
vt 0.799323 0.652704
vt 0.798847 0.653265
vt 0.793436 0.653265
vt 0.794016 0.653726
vt 0.798267 0.653726
vt 0.797606 0.654068
vt 0.794678 0.654068
vt 0.796888 0.654278
vt 0.891170 0.647570
vt 0.890509 0.647228
vt 0.911815 0.636417
vt 0.887581 0.647228
vt 0.886919 0.647570
vt 0.886340 0.648031
vt 0.891750 0.648031
vt 0.892226 0.648591
vt 0.885864 0.648591
vt 0.892580 0.649231
vt 0.885510 0.649231
vt 0.885293 0.649926
vt 0.892797 0.649926
vt 0.892871 0.650648
vt 0.885219 0.650648
vt 0.885293 0.651370
vt 0.892797 0.651370
vt 0.892580 0.652064
vt 0.885510 0.652064
vt 0.885864 0.652704
vt 0.892226 0.652704
vt 0.891750 0.653265
vt 0.886340 0.653265
vt 0.886919 0.653726
vt 0.891170 0.653726
vt 0.890509 0.654068
vt 0.887581 0.654068
vt 0.889791 0.654278
vt 0.888299 0.647018
vt 0.750298 0.658747
s 1
usemtl マテリアル.012
f 1135/1786/979 1137/1787/980 1139/1788/981
f 1138/1789/982 1139/1788/981 1141/1790/983
f 1143/1791/984 1141/1790/983 1142/1792/985
f 1143/1791/984 1142/1792/985 1145/1793/986
f 1144/1794/987 1145/1793/986 1147/1795/988
f 1152/1796/989 1153/1797/990 1154/1798/991
f 1158/1799/992 1157/1800/993 1160/1801/994
f 1165/1802/995 1166/1803/996 1168/1804/997
f 1167/1805/998 1168/1804/997 1170/1806/999
f 1171/1807/1000 1170/1806/999 1173/1808/1001
f 1177/1809/1002 1176/1810/1003 1157/1811/993
f 1179/1812/1004 1178/1800/1005 1181/1813/1006
f 1187/1814/1007 1186/1815/1008 1189/1816/1009
f 1188/1817/1010 1189/1816/1009 1192/1818/1011
f 1196/1819/1012 1197/1820/1013 1178/1821/1005
f 1207/1822/1014 1206/1823/1015 1208/1824/1016
f 1211/1825/1017 1212/1826/1018 1213/1827/1019
f 1214/1828/1020 1213/1827/1019 1215/1829/1021
f 1224/1830/1022 1225/1788/1023 1226/1831/1024
f 1231/1832/1025 1230/1833/1026 1232/1834/1027
f 1231/1832/1025 1232/1834/1027 1233/1835/1028
f 1234/1836/1029 1233/1835/1028 1235/1829/1021
f 1141/1837/983 1133/1838/1030 1148/1839/1031
f 1133/1840/1030 1134/1841/1032 1156/1842/1033
f 1146/1843/1034 1155/1844/1035 1138/1845/982
f 1137/1787/980 1134/1841/1032 1136/1846/1036
f 1148/1847/1031 1146/1848/1034 1147/1795/988
f 1138/1789/982 1135/1786/979 1139/1788/981
f 1140/1849/1037 1138/1789/982 1141/1790/983
f 1143/1791/984 1140/1849/1037 1141/1790/983
f 1144/1794/987 1143/1791/984 1145/1793/986
f 1146/1848/1034 1144/1794/987 1147/1795/988
f 1148/1847/1031 1150/1850/1038 1149/1851/1039
f 1153/1797/990 1150/1850/1038 1151/1852/1040
f 1133/1853/1030 1155/1854/1035 1154/1798/991
f 1155/1854/1035 1152/1796/989 1154/1798/991
f 1163/1855/1041 1175/1856/1042 1170/1857/999
f 1158/1858/992 1177/1809/1002 1157/1811/993
f 1159/1859/1043 1158/1799/992 1160/1801/994
f 1160/1801/994 1161/1860/1044 1159/1859/1043
f 1177/1861/1002 1162/1862/1045 1171/1863/1000
f 1163/1864/1041 1162/1865/1045 1161/1860/1044
f 1164/1866/1046 1165/1802/995 1162/1865/1045
f 1175/1867/1042 1172/1868/1047 1173/1808/1001
f 1167/1805/998 1165/1802/995 1168/1804/997
f 1169/1869/1048 1167/1805/998 1170/1806/999
f 1171/1807/1000 1169/1869/1048 1170/1806/999
f 1172/1868/1047 1171/1807/1000 1173/1808/1001
f 1175/1867/1042 1177/1809/1002 1174/1870/1049
f 1179/1858/1004 1198/1871/1050 1178/1821/1005
f 1184/1872/1051 1197/1873/1013 1193/1874/1052
f 1181/1813/1006 1180/1875/1053 1179/1812/1004
f 1196/1876/1012 1183/1877/1054 1190/1878/1055
f 1182/1879/1056 1183/1880/1054 1180/1875/1053
f 1184/1823/1051 1185/1881/1057 1183/1880/1054
f 1193/1882/1052 1190/1883/1055 1192/1818/1011
f 1187/1814/1007 1185/1881/1057 1186/1815/1008
f 1188/1817/1010 1187/1814/1007 1189/1816/1009
f 1190/1883/1055 1188/1817/1010 1192/1818/1011
f 1193/1882/1052 1194/1884/1058 1191/1885/1059
f 1195/1886/1060 1196/1819/1012 1194/1884/1058
f 1218/1887/1061 1199/1858/1062 1217/1888/1063
f 1198/1871/1050 1196/1819/1012 1178/1821/1005
f 1210/1889/1064 1202/1890/1065 1218/1891/1061
f 1216/1892/1066 1204/1893/1067 1207/1894/1014
f 1200/1895/1068 1201/1896/1069 1199/1897/1062
f 1202/1898/1065 1204/1899/1067 1201/1896/1069
f 1203/1900/1070 1205/1901/1071 1204/1899/1067
f 1208/1824/1016 1209/1902/1072 1207/1822/1014
f 1207/1822/1014 1205/1901/1071 1206/1823/1015
f 1212/1826/1018 1209/1902/1072 1210/1903/1064
f 1215/1829/1021 1217/1888/1063 1216/1904/1066
f 1214/1828/1020 1211/1825/1017 1213/1827/1019
f 1216/1904/1066 1214/1828/1020 1215/1829/1021
f 1238/1905/1061 1219/1858/1073 1237/1888/1063
f 1230/1906/1026 1222/1907/1074 1238/1908/1061
f 1223/1909/1075 1231/1910/1025 1236/1911/1076
f 1220/1895/1077 1221/1912/1078 1219/1897/1073
f 1222/1913/1074 1223/1914/1075 1221/1912/1078
f 1226/1831/1024 1227/1915/1079 1224/1830/1022
f 1224/1830/1022 1223/1914/1075 1225/1788/1023
f 1228/1916/1080 1229/1917/1081 1227/1915/1079
f 1235/1829/1021 1237/1888/1063 1236/1918/1076
f 1231/1832/1025 1229/1917/1081 1230/1833/1026
f 1234/1836/1029 1231/1832/1025 1233/1835/1028
f 1236/1918/1076 1234/1836/1029 1235/1829/1021
f 1239/1919/1082 1242/1920/1082 1241/1921/1082
f 1242/1920/1083 1245/1922/1083 1241/1921/1083
f 1246/1923/1084 1243/1924/1084 1245/1922/1084
f 1244/1925/1085 1239/1926/1085 1243/1924/1085
f 1241/1927/1086 1262/1928/1086 1276/1929/1086
f 1243/1924/1086 1254/1930/1086 1278/1931/1086
f 1240/1932/1087 1294/1933/1087 1310/1934/1087
f 1246/1923/1087 1286/1935/1087 1308/1936/1087
f 1276/1937/1088 1295/1938/1088 1308/1939/1088
f 1262/1940/1089 1297/1941/1089 1295/1938/1089
f 1275/1942/1090 1297/1941/1090 1264/1943/1090
f 1274/1944/1091 1307/1945/1091 1275/1942/1091
f 1271/1946/1092 1305/1947/1092 1274/1944/1092
f 1270/1948/1093 1304/1949/1093 1271/1946/1093
f 1267/1950/1094 1301/1951/1094 1270/1948/1094
f 1265/1952/1095 1299/1953/1095 1267/1950/1095
f 1266/1954/1096 1298/1955/1096 1265/1952/1096
f 1269/1956/1097 1300/1957/1097 1266/1954/1097
f 1268/1958/1098 1303/1959/1098 1269/1956/1098
f 1273/1960/1099 1302/1961/1099 1268/1958/1099
f 1272/1962/1100 1306/1963/1100 1273/1960/1100
f 1263/1964/1101 1309/1965/1101 1272/1962/1101
f 1261/1966/1102 1296/1967/1102 1263/1964/1102
f 1278/1968/1103 1294/1969/1103 1261/1966/1103
f 1254/1970/1104 1310/1971/1104 1278/1968/1104
f 1256/1972/1105 1287/1973/1105 1254/1970/1105
f 1256/1972/1106 1290/1974/1106 1289/1975/1106
f 1277/1976/1107 1291/1977/1107 1290/1974/1107
f 1258/1978/1108 1282/1979/1108 1291/1977/1108
f 1250/1980/1109 1283/1981/1109 1282/1979/1109
f 1251/1982/1110 1280/1983/1110 1283/1981/1110
f 1248/1984/1111 1279/1985/1111 1280/1983/1111
f 1247/1986/1112 1281/1987/1112 1279/1985/1112
f 1249/1988/1113 1284/1989/1113 1281/1987/1113
f 1252/1990/1114 1285/1991/1114 1284/1989/1114
f 1253/1992/1115 1292/1993/1115 1285/1991/1115
f 1259/1994/1116 1293/1995/1116 1292/1993/1116
f 1260/1996/1117 1288/1997/1117 1293/1995/1117
f 1257/1998/1118 1286/1999/1118 1288/1997/1118
f 1255/2000/1119 1308/2001/1119 1286/1999/1119
f 1312/2002/1120 1313/1921/1120 1311/1919/1120
f 1313/1921/1121 1318/1923/1121 1317/1922/1121
f 1317/1922/1122 1316/1925/1122 1315/1924/1122
f 1316/1925/1123 1311/1926/1123 1315/1924/1123
f 1317/1922/1124 1311/2003/1124 1313/1927/1124
f 1318/1923/1125 1312/1932/1125 1316/1925/1125
f 1148/1839/1031 1147/2004/988 1145/2005/986
f 1145/2005/986 1142/2006/985 1141/1837/983
f 1141/1837/983 1139/2007/981 1137/2008/980
f 1137/2008/980 1136/2009/1036 1133/1838/1030
f 1133/1838/1030 1154/2010/991 1153/2011/990
f 1153/2011/990 1151/2012/1040 1148/1839/1031
f 1148/1839/1031 1145/2005/986 1141/1837/983
f 1141/1837/983 1137/2008/980 1133/1838/1030
f 1133/1838/1030 1153/2011/990 1148/1839/1031
f 1133/1840/1030 1136/1846/1036 1134/1841/1032
f 1138/1845/982 1140/2013/1037 1143/2014/984
f 1143/2014/984 1144/2015/987 1146/1843/1034
f 1146/1843/1034 1149/2016/1039 1150/2017/1038
f 1150/2017/1038 1152/2018/989 1155/1844/1035
f 1155/1844/1035 1156/2019/1033 1134/2020/1032
f 1134/2020/1032 1135/2021/979 1138/1845/982
f 1138/1845/982 1143/2014/984 1146/1843/1034
f 1146/1843/1034 1150/2017/1038 1155/1844/1035
f 1155/1844/1035 1134/2020/1032 1138/1845/982
f 1137/1787/980 1135/1786/979 1134/1841/1032
f 1148/1847/1031 1149/1851/1039 1146/1848/1034
f 1148/1847/1031 1151/1852/1040 1150/1850/1038
f 1153/1797/990 1152/1796/989 1150/1850/1038
f 1133/1853/1030 1156/2022/1033 1155/1854/1035
f 1170/1857/999 1168/1889/997 1166/2023/996
f 1166/2023/996 1164/2024/1046 1163/1855/1041
f 1163/1855/1041 1160/2025/994 1157/2026/993
f 1157/2026/993 1176/2027/1003 1175/1856/1042
f 1175/1856/1042 1173/2028/1001 1170/1857/999
f 1170/1857/999 1166/2023/996 1163/1855/1041
f 1163/1855/1041 1157/2026/993 1175/1856/1042
f 1160/1801/994 1163/1864/1041 1161/1860/1044
f 1172/2029/1047 1174/2030/1049 1177/1861/1002
f 1177/1861/1002 1158/2031/992 1159/2032/1043
f 1159/2032/1043 1161/2033/1044 1162/1862/1045
f 1162/1862/1045 1165/2034/995 1167/2035/998
f 1167/2035/998 1169/2036/1048 1171/1863/1000
f 1171/1863/1000 1172/2029/1047 1177/1861/1002
f 1177/1861/1002 1159/2032/1043 1162/1862/1045
f 1162/1862/1045 1167/2035/998 1171/1863/1000
f 1163/1864/1041 1164/1866/1046 1162/1865/1045
f 1164/1866/1046 1166/1803/996 1165/1802/995
f 1175/1867/1042 1174/1870/1049 1172/1868/1047
f 1175/1867/1042 1176/1810/1003 1177/1809/1002
f 1193/1874/1052 1192/2037/1011 1189/2038/1009
f 1189/2038/1009 1186/2039/1008 1184/1872/1051
f 1184/1872/1051 1182/2040/1056 1181/2041/1006
f 1181/2041/1006 1178/2042/1005 1197/1873/1013
f 1197/1873/1013 1195/2043/1060 1193/1874/1052
f 1193/1874/1052 1189/2038/1009 1184/1872/1051
f 1184/1872/1051 1181/2041/1006 1197/1873/1013
f 1181/1813/1006 1182/1879/1056 1180/1875/1053
f 1191/2044/1059 1194/2045/1058 1196/1876/1012
f 1196/1876/1012 1198/2046/1050 1179/2047/1004
f 1179/2047/1004 1180/2048/1053 1183/1877/1054
f 1183/1877/1054 1185/2049/1057 1187/2050/1007
f 1187/2050/1007 1188/2051/1010 1190/1878/1055
f 1190/1878/1055 1191/2044/1059 1196/1876/1012
f 1196/1876/1012 1179/2047/1004 1183/1877/1054
f 1183/1877/1054 1187/2050/1007 1190/1878/1055
f 1182/1879/1056 1184/1823/1051 1183/1880/1054
f 1184/1823/1051 1186/1815/1008 1185/1881/1057
f 1193/1882/1052 1191/1885/1059 1190/1883/1055
f 1193/1882/1052 1195/1886/1060 1194/1884/1058
f 1195/1886/1060 1197/1820/1013 1196/1819/1012
f 1218/1887/1061 1200/2052/1068 1199/1858/1062
f 1218/1891/1061 1215/2053/1021 1213/2054/1019
f 1213/2054/1019 1212/2055/1018 1210/1889/1064
f 1210/1889/1064 1208/2056/1016 1206/1872/1015
f 1206/1872/1015 1203/2057/1070 1202/1890/1065
f 1202/1890/1065 1200/2058/1068 1218/1891/1061
f 1218/1891/1061 1213/2054/1019 1210/1889/1064
f 1210/1889/1064 1206/1872/1015 1202/1890/1065
f 1207/1894/1014 1209/2059/1072 1211/2060/1017
f 1211/2060/1017 1214/2061/1020 1216/1892/1066
f 1216/1892/1066 1217/2062/1063 1199/2063/1062
f 1199/2063/1062 1201/2064/1069 1204/1893/1067
f 1204/1893/1067 1205/2065/1071 1207/1894/1014
f 1207/1894/1014 1211/2060/1017 1216/1892/1066
f 1216/1892/1066 1199/2063/1062 1204/1893/1067
f 1200/1895/1068 1202/1898/1065 1201/1896/1069
f 1202/1898/1065 1203/1900/1070 1204/1899/1067
f 1203/1900/1070 1206/1823/1015 1205/1901/1071
f 1208/1824/1016 1210/1903/1064 1209/1902/1072
f 1212/1826/1018 1211/1825/1017 1209/1902/1072
f 1215/1829/1021 1218/1887/1061 1217/1888/1063
f 1238/1905/1061 1220/2052/1077 1219/1858/1073
f 1238/1908/1061 1235/2066/1021 1233/2067/1028
f 1233/2067/1028 1232/2068/1027 1230/1906/1026
f 1230/1906/1026 1228/2069/1080 1226/2070/1024
f 1226/2070/1024 1225/2071/1023 1222/1907/1074
f 1222/1907/1074 1220/2058/1077 1238/1908/1061
f 1238/1908/1061 1233/2067/1028 1230/1906/1026
f 1230/1906/1026 1226/2070/1024 1222/1907/1074
f 1236/1911/1076 1237/2062/1063 1219/2063/1073
f 1219/2063/1073 1221/2072/1078 1223/1909/1075
f 1223/1909/1075 1224/2073/1022 1227/2074/1079
f 1227/2074/1079 1229/2075/1081 1231/1910/1025
f 1231/1910/1025 1234/2076/1029 1236/1911/1076
f 1236/1911/1076 1219/2063/1073 1223/1909/1075
f 1223/1909/1075 1227/2074/1079 1231/1910/1025
f 1220/1895/1077 1222/1913/1074 1221/1912/1078
f 1222/1913/1074 1225/1788/1023 1223/1914/1075
f 1226/1831/1024 1228/1916/1080 1227/1915/1079
f 1228/1916/1080 1230/1833/1026 1229/1917/1081
f 1235/1829/1021 1238/1905/1061 1237/1888/1063
f 1239/1919/1082 1240/2002/1082 1242/1920/1082
f 1242/1920/1083 1246/1923/1083 1245/1922/1083
f 1246/1923/1084 1244/1925/1084 1243/1924/1084
f 1244/1925/1085 1240/2077/1085 1239/1926/1085
f 1255/2078/1086 1257/2079/1086 1241/1927/1086
f 1241/1927/1086 1245/1922/1086 1264/2080/1086
f 1241/1927/1086 1264/2080/1086 1262/1928/1086
f 1276/1929/1086 1255/2078/1086 1241/1927/1086
f 1275/2081/1086 1264/2080/1086 1245/1922/1086
f 1241/1927/1086 1257/2079/1086 1260/2082/1086
f 1241/1927/1086 1260/2082/1086 1259/2083/1086
f 1274/2084/1086 1275/2081/1086 1245/1922/1086
f 1271/2085/1086 1274/2084/1086 1245/1922/1086
f 1239/2003/1086 1241/1927/1086 1259/2083/1086
f 1239/2003/1086 1259/2083/1086 1253/2086/1126
f 1271/2085/1086 1245/1922/1086 1243/1924/1086
f 1270/2087/1086 1271/2085/1086 1243/1924/1086
f 1239/2003/1086 1253/2086/1126 1252/2088/1086
f 1239/2003/1086 1252/2088/1086 1249/2089/1086
f 1267/2090/1086 1270/2087/1086 1243/1924/1086
f 1265/2091/1086 1267/2090/1086 1243/1924/1086
f 1239/2003/1086 1249/2089/1086 1247/2092/1086
f 1239/2003/1086 1247/2092/1086 1248/2093/1086
f 1266/2094/1086 1265/2091/1086 1243/1924/1086
f 1269/2095/1086 1266/2094/1086 1243/1924/1086
f 1239/2003/1086 1248/2093/1086 1251/2096/1086
f 1239/2003/1086 1251/2096/1086 1250/2097/1086
f 1268/2098/1086 1269/2095/1086 1243/1924/1086
f 1273/2099/1086 1268/2098/1086 1243/1924/1086
f 1239/2003/1086 1250/2097/1086 1258/2100/1086
f 1239/2003/1086 1258/2100/1086 1277/2101/1086
f 1272/2102/1086 1273/2099/1086 1243/1924/1086
f 1263/2103/1086 1272/2102/1086 1243/1924/1086
f 1243/1924/1086 1239/2003/1086 1277/2101/1086
f 1243/1924/1086 1277/2101/1086 1256/2104/1086
f 1261/2105/1086 1263/2103/1086 1243/1924/1086
f 1278/1931/1086 1261/2105/1086 1243/1924/1086
f 1243/1924/1086 1256/2104/1086 1254/1930/1086
f 1293/2106/1087 1288/2107/1087 1242/2108/1087
f 1246/1923/1087 1297/2109/1087 1307/2110/1087
f 1246/1923/1087 1307/2110/1087 1305/2111/1087
f 1292/2112/1087 1293/2106/1087 1242/2108/1087
f 1285/2113/1087 1292/2112/1087 1242/2108/1087
f 1244/1925/1087 1246/1923/1087 1305/2111/1087
f 1244/1925/1087 1305/2111/1087 1304/2114/1087
f 1285/2113/1087 1242/2108/1087 1240/1932/1087
f 1284/2115/1087 1285/2113/1087 1240/1932/1087
f 1244/1925/1087 1304/2114/1087 1301/2116/1087
f 1244/1925/1087 1301/2116/1087 1299/2117/1087
f 1281/2118/1087 1284/2115/1087 1240/1932/1087
f 1279/2119/1087 1281/2118/1087 1240/1932/1087
f 1244/1925/1087 1299/2117/1087 1298/2120/1087
f 1244/1925/1087 1298/2120/1087 1300/2121/1087
f 1280/2122/1087 1279/2119/1087 1240/1932/1087
f 1283/2123/1087 1280/2122/1087 1240/1932/1087
f 1244/1925/1087 1300/2121/1087 1303/2124/1087
f 1244/1925/1087 1303/2124/1087 1302/2125/1087
f 1282/2126/1087 1283/2123/1087 1240/1932/1087
f 1291/2127/1087 1282/2126/1087 1240/1932/1087
f 1244/1925/1087 1302/2125/1087 1306/2128/1087
f 1244/1925/1087 1306/2128/1087 1309/2129/1087
f 1290/2130/1087 1291/2127/1087 1240/1932/1087
f 1289/2131/1087 1290/2130/1087 1240/1932/1087
f 1240/1932/1087 1244/1925/1087 1309/2129/1087
f 1240/1932/1087 1309/2129/1087 1296/2132/1087
f 1287/2133/1087 1289/2131/1087 1240/1932/1087
f 1310/1934/1087 1287/2133/1087 1240/1932/1087
f 1240/1932/1087 1296/2132/1087 1294/1933/1087
f 1295/2134/1087 1297/2109/1087 1246/1923/1087
f 1246/1923/1087 1242/2108/1087 1288/2107/1087
f 1246/1923/1087 1288/2107/1087 1286/1935/1087
f 1308/1936/1087 1295/2134/1087 1246/1923/1087
f 1276/1937/1088 1262/1940/1088 1295/1938/1088
f 1262/1940/1089 1264/1943/1089 1297/1941/1089
f 1275/1942/1090 1307/1945/1090 1297/1941/1090
f 1274/1944/1091 1305/1947/1091 1307/1945/1091
f 1271/1946/1092 1304/1949/1092 1305/1947/1092
f 1270/1948/1093 1301/1951/1093 1304/1949/1093
f 1267/1950/1094 1299/1953/1094 1301/1951/1094
f 1265/1952/1095 1298/1955/1095 1299/1953/1095
f 1266/1954/1096 1300/1957/1096 1298/1955/1096
f 1269/1956/1097 1303/1959/1097 1300/1957/1097
f 1268/1958/1098 1302/1961/1098 1303/1959/1098
f 1273/1960/1099 1306/1963/1099 1302/1961/1099
f 1272/1962/1100 1309/1965/1100 1306/1963/1100
f 1263/1964/1101 1296/1967/1101 1309/1965/1101
f 1261/1966/1102 1294/1969/1102 1296/1967/1102
f 1278/1968/1103 1310/1971/1103 1294/1969/1103
f 1254/1970/1104 1287/1973/1104 1310/1971/1104
f 1256/1972/1105 1289/1975/1105 1287/1973/1105
f 1256/1972/1106 1277/1976/1106 1290/1974/1106
f 1277/1976/1107 1258/1978/1107 1291/1977/1107
f 1258/1978/1108 1250/1980/1108 1282/1979/1108
f 1250/1980/1109 1251/1982/1109 1283/1981/1109
f 1251/1982/1110 1248/1984/1110 1280/1983/1110
f 1248/1984/1111 1247/1986/1111 1279/1985/1111
f 1247/1986/1112 1249/1988/1112 1281/1987/1112
f 1249/1988/1113 1252/1990/1113 1284/1989/1113
f 1252/1990/1114 1253/1992/1114 1285/1991/1114
f 1253/1992/1115 1259/1994/1115 1292/1993/1115
f 1259/1994/1116 1260/1996/1116 1293/1995/1116
f 1260/1996/1117 1257/1998/1117 1288/1997/1117
f 1257/1998/1118 1255/2000/1118 1286/1999/1118
f 1255/2000/1119 1276/2135/1119 1308/2001/1119
f 1312/2002/1120 1314/1920/1120 1313/1921/1120
f 1313/1921/1121 1314/1920/1121 1318/1923/1121
f 1317/1922/1122 1318/1923/1122 1316/1925/1122
f 1316/1925/1123 1312/2077/1123 1311/1926/1123
f 1317/1922/1124 1315/1924/1124 1311/2003/1124
f 1318/1923/1125 1314/2108/1125 1312/1932/1125
o 立方体.001
v 82.845734 -18.954666 42.887657
v 82.682617 -18.954674 42.929329
v 82.845757 66.417641 42.887650
v 61.204075 -18.954666 -41.837967
v 61.040955 -18.954674 -41.796299
v 61.204094 66.417641 -41.837971
v 61.040970 66.417641 -41.796307
v 82.682632 66.417641 42.929317
v -54.636330 -17.594048 -59.601662
v -54.681580 -17.594063 -59.763824
v -54.636314 66.347527 -59.601665
v 8.916073 -17.594070 -78.597809
v 8.870823 -17.594078 -78.759979
v 8.916092 66.347511 -78.597824
v 8.870838 66.347504 -78.759987
v -54.681549 66.347519 -59.763824
v -99.394547 -18.954636 59.065163
v -99.552704 -18.954628 59.007423
v -99.394531 66.417694 59.065155
v -56.134834 -18.954651 -59.420856
v -56.292984 -18.954651 -59.478580
v -56.134819 66.417679 -59.420853
v -56.292969 66.417679 -59.478596
v -99.552689 66.417694 59.007416
v 60.386002 62.311707 -37.864376
v 60.386040 66.688263 -37.865910
v 61.533718 62.311646 -38.012222
v 61.533756 66.688202 -38.013756
v 81.222824 62.328106 43.700432
v 81.222862 66.704659 43.698898
v 82.370537 62.328045 43.552589
v 82.370575 66.704597 43.551056
v -54.650574 62.323280 -58.531357
v -54.650566 66.699837 -58.531357
v -54.835510 62.323280 -59.673683
v -54.835503 66.699837 -59.673683
v 6.157787 62.323265 -76.483917
v 6.157787 66.699821 -76.483925
v 5.972843 62.323265 -77.626244
v 5.972843 66.699821 -77.626251
v 14.576206 62.323265 -73.687843
v 14.576202 66.699821 -73.687851
v 15.390255 62.323265 -74.510307
v 15.390255 66.699821 -74.510307
v 53.163952 62.323257 -44.113140
v 53.163956 66.699814 -44.113140
v 53.978001 62.323257 -44.935596
v 53.978004 66.699814 -44.935596
v -53.306549 62.311737 -59.418861
v -53.306198 66.688293 -59.420364
v -52.152458 62.311676 -59.334053
v -52.152107 66.688232 -59.335548
v -101.581314 62.328156 65.926704
v -101.580963 66.704712 65.925209
v -100.427216 62.328094 66.011528
v -100.426865 66.704643 66.010033
vn -0.0000 -1.0000 -0.0000
vn 0.2475 -0.0000 0.9689
vn 0.9689 -0.0000 -0.2475
vn -0.2474 -0.0000 -0.9689
vn -0.2475 -0.0000 -0.9689
vn 0.0001 1.0000 -0.0000
vn -0.0000 1.0000 -0.0000
vn -0.9689 -0.0000 0.2475
vn -0.0000 -1.0000 0.0001
vn -0.9632 -0.0000 0.2687
vn 0.2864 -0.0000 0.9581
vn 0.9632 -0.0000 -0.2688
vn -0.2864 -0.0000 -0.9581
vn -0.3429 -0.0000 0.9394
vn 0.9393 -0.0000 0.3430
vn 0.3430 -0.0000 -0.9393
vn 0.3429 -0.0000 -0.9394
vn -0.9393 -0.0000 -0.3430
vn -0.1278 -0.0003 -0.9918
vn 0.9689 -0.0001 -0.2475
vn 0.1278 0.0003 0.9918
vn -0.9689 0.0001 0.2475
vn -0.0000 -1.0000 0.0002
vn -0.0000 1.0000 -0.0002
vn -0.9871 -0.0000 0.1598
vn -0.2831 -0.0000 -0.9591
vn -0.2832 -0.0000 -0.9591
vn 0.9871 -0.0000 -0.1598
vn 0.2832 -0.0000 0.9591
vn 0.2831 -0.0000 0.9591
vn -0.7107 -0.0000 -0.7035
vn 0.6083 -0.0000 -0.7937
vn 0.7107 -0.0000 0.7035
vn -0.6083 -0.0000 0.7937
vn 0.0733 -0.0003 -0.9973
vn 0.9332 -0.0000 0.3594
vn -0.0733 0.0003 0.9973
vn -0.9332 -0.0000 -0.3594
vn -0.0001 -1.0000 0.0001
vn 0.0001 1.0000 -0.0001
vt 0.588457 0.626953
vt 0.546621 0.668789
vt 0.546621 0.626953
vt 0.630293 0.543281
vt 0.588457 0.585117
vt 0.588457 0.543281
vt 0.630293 0.668789
vt 0.588457 0.710625
vt 0.588457 0.668789
vt 0.630293 0.626953
vt 0.672129 0.626953
vt 0.630293 0.585117
vt 0.672129 0.668789
vt 0.630293 0.710625
s 1
usemtl マテリアル.013
f 1323/2136/1127 1319/2137/1127 1320/2138/1127
f 1321/2139/1128 1320/2140/1128 1319/2141/1128
f 1324/2142/1129 1319/2143/1129 1322/2144/1129
f 1325/2145/1130 1322/2144/1131 1323/2136/1131
f 1326/2146/1132 1324/2142/1133 1325/2145/1133
f 1326/2147/1134 1323/2136/1134 1320/2140/1134
f 1328/2138/1135 1330/2144/1127 1327/2137/1135
f 1327/2141/1136 1334/2147/1136 1328/2140/1136
f 1332/2142/1137 1327/2143/1137 1330/2144/1137
f 1333/2145/1138 1330/2144/1138 1331/2136/1138
f 1334/2146/1133 1332/2142/1133 1333/2145/1133
f 1334/2147/1139 1331/2136/1139 1328/2140/1139
f 1337/2139/1140 1336/2140/1140 1335/2141/1140
f 1336/2138/1127 1338/2144/1127 1335/2137/1127
f 1340/2142/1141 1335/2143/1141 1338/2144/1141
f 1341/2145/1142 1338/2144/1143 1339/2136/1143
f 1341/2145/1133 1337/2148/1133 1340/2142/1133
f 1342/2147/1144 1339/2136/1144 1336/2140/1144
f 1344/2139/1145 1345/2140/1145 1343/2141/1145
f 1345/2140/1146 1350/2145/1146 1349/2136/1146
f 1349/2136/1147 1348/2142/1147 1347/2144/1147
f 1348/2142/1148 1343/2143/1148 1347/2144/1148
f 1345/2138/1149 1347/2144/1149 1343/2137/1149
f 1346/2146/1150 1348/2142/1150 1350/2145/1150
f 1351/2141/1151 1354/2147/1151 1353/2140/1151
f 1354/2147/1152 1357/2136/1153 1353/2140/1152
f 1357/2136/1154 1356/2142/1154 1355/2144/1154
f 1355/2144/1155 1352/2149/1156 1351/2143/1156
f 1353/2138/1127 1355/2144/1127 1351/2137/1127
f 1354/2146/1133 1356/2142/1133 1358/2145/1133
f 1360/2139/1157 1361/2140/1157 1359/2141/1157
f 1362/2147/1158 1365/2136/1158 1361/2140/1158
f 1366/2145/1159 1363/2144/1159 1365/2136/1159
f 1364/2142/1160 1359/2143/1160 1363/2144/1160
f 1361/2138/1127 1363/2144/1127 1359/2137/1127
f 1362/2146/1133 1364/2142/1133 1366/2145/1133
f 1368/2139/1161 1369/2140/1161 1367/2141/1161
f 1369/2140/1162 1374/2145/1162 1373/2136/1162
f 1374/2145/1163 1371/2144/1163 1373/2136/1163
f 1372/2142/1164 1367/2143/1164 1371/2144/1164
f 1373/2136/1165 1367/2137/1165 1369/2138/1165
f 1374/2145/1166 1368/2148/1166 1372/2142/1166
f 1323/2136/1127 1322/2144/1127 1319/2137/1127
f 1321/2139/1128 1326/2147/1128 1320/2140/1128
f 1324/2142/1129 1321/2149/1129 1319/2143/1129
f 1325/2145/1130 1324/2142/1130 1322/2144/1131
f 1326/2146/1132 1321/2148/1132 1324/2142/1133
f 1326/2147/1134 1325/2145/1134 1323/2136/1134
f 1328/2138/1135 1331/2136/1127 1330/2144/1127
f 1327/2141/1136 1329/2139/1136 1334/2147/1136
f 1332/2142/1137 1329/2149/1137 1327/2143/1137
f 1333/2145/1138 1332/2142/1138 1330/2144/1138
f 1334/2146/1133 1329/2148/1133 1332/2142/1133
f 1334/2147/1139 1333/2145/1139 1331/2136/1139
f 1337/2139/1140 1342/2147/1140 1336/2140/1140
f 1336/2138/1127 1339/2136/1127 1338/2144/1127
f 1340/2142/1141 1337/2149/1141 1335/2143/1141
f 1341/2145/1142 1340/2142/1142 1338/2144/1143
f 1341/2145/1133 1342/2146/1133 1337/2148/1133
f 1342/2147/1144 1341/2145/1144 1339/2136/1144
f 1344/2139/1145 1346/2147/1145 1345/2140/1145
f 1345/2140/1146 1346/2147/1146 1350/2145/1146
f 1349/2136/1147 1350/2145/1147 1348/2142/1147
f 1348/2142/1148 1344/2149/1148 1343/2143/1148
f 1345/2138/1149 1349/2136/1149 1347/2144/1149
f 1346/2146/1150 1344/2148/1150 1348/2142/1150
f 1351/2141/1151 1352/2139/1151 1354/2147/1151
f 1354/2147/1152 1358/2145/1153 1357/2136/1153
f 1357/2136/1154 1358/2145/1154 1356/2142/1154
f 1355/2144/1155 1356/2142/1155 1352/2149/1156
f 1353/2138/1127 1357/2136/1127 1355/2144/1127
f 1354/2146/1133 1352/2148/1133 1356/2142/1133
f 1360/2139/1157 1362/2147/1157 1361/2140/1157
f 1362/2147/1158 1366/2145/1158 1365/2136/1158
f 1366/2145/1159 1364/2142/1159 1363/2144/1159
f 1364/2142/1160 1360/2149/1160 1359/2143/1160
f 1361/2138/1127 1365/2136/1127 1363/2144/1127
f 1362/2146/1133 1360/2148/1133 1364/2142/1133
f 1368/2139/1161 1370/2147/1161 1369/2140/1161
f 1369/2140/1162 1370/2147/1162 1374/2145/1162
f 1374/2145/1163 1372/2142/1163 1371/2144/1163
f 1372/2142/1164 1368/2149/1164 1367/2143/1164
f 1373/2136/1165 1371/2144/1165 1367/2137/1165
f 1374/2145/1166 1370/2146/1166 1368/2148/1166
o 立方体.003
v -39.116844 24.322777 -47.026711
v -41.489563 24.322777 -54.412441
v -39.116844 25.961479 -47.026711
v 6.252514 24.322777 -61.601940
v 3.879795 24.322777 -68.987671
v 6.252514 25.961479 -61.601940
v 3.879795 25.961479 -68.987671
v -41.489563 25.961479 -54.412441
v -38.875465 14.022989 -48.263584
v -40.572983 14.022989 -53.547577
v -38.875465 25.084192 -48.263584
v 5.335976 14.022989 -62.466824
v 3.638456 14.022989 -67.750816
v 5.335976 25.084192 -62.466824
v 3.638456 25.084192 -67.750816
v -40.572983 25.084192 -53.547577
v -52.606743 15.252323 -24.897640
v -51.625046 15.252323 -26.316555
v -50.503731 15.252323 -27.573397
v -49.285881 15.252323 -28.619871
v -48.018303 15.252323 -29.415754
v -46.749702 15.252323 -29.930470
v -45.528839 15.252323 -30.144230
v -44.402626 15.252323 -30.048832
v -43.414349 15.252323 -29.647930
v -42.601974 15.252323 -28.956932
v -41.749924 15.252323 -27.462732
v -41.491817 15.252323 -25.458157
v -41.734474 15.252323 -23.194809
v -42.572556 15.252323 -20.827213
v -43.376900 15.252323 -19.300755
v -44.358597 15.252323 -17.881844
v -45.479919 15.252323 -16.625000
v -46.697769 15.252323 -15.578529
v -47.965347 15.252323 -14.782642
v -49.233940 15.252323 -14.267925
v -50.454803 15.252323 -14.054165
v -51.581017 15.252323 -14.149567
v -52.569298 15.252323 -14.550472
v -53.381676 15.252323 -15.241467
v -53.986916 15.252323 -16.196003
v -54.361771 15.252323 -17.377392
v -54.491829 15.252323 -18.740242
v -54.372101 15.252323 -20.232170
v -54.007179 15.252323 -21.795849
v -53.411087 15.252323 -23.371189
v -53.120392 15.229520 -26.016571
v -47.725883 15.229520 -30.701859
v -48.780632 16.676945 -30.186363
v -42.456223 15.229520 -30.353731
v -43.231438 16.676945 -30.823812
v -40.456078 15.229520 -25.138432
v -40.486580 16.676945 -26.312016
v -42.147263 16.676945 -19.362568
v -42.863258 15.229520 -18.181828
v -48.257759 15.229521 -13.496540
v -47.203014 16.676947 -14.012035
v -53.527428 15.229520 -13.844666
v -52.752205 16.676945 -13.374584
v -55.527573 15.229520 -19.059967
v -55.497063 16.676945 -17.886383
v -53.836380 16.676945 -24.835827
v -50.684380 15.259162 -27.489544
v -51.532349 28.498657 -26.539095
v -46.267494 15.259162 -30.225742
v -47.180641 28.498657 -29.958534
v -43.036148 15.259162 -29.429562
v -43.782822 28.498657 -29.882339
v -41.397781 15.259162 -26.451864
v -41.582989 28.498657 -27.385105
v -42.418091 15.259162 -21.012302
v -41.967316 28.498657 -22.203602
v -44.451317 28.498657 -17.659309
v -45.299278 15.259162 -16.708858
v -49.716164 15.259162 -13.972660
v -48.803017 28.498657 -14.239872
v -52.947502 15.259162 -14.768841
v -52.200829 28.498657 -14.316063
v -54.585876 15.259162 -17.746540
v -54.400665 28.498657 -16.813301
v -53.565567 15.259162 -23.186100
v -54.016335 28.498657 -21.994801
v -53.120399 28.475855 -26.016571
v -47.725887 28.475855 -30.701862
v -48.780640 29.923279 -30.186365
v -42.456226 28.475855 -30.353733
v -43.231441 29.923279 -30.823814
v -40.456081 28.475855 -25.138435
v -40.486588 29.923281 -26.312019
v -42.147270 29.923281 -19.362572
v -42.863258 28.475857 -18.181835
v -48.257767 28.475857 -13.496540
v -47.203018 29.923281 -14.012039
v -53.527428 28.475857 -13.844669
v -52.752220 29.923281 -13.374588
v -55.527580 28.475855 -19.059967
v -55.497070 29.923281 -17.886387
v -53.836388 29.923281 -24.835835
vn -0.0000 -1.0000 -0.0000
vn -0.9521 -0.0000 0.3059
vn 0.3059 -0.0000 0.9521
vn 0.9521 -0.0000 -0.3059
vn -0.0000 1.0000 -0.0000
vn -0.3059 -0.0000 -0.9521
vn -0.4109 0.6180 -0.6703
vn -0.2149 -0.5948 -0.7746
vn -0.6192 -0.6256 -0.4745
vn 0.2914 0.5778 -0.7624
vn 0.5413 -0.5778 -0.6109
vn 0.7862 0.5948 -0.1676
vn 0.7843 -0.6180 0.0545
vn 0.7070 0.6256 0.3297
vn 0.6192 -0.6256 0.4745
vn 0.4109 0.6180 0.6703
vn 0.2149 -0.5948 0.7746
vn -0.2914 0.5778 0.7624
vn -0.5413 -0.5778 0.6109
vn -0.7862 0.5948 0.1676
vn -0.7843 -0.6180 -0.0545
vn -0.7070 0.6256 -0.3297
vn -0.5680 0.6688 -0.4796
vn -0.5184 -0.6667 -0.5355
vn -0.6879 -0.6688 -0.2820
vn -0.2433 0.6440 -0.7253
vn -0.1204 -0.6356 -0.7626
vn 0.3267 0.6337 -0.7012
vn 0.4707 -0.6337 -0.6139
vn 0.7319 0.6356 -0.2458
vn 0.7556 -0.6440 -0.1195
vn 0.7145 0.6667 0.2122
vn 0.6878 -0.6689 0.2820
vn 0.5680 0.6689 0.4796
vn 0.5185 -0.6667 0.5355
vn 0.2433 0.6440 0.7253
vn 0.1204 -0.6356 0.7626
vn -0.3267 0.6337 0.7012
vn -0.4707 -0.6337 0.6139
vn -0.7319 0.6356 0.2458
vn -0.7556 -0.6440 0.1195
vn -0.7145 0.6667 -0.2122
vt 0.345418 0.640625
vt 0.297972 0.688071
vt 0.297972 0.640625
vt 0.392864 0.545733
vt 0.345418 0.593179
vt 0.345418 0.545733
vt 0.392864 0.688071
vt 0.345418 0.735517
vt 0.345418 0.688071
vt 0.392864 0.640625
vt 0.440309 0.640625
vt 0.392864 0.593179
vt 0.442577 0.735517
vt 0.438368 0.640625
vt 0.460112 0.640625
vt 0.418718 0.735517
vt 0.414456 0.640625
vt 0.394805 0.735517
vt 0.390596 0.640625
vt 0.371213 0.735517
vt 0.367068 0.640625
vt 0.347686 0.735517
vt 0.343477 0.640625
vt 0.323826 0.735517
vt 0.319564 0.640625
vt 0.299913 0.735517
vt 0.295704 0.640625
vt 0.278170 0.735517
vt 0.277738 0.640625
vt 0.457324 0.735517
vt 0.452949 0.640625
vt 0.464032 0.640625
vt 0.436482 0.735517
vt 0.432276 0.640625
vt 0.419019 0.735517
vt 0.414154 0.640625
vt 0.400897 0.735517
vt 0.396691 0.640625
vt 0.380224 0.735517
vt 0.375849 0.640625
vt 0.362432 0.735517
vt 0.358057 0.640625
vt 0.341590 0.735517
vt 0.337384 0.640625
vt 0.324127 0.735517
vt 0.319262 0.640625
vt 0.306006 0.735517
vt 0.301799 0.640625
vt 0.285333 0.735517
vt 0.280957 0.640625
vt 0.277738 0.640625
vt 0.277022 0.584293
vt 0.312809 0.637852
vt 0.366368 0.602065
vt 0.460543 0.735517
vt 0.292695 0.559471
vt 0.355086 0.563810
vt 0.350694 0.626887
vt 0.445586 0.559471
vt 0.383195 0.563810
vt 0.387587 0.626887
vt 0.286524 0.565969
vt 0.366884 0.596824
vt 0.331603 0.637017
vt 0.274249 0.735517
vt 0.406679 0.637017
vt 0.451757 0.565969
vt 0.400470 0.551225
vt 0.383195 0.563810
vt 0.392864 0.735517
vt 0.440309 0.688071
vt 0.366368 0.584293
vt 0.361671 0.571811
vt 0.353902 0.560972
vt 0.343063 0.553203
vt 0.330581 0.548506
vt 0.321695 0.547631
vt 0.312809 0.548506
vt 0.304264 0.551098
vt 0.296390 0.555307
vt 0.289487 0.560972
vt 0.283823 0.567874
vt 0.279614 0.575749
vt 0.276147 0.593179
vt 0.277022 0.602065
vt 0.279614 0.610610
vt 0.283823 0.618484
vt 0.289487 0.625386
vt 0.296390 0.631051
vt 0.304264 0.635260
vt 0.321695 0.638727
vt 0.330581 0.637852
vt 0.339125 0.635260
vt 0.347000 0.631051
vt 0.353902 0.625386
vt 0.359567 0.618484
vt 0.363776 0.610610
vt 0.367243 0.593179
vt 0.318654 0.637548
vt 0.288303 0.622548
vt 0.277343 0.590053
vt 0.324735 0.548810
vt 0.366047 0.596305
vt 0.419627 0.637548
vt 0.449978 0.622548
vt 0.460939 0.590053
vt 0.413546 0.548810
vt 0.372235 0.596305
vt 0.305578 0.635133
vt 0.283097 0.615259
vt 0.276506 0.589534
vt 0.311787 0.549341
vt 0.337812 0.551225
vt 0.360293 0.571099
vt 0.356865 0.620389
vt 0.377988 0.571099
vt 0.371397 0.596824
vt 0.381416 0.620389
vt 0.432703 0.635133
vt 0.455185 0.615259
vt 0.461776 0.589534
vt 0.426494 0.549341
s 1
usemtl マテリアル.021
f 1379/2150/1167 1375/2151/1167 1376/2152/1167
f 1377/2153/1168 1376/2154/1168 1375/2155/1168
f 1380/2156/1169 1375/2157/1169 1378/2158/1169
f 1381/2159/1170 1378/2158/1170 1379/2150/1170
f 1382/2160/1171 1380/2156/1171 1381/2159/1171
f 1382/2161/1172 1379/2150/1172 1376/2154/1172
f 1387/2150/1167 1383/2151/1167 1384/2152/1167
f 1385/2153/1168 1384/2154/1168 1383/2155/1168
f 1388/2156/1169 1383/2157/1169 1386/2158/1169
f 1389/2159/1170 1386/2158/1170 1387/2150/1170
f 1390/2160/1171 1388/2156/1171 1389/2159/1171
f 1390/2161/1172 1387/2150/1172 1384/2154/1172
f 1423/2162/1173 1422/2163/1174 1421/2164/1175
f 1425/2165/1176 1424/2166/1177 1422/2163/1174
f 1427/2167/1178 1426/2168/1179 1424/2166/1177
f 1428/2169/1180 1429/2170/1181 1426/2168/1179
f 1431/2171/1182 1430/2172/1183 1429/2170/1181
f 1433/2173/1184 1432/2174/1185 1430/2172/1183
f 1435/2175/1186 1434/2176/1187 1432/2174/1185
f 1436/2177/1188 1421/2178/1175 1434/2176/1187
f 1438/2179/1189 1437/2180/1190 1455/2181/1191
f 1440/2182/1192 1439/2183/1193 1437/2180/1190
f 1442/2184/1194 1441/2185/1195 1439/2183/1193
f 1444/2186/1196 1443/2187/1197 1441/2185/1195
f 1446/2188/1198 1445/2189/1199 1443/2187/1197
f 1447/2190/1200 1448/2191/1201 1445/2189/1199
f 1450/2192/1202 1449/2193/1203 1448/2191/1201
f 1452/2194/1204 1451/2195/1205 1449/2193/1203
f 1454/2196/1206 1453/2197/1207 1451/2195/1205
f 1456/2198/1208 1455/2199/1191 1453/2197/1207
f 1459/2162/1173 1458/2163/1174 1457/2164/1175
f 1461/2165/1176 1460/2166/1177 1458/2163/1174
f 1463/2167/1178 1462/2168/1179 1460/2166/1177
f 1464/2169/1180 1465/2170/1181 1462/2168/1179
f 1467/2171/1182 1466/2172/1183 1465/2170/1181
f 1469/2173/1184 1468/2174/1185 1466/2172/1183
f 1471/2175/1186 1470/2176/1187 1468/2174/1185
f 1472/2177/1188 1457/2200/1175 1470/2176/1187
f 1412/2201/1167 1420/2202/1167 1398/2203/1167
f 1436/2204/1188 1423/2162/1173 1421/2164/1175
f 1423/2162/1173 1425/2165/1176 1422/2163/1174
f 1425/2165/1176 1427/2167/1178 1424/2166/1177
f 1427/2167/1178 1428/2169/1180 1426/2168/1179
f 1428/2169/1180 1431/2171/1182 1429/2170/1181
f 1431/2171/1182 1433/2173/1184 1430/2172/1183
f 1433/2173/1184 1435/2175/1186 1432/2174/1185
f 1435/2175/1186 1436/2177/1188 1434/2176/1187
f 1431/2205/1182 1427/2206/1178 1423/2207/1173
f 1426/2208/1179 1430/2209/1183 1434/2210/1187
f 1438/2179/1189 1440/2182/1192 1437/2180/1190
f 1440/2182/1192 1442/2184/1194 1439/2183/1193
f 1442/2184/1194 1444/2186/1196 1441/2185/1195
f 1444/2186/1196 1446/2188/1198 1443/2187/1197
f 1446/2188/1198 1447/2190/1200 1445/2189/1199
f 1447/2190/1200 1450/2192/1202 1448/2191/1201
f 1450/2192/1202 1452/2194/1204 1449/2193/1203
f 1452/2194/1204 1454/2196/1206 1451/2195/1205
f 1454/2196/1206 1456/2198/1208 1453/2197/1207
f 1450/2211/1202 1442/2212/1194 1438/2213/1189
f 1456/2198/1208 1438/2214/1189 1455/2199/1191
f 1455/2215/1191 1443/2216/1197 1448/2217/1201
f 1472/2204/1188 1459/2162/1173 1457/2164/1175
f 1459/2162/1173 1461/2165/1176 1458/2163/1174
f 1461/2165/1176 1463/2167/1178 1460/2166/1177
f 1463/2167/1178 1464/2169/1180 1462/2168/1179
f 1464/2169/1180 1467/2171/1182 1465/2170/1181
f 1467/2171/1182 1469/2173/1184 1466/2172/1183
f 1469/2173/1184 1471/2175/1186 1468/2174/1185
f 1471/2175/1186 1472/2177/1188 1470/2176/1187
f 1467/2205/1182 1463/2206/1178 1459/2207/1173
f 1462/2208/1179 1466/2218/1183 1470/2210/1187
f 1379/2150/1167 1378/2158/1167 1375/2151/1167
f 1377/2153/1168 1382/2161/1168 1376/2154/1168
f 1380/2156/1169 1377/2219/1169 1375/2157/1169
f 1381/2159/1170 1380/2156/1170 1378/2158/1170
f 1382/2160/1171 1377/2220/1171 1380/2156/1171
f 1382/2161/1172 1381/2159/1172 1379/2150/1172
f 1387/2150/1167 1386/2158/1167 1383/2151/1167
f 1385/2153/1168 1390/2161/1168 1384/2154/1168
f 1388/2156/1169 1385/2219/1169 1383/2157/1169
f 1389/2159/1170 1388/2156/1170 1386/2158/1170
f 1390/2160/1171 1385/2220/1171 1388/2156/1171
f 1390/2161/1172 1389/2159/1172 1387/2150/1172
f 1400/2221/1167 1401/2222/1167 1402/2223/1167
f 1402/2223/1167 1403/2224/1167 1404/2225/1167
f 1404/2225/1167 1405/2226/1167 1406/2227/1167
f 1406/2227/1167 1407/2228/1167 1408/2229/1167
f 1408/2229/1167 1409/2230/1167 1410/2231/1167
f 1410/2231/1167 1411/2232/1167 1412/2201/1167
f 1412/2201/1167 1413/2233/1167 1414/2234/1167
f 1414/2234/1167 1415/2235/1167 1416/2236/1167
f 1416/2236/1167 1417/2237/1167 1418/2238/1167
f 1418/2238/1167 1419/2239/1167 1420/2202/1167
f 1420/2202/1167 1391/2240/1167 1392/2241/1167
f 1392/2241/1167 1393/2242/1167 1394/2243/1167
f 1394/2243/1167 1395/2244/1167 1396/2245/1167
f 1396/2245/1167 1397/2246/1167 1398/2203/1167
f 1398/2203/1167 1399/2247/1167 1400/2221/1167
f 1400/2221/1167 1402/2223/1167 1404/2225/1167
f 1404/2225/1167 1406/2227/1167 1408/2229/1167
f 1408/2229/1167 1410/2231/1167 1412/2201/1167
f 1412/2201/1167 1414/2234/1167 1416/2236/1167
f 1416/2236/1167 1418/2238/1167 1420/2202/1167
f 1420/2202/1167 1392/2241/1167 1394/2243/1167
f 1394/2243/1167 1396/2245/1167 1398/2203/1167
f 1398/2203/1167 1400/2221/1167 1404/2225/1167
f 1404/2225/1167 1408/2229/1167 1412/2201/1167
f 1412/2201/1167 1416/2236/1167 1420/2202/1167
f 1420/2202/1167 1394/2243/1167 1398/2203/1167
f 1398/2203/1167 1404/2225/1167 1412/2201/1167
f 1423/2207/1173 1436/2248/1188 1435/2249/1186
f 1435/2249/1186 1433/2250/1184 1431/2205/1182
f 1431/2205/1182 1428/2251/1180 1427/2206/1178
f 1427/2206/1178 1425/2252/1176 1423/2207/1173
f 1423/2207/1173 1435/2249/1186 1431/2205/1182
f 1434/2210/1187 1421/2253/1175 1422/2254/1174
f 1422/2254/1174 1424/2255/1177 1426/2208/1179
f 1426/2208/1179 1429/2256/1181 1430/2209/1183
f 1430/2209/1183 1432/2257/1185 1434/2210/1187
f 1434/2210/1187 1422/2254/1174 1426/2208/1179
f 1438/2213/1189 1456/2258/1208 1454/2259/1206
f 1454/2259/1206 1452/2260/1204 1450/2211/1202
f 1450/2211/1202 1447/2261/1200 1446/2262/1198
f 1446/2262/1198 1444/2263/1196 1442/2212/1194
f 1442/2212/1194 1440/2264/1192 1438/2213/1189
f 1438/2213/1189 1454/2259/1206 1450/2211/1202
f 1450/2211/1202 1446/2262/1198 1442/2212/1194
f 1448/2217/1201 1449/2265/1203 1451/2266/1205
f 1451/2266/1205 1453/2267/1207 1455/2215/1191
f 1455/2215/1191 1437/2268/1190 1439/2269/1193
f 1439/2269/1193 1441/2270/1195 1443/2216/1197
f 1443/2216/1197 1445/2271/1199 1448/2217/1201
f 1448/2217/1201 1451/2266/1205 1455/2215/1191
f 1455/2215/1191 1439/2269/1193 1443/2216/1197
f 1459/2207/1173 1472/2248/1188 1471/2249/1186
f 1471/2249/1186 1469/2250/1184 1467/2205/1182
f 1467/2205/1182 1464/2251/1180 1463/2206/1178
f 1463/2206/1178 1461/2252/1176 1459/2207/1173
f 1459/2207/1173 1471/2249/1186 1467/2205/1182
f 1470/2210/1187 1457/2253/1175 1458/2254/1174
f 1458/2254/1174 1460/2255/1177 1462/2208/1179
f 1462/2208/1179 1465/2256/1181 1466/2218/1183
f 1466/2218/1183 1468/2257/1185 1470/2210/1187
f 1470/2210/1187 1458/2254/1174 1462/2208/1179
o 立方体.005
v 52.094444 19.997528 27.579823
v 57.372250 19.997528 26.239334
v 52.094444 23.439476 27.579823
v 52.297424 19.997528 28.378998
v 57.575230 19.997528 27.038513
v 52.297424 23.439476 28.378998
v 57.575230 23.439478 27.038513
v 57.372250 23.439478 26.239334
v 52.698689 17.771584 28.018902
v 52.597752 20.054644 28.188049
v 52.393898 17.771570 27.943466
v 52.941319 20.054613 27.810383
v 52.771988 17.771570 27.725021
v 52.467190 17.771584 27.649590
v 52.568142 20.054644 27.480431
v 52.224560 20.054613 27.858097
v 57.142757 17.771585 26.890171
v 57.041809 20.054646 27.059322
v 56.803688 17.771509 26.762291
v 57.385384 20.054615 26.681656
v 57.167572 17.771437 26.507355
v 57.012203 20.054646 26.351704
v 56.668625 20.054615 26.729370
v 51.423195 20.054613 21.833168
v 51.079613 20.054646 22.210835
v 51.288139 17.771507 21.800259
v 51.050022 20.054646 21.503220
v 50.706436 20.054613 21.880886
v 50.949062 17.771585 21.672379
v 50.924252 17.771437 22.055187
v 50.562191 19.997528 21.546955
v 50.562187 23.439478 21.546951
v 55.839993 19.997530 20.206463
v 50.765167 23.439478 22.346127
v 50.765167 19.997528 22.346127
v 56.042973 19.997530 21.005642
v 56.042973 23.439478 21.005642
v 55.839996 23.439478 20.206463
v 55.624638 17.771585 20.912956
v 55.523682 20.054646 21.082104
v 55.285564 17.771509 20.785076
v 55.867260 20.054615 20.704445
v 55.649452 17.771437 20.530140
v 55.494083 20.054646 20.374493
v 55.150505 20.054615 20.752159
v 55.642555 20.783817 21.119926
v 56.034756 20.783817 21.020313
v 55.767429 25.653381 21.061199
v 57.161228 20.783817 26.277397
v 57.090000 25.653381 26.268467
v 50.768284 20.032902 22.358383
v 50.768284 20.781132 22.358383
v 52.088303 20.032902 27.555618
v 56.046085 20.032902 21.017902
v 52.088303 20.781134 27.555618
v 56.046085 20.781134 21.017902
v 57.366108 20.781134 26.215134
v 57.366108 20.032902 26.215134
v 50.757702 20.822573 22.431084
v 52.075565 20.821072 27.543327
v 50.780014 22.046072 22.458744
v 55.861713 20.816952 21.111649
v 55.845985 22.030842 21.049721
v 52.055103 22.031775 27.575516
v 57.158726 22.042025 26.218296
v 57.146297 20.815607 26.169369
v 54.826744 25.718409 21.460491
v 55.415115 25.974329 21.392155
v 55.749359 26.039093 25.559258
v 55.019226 21.791893 21.489605
v 54.934177 21.777529 21.968529
v 55.038750 26.101553 21.747299
v 55.153809 26.109964 23.185562
v 55.087330 21.760654 23.167908
v 55.847130 21.775711 25.783451
v 55.227509 21.528709 22.449120
v 56.110016 21.541395 25.660076
v 55.563309 21.528730 22.259045
v 55.337738 21.830395 21.352009
v 55.748909 21.775711 21.930027
v 56.378651 21.528503 25.367836
v 56.605213 21.861599 26.288994
v 56.508709 21.760654 24.545563
v 56.661865 21.777531 25.744949
v 56.688587 26.040546 25.448566
v 55.846680 26.039097 22.154213
v 56.630695 25.695768 26.399479
v 56.569897 26.081915 26.012726
v 56.356575 26.269590 25.404259
v 55.605003 26.270653 22.295673
v 55.243340 26.269579 22.380146
v 55.991043 26.270653 25.417812
v 56.223957 26.083698 26.139477
v 56.185593 25.670528 26.468338
v 56.260345 21.943924 26.418022
v 54.808151 20.074755 -6.814476
v 54.707203 22.357815 -6.645324
v 54.503357 20.074741 -6.889910
v 55.050781 22.357784 -7.022992
v 54.881447 20.074741 -7.108356
v 54.576649 20.074755 -7.183784
v 54.677605 22.357815 -7.352938
v 54.334023 22.357784 -6.975273
v 54.203907 22.300699 -7.253557
v 59.481712 22.300699 -8.594040
v 54.203907 25.742649 -7.253557
v 54.406887 22.300699 -6.454381
v 59.684692 22.300699 -7.794865
v 54.406887 25.742649 -6.454381
v 59.684692 25.742649 -7.794865
v 59.481712 25.742649 -8.594040
v 59.494846 22.357784 -8.151719
v 59.151268 22.357817 -7.774052
v 59.150135 20.074757 -8.345358
v 59.354736 20.074741 -8.122152
v 59.121670 22.357817 -8.481667
v 58.778088 22.357784 -8.103998
v 59.122807 20.074757 -7.910359
v 58.918201 20.074741 -8.133568
v 53.532658 22.357784 -13.000205
v 53.189079 22.357817 -12.622538
v 53.187946 20.074757 -13.193845
v 53.392548 20.074741 -12.970636
v 53.159481 22.357817 -13.330153
v 52.815899 22.357784 -12.952484
v 53.160614 20.074757 -12.758843
v 52.956013 20.074741 -12.982052
v 52.671654 22.300701 -13.286421
v 52.874630 22.300701 -12.487243
v 52.671654 25.742649 -13.286421
v 57.949455 22.300701 -14.626904
v 52.874630 25.742649 -12.487243
v 58.152435 25.742649 -13.827726
v 57.949455 25.742649 -14.626904
v 58.152435 22.300701 -13.827726
v 57.976723 22.357784 -14.128931
v 57.633144 22.357817 -13.751265
v 57.632015 20.074757 -14.322572
v 57.836613 20.074741 -14.099363
v 57.603550 22.357817 -14.458879
v 57.259968 22.357784 -14.081212
v 57.604679 20.074757 -13.887571
v 57.400078 20.074741 -14.110780
v 57.876892 27.956551 -13.772176
v 57.948116 23.086988 -13.763249
v 59.003361 27.956551 -8.515097
v 59.395561 27.956551 -8.614710
v 59.270691 23.086988 -8.555976
v 52.877743 22.336073 -12.474988
v 54.197765 22.336073 -7.277756
v 58.155548 22.336073 -13.815471
v 52.877743 23.084305 -12.474988
v 58.155548 23.084305 -13.815471
v 54.197765 23.084305 -7.277756
v 59.475571 23.084305 -8.618239
v 59.475571 22.336075 -8.618238
v 52.867165 23.125744 -12.402286
v 54.185028 23.124243 -7.290041
v 52.889477 24.349241 -12.374627
v 57.971172 23.120121 -13.721727
v 57.955448 24.334011 -13.783655
v 54.164566 24.334946 -7.257860
v 59.268185 24.345196 -8.615080
v 59.255760 23.118778 -8.664002
v 57.107433 28.341471 -13.260764
v 57.504807 28.258888 -13.481196
v 56.943932 27.986090 -12.831891
v 57.127876 24.112080 -13.388598
v 57.263268 28.413132 -11.647814
v 57.352798 28.572750 -12.453231
v 57.714458 28.573822 -12.537708
v 58.100502 28.573822 -9.415564
v 58.310154 28.258888 -8.472075
v 57.858818 28.342266 -9.274118
v 58.466038 28.572762 -9.429114
v 58.798046 28.343719 -9.384808
v 58.671177 28.393921 -8.810705
v 58.740158 27.998938 -8.433897
v 58.740158 24.406172 -8.433897
v 58.714737 24.032627 -8.792343
v 58.349106 24.115862 -8.509945
v 58.155079 23.832232 -9.350597
v 57.956593 24.078882 -9.049929
v 57.196789 24.063828 -11.665473
v 57.043636 24.080698 -12.864839
v 57.336971 23.831881 -12.384248
v 57.672768 23.831902 -12.574331
v 57.465858 24.115860 -13.443325
v 57.858368 24.078880 -12.903345
v 58.483158 23.831486 -9.512034
v 58.618172 24.063828 -10.287812
v 57.956139 28.342270 -12.679160
v 58.217106 22.357784 6.889677
v 57.873531 22.357815 7.267342
v 57.872398 20.074755 6.696032
v 58.076996 20.074741 6.919243
v 57.843929 22.357815 6.559725
v 57.500347 22.357784 6.937389
v 57.845062 20.074755 7.131035
v 57.640461 20.074741 6.907825
v 57.370235 22.300699 6.659107
v 62.648041 22.300701 5.318624
v 57.370235 25.742649 6.659107
v 57.573212 22.300699 7.458279
v 62.851017 22.300701 6.117796
v 57.573212 25.742649 7.458279
v 62.851017 25.742649 6.117796
v 62.648041 25.742649 5.318624
v 62.661171 22.357786 5.760948
v 62.317589 22.357817 6.138615
v 62.316460 20.074757 5.567307
v 62.521061 20.074741 5.790514
v 62.287991 22.357817 5.430996
v 61.944412 22.357784 5.808661
v 62.289131 20.074757 6.002306
v 62.084526 20.074741 5.779097
v 56.456356 20.074757 1.120978
v 56.355412 22.357817 1.290129
v 56.151562 20.074741 1.045544
v 56.698982 22.357784 0.912463
v 56.529652 20.074741 0.827098
v 56.224854 20.074757 0.751665
v 56.325806 22.357817 0.582512
v 55.982227 22.357784 0.960177
v 55.837978 22.300701 0.626246
v 56.040958 22.300701 1.425422
v 55.837978 25.742649 0.626246
v 61.115784 22.300701 -0.714239
v 56.040958 25.742649 1.425422
v 61.318760 25.742649 0.084937
v 61.115784 25.742649 -0.714239
v 61.318764 22.300701 0.084937
v 60.900429 20.074757 -0.007753
v 60.799473 22.357817 0.161400
v 60.561356 20.074680 -0.135632
v 61.143051 22.357786 -0.216264
v 60.925240 20.074608 -0.390570
v 60.769867 22.357817 -0.546216
v 60.426292 22.357786 -0.168549
v 61.043217 27.956553 0.140487
v 61.114445 23.086988 0.149417
v 62.169689 27.956553 5.397566
v 62.561886 27.956553 5.297953
v 62.437016 23.086990 5.356691
v 56.044071 22.336075 1.437679
v 56.044071 23.084305 1.437679
v 57.364090 22.336075 6.634907
v 61.321877 22.336075 0.097195
v 61.321877 23.084305 0.097195
v 62.641895 22.336075 5.294424
v 62.641895 23.084305 5.294424
v 57.364090 23.084305 6.634907
v 56.033489 23.125744 1.510377
v 57.351353 23.124245 6.622622
v 56.055801 24.349243 1.538037
v 61.137501 23.120123 0.190938
v 61.121773 24.334011 0.129010
v 57.330891 24.334944 6.654804
v 62.434513 24.345196 5.297588
v 62.422089 23.118778 5.248663
v 60.273762 28.341473 0.651903
v 60.671135 28.258890 0.431471
v 60.110256 27.986092 1.080773
v 60.294205 24.112078 0.524068
v 60.429592 28.413132 2.264851
v 60.519127 28.572750 1.459434
v 60.880787 28.573824 1.374959
v 61.266827 28.573822 4.497101
v 61.476482 28.258892 5.440588
v 61.025146 28.342268 4.638550
v 61.632362 28.572762 4.483547
v 61.964375 28.343719 4.527859
v 61.837502 28.393921 5.101961
v 61.906483 27.998938 5.478767
v 61.906487 24.406174 5.478767
v 61.881062 24.032627 5.120321
v 61.515434 24.115860 5.402719
v 61.321404 23.832232 4.562065
v 61.122917 24.078880 4.862736
v 60.363117 24.063828 2.247197
v 60.209965 24.080698 1.047826
v 60.503296 23.831882 1.528417
v 60.839096 23.831902 1.338336
v 60.632183 24.115860 0.469342
v 61.024696 24.078880 1.009318
v 61.649483 23.831488 4.400631
v 61.784500 24.063826 3.624861
v 61.122463 28.342270 1.233501
v 61.114601 20.074608 19.388836
v 61.191631 22.357777 19.556511
v 60.919746 22.357830 19.210709
v 61.478489 20.074678 19.133900
v 61.139416 20.074755 19.006021
v 61.099426 22.357817 18.872639
v 61.616211 22.357723 19.098888
v 60.766674 22.300701 18.936247
v 66.044479 22.300701 17.595762
v 60.766674 25.742649 18.936247
v 60.969654 22.300701 19.735428
v 66.247459 22.300701 18.394938
v 60.969654 25.742649 19.735428
v 66.247459 25.742649 18.394938
v 66.044479 25.742649 17.595762
v 66.057617 22.357786 18.038086
v 65.714035 22.357817 18.415754
v 65.922554 20.074680 18.005177
v 65.684441 22.357817 17.708138
v 65.340858 22.357786 18.085802
v 65.583481 20.074757 17.877296
v 65.558670 20.074608 18.260107
v 59.852798 20.074757 13.398117
v 59.751846 22.357817 13.567266
v 59.513725 20.074680 13.270235
v 60.095425 22.357786 13.189602
v 59.877613 20.074608 13.015299
v 59.722244 22.357817 12.859653
v 59.378666 22.357784 13.237314
v 59.234417 22.300701 12.903383
v 59.437397 22.300701 13.702560
v 59.234417 25.742649 12.903383
v 64.512222 22.300701 11.562901
v 59.437397 25.742649 13.702560
v 64.715202 25.742649 12.362074
v 64.512222 25.742649 11.562901
v 64.715202 22.300701 12.362074
v 64.296860 20.074757 12.269386
v 64.195923 22.357819 12.438543
v 63.957794 20.074680 12.141508
v 64.539490 22.357786 12.060875
v 64.321678 20.074608 11.886574
v 64.166313 22.357819 11.730925
v 63.822731 22.357786 12.108589
v 64.314789 23.086988 12.476358
v 64.706985 23.086988 12.376747
v 64.439659 27.956553 12.417633
v 65.833458 23.086990 17.633829
v 65.762230 27.956553 17.624903
v 59.440510 22.336075 13.714817
v 59.440510 23.084305 13.714817
v 60.760532 22.336075 18.912048
v 64.718315 22.336075 12.374334
v 60.760532 23.084305 18.912048
v 64.718315 23.084305 12.374334
v 66.038338 23.084305 17.571562
v 66.038338 22.336075 17.571562
v 59.429932 23.125744 13.787521
v 60.747795 23.124245 18.899763
v 59.452240 24.349243 13.815176
v 64.533943 23.120123 12.468079
v 64.518219 24.334011 12.406151
v 60.727333 24.334946 18.931946
v 65.830956 24.345196 17.574726
v 65.818527 23.118778 17.525803
v 63.670200 28.341473 12.929041
v 64.067574 28.258888 12.708609
v 63.506699 27.986092 13.357920
v 63.690643 24.112080 12.801207
v 63.826035 28.413136 14.542004
v 63.915565 28.572750 13.736576
v 64.277229 28.573824 13.652098
v 64.663269 28.573822 16.774242
v 64.872925 28.258892 17.717728
v 64.421585 28.342270 16.915684
v 65.028801 28.572762 16.760693
v 65.360817 28.343719 16.805004
v 65.233948 28.393921 17.379103
v 65.302925 27.998940 17.755909
v 65.302925 24.406172 17.755909
v 65.277504 24.032629 17.397463
v 64.911873 24.115860 17.679861
v 64.704964 23.831902 16.810871
v 64.519363 24.078880 17.139877
v 63.759560 24.063829 14.524343
v 63.606403 24.080700 13.324963
v 63.899738 23.831882 13.805561
v 64.235535 23.831902 13.615477
v 64.028625 24.115862 12.746479
v 64.421135 24.078880 13.286459
v 65.050880 23.831675 16.724277
v 65.180939 24.063828 15.902004
v 64.518906 28.342270 13.510641
v 46.659264 20.054613 2.939349
v 46.315685 20.054644 3.317015
v 46.314552 17.771584 2.745708
v 46.519154 17.771570 2.968917
v 46.286087 20.054644 2.609401
v 45.942505 20.054613 2.987065
v 46.287216 17.771584 3.180708
v 46.082619 17.771570 2.957500
v 45.812393 19.997528 2.708782
v 51.090195 19.997528 1.368296
v 45.812393 23.439478 2.708782
v 46.015373 19.997528 3.507959
v 51.293175 19.997528 2.167475
v 46.015373 23.439478 3.507959
v 51.293175 23.439478 2.167475
v 51.090195 23.439478 1.368296
v 51.103329 20.054615 1.810622
v 50.759750 20.054646 2.188288
v 50.758621 17.771585 1.616982
v 50.963219 17.771570 1.840189
v 50.730152 20.054646 1.480672
v 50.386570 20.054615 1.858338
v 50.731285 17.771585 2.051980
v 50.526684 17.771570 1.828773
v 44.898514 17.771585 -2.829350
v 44.797562 20.054646 -2.660197
v 44.593716 17.771570 -2.904781
v 45.141140 20.054613 -3.037860
v 44.971809 17.771570 -3.123227
v 44.667011 17.771585 -3.198661
v 44.767960 20.054646 -3.367813
v 44.424385 20.054613 -2.990149
v 44.280136 19.997528 -3.324081
v 44.483116 19.997528 -2.524903
v 44.280136 23.439478 -3.324081
v 49.557938 19.997530 -4.664567
v 44.483116 23.439478 -2.524903
v 49.760918 23.439478 -3.865389
v 49.557938 23.439478 -4.664567
v 49.760918 19.997530 -3.865389
v 49.342583 17.771585 -3.958078
v 49.241631 20.054646 -3.788925
v 49.037785 17.771572 -4.033508
v 49.585205 20.054615 -4.166588
v 49.415874 17.771572 -4.251955
v 49.111076 17.771585 -4.327390
v 49.212025 20.054646 -4.496542
v 48.868450 20.054615 -4.118877
v 49.485374 25.653381 -3.809837
v 49.556602 20.783817 -3.800909
v 50.611843 25.653381 1.447241
v 51.004044 25.653381 1.347629
v 50.879173 20.783817 1.406362
v 44.486229 20.032902 -2.512646
v 44.486229 20.781132 -2.512646
v 49.764030 20.032902 -3.853132
v 45.806248 20.032902 2.684585
v 45.806248 20.781134 2.684586
v 51.084053 20.032902 1.344099
v 51.084053 20.781134 1.344099
v 49.764030 20.781134 -3.853132
v 44.475647 20.822573 -2.439948
v 45.793510 20.821072 2.672295
v 44.497959 22.046072 -2.412288
v 49.579659 20.816952 -3.759386
v 49.563931 22.030842 -3.821314
v 45.773048 22.031775 2.704477
v 50.876671 22.042025 1.347260
v 50.864243 20.815605 1.298337
v 48.715916 26.038300 -3.298429
v 49.113289 25.955719 -3.518856
v 48.625397 26.040546 -2.606123
v 48.736359 21.808908 -3.426261
v 48.961285 26.269579 -2.490891
v 49.322945 26.270653 -2.575363
v 49.708988 26.270653 0.546778
v 49.918640 25.955715 1.490269
v 49.467304 26.039097 0.688229
v 50.074520 26.269590 0.533227
v 50.406532 26.040546 0.577530
v 50.279663 26.090746 1.151642
v 50.348640 25.695766 1.528443
v 50.348640 22.103001 1.528443
v 50.323219 21.729458 1.169998
v 49.957592 21.812691 1.452396
v 49.763561 21.529060 0.611744
v 49.565075 21.775711 0.912414
v 48.805275 21.760654 -1.703126
v 48.652122 21.777527 -2.902501
v 48.945454 21.528709 -2.421911
v 49.281250 21.528730 -2.611992
v 49.063503 21.802990 -3.466614
v 49.455166 21.787518 -2.988687
v 50.091640 21.528316 0.450314
v 50.226650 21.760653 -0.325474
v 49.564621 26.039097 -2.716822
v 49.582855 20.054613 15.019825
v 49.239285 20.054646 15.397493
v 49.447800 17.771507 14.986910
v 49.209675 20.054646 14.689875
v 48.866100 20.054613 15.067539
v 49.108727 17.771585 14.859030
v 49.083916 17.771437 15.241848
v 48.735985 19.997528 14.789259
v 54.013794 19.997530 13.448772
v 48.735985 23.439478 14.789259
v 48.938965 19.997528 15.588436
v 54.216774 19.997530 14.247948
v 48.938965 23.439478 15.588436
v 54.216774 23.439478 14.247948
v 54.013794 23.439478 13.448772
v 53.784302 17.771585 14.099613
v 53.683346 20.054646 14.268764
v 53.479504 17.771572 14.024179
v 54.026924 20.054615 13.891100
v 53.857594 17.771572 13.805735
v 53.552795 17.771585 13.730301
v 53.653744 20.054646 13.561148
v 53.310169 20.054615 13.938816
v 47.822113 17.771585 9.251125
v 47.721161 20.054646 9.420277
v 47.517311 17.771570 9.175692
v 48.064735 20.054615 9.042616
v 47.895401 17.771570 8.957247
v 47.590607 17.771585 8.881813
v 47.691563 20.054646 8.712662
v 47.347977 20.054613 9.090324
v 47.203728 19.997530 8.756392
v 47.203728 23.439478 8.756392
v 47.406712 19.997530 9.555573
v 52.481537 19.997530 7.415909
v 52.481537 23.439478 7.415909
v 52.684513 19.997530 8.215086
v 52.684513 23.439478 8.215086
v 47.406712 23.439478 9.555573
v 52.266178 17.771585 8.122396
v 52.165230 20.054646 8.291550
v 51.927105 17.771509 7.994513
v 52.508801 20.054615 7.913881
v 52.290993 17.771439 7.739582
v 52.135628 20.054646 7.583937
v 51.792046 20.054615 7.961597
v 52.284100 20.783817 8.329372
v 52.676296 20.783817 8.229761
v 52.408970 25.653381 8.270636
v 53.802769 20.783819 13.486837
v 53.731541 25.653381 13.477911
v 47.409821 20.032902 9.567829
v 47.409824 20.781134 9.567829
v 52.687630 20.781134 8.227346
v 48.729843 20.032902 14.765059
v 52.687630 20.032902 8.227346
v 48.729843 20.781134 14.765059
v 54.007648 20.781134 13.424576
v 54.007648 20.032904 13.424576
v 47.399242 20.822573 9.640528
v 48.717106 20.821072 14.752769
v 47.421555 22.046072 9.668186
v 52.503254 20.816952 8.321093
v 52.487526 22.030842 8.259161
v 48.696644 22.031776 14.784954
v 53.800266 22.042027 13.427734
v 53.787842 20.815607 13.378815
v 51.639511 26.038300 8.782051
v 52.036884 25.955719 8.561619
v 51.548992 26.040546 9.474344
v 51.659958 21.808907 8.654219
v 51.884880 26.269579 9.589584
v 52.246540 26.270653 9.505110
v 52.632584 26.270653 12.627253
v 52.842236 25.955717 13.570744
v 52.390900 26.039097 12.768696
v 52.998116 26.269590 12.613699
v 53.330128 26.040546 12.658010
v 53.203259 26.090748 13.232117
v 53.272236 25.695766 13.608917
v 52.896404 21.847929 13.582865
v 53.217018 21.784784 13.419302
v 53.020195 21.528503 12.577288
v 53.303406 21.777529 12.954382
v 53.150249 21.760654 11.755009
v 52.390450 21.775711 9.139473
v 52.488220 26.039097 9.363659
v 52.204849 21.528730 9.468481
v 51.997936 21.812689 8.599489
v 51.869049 21.528711 9.658566
v 52.674278 21.528732 12.663885
v 51.728870 21.760654 10.377354
v 51.575718 21.777531 9.177973
v 52.488670 21.775713 12.992886
v 43.413792 20.054613 -10.476898
v 43.070217 20.054644 -10.099232
v 43.278732 17.771507 -10.509814
v 43.040615 20.054644 -10.806849
v 42.697033 20.054613 -10.429184
v 42.939659 17.771584 -10.637693
v 42.914848 17.771435 -10.254878
v 42.566921 19.997528 -10.707467
v 47.844727 19.997528 -12.047951
v 42.566921 23.439476 -10.707467
v 42.769901 19.997528 -9.908290
v 48.047707 19.997528 -11.248773
v 42.769901 23.439476 -9.908290
v 48.047707 23.439478 -11.248773
v 47.844727 23.439478 -12.047951
v 47.857857 20.054613 -11.605624
v 47.514282 20.054646 -11.227959
v 47.513149 17.771585 -11.799267
v 47.717747 17.771570 -11.576059
v 47.484680 20.054646 -11.935575
v 47.141102 20.054613 -11.557911
v 47.485817 17.771585 -11.364266
v 47.281212 17.771570 -11.587477
v 41.895668 20.054613 -16.454109
v 41.552101 20.054644 -16.076443
v 41.550961 17.771584 -16.647753
v 41.755558 17.771570 -16.424541
v 41.522484 20.054644 -16.784061
v 41.178913 20.054613 -16.406397
v 41.523628 17.771584 -16.212751
v 41.319023 17.771570 -16.435965
v 41.034664 19.997528 -16.740328
v 41.034668 23.439476 -16.740328
v 46.312469 19.997528 -18.080814
v 41.237644 23.439476 -15.941151
v 41.237644 19.997528 -15.941151
v 46.515450 19.997528 -17.281635
v 46.515450 23.439478 -17.281635
v 46.312469 23.439478 -18.080814
v 46.097111 17.771585 -17.374325
v 45.996162 20.054646 -17.205172
v 45.792313 17.771570 -17.449755
v 46.339737 20.054615 -17.582836
v 46.170403 17.771570 -17.668205
v 45.865604 17.771585 -17.743635
v 45.966553 20.054646 -17.912792
v 45.622978 20.054615 -17.535126
v 46.115032 20.783817 -17.167355
v 46.507229 20.783817 -17.266966
v 46.239902 25.653381 -17.226086
v 47.633701 20.783817 -12.009885
v 47.562473 25.653381 -12.018811
v 41.240757 20.032902 -15.928892
v 42.560776 20.032902 -10.731666
v 46.518562 20.032902 -17.269379
v 41.240757 20.781132 -15.928892
v 42.560776 20.781132 -10.731666
v 46.518562 20.781132 -17.269379
v 47.838581 20.781132 -12.072148
v 47.838581 20.032902 -12.072148
v 41.230175 20.822573 -15.856196
v 42.548038 20.821072 -10.743952
v 41.252487 22.046070 -15.828537
v 46.334187 20.816952 -17.175636
v 46.318459 22.030840 -17.237562
v 42.527576 22.031775 -10.711770
v 47.631199 22.042025 -12.068988
v 47.618774 20.815605 -12.117909
v 45.470444 26.038296 -16.714678
v 45.867817 25.955719 -16.935106
v 45.379925 26.040546 -16.022377
v 45.490891 21.808908 -16.842508
v 45.715813 26.269577 -15.907141
v 46.077477 26.270653 -15.991611
v 46.463516 26.270651 -12.869471
v 46.673168 25.955715 -11.925979
v 46.221832 26.039097 -12.728024
v 46.829048 26.269588 -12.883022
v 47.161060 26.040546 -12.838717
v 47.034191 26.090748 -12.264609
v 47.103168 25.695766 -11.887806
v 47.103172 22.103001 -11.887806
v 47.077747 21.729458 -12.246251
v 46.712120 21.812691 -11.963852
v 46.505211 21.528730 -12.832841
v 46.319603 21.775711 -12.503836
v 45.559807 21.760654 -15.119373
v 45.406651 21.777529 -16.318750
v 45.699982 21.528709 -15.838162
v 46.035782 21.528730 -16.028240
v 45.828869 21.812689 -16.897236
v 46.221382 21.775711 -16.357250
v 46.851128 21.528503 -12.919436
v 46.981186 21.760654 -13.741715
v 46.319153 26.039097 -16.133066
vn 0.4174 -0.5774 -0.7017
vn -0.4174 -0.5774 0.7017
vn -0.7017 -0.5773 -0.4175
vn 0.4175 0.5773 -0.7017
vn -0.7017 0.5774 -0.4175
vn 0.7017 -0.5773 0.4175
vn -0.4175 0.5773 0.7017
vn 0.7017 0.5774 0.4175
vn 0.4069 -0.6156 0.6749
vn 0.8240 0.5647 -0.0458
vn 0.0437 0.5663 0.8230
vn -0.6752 -0.6158 0.4061
vn -0.4069 -0.6156 -0.6749
vn 0.6752 -0.6158 -0.4061
vn -0.0437 0.5663 -0.8230
vn -0.8240 0.5647 0.0458
vn 0.4251 -0.6122 0.6667
vn 0.8226 0.5671 -0.0418
vn 0.0419 0.5643 0.8245
vn -0.7868 -0.6087 0.1020
vn 0.3852 -0.6154 -0.6877
vn -0.0571 0.5605 -0.8262
vn -0.8310 0.5549 0.0388
vn 0.0571 0.5605 0.8262
vn -0.0419 0.5643 -0.8245
vn -0.8226 0.5671 0.0418
vn 0.7868 -0.6087 -0.1020
vn 0.8310 0.5549 -0.0388
vn -0.4251 -0.6122 -0.6667
vn -0.3852 -0.6154 0.6877
vn 0.4175 -0.5774 -0.7017
vn -0.7017 0.5773 -0.4175
vn 0.4174 0.5774 -0.7017
vn -0.7017 -0.5774 -0.4175
vn -0.4174 0.5774 0.7017
vn 0.7017 -0.5774 0.4175
vn -0.4175 -0.5774 0.7017
vn 0.7017 0.5773 0.4175
vn 0.2151 -0.5351 0.8170
vn -0.7123 -0.5730 -0.4053
vn 0.4412 -0.5656 -0.6967
vn -0.1440 0.8418 -0.5202
vn 0.1666 0.6994 0.6950
vn -0.7084 -0.5689 -0.4177
vn -0.4078 -0.5885 0.6981
vn -0.4176 0.5640 0.7124
vn 0.7030 -0.5892 0.3984
vn -0.6997 0.5897 -0.4034
vn 0.4089 0.5619 -0.7191
vn 0.4227 -0.5909 -0.6871
vn 0.7052 0.5678 0.4246
vn -0.7863 0.2526 -0.5638
vn 0.2336 -0.4712 -0.8505
vn -0.6190 -0.5504 -0.5603
vn 0.3199 0.5000 -0.8048
vn -0.5337 0.8066 -0.2542
vn -0.8930 0.4006 0.2051
vn -0.8336 0.4274 0.3499
vn -0.8766 -0.4391 0.1970
vn -0.8862 -0.4607 -0.0492
vn -0.2040 -0.9384 0.2790
vn -0.7946 -0.4434 0.4148
vn -0.3839 -0.9232 -0.0144
vn 0.2686 -0.9415 -0.2035
vn 0.3769 -0.9260 0.0240
vn 0.7901 -0.4439 -0.4228
vn 0.8740 -0.4457 -0.1936
vn 0.6320 -0.5055 0.5874
vn 0.8788 -0.4731 0.0623
vn 0.6699 0.2811 0.6872
vn 0.8916 0.4488 -0.0602
vn 0.2923 0.9359 -0.1964
vn 0.8334 0.4222 -0.3567
vn 0.5773 0.7379 0.3496
vn 0.2975 0.9536 0.0458
vn -0.3011 0.9344 0.1902
vn -0.3779 0.9251 -0.0368
vn -0.2273 0.7871 0.5734
vn -0.4139 0.2610 0.8721
vn -0.2796 -0.3946 0.8753
vn -0.0451 0.5587 -0.8282
vn 0.0451 0.5587 0.8282
vn 0.8294 0.5568 -0.0451
vn 0.7961 -0.6041 0.0359
vn 0.0351 -0.6042 -0.7961
vn -0.7961 -0.6041 -0.0359
vn -0.8294 0.5568 0.0451
vn -0.0351 -0.6042 0.7961
vn -0.8294 0.5568 0.0450
vn 0.8294 0.5568 -0.0450
vn 0.4175 -0.5773 -0.7017
vn -0.4175 -0.5773 0.7017
vn 0.7961 -0.6042 0.0358
vn -0.1666 -0.6994 -0.6950
vn -0.4412 0.5656 0.6967
vn -0.2151 0.5351 -0.8170
vn 0.7123 0.5730 0.4053
vn 0.1440 -0.8418 0.5202
vn 0.4226 -0.5909 -0.6871
vn -0.6241 0.5924 -0.5094
vn 0.2896 0.9358 -0.2010
vn 0.2480 0.4462 -0.8599
vn -0.5890 -0.5057 -0.6303
vn -0.9849 0.1700 -0.0332
vn -0.8314 0.5219 0.1908
vn -0.3969 0.9167 -0.0465
vn -0.2959 0.9341 0.1996
vn 0.5339 0.7738 0.3409
vn -0.3523 0.5133 0.7826
vn -0.8308 0.4220 0.3630
vn 0.2931 0.9547 0.0518
vn 0.8924 0.4471 -0.0613
vn 0.6366 0.2127 0.7413
vn 0.6377 -0.1949 0.7453
vn -0.3097 -0.5452 0.7790
vn 0.7074 -0.6587 0.2562
vn -0.2727 -0.9403 0.2035
vn -0.7951 -0.4369 0.4205
vn -0.8759 -0.4403 0.1972
vn -0.3840 -0.9232 -0.0168
vn -0.8811 -0.4693 -0.0586
vn 0.2672 -0.9420 -0.2032
vn 0.4049 -0.9142 0.0193
vn 0.3042 -0.5001 -0.8107
vn 0.7927 -0.4400 -0.4220
vn 0.8817 -0.4367 -0.1784
vn 0.8315 0.4243 -0.3587
vn 0.4175 0.5774 -0.7017
vn -0.4175 0.5774 0.7017
vn 0.7961 -0.6042 0.0359
vn -0.6752 -0.6158 0.4062
vn -0.2151 0.5350 -0.8170
vn 0.8924 0.4471 -0.0612
vn -0.0301 0.5525 0.8330
vn -0.8069 0.5870 0.0659
vn -0.3860 -0.6097 0.6923
vn 0.7968 -0.5944 -0.1088
vn 0.8245 0.5389 -0.1727
vn -0.4230 -0.6025 -0.6768
vn -0.2732 0.5606 -0.7817
vn -0.3523 0.5133 0.7825
vn -0.3101 -0.5473 0.7774
vn 0.7054 -0.6608 0.2565
vn -0.2888 -0.9368 0.1975
vn -0.7927 -0.4400 0.4220
vn 0.3972 -0.9169 0.0385
vn -0.8764 -0.4395 0.1968
vn -0.3840 -0.9232 -0.0169
vn 0.2673 -0.9420 -0.2031
vn 0.3042 -0.5001 -0.8108
vn 0.8802 -0.4401 -0.1777
vn -0.7961 -0.6042 -0.0359
vn -0.0451 0.5586 -0.8282
vn -0.7961 -0.6041 -0.0358
vn 0.6752 -0.6158 -0.4062
vn -0.7017 0.5774 -0.4174
vn -0.7017 -0.5774 -0.4174
vn 0.7017 -0.5774 0.4174
vn 0.7017 0.5774 0.4174
vn -0.6469 0.5611 -0.5164
vn 0.2472 0.4469 -0.8598
vn -0.5903 -0.4951 -0.6375
vn -0.3114 0.9497 -0.0327
vn -0.8941 0.4461 0.0400
vn -0.8851 -0.4613 -0.0608
vn -0.3013 0.9333 0.1956
vn -0.8315 0.4243 0.3587
vn -0.8772 -0.4386 0.1955
vn 0.2740 -0.9400 -0.2035
vn 0.2892 -0.5167 -0.8058
vn 0.7846 -0.4357 -0.4411
vn 0.8817 -0.4367 -0.1783
vn 0.8314 0.4249 -0.3581
vn 0.2151 -0.5350 0.8170
vn -0.5952 -0.5005 -0.6287
vn -0.3523 0.5139 0.7821
vn 0.2931 0.9547 0.0517
vn 0.8920 0.4479 -0.0611
vn 0.6378 0.2109 0.7408
vn 0.8990 -0.4348 0.0522
vn 0.6221 -0.5623 0.5448
vn -0.2279 -0.4576 0.8595
vn -0.2868 -0.9364 0.2020
vn 0.3714 -0.9275 0.0426
vn -0.8776 -0.4378 0.1952
vn -0.7875 -0.4488 0.4223
vn 0.3971 -0.9169 0.0385
vn 0.8802 -0.4402 -0.1777
vt 0.552284 0.865846
vt 0.590814 0.904376
vt 0.552284 0.904376
vt 0.590814 0.788787
vt 0.629343 0.827317
vt 0.590814 0.827317
vt 0.629343 0.942906
vt 0.590814 0.942906
vt 0.590814 0.865846
vt 0.629343 0.904376
vt 0.667873 0.865846
vt 0.667873 0.904376
vt 0.629343 0.865846
vt 0.656815 0.865846
vt 0.679354 0.942906
vt 0.643141 0.942906
vt 0.616039 0.865846
vt 0.680154 0.838356
vt 0.617063 0.816276
vt 0.640656 0.859776
vt 0.683629 0.865846
vt 0.566080 0.942906
vt 0.541618 0.865846
vt 0.579756 0.865846
vt 0.538392 0.942906
vt 0.606273 0.942906
vt 0.604561 0.819800
vt 0.538537 0.834835
vt 0.566500 0.794664
vt 0.656815 0.865846
vt 0.679354 0.942906
vt 0.643141 0.942906
vt 0.609631 0.865846
vt 0.680154 0.838356
vt 0.648000 0.796603
vt 0.632897 0.850606
vt 0.682478 0.865846
vt 0.566081 0.942906
vt 0.538392 0.942906
vt 0.549595 0.865846
vt 0.606273 0.942906
vt 0.538537 0.834834
vt 0.604561 0.819799
vt 0.576598 0.859969
vt 0.604560 0.819798
vt 0.538537 0.834835
vt 0.566500 0.794664
vt 0.643140 0.942906
vt 0.676118 0.865846
vt 0.679353 0.942906
vt 0.566080 0.942906
vt 0.538392 0.942906
vt 0.538987 0.865846
vt 0.579756 0.865846
vt 0.606273 0.942906
vt 0.649217 0.858030
vt 0.664319 0.804027
vt 0.617063 0.816276
vt 0.625197 0.865846
vt 0.590814 0.827317
vt 0.629343 0.788787
vt 0.590814 0.942906
vt 0.552284 0.904376
vt 0.656816 0.865846
vt 0.679354 0.942906
vt 0.643140 0.942906
vt 0.609631 0.865846
vt 0.680153 0.838357
vt 0.648000 0.796603
vt 0.632897 0.850606
vt 0.682478 0.865846
vt 0.566081 0.942906
vt 0.538392 0.942906
vt 0.606273 0.942906
vt 0.604560 0.819799
vt 0.538537 0.834835
vt 0.566500 0.794664
vt 0.590814 0.885111
vt 0.629343 0.808052
vt 0.629343 0.885111
vt 0.591071 0.941723
vt 0.590295 0.904969
vt 0.629545 0.904950
vt 0.553467 0.904376
vt 0.590234 0.865232
vt 0.629304 0.941704
vt 0.629304 0.788787
vt 0.628902 0.828412
vt 0.596335 0.788787
vt 0.590844 0.828527
vt 0.629775 0.865252
vt 0.666632 0.904376
vt 0.666632 0.865846
vt 0.622711 0.823551
vt 0.598304 0.793444
vt 0.621853 0.793444
vt 0.600855 0.827438
vt 0.618609 0.829198
vt 0.626057 0.841198
vt 0.625509 0.861843
vt 0.651436 0.869555
vt 0.649128 0.901494
vt 0.638185 0.864055
vt 0.623901 0.793634
vt 0.629445 0.794943
vt 0.627289 0.925303
vt 0.615828 0.909299
vt 0.624304 0.906341
vt 0.615418 0.932947
vt 0.621694 0.937995
vt 0.618781 0.940480
vt 0.605407 0.933835
vt 0.605130 0.910770
vt 0.600898 0.940894
vt 0.597443 0.935839
vt 0.590260 0.913494
vt 0.600446 0.902755
vt 0.597412 0.905237
vt 0.598304 0.870503
vt 0.592410 0.862136
vt 0.605186 0.836461
vt 0.596521 0.836669
vt 0.581971 0.905912
vt 0.571028 0.868723
vt 0.600995 0.865107
vt 0.605244 0.859495
vt 0.615431 0.858895
vt 0.615109 0.835937
vt 0.618091 0.865190
vt 0.622367 0.870369
vt 0.620588 0.901607
vt 0.557158 0.899905
vt 0.552727 0.870503
vt 0.552284 0.899719
vt 0.656815 0.865846
vt 0.679354 0.942906
vt 0.643140 0.942906
vt 0.616039 0.865846
vt 0.680153 0.838356
vt 0.617063 0.816276
vt 0.640655 0.859775
vt 0.683629 0.865846
vt 0.566080 0.942906
vt 0.541619 0.865846
vt 0.579756 0.865846
vt 0.606273 0.942906
vt 0.538537 0.834835
vt 0.604561 0.819799
vt 0.576598 0.859969
vt 0.538537 0.834835
vt 0.604561 0.819799
vt 0.576597 0.859969
vt 0.643140 0.942906
vt 0.678551 0.865846
vt 0.679354 0.942906
vt 0.538392 0.942906
vt 0.563326 0.865846
vt 0.536533 0.865846
vt 0.604137 0.865846
vt 0.606273 0.942906
vt 0.640386 0.865846
vt 0.680148 0.816255
vt 0.617069 0.838379
vt 0.656534 0.859781
vt 0.538537 0.834835
vt 0.566500 0.794664
vt 0.643140 0.942906
vt 0.678550 0.865846
vt 0.566080 0.942906
vt 0.538392 0.942906
vt 0.536533 0.865846
vt 0.604137 0.865846
vt 0.640385 0.865846
vt 0.617069 0.838379
vt 0.680148 0.816254
vt 0.640682 0.794853
vt 0.538537 0.834835
vt 0.678550 0.865846
vt 0.679354 0.942906
vt 0.538392 0.942906
vt 0.563326 0.865846
vt 0.536533 0.865846
vt 0.640385 0.865846
vt 0.680148 0.816255
vt 0.617069 0.838379
vt 0.656534 0.859781
vt 0.590814 0.808052
vt 0.667873 0.885111
vt 0.628902 0.828412
vt 0.596335 0.788787
vt 0.619229 0.827949
vt 0.605186 0.836460
vt 0.600739 0.827202
vt 0.624997 0.825925
vt 0.626057 0.841198
vt 0.615109 0.835937
vt 0.615431 0.858895
vt 0.601472 0.864986
vt 0.619588 0.867010
vt 0.625509 0.861842
vt 0.605244 0.859495
vt 0.598304 0.870503
vt 0.598304 0.899719
vt 0.619195 0.903454
vt 0.601008 0.905022
vt 0.614903 0.910549
vt 0.627289 0.925303
vt 0.638185 0.864055
vt 0.621694 0.937995
vt 0.618986 0.940642
vt 0.605407 0.933835
vt 0.604712 0.911043
vt 0.601101 0.940737
vt 0.590260 0.913494
vt 0.571028 0.868723
vt 0.581971 0.905912
vt 0.596521 0.836669
vt 0.552629 0.870503
vt 0.604561 0.819799
vt 0.538537 0.834835
vt 0.566500 0.794664
vt 0.678550 0.865846
vt 0.679354 0.942906
vt 0.566081 0.942906
vt 0.563326 0.865846
vt 0.536533 0.865846
vt 0.604137 0.865846
vt 0.640386 0.865846
vt 0.617069 0.838379
vt 0.680148 0.816255
vt 0.640682 0.794852
vt 0.538537 0.834834
vt 0.604561 0.819798
vt 0.576598 0.859969
vt 0.643140 0.942906
vt 0.678550 0.865846
vt 0.679354 0.942906
vt 0.566081 0.942906
vt 0.563326 0.865846
vt 0.604137 0.865846
vt 0.640386 0.865846
vt 0.680148 0.816255
vt 0.617069 0.838378
vt 0.656535 0.859780
vt 0.656815 0.865846
vt 0.679354 0.942906
vt 0.643140 0.942906
vt 0.616039 0.865846
vt 0.680153 0.838356
vt 0.617063 0.816276
vt 0.640656 0.859775
vt 0.683629 0.865846
vt 0.541619 0.865846
vt 0.579756 0.865846
vt 0.606273 0.942906
vt 0.538538 0.834835
vt 0.604560 0.819799
vt 0.576598 0.859969
vt 0.590814 0.904376
vt 0.629343 0.904376
vt 0.590814 0.942906
vt 0.629343 0.942906
vt 0.629343 0.827317
vt 0.629343 0.865846
vt 0.667873 0.865846
vt 0.590814 0.865846
vt 0.667873 0.904376
vt 0.656815 0.865846
vt 0.679353 0.942906
vt 0.680153 0.838357
vt 0.648000 0.796603
vt 0.632898 0.850606
vt 0.682477 0.865846
vt 0.566081 0.942906
vt 0.538392 0.942906
vt 0.549595 0.865846
vt 0.604560 0.819799
vt 0.538537 0.834834
vt 0.566500 0.794664
vt 0.590814 0.885111
vt 0.624997 0.825925
vt 0.626057 0.841198
vt 0.615109 0.835937
vt 0.601472 0.864986
vt 0.625509 0.861842
vt 0.605244 0.859495
vt 0.601008 0.905022
vt 0.627289 0.925303
vt 0.638185 0.864055
vt 0.649128 0.901494
vt 0.618986 0.940642
vt 0.590260 0.913494
vt 0.581971 0.905912
vt 0.596521 0.836669
vt 0.552629 0.870503
vt 0.637022 0.942906
vt 0.605668 0.942906
vt 0.625197 0.865846
vt 0.676118 0.865846
vt 0.677452 0.942906
vt 0.649217 0.858030
vt 0.664319 0.804027
vt 0.617063 0.816276
vt 0.577001 0.942906
vt 0.538987 0.865846
vt 0.539168 0.942906
vt 0.572545 0.858647
vt 0.565166 0.792193
vt 0.599975 0.812584
vt 0.604560 0.819798
vt 0.538537 0.834835
vt 0.566500 0.794664
vt 0.676118 0.865846
vt 0.538392 0.942906
vt 0.649217 0.858030
vt 0.664319 0.804027
vt 0.617063 0.816276
vt 0.656815 0.865846
vt 0.679354 0.942906
vt 0.609631 0.865846
vt 0.680154 0.838357
vt 0.648000 0.796603
vt 0.632897 0.850606
vt 0.682477 0.865846
vt 0.604560 0.819799
vt 0.538537 0.834835
vt 0.566500 0.794664
vt 0.643141 0.942906
vt 0.680154 0.838356
vt 0.648000 0.796603
vt 0.632897 0.850606
vt 0.682478 0.865846
vt 0.549595 0.865846
vt 0.604560 0.819799
vt 0.538537 0.834835
vt 0.566500 0.794664
vt 0.596335 0.788787
vt 0.624997 0.825925
vt 0.626057 0.841198
vt 0.625509 0.861842
vt 0.605244 0.859495
vt 0.592410 0.862136
vt 0.598304 0.870503
vt 0.598304 0.899719
vt 0.619195 0.903454
vt 0.601008 0.905022
vt 0.615274 0.910722
vt 0.624304 0.906341
vt 0.605131 0.910770
vt 0.627289 0.925303
vt 0.615418 0.932947
vt 0.571028 0.868723
vt 0.596521 0.836669
vt 0.538537 0.834835
vt 0.604560 0.819799
vt 0.536533 0.865846
vt 0.640385 0.865846
vt 0.617069 0.838379
vt 0.680147 0.816254
vt 0.640682 0.794852
vt 0.538537 0.834835
vt 0.604560 0.819798
vt 0.576598 0.859969
vt 0.678550 0.865846
vt 0.679354 0.942906
vt 0.566081 0.942906
vt 0.536533 0.865846
vt 0.617069 0.838379
vt 0.680147 0.816254
vt 0.640682 0.794853
vt 0.656815 0.865846
vt 0.616039 0.865846
vt 0.680154 0.838357
vt 0.617063 0.816277
vt 0.640656 0.859776
vt 0.683629 0.865846
vt 0.566081 0.942906
vt 0.541619 0.865846
vt 0.579756 0.865846
vt 0.538392 0.942906
vt 0.604560 0.819799
vt 0.538537 0.834835
vt 0.656815 0.865846
vt 0.616039 0.865846
vt 0.680153 0.838357
vt 0.617063 0.816277
vt 0.640656 0.859776
vt 0.683629 0.865846
vt 0.541619 0.865846
vt 0.579756 0.865846
vt 0.604560 0.819799
vt 0.538537 0.834834
vt 0.667873 0.885111
vt 0.619229 0.827949
vt 0.625537 0.833713
vt 0.619588 0.867010
vt 0.625509 0.861843
vt 0.624304 0.906341
vt 0.638185 0.864055
vt 0.615418 0.932947
vt 0.621694 0.937995
vt 0.605407 0.933835
vt 0.604712 0.911043
vt 0.601203 0.940657
vt 0.597382 0.935988
vt 0.556871 0.899886
vt 0.604560 0.819799
vt 0.538537 0.834834
vt 0.566500 0.794664
vt 0.643140 0.942906
vt 0.566081 0.942906
vt 0.538987 0.865846
vt 0.649217 0.858030
vt 0.617063 0.816276
vt 0.643140 0.942906
vt 0.680154 0.838356
vt 0.617063 0.816276
vt 0.640656 0.859775
vt 0.541619 0.865846
vt 0.579756 0.865846
vt 0.538537 0.834834
vt 0.604561 0.819799
vt 0.576598 0.859969
vt 0.680153 0.838357
vt 0.617063 0.816276
vt 0.640655 0.859775
vt 0.566080 0.942906
vt 0.541619 0.865846
vt 0.538392 0.942906
vt 0.604560 0.819799
vt 0.538537 0.834835
vt 0.629343 0.904376
vt 0.667873 0.865846
vt 0.656815 0.865846
vt 0.643140 0.942906
vt 0.609631 0.865846
vt 0.648000 0.796603
vt 0.632897 0.850606
vt 0.682478 0.865846
vt 0.566081 0.942906
vt 0.604560 0.819799
vt 0.566500 0.794664
vt 0.629343 0.808052
vt 0.625537 0.833713
vt 0.625509 0.861843
vt 0.598304 0.870503
vt 0.597412 0.905237
vt 0.601283 0.903874
vt 0.619550 0.902956
vt 0.605407 0.933835
vt 0.571028 0.868723
vt 0.557158 0.899905
vt 0.538537 0.834835
vt 0.604561 0.819799
vt 0.576598 0.859969
vt 0.676118 0.865846
vt 0.679354 0.942906
vt 0.538392 0.942906
vt 0.538988 0.865846
vt 0.649217 0.858030
vt 0.664319 0.804027
vt 0.617063 0.816276
vt 0.625197 0.865846
vt 0.538538 0.834835
vt 0.604561 0.819799
vt 0.678550 0.865846
vt 0.604137 0.865846
vt 0.617069 0.838379
vt 0.680148 0.816255
vt 0.640682 0.794853
vt 0.604561 0.819800
vt 0.538537 0.834834
vt 0.566500 0.794664
vt 0.643141 0.942906
vt 0.566081 0.942906
vt 0.563326 0.865846
vt 0.604137 0.865846
vt 0.606273 0.942906
vt 0.617069 0.838378
vt 0.680147 0.816255
vt 0.640681 0.794852
vt 0.629343 0.827317
vt 0.616039 0.865846
vt 0.680153 0.838356
vt 0.617063 0.816276
vt 0.640655 0.859776
vt 0.683629 0.865846
vt 0.541619 0.865846
vt 0.606273 0.942906
vt 0.538537 0.834834
vt 0.604561 0.819799
vt 0.576598 0.859969
vt 0.590814 0.885111
vt 0.596335 0.788787
vt 0.619229 0.827949
vt 0.600739 0.827202
vt 0.592410 0.862136
vt 0.601008 0.905022
vt 0.615274 0.910722
vt 0.649128 0.901494
vt 0.615418 0.932947
vt 0.597443 0.935839
vt 0.571028 0.868723
vt 0.656562 0.794858
vt 0.576598 0.859969
vt 0.576598 0.859969
vt 0.552284 0.865846
vt 0.576598 0.859969
vt 0.553494 0.865846
vt 0.656561 0.794858
vt 0.566500 0.794664
vt 0.566500 0.794664
vt 0.640682 0.794853
vt 0.656534 0.859781
vt 0.576598 0.859969
vt 0.640682 0.794853
vt 0.576598 0.859969
vt 0.656535 0.859781
vt 0.566500 0.794664
vt 0.640682 0.794853
vt 0.656561 0.794858
vt 0.566500 0.794664
vt 0.538533 0.819821
vt 0.576598 0.859969
vt 0.576598 0.859969
vt 0.566500 0.794664
vt 0.656535 0.859781
vt 0.566500 0.794664
vt 0.656534 0.859781
vt 0.656561 0.794858
vt 0.576598 0.859969
vt 0.656561 0.794858
vt 0.576598 0.859969
vt 0.576598 0.859969
vt 0.656561 0.794858
vt 0.656561 0.794858
vt 0.576598 0.859969
vt 0.576598 0.859969
vt 0.566500 0.794664
vt 0.656535 0.859781
vt 0.576598 0.859969
vt 0.656535 0.859781
vt 0.656561 0.794858
vt 0.566499 0.794664
s 1
usemtl マテリアル.001
f 1474/2272/1209 1476/2273/1210 1473/2274/1211
f 1473/2275/1211 1480/2276/1212 1474/2277/1209
f 1476/2273/1210 1475/2278/1213 1473/2279/1211
f 1477/2280/1214 1478/2281/1215 1476/2273/1210
f 1478/2281/1215 1480/2282/1212 1475/2283/1213
f 1474/2277/1209 1479/2284/1216 1477/2280/1214
f 1481/2285/1217 1484/2286/1218 1482/2287/1219
f 1482/2287/1219 1483/2288/1220 1481/2285/1217
f 1481/2289/1217 1486/2290/1221 1485/2291/1222
f 1485/2292/1222 1484/2286/1218 1481/2285/1217
f 1487/2293/1223 1485/2294/1222 1486/2295/1221
f 1487/2293/1223 1484/2296/1218 1485/2294/1222
f 1486/2295/1221 1488/2297/1224 1487/2293/1223
f 1482/2298/1219 1487/2299/1223 1488/2300/1224
f 1482/2287/1219 1488/2297/1224 1483/2288/1220
f 1483/2288/1220 1488/2297/1224 1486/2295/1221
f 1489/2301/1225 1492/2302/1226 1490/2303/1227
f 1490/2303/1227 1491/2304/1228 1489/2301/1225
f 1489/2305/1225 1491/2306/1228 1493/2307/1229
f 1493/2308/1229 1492/2302/1226 1489/2301/1225
f 1494/2309/1230 1492/2310/1226 1493/2311/1229
f 1494/2309/1230 1491/2304/1228 1495/2312/1231
f 1494/2313/1230 1490/2314/1227 1492/2315/1226
f 1490/2303/1227 1495/2312/1231 1491/2304/1228
f 1497/2316/1232 1499/2317/1233 1500/2318/1234
f 1497/2319/1232 1498/2320/1235 1496/2321/1236
f 1499/2322/1233 1496/2323/1236 1498/2324/1235
f 1501/2325/1237 1500/2326/1234 1499/2322/1233
f 1499/2322/1233 1498/2324/1235 1501/2325/1237
f 1498/2327/1235 1502/2328/1238 1501/2329/1237
f 1502/2330/1238 1500/2326/1234 1501/2325/1237
f 1497/2319/1232 1500/2326/1234 1502/2330/1238
f 1505/2331/1239 1504/2332/1240 1510/2276/1241
f 1504/2278/1240 1503/2333/1242 1506/2281/1243
f 1503/2334/1242 1508/2280/1244 1507/2273/1245
f 1507/2273/1245 1506/2281/1243 1503/2333/1242
f 1508/2280/1244 1506/2281/1243 1507/2273/1245
f 1510/2276/1241 1509/2284/1246 1508/2280/1244
f 1510/2276/1241 1508/2280/1244 1505/2331/1239
f 1504/2283/1240 1509/2284/1246 1510/2282/1241
f 1511/2335/1225 1514/2336/1226 1512/2337/1227
f 1512/2337/1227 1513/2338/1228 1511/2335/1225
f 1511/2339/1225 1513/2340/1228 1515/2341/1229
f 1515/2342/1229 1514/2336/1226 1511/2335/1225
f 1516/2343/1230 1514/2344/1226 1515/2311/1229
f 1516/2343/1230 1513/2338/1228 1517/2345/1231
f 1512/2346/1227 1516/2347/1230 1517/2348/1231
f 1512/2337/1227 1517/2345/1231 1513/2338/1228
f 1521/2349/1247 1518/2274/1248 1519/2272/1249
f 1518/2275/1248 1520/2350/1250 1519/2277/1249
f 1518/2279/1248 1522/2351/1251 1520/2278/1250
f 1522/2351/1251 1519/2277/1249 1520/2350/1250
f 1527/2281/1243 1524/2278/1240 1523/2279/1242
f 1523/2275/1242 1528/2276/1241 1526/2277/1209
f 1526/2272/1209 1525/2273/1210 1523/2274/1242
f 1527/2281/1243 1523/2279/1242 1525/2273/1210
f 1528/2282/1241 1524/2283/1240 1527/2281/1243
f 1529/2284/1216 1528/2282/1241 1527/2281/1243
f 1530/2280/1244 1527/2281/1243 1525/2273/1210
f 1528/2276/1241 1529/2284/1216 1530/2280/1244
f 1530/2280/1244 1525/2273/1210 1526/2272/1209
f 1528/2276/1241 1530/2280/1244 1526/2277/1209
f 1531/2352/1252 1532/2353/1253 1536/2354/1254
f 1531/2355/1252 1538/2356/1255 1532/2353/1253
f 1536/2354/1254 1533/2357/1256 1531/2352/1252
f 1533/2358/1256 1535/2359/1257 1531/2360/1252
f 1531/2360/1252 1535/2359/1257 1534/2361/1258
f 1532/2353/1253 1537/2362/1259 1536/2354/1254
f 1533/2363/1256 1537/2362/1259 1535/2364/1257
f 1537/2362/1259 1534/2361/1258 1535/2359/1257
f 1539/2365/1260 1551/2366/1261 1542/2367/1262
f 1540/2368/1263 1539/2365/1260 1544/2369/1264
f 1545/2370/1265 1539/2365/1260 1541/2371/1266
f 1539/2372/1260 1546/2373/1267 1541/2374/1266
f 1539/2365/1260 1542/2367/1262 1543/2375/1268
f 1539/2365/1260 1543/2375/1268 1546/2376/1267
f 1544/2369/1264 1539/2365/1260 1545/2370/1265
f 1546/2377/1267 1549/2378/1269 1547/2379/1270
f 1541/2374/1266 1546/2373/1267 1547/2379/1270
f 1548/2380/1271 1546/2377/1267 1543/2381/1268
f 1542/2382/1262 1550/2383/1272 1548/2380/1271
f 1548/2380/1271 1543/2381/1268 1542/2382/1262
f 1553/2384/1273 1548/2380/1271 1550/2383/1272
f 1550/2383/1272 1551/2385/1261 1552/2386/1274
f 1555/2387/1275 1550/2383/1272 1552/2386/1274
f 1553/2384/1273 1554/2388/1276 1549/2378/1269
f 1553/2384/1273 1556/2389/1277 1554/2388/1276
f 1553/2384/1273 1555/2387/1275 1556/2389/1277
f 1556/2389/1277 1559/2390/1278 1554/2388/1276
f 1557/2391/1279 1556/2389/1277 1555/2387/1275
f 1562/2392/1280 1557/2391/1279 1558/2393/1281
f 1557/2391/1279 1555/2394/1275 1558/2395/1281
f 1557/2391/1279 1560/2396/1282 1559/2390/1278
f 1561/2397/1283 1560/2396/1282 1557/2391/1279
f 1561/2397/1283 1557/2391/1279 1562/2392/1280
f 1562/2392/1280 1564/2398/1284 1561/2397/1283
f 1544/2369/1264 1562/2392/1280 1540/2368/1263
f 1562/2392/1280 1558/2393/1281 1540/2368/1263
f 1563/2399/1285 1544/2369/1264 1545/2370/1265
f 1563/2399/1285 1545/2370/1265 1564/2398/1284
f 1564/2398/1284 1565/2400/1286 1561/2397/1283
f 1564/2398/1284 1541/2371/1266 1565/2400/1286
f 1564/2398/1284 1545/2370/1265 1541/2371/1266
f 1561/2397/1283 1565/2400/1286 1560/2396/1282
f 1559/2390/1278 1560/2396/1282 1565/2400/1286
f 1566/2401/1287 1565/2400/1286 1541/2371/1266
f 1559/2390/1278 1565/2400/1286 1566/2401/1287
f 1547/2379/1270 1566/2401/1287 1541/2371/1266
f 1559/2390/1278 1567/2402/1288 1554/2388/1276
f 1566/2401/1287 1547/2379/1270 1567/2402/1288
f 1549/2378/1269 1554/2388/1276 1567/2402/1288
f 1549/2378/1269 1567/2402/1288 1547/2379/1270
f 1552/2403/1274 1540/2404/1263 1558/2395/1281
f 1558/2395/1281 1555/2394/1275 1552/2403/1274
f 1540/2404/1263 1552/2403/1274 1551/2405/1261
f 1568/2406/1217 1571/2407/1218 1569/2408/1219
f 1569/2408/1219 1570/2409/1220 1568/2406/1217
f 1568/2410/1217 1573/2411/1221 1572/2412/1222
f 1572/2413/1222 1571/2407/1218 1568/2406/1217
f 1574/2414/1223 1572/2415/1222 1573/2416/1221
f 1574/2414/1223 1571/2310/1218 1572/2415/1222
f 1573/2416/1221 1575/2417/1224 1574/2414/1223
f 1574/2418/1223 1569/2419/1219 1571/2420/1218
f 1569/2408/1219 1575/2417/1224 1570/2409/1220
f 1570/2409/1220 1575/2417/1224 1573/2416/1221
f 1577/2272/1209 1579/2273/1210 1576/2274/1242
f 1576/2275/1242 1583/2276/1212 1577/2277/1209
f 1579/2273/1210 1578/2278/1213 1576/2279/1242
f 1580/2280/1214 1581/2281/1215 1579/2273/1210
f 1581/2281/1215 1583/2282/1212 1578/2283/1213
f 1577/2277/1209 1582/2284/1216 1580/2280/1214
f 1588/2421/1289 1585/2422/1290 1584/2423/1291
f 1585/2424/1290 1587/2425/1292 1584/2426/1291
f 1588/2293/1289 1584/2427/1291 1586/2428/1293
f 1584/2427/1291 1587/2429/1292 1586/2428/1293
f 1588/2293/1289 1591/2430/1294 1589/2431/1295
f 1585/2424/1290 1589/2431/1295 1590/2432/1296
f 1589/2431/1295 1591/2430/1294 1590/2432/1296
f 1590/2433/1296 1586/2434/1293 1587/2435/1292
f 1593/2419/1290 1596/2436/1289 1597/2437/1297
f 1593/2438/1290 1595/2439/1292 1592/2426/1298
f 1596/2440/1289 1592/2441/1298 1594/2428/1293
f 1592/2441/1298 1595/2442/1292 1594/2428/1293
f 1596/2440/1289 1599/2443/1294 1597/2326/1297
f 1593/2438/1290 1597/2326/1297 1598/2444/1296
f 1597/2326/1297 1599/2443/1294 1598/2444/1296
f 1594/2445/1293 1598/2446/1296 1599/2447/1294
f 1603/2272/1299 1601/2273/1300 1600/2274/1242
f 1604/2281/1243 1600/2279/1242 1601/2273/1300
f 1604/2281/1243 1602/2278/1240 1600/2279/1242
f 1600/2275/1242 1606/2276/1241 1603/2277/1299
f 1602/2283/1240 1605/2284/1246 1606/2282/1241
f 1607/2280/1244 1604/2281/1243 1601/2273/1300
f 1606/2276/1241 1605/2284/1246 1607/2280/1244
f 1606/2276/1241 1607/2280/1244 1603/2277/1299
f 1609/2419/1290 1612/2448/1289 1613/2437/1297
f 1609/2438/1290 1611/2449/1301 1608/2450/1298
f 1612/2414/1289 1608/2451/1298 1610/2452/1293
f 1608/2451/1298 1611/2453/1301 1610/2452/1293
f 1612/2414/1289 1615/2443/1294 1613/2431/1297
f 1609/2438/1290 1613/2431/1297 1614/2454/1296
f 1613/2431/1297 1615/2443/1294 1614/2454/1296
f 1614/2455/1296 1610/2456/1293 1611/2457/1301
f 1617/2279/1302 1618/2281/1303 1616/2278/1304
f 1619/2284/1305 1617/2458/1302 1616/2350/1304
f 1619/2284/1305 1616/2459/1304 1618/2281/1303
f 1619/2284/1305 1618/2281/1303 1620/2349/1306
f 1623/2272/1209 1622/2273/1210 1621/2274/1242
f 1624/2278/1213 1621/2279/1242 1622/2273/1210
f 1621/2275/1242 1625/2276/1241 1623/2277/1209
f 1626/2281/1243 1624/2278/1213 1622/2273/1210
f 1626/2281/1243 1625/2282/1241 1624/2283/1213
f 1628/2280/1214 1626/2281/1243 1622/2273/1210
f 1625/2276/1241 1627/2284/1246 1628/2280/1214
f 1625/2276/1241 1628/2280/1214 1623/2277/1209
f 1629/2352/1252 1630/2353/1253 1634/2354/1254
f 1629/2355/1252 1636/2356/1255 1630/2353/1253
f 1634/2354/1254 1631/2357/1256 1629/2352/1252
f 1631/2358/1256 1633/2460/1257 1629/2461/1252
f 1629/2461/1252 1633/2460/1257 1632/2361/1307
f 1630/2353/1253 1635/2362/1259 1634/2354/1254
f 1631/2363/1256 1635/2362/1259 1633/2364/1257
f 1635/2362/1259 1632/2361/1307 1633/2460/1257
f 1637/2462/1308 1643/2463/1309 1638/2464/1310
f 1638/2464/1310 1640/2367/1311 1637/2462/1308
f 1640/2367/1311 1639/2465/1312 1637/2462/1308
f 1637/2462/1308 1639/2465/1312 1641/2466/1313
f 1642/2467/1314 1637/2462/1308 1641/2466/1313
f 1644/2468/1315 1643/2463/1309 1642/2467/1314
f 1642/2467/1314 1641/2466/1313 1644/2468/1315
f 1649/2469/1316 1644/2468/1315 1645/2470/1317
f 1644/2468/1315 1646/2471/1318 1645/2470/1317
f 1644/2468/1315 1641/2466/1313 1646/2471/1318
f 1647/2472/1319 1649/2469/1316 1648/2391/1320
f 1647/2472/1319 1648/2391/1320 1643/2463/1309
f 1648/2391/1320 1649/2469/1316 1650/2473/1321
f 1650/2473/1321 1649/2469/1316 1645/2470/1317
f 1651/2474/1322 1648/2391/1320 1650/2473/1321
f 1651/2474/1322 1645/2470/1317 1653/2475/1323
f 1651/2474/1322 1653/2475/1323 1652/2476/1324
f 1654/2477/1325 1653/2475/1323 1655/2379/1326
f 1654/2477/1325 1652/2476/1324 1653/2475/1323
f 1645/2470/1317 1655/2379/1326 1653/2475/1323
f 1656/2478/1327 1654/2477/1325 1655/2379/1326
f 1646/2479/1318 1656/2373/1327 1655/2379/1326
f 1655/2379/1326 1645/2470/1317 1646/2471/1318
f 1639/2372/1312 1656/2373/1327 1646/2479/1318
f 1658/2380/1328 1656/2478/1327 1657/2480/1329
f 1639/2465/1312 1657/2375/1329 1656/2376/1327
f 1640/2481/1311 1659/2482/1330 1658/2380/1328
f 1658/2380/1328 1657/2480/1329 1640/2481/1311
f 1658/2380/1328 1662/2483/1331 1654/2477/1325
f 1659/2482/1330 1660/2484/1332 1661/2386/1333
f 1663/2485/1334 1659/2482/1330 1661/2386/1333
f 1662/2483/1331 1663/2485/1334 1652/2476/1324
f 1662/2483/1331 1652/2476/1324 1654/2477/1325
f 1664/2486/1335 1663/2487/1334 1661/2403/1333
f 1648/2391/1320 1663/2487/1334 1664/2486/1335
f 1648/2391/1320 1652/2476/1324 1663/2485/1334
f 1643/2463/1309 1664/2488/1335 1638/2464/1310
f 1661/2403/1333 1638/2489/1310 1664/2486/1335
f 1643/2463/1309 1648/2391/1320 1664/2488/1335
f 1638/2489/1310 1661/2403/1333 1660/2405/1332
f 1641/2466/1313 1639/2465/1312 1646/2471/1318
f 1666/2490/1290 1669/2491/1289 1670/2492/1297
f 1666/2303/1290 1668/2493/1292 1665/2494/1298
f 1669/2495/1289 1665/2296/1298 1667/2496/1293
f 1665/2296/1298 1668/2497/1292 1667/2496/1293
f 1669/2495/1289 1672/2498/1294 1670/2345/1297
f 1666/2303/1290 1670/2345/1297 1671/2499/1296
f 1670/2345/1297 1672/2498/1294 1671/2499/1296
f 1667/2500/1293 1671/2501/1296 1672/2502/1294
f 1673/2274/1211 1677/2280/1214 1676/2273/1210
f 1673/2275/1211 1680/2276/1336 1674/2277/1209
f 1676/2273/1210 1675/2278/1213 1673/2279/1211
f 1677/2280/1214 1678/2281/1337 1676/2273/1210
f 1675/2283/1213 1679/2284/1216 1680/2282/1336
f 1674/2277/1209 1679/2284/1216 1677/2280/1214
f 1685/2503/1289 1682/2504/1290 1681/2505/1298
f 1682/2506/1290 1684/2507/1338 1681/2508/1298
f 1685/2509/1289 1681/2323/1298 1683/2510/1293
f 1681/2323/1298 1684/2429/1338 1683/2510/1293
f 1685/2509/1289 1688/2511/1294 1686/2345/1297
f 1682/2506/1290 1686/2345/1297 1687/2512/1296
f 1686/2345/1297 1688/2511/1294 1687/2512/1296
f 1687/2513/1296 1683/2514/1293 1684/2515/1338
f 1689/2516/1217 1692/2517/1218 1690/2518/1219
f 1690/2518/1219 1691/2519/1339 1689/2516/1217
f 1689/2520/1217 1694/2521/1221 1693/2522/1222
f 1693/2523/1222 1692/2517/1218 1689/2516/1217
f 1695/2343/1223 1693/2524/1222 1694/2525/1221
f 1695/2343/1223 1692/2451/1218 1693/2524/1222
f 1694/2525/1221 1696/2526/1224 1695/2343/1223
f 1695/2527/1223 1690/2528/1219 1692/2529/1218
f 1690/2518/1219 1696/2526/1224 1691/2519/1339
f 1691/2519/1339 1696/2526/1224 1694/2525/1221
f 1700/2272/1299 1698/2530/1300 1697/2274/1242
f 1701/2531/1243 1697/2532/1242 1698/2530/1300
f 1701/2531/1243 1699/2533/1240 1697/2532/1242
f 1697/2275/1242 1703/2534/1241 1700/2331/1299
f 1702/2535/1216 1703/2536/1241 1701/2531/1243
f 1704/2537/1244 1701/2531/1243 1698/2530/1300
f 1703/2536/1241 1699/2538/1240 1701/2531/1243
f 1703/2534/1241 1702/2535/1216 1704/2537/1244
f 1703/2534/1241 1704/2537/1244 1700/2331/1299
f 1704/2537/1244 1698/2530/1300 1700/2272/1299
f 1705/2539/1225 1708/2540/1226 1706/2408/1227
f 1706/2408/1227 1707/2338/1228 1705/2539/1225
f 1705/2541/1225 1707/2542/1228 1709/2543/1229
f 1709/2544/1229 1708/2540/1226 1705/2539/1225
f 1710/2545/1230 1708/2546/1226 1709/2547/1229
f 1710/2545/1230 1707/2338/1228 1711/2431/1231
f 1706/2548/1227 1710/2549/1230 1711/2550/1231
f 1706/2408/1227 1711/2431/1231 1707/2338/1228
f 1713/2279/1302 1714/2281/1303 1712/2278/1340
f 1715/2284/1305 1713/2458/1302 1712/2350/1340
f 1715/2284/1305 1712/2459/1340 1714/2281/1303
f 1715/2284/1305 1714/2281/1303 1716/2551/1306
f 1719/2273/1210 1718/2278/1213 1717/2279/1242
f 1717/2275/1242 1721/2276/1241 1720/2277/1209
f 1720/2272/1209 1719/2273/1210 1717/2274/1242
f 1721/2276/1241 1723/2284/1216 1720/2277/1209
f 1722/2280/1244 1719/2273/1210 1720/2272/1209
f 1723/2284/1216 1722/2280/1244 1720/2277/1209
f 1723/2284/1216 1724/2281/1243 1722/2280/1244
f 1723/2284/1216 1721/2282/1241 1724/2281/1243
f 1724/2281/1243 1718/2278/1213 1719/2273/1210
f 1722/2280/1244 1724/2281/1243 1719/2273/1210
f 1721/2282/1241 1718/2283/1213 1724/2281/1243
f 1725/2352/1252 1726/2353/1253 1730/2354/1254
f 1725/2355/1252 1732/2356/1255 1726/2353/1253
f 1730/2354/1254 1727/2357/1256 1725/2352/1252
f 1727/2358/1256 1729/2460/1257 1725/2461/1252
f 1725/2461/1252 1729/2460/1257 1728/2361/1258
f 1726/2353/1253 1731/2362/1259 1730/2354/1254
f 1727/2363/1256 1731/2362/1259 1729/2364/1257
f 1731/2362/1259 1728/2361/1258 1729/2460/1257
f 1733/2462/1308 1739/2463/1309 1734/2464/1310
f 1734/2464/1310 1736/2367/1311 1733/2462/1308
f 1736/2367/1311 1735/2552/1312 1733/2462/1308
f 1733/2462/1308 1735/2552/1312 1737/2553/1313
f 1738/2554/1314 1733/2462/1308 1737/2553/1313
f 1740/2468/1315 1739/2463/1309 1738/2554/1314
f 1738/2554/1314 1737/2553/1313 1740/2468/1315
f 1745/2555/1316 1740/2468/1315 1741/2470/1317
f 1740/2468/1315 1742/2556/1318 1741/2470/1317
f 1740/2468/1315 1737/2553/1313 1742/2556/1318
f 1743/2557/1319 1745/2555/1316 1744/2391/1341
f 1743/2557/1319 1744/2391/1341 1739/2463/1309
f 1744/2391/1341 1745/2555/1316 1746/2473/1321
f 1746/2473/1321 1745/2555/1316 1741/2470/1317
f 1747/2474/1322 1744/2391/1341 1746/2473/1321
f 1747/2474/1322 1741/2470/1317 1749/2475/1323
f 1747/2474/1322 1749/2475/1323 1748/2558/1324
f 1750/2477/1325 1749/2475/1323 1751/2379/1326
f 1750/2477/1325 1748/2558/1324 1749/2475/1323
f 1741/2470/1317 1751/2379/1326 1749/2475/1323
f 1752/2559/1327 1750/2477/1325 1751/2379/1326
f 1742/2560/1318 1752/2561/1327 1751/2379/1326
f 1751/2379/1326 1741/2470/1317 1742/2556/1318
f 1735/2372/1312 1752/2561/1327 1742/2560/1318
f 1754/2380/1328 1752/2559/1327 1753/2480/1329
f 1735/2552/1312 1753/2375/1329 1752/2376/1327
f 1736/2562/1311 1755/2482/1330 1754/2380/1328
f 1754/2380/1328 1753/2480/1329 1736/2562/1311
f 1754/2380/1328 1758/2483/1331 1750/2477/1325
f 1755/2482/1330 1756/2484/1332 1757/2386/1333
f 1759/2563/1334 1755/2482/1330 1757/2386/1333
f 1758/2483/1331 1759/2563/1334 1748/2558/1324
f 1758/2483/1331 1748/2558/1324 1750/2477/1325
f 1760/2486/1335 1759/2564/1334 1757/2403/1333
f 1744/2391/1341 1759/2564/1334 1760/2486/1335
f 1744/2391/1341 1748/2558/1324 1759/2563/1334
f 1739/2463/1309 1760/2565/1335 1734/2464/1310
f 1757/2403/1333 1734/2566/1310 1760/2486/1335
f 1739/2463/1309 1744/2391/1341 1760/2565/1335
f 1734/2566/1310 1757/2403/1333 1756/2405/1332
f 1737/2553/1313 1735/2552/1312 1742/2556/1318
f 1762/2567/1342 1763/2568/1343 1761/2569/1344
f 1762/2567/1342 1764/2570/1345 1767/2571/1346
f 1761/2569/1344 1763/2568/1343 1765/2295/1347
f 1764/2572/1345 1761/2573/1344 1765/2574/1347
f 1765/2295/1347 1763/2568/1343 1766/2575/1348
f 1764/2576/1345 1766/2575/1348 1767/2577/1346
f 1767/2578/1346 1763/2579/1343 1762/2580/1342
f 1769/2272/1209 1771/2273/1210 1768/2274/1211
f 1768/2275/1211 1775/2276/1212 1769/2277/1209
f 1771/2273/1210 1770/2278/1213 1768/2279/1211
f 1772/2280/1244 1773/2281/1215 1771/2273/1210
f 1773/2281/1215 1775/2282/1212 1770/2283/1213
f 1769/2277/1209 1774/2284/1216 1772/2280/1244
f 1777/2581/1232 1779/2582/1233 1780/2583/1234
f 1777/2337/1232 1778/2584/1235 1776/2508/1236
f 1779/2293/1233 1776/2585/1236 1778/2324/1235
f 1781/2416/1237 1780/2526/1234 1779/2293/1233
f 1779/2293/1233 1778/2324/1235 1781/2416/1237
f 1778/2586/1235 1782/2587/1238 1781/2588/1237
f 1782/2569/1238 1780/2526/1234 1781/2416/1237
f 1777/2337/1232 1780/2526/1234 1782/2569/1238
f 1783/2589/1225 1786/2590/1226 1784/2438/1227
f 1784/2438/1227 1785/2591/1228 1783/2589/1225
f 1783/2592/1225 1785/2593/1228 1787/2594/1229
f 1787/2595/1229 1786/2590/1226 1783/2589/1225
f 1788/2343/1230 1786/2344/1226 1787/2547/1229
f 1788/2343/1230 1785/2591/1228 1789/2345/1231
f 1784/2596/1227 1788/2597/1230 1789/2598/1231
f 1784/2438/1227 1789/2345/1231 1785/2591/1228
f 1793/2272/1239 1791/2273/1300 1790/2274/1242
f 1794/2281/1243 1790/2279/1242 1791/2273/1300
f 1794/2281/1243 1792/2278/1213 1790/2279/1242
f 1790/2275/1242 1796/2276/1241 1793/2277/1239
f 1794/2281/1243 1796/2282/1241 1792/2283/1213
f 1797/2280/1244 1794/2281/1243 1791/2273/1300
f 1796/2276/1241 1795/2284/1216 1797/2280/1244
f 1796/2276/1241 1797/2280/1244 1793/2277/1239
f 1797/2280/1244 1791/2273/1300 1793/2272/1239
f 1798/2301/1225 1801/2494/1226 1799/2599/1227
f 1799/2599/1227 1800/2338/1228 1798/2301/1225
f 1798/2600/1225 1800/2601/1228 1802/2602/1229
f 1802/2603/1229 1801/2494/1226 1798/2301/1225
f 1803/2343/1230 1801/2344/1226 1802/2604/1229
f 1803/2343/1230 1800/2338/1228 1804/2345/1231
f 1799/2605/1227 1803/2606/1230 1804/2607/1231
f 1799/2599/1227 1804/2345/1231 1800/2338/1228
f 1808/2349/1247 1805/2274/1248 1806/2272/1249
f 1805/2275/1248 1807/2350/1250 1806/2277/1249
f 1805/2279/1248 1809/2351/1251 1807/2278/1250
f 1809/2351/1251 1806/2277/1249 1807/2350/1250
f 1814/2281/1243 1811/2278/1213 1810/2279/1242
f 1810/2275/1242 1815/2276/1241 1813/2277/1209
f 1813/2272/1209 1812/2273/1210 1810/2274/1242
f 1814/2281/1243 1810/2279/1242 1812/2273/1210
f 1816/2284/1216 1814/2281/1243 1812/2273/1210
f 1815/2282/1241 1811/2283/1213 1814/2281/1243
f 1816/2284/1216 1815/2282/1241 1814/2281/1243
f 1815/2276/1241 1816/2284/1216 1817/2280/1244
f 1816/2284/1216 1812/2273/1210 1817/2280/1244
f 1815/2276/1241 1817/2280/1244 1813/2277/1209
f 1817/2280/1244 1812/2273/1210 1813/2272/1209
f 1818/2352/1252 1819/2353/1253 1823/2354/1254
f 1818/2355/1252 1825/2356/1255 1819/2353/1253
f 1823/2354/1254 1820/2357/1256 1818/2352/1252
f 1820/2358/1256 1822/2359/1257 1818/2608/1252
f 1818/2608/1252 1822/2359/1257 1821/2361/1307
f 1819/2353/1253 1824/2362/1259 1823/2354/1254
f 1820/2363/1256 1824/2362/1259 1822/2364/1257
f 1824/2362/1259 1821/2361/1307 1822/2359/1257
f 1826/2462/1308 1832/2463/1309 1827/2464/1310
f 1827/2464/1310 1829/2367/1311 1826/2462/1308
f 1829/2367/1311 1828/2609/1312 1826/2462/1308
f 1826/2462/1308 1828/2609/1312 1830/2610/1313
f 1831/2554/1314 1826/2462/1308 1830/2610/1313
f 1833/2398/1315 1832/2463/1309 1831/2554/1314
f 1831/2554/1314 1830/2610/1313 1833/2398/1315
f 1838/2555/1316 1833/2398/1315 1834/2470/1349
f 1833/2398/1315 1835/2611/1318 1834/2470/1349
f 1833/2398/1315 1830/2610/1313 1835/2611/1318
f 1836/2612/1319 1838/2555/1316 1837/2613/1341
f 1836/2612/1319 1837/2613/1341 1832/2463/1309
f 1837/2613/1341 1838/2555/1316 1839/2614/1321
f 1839/2614/1321 1838/2555/1316 1834/2470/1349
f 1840/2615/1322 1837/2613/1341 1839/2614/1321
f 1840/2615/1322 1834/2470/1349 1842/2616/1350
f 1840/2615/1322 1842/2616/1350 1841/2617/1351
f 1843/2618/1352 1842/2616/1350 1844/2619/1353
f 1841/2617/1351 1843/2618/1352 1851/2620/1354
f 1834/2470/1349 1844/2619/1353 1842/2616/1350
f 1845/2621/1355 1843/2618/1352 1844/2619/1353
f 1835/2560/1318 1845/2561/1355 1844/2619/1353
f 1844/2619/1353 1834/2470/1349 1835/2611/1318
f 1828/2372/1312 1845/2561/1355 1835/2560/1318
f 1847/2622/1356 1845/2621/1355 1846/2381/1329
f 1828/2609/1312 1846/2375/1329 1845/2376/1355
f 1829/2562/1311 1848/2482/1357 1847/2622/1356
f 1847/2622/1356 1846/2381/1329 1829/2562/1311
f 1851/2620/1354 1847/2622/1356 1848/2482/1357
f 1848/2482/1357 1849/2484/1358 1850/2386/1333
f 1852/2563/1359 1848/2482/1357 1850/2386/1333
f 1851/2620/1354 1852/2563/1359 1841/2617/1351
f 1853/2623/1335 1852/2564/1359 1850/2403/1333
f 1837/2613/1341 1852/2564/1359 1853/2623/1335
f 1837/2613/1341 1841/2617/1351 1852/2563/1359
f 1832/2463/1309 1853/2624/1335 1827/2464/1310
f 1850/2403/1333 1827/2566/1310 1853/2623/1335
f 1832/2463/1309 1837/2613/1341 1853/2624/1335
f 1827/2566/1310 1850/2403/1333 1849/2405/1358
f 1830/2610/1313 1828/2609/1312 1835/2611/1318
f 1858/2625/1289 1855/2626/1290 1854/2529/1298
f 1855/2438/1290 1857/2507/1338 1854/2508/1298
f 1858/2495/1289 1854/2323/1298 1856/2428/1293
f 1854/2323/1298 1857/2627/1338 1856/2428/1293
f 1858/2495/1289 1861/2443/1360 1859/2526/1297
f 1855/2438/1290 1859/2526/1297 1860/2628/1296
f 1859/2526/1297 1861/2443/1360 1860/2628/1296
f 1856/2629/1293 1860/2630/1296 1861/2631/1360
f 1862/2274/1211 1866/2280/1214 1865/2273/1210
f 1862/2275/1211 1869/2276/1212 1863/2277/1209
f 1865/2273/1210 1864/2278/1213 1862/2279/1211
f 1866/2280/1214 1867/2281/1215 1865/2273/1210
f 1864/2283/1213 1868/2284/1216 1869/2282/1212
f 1863/2277/1209 1868/2284/1216 1866/2280/1214
f 1874/2632/1361 1871/2633/1290 1870/2634/1298
f 1871/2337/1290 1873/2635/1292 1870/2636/1298
f 1874/2637/1361 1870/2310/1298 1872/2452/1293
f 1870/2310/1298 1873/2638/1292 1872/2452/1293
f 1874/2637/1361 1877/2443/1362 1875/2526/1297
f 1871/2337/1290 1875/2526/1297 1876/2628/1296
f 1875/2526/1297 1877/2443/1362 1876/2628/1296
f 1872/2639/1293 1876/2640/1296 1877/2641/1362
f 1878/2642/1217 1881/2517/1218 1879/2337/1219
f 1879/2337/1219 1880/2643/1220 1878/2642/1217
f 1878/2644/1217 1883/2645/1221 1882/2646/1363
f 1882/2647/1363 1881/2517/1218 1878/2642/1217
f 1884/2648/1223 1882/2649/1363 1883/2650/1221
f 1884/2648/1223 1881/2651/1218 1882/2649/1363
f 1883/2650/1221 1885/2345/1224 1884/2648/1223
f 1879/2652/1219 1884/2653/1223 1885/2348/1224
f 1879/2337/1219 1885/2345/1224 1880/2643/1220
f 1880/2643/1220 1885/2345/1224 1883/2650/1221
f 1889/2272/1299 1887/2273/1300 1886/2274/1242
f 1890/2281/1243 1886/2279/1242 1887/2273/1300
f 1886/2275/1242 1892/2276/1241 1889/2331/1299
f 1888/2278/1240 1886/2279/1242 1890/2281/1243
f 1888/2283/1240 1891/2284/1246 1892/2282/1241
f 1893/2280/1244 1890/2281/1243 1887/2273/1300
f 1892/2276/1241 1891/2284/1246 1893/2280/1244
f 1892/2276/1241 1893/2280/1244 1889/2331/1299
f 1894/2654/1217 1897/2302/1218 1895/2424/1219
f 1895/2424/1219 1896/2655/1339 1894/2654/1217
f 1894/2656/1217 1899/2657/1221 1898/2658/1222
f 1898/2659/1222 1897/2302/1218 1894/2654/1217
f 1900/2509/1223 1898/2660/1222 1899/2661/1221
f 1900/2509/1223 1897/2651/1218 1898/2660/1222
f 1899/2661/1221 1901/2345/1224 1900/2509/1223
f 1895/2662/1219 1900/2663/1223 1901/2492/1224
f 1895/2424/1219 1901/2345/1224 1896/2655/1339
f 1896/2655/1339 1901/2345/1224 1899/2661/1221
f 1903/2279/1302 1904/2281/1303 1902/2278/1304
f 1905/2284/1305 1903/2458/1302 1902/2350/1304
f 1905/2284/1305 1902/2664/1304 1904/2281/1303
f 1905/2284/1305 1904/2281/1303 1906/2551/1306
f 1910/2273/1245 1908/2278/1364 1907/2279/1365
f 1907/2275/1365 1914/2276/1336 1909/2277/1239
f 1907/2274/1365 1912/2280/1366 1910/2273/1245
f 1911/2281/1215 1908/2278/1364 1910/2273/1245
f 1912/2280/1366 1911/2281/1215 1910/2273/1245
f 1909/2277/1239 1913/2284/1367 1912/2280/1366
f 1914/2276/1336 1913/2284/1367 1909/2277/1239
f 1908/2283/1364 1913/2284/1367 1914/2282/1336
f 1915/2352/1252 1916/2353/1253 1920/2354/1254
f 1915/2355/1252 1922/2356/1255 1916/2353/1253
f 1920/2354/1254 1917/2357/1256 1915/2352/1252
f 1917/2358/1256 1919/2460/1257 1915/2608/1252
f 1915/2608/1252 1919/2460/1257 1918/2361/1258
f 1916/2353/1253 1921/2362/1259 1920/2354/1254
f 1917/2363/1256 1921/2362/1259 1919/2364/1257
f 1921/2362/1259 1918/2361/1258 1919/2460/1257
f 1923/2665/1368 1928/2463/1309 1924/2464/1369
f 1924/2464/1369 1926/2367/1370 1923/2665/1368
f 1927/2554/1371 1923/2665/1368 1925/2666/1372
f 1942/2375/1373 1923/2665/1368 1926/2367/1370
f 1929/2468/1374 1928/2463/1309 1927/2554/1371
f 1927/2554/1371 1925/2666/1372 1929/2468/1374
f 1934/2555/1316 1929/2468/1374 1930/2667/1317
f 1929/2468/1374 1931/2668/1375 1930/2667/1317
f 1929/2468/1374 1925/2666/1372 1931/2668/1375
f 1932/2397/1319 1934/2555/1316 1933/2391/1341
f 1932/2397/1319 1933/2391/1341 1928/2463/1309
f 1933/2391/1341 1934/2555/1316 1935/2473/1321
f 1935/2473/1321 1934/2555/1316 1930/2667/1317
f 1936/2474/1322 1933/2391/1341 1935/2473/1321
f 1936/2474/1322 1930/2667/1317 1938/2475/1323
f 1936/2474/1322 1938/2475/1323 1937/2617/1324
f 1939/2477/1325 1938/2475/1323 1940/2669/1326
f 1939/2477/1325 1937/2617/1324 1938/2475/1323
f 1930/2667/1317 1940/2669/1326 1938/2475/1323
f 1941/2377/1376 1939/2477/1325 1940/2669/1326
f 1931/2670/1375 1941/2373/1376 1940/2669/1326
f 1940/2669/1326 1930/2667/1317 1931/2668/1375
f 1925/2372/1372 1941/2373/1376 1931/2670/1375
f 1943/2671/1328 1941/2377/1376 1942/2672/1373
f 1925/2666/1372 1942/2375/1373 1941/2376/1376
f 1926/2562/1370 1944/2673/1377 1943/2671/1328
f 1943/2671/1328 1942/2672/1373 1926/2562/1370
f 1947/2674/1331 1943/2671/1328 1944/2673/1377
f 1944/2673/1377 1945/2675/1378 1946/2676/1379
f 1948/2387/1380 1944/2673/1377 1946/2676/1379
f 1947/2674/1331 1948/2387/1380 1937/2617/1324
f 1947/2674/1331 1937/2617/1324 1939/2477/1325
f 1949/2486/1381 1948/2487/1380 1946/2677/1379
f 1933/2391/1341 1948/2487/1380 1949/2486/1381
f 1933/2391/1341 1937/2617/1324 1948/2387/1380
f 1928/2463/1309 1949/2393/1381 1924/2464/1369
f 1946/2677/1379 1924/2566/1369 1949/2486/1381
f 1928/2463/1309 1933/2391/1341 1949/2393/1381
f 1946/2677/1379 1945/2405/1378 1924/2566/1369
f 1951/2678/1232 1953/2679/1233 1954/2680/1234
f 1951/2681/1232 1952/2584/1235 1950/2636/1236
f 1953/2682/1233 1950/2651/1236 1952/2683/1235
f 1955/2416/1237 1954/2345/1234 1953/2682/1233
f 1953/2682/1233 1952/2683/1235 1955/2416/1237
f 1952/2684/1235 1956/2573/1238 1955/2685/1237
f 1956/2569/1238 1954/2345/1234 1955/2416/1237
f 1951/2681/1232 1954/2345/1234 1956/2569/1238
f 1958/2272/1209 1960/2273/1210 1957/2274/1242
f 1957/2275/1242 1964/2276/1212 1958/2277/1209
f 1960/2273/1210 1959/2278/1213 1957/2279/1242
f 1960/2273/1210 1963/2284/1216 1962/2281/1215
f 1962/2281/1215 1964/2282/1212 1959/2283/1213
f 1958/2277/1209 1963/2284/1216 1961/2280/1214
f 1965/2301/1217 1968/2286/1218 1966/2686/1219
f 1966/2686/1219 1967/2519/1220 1965/2301/1217
f 1965/2687/1217 1970/2688/1221 1969/2689/1222
f 1969/2659/1222 1968/2286/1218 1965/2301/1217
f 1971/2509/1223 1969/2690/1222 1970/2691/1221
f 1971/2509/1223 1968/2310/1218 1969/2690/1222
f 1970/2691/1221 1972/2431/1224 1971/2509/1223
f 1971/2692/1223 1966/2693/1219 1968/2694/1218
f 1966/2686/1219 1972/2431/1224 1967/2519/1220
f 1967/2519/1220 1972/2431/1224 1970/2691/1221
f 1973/2654/1217 1976/2286/1218 1974/2424/1219
f 1974/2424/1219 1975/2655/1339 1973/2654/1217
f 1973/2695/1217 1978/2696/1221 1977/2697/1222
f 1977/2292/1222 1976/2286/1218 1973/2654/1217
f 1979/2698/1223 1977/2699/1222 1978/2295/1221
f 1979/2698/1223 1976/2700/1218 1977/2699/1222
f 1978/2295/1221 1980/2345/1224 1979/2698/1223
f 1974/2701/1219 1979/2702/1223 1980/2598/1224
f 1974/2424/1219 1980/2345/1224 1975/2655/1339
f 1975/2655/1339 1980/2345/1224 1978/2295/1221
f 1981/2275/1211 1985/2534/1241 1984/2277/1299
f 1982/2278/1213 1981/2279/1211 1983/2273/1210
f 1984/2272/1299 1983/2273/1210 1981/2274/1211
f 1985/2534/1241 1986/2280/1244 1984/2277/1299
f 1985/2534/1241 1987/2284/1216 1986/2280/1244
f 1986/2280/1244 1988/2703/1215 1983/2273/1210
f 1988/2703/1215 1985/2704/1241 1982/2283/1213
f 1988/2703/1215 1982/2278/1213 1983/2273/1210
f 1989/2705/1225 1992/2336/1226 1990/2706/1227
f 1990/2706/1227 1991/2707/1228 1989/2705/1225
f 1989/2644/1225 1991/2708/1228 1993/2709/1229
f 1993/2710/1229 1992/2336/1226 1989/2705/1225
f 1994/2711/1230 1992/2441/1226 1993/2604/1229
f 1994/2711/1230 1991/2707/1228 1995/2526/1231
f 1990/2712/1227 1994/2421/1230 1995/2713/1231
f 1990/2706/1227 1995/2526/1231 1991/2707/1228
f 1999/2349/1382 1996/2274/1248 1997/2272/1249
f 1996/2275/1248 1998/2714/1250 1997/2277/1249
f 1996/2279/1248 2000/2351/1251 1998/2278/1250
f 2000/2351/1251 1997/2277/1249 1998/2714/1250
f 2006/2281/1243 2002/2278/1213 2001/2279/1211
f 2002/2332/1213 2003/2276/1336 2001/2275/1211
f 2001/2275/1211 2003/2276/1336 2005/2277/1209
f 2005/2272/1209 2004/2273/1210 2001/2274/1211
f 2006/2281/1243 2001/2279/1211 2004/2273/1210
f 2007/2284/1216 2006/2281/1243 2004/2273/1210
f 2006/2281/1243 2003/2282/1336 2002/2283/1213
f 2005/2277/1209 2007/2284/1216 2008/2280/1244
f 2007/2284/1216 2004/2273/1210 2008/2280/1244
f 2003/2276/1336 2007/2284/1216 2005/2277/1209
f 2009/2352/1252 2010/2353/1253 2014/2354/1254
f 2009/2355/1252 2016/2356/1255 2010/2353/1253
f 2014/2354/1254 2011/2357/1256 2009/2352/1252
f 2011/2358/1256 2013/2359/1257 2009/2608/1252
f 2009/2608/1252 2013/2359/1257 2012/2361/1258
f 2010/2353/1253 2015/2362/1259 2014/2354/1254
f 2011/2363/1256 2015/2362/1259 2013/2364/1257
f 2015/2362/1259 2012/2361/1258 2013/2359/1257
f 2017/2462/1368 2022/2463/1309 2018/2464/1310
f 2018/2464/1310 2020/2367/1383 2017/2462/1368
f 2021/2554/1371 2017/2462/1368 2019/2715/1372
f 2042/2375/1373 2017/2462/1368 2020/2367/1383
f 2023/2468/1374 2022/2463/1309 2021/2554/1371
f 2021/2554/1371 2019/2715/1372 2023/2468/1374
f 2028/2555/1316 2023/2468/1374 2024/2667/1384
f 2023/2468/1374 2025/2716/1375 2024/2667/1384
f 2023/2468/1374 2019/2715/1372 2025/2716/1375
f 2026/2557/1385 2028/2555/1316 2027/2391/1386
f 2026/2557/1385 2027/2391/1386 2022/2463/1309
f 2027/2391/1386 2028/2555/1316 2029/2717/1387
f 2029/2717/1387 2028/2555/1316 2024/2667/1384
f 2033/2718/1388 2029/2717/1387 2031/2719/1389
f 2029/2717/1387 2030/2720/1390 2031/2719/1389
f 2024/2667/1384 2030/2720/1390 2029/2717/1387
f 2031/2719/1389 2040/2618/1391 2032/2620/1392
f 2032/2620/1392 2033/2718/1388 2031/2719/1389
f 2027/2391/1386 2033/2718/1388 2034/2563/1275
f 2032/2620/1392 2034/2563/1275 2033/2718/1388
f 2034/2563/1275 2037/2721/1357 2035/2386/1333
f 2036/2722/1335 2034/2564/1275 2035/2723/1333
f 2027/2391/1386 2034/2564/1275 2036/2722/1335
f 2022/2463/1309 2036/2393/1335 2018/2464/1310
f 2035/2723/1333 2018/2566/1310 2036/2722/1335
f 2022/2463/1309 2027/2391/1386 2036/2393/1335
f 2018/2566/1310 2035/2723/1333 2038/2405/1358
f 2037/2721/1357 2038/2484/1358 2035/2386/1333
f 2020/2562/1383 2037/2721/1357 2039/2380/1356
f 2032/2620/1392 2039/2380/1356 2037/2721/1357
f 2039/2380/1356 2042/2381/1373 2020/2562/1383
f 2041/2478/1393 2040/2618/1391 2043/2379/1394
f 2039/2380/1356 2041/2478/1393 2042/2381/1373
f 2019/2715/1372 2042/2375/1373 2041/2376/1393
f 2025/2670/1375 2041/2373/1393 2043/2379/1394
f 2019/2372/1372 2041/2373/1393 2025/2670/1375
f 2024/2667/1384 2043/2379/1394 2030/2720/1390
f 2043/2379/1394 2024/2667/1384 2025/2716/1375
f 2040/2618/1391 2030/2720/1390 2043/2379/1394
f 2047/2724/1233 2045/2725/1232 2044/2726/1236
f 2045/2681/1232 2046/2727/1235 2044/2728/1236
f 2047/2495/1233 2044/2729/1236 2046/2730/1235
f 2049/2416/1237 2048/2526/1234 2047/2495/1233
f 2047/2495/1233 2046/2730/1235 2049/2416/1237
f 2046/2731/1235 2050/2732/1238 2049/2733/1237
f 2050/2734/1238 2048/2526/1234 2049/2416/1237
f 2045/2681/1232 2048/2526/1234 2050/2734/1238
f 2052/2272/1209 2054/2273/1210 2051/2274/1242
f 2051/2275/1242 2058/2276/1212 2052/2277/1209
f 2054/2273/1210 2053/2278/1213 2051/2279/1242
f 2055/2280/1214 2056/2281/1215 2054/2273/1210
f 2056/2281/1215 2058/2282/1212 2053/2283/1213
f 2052/2277/1209 2057/2284/1216 2055/2280/1214
f 2063/2735/1289 2060/2736/1290 2059/2529/1298
f 2060/2681/1290 2062/2737/1301 2059/2494/1298
f 2063/2495/1289 2059/2310/1298 2061/2428/1293
f 2059/2310/1298 2062/2429/1301 2061/2428/1293
f 2063/2495/1289 2066/2738/1294 2064/2312/1297
f 2060/2681/1290 2064/2312/1297 2065/2432/1296
f 2064/2312/1297 2066/2738/1294 2065/2432/1296
f 2061/2739/1293 2065/2740/1296 2066/2741/1294
f 2068/2742/1290 2071/2743/1289 2072/2744/1295
f 2068/2745/1290 2070/2507/1338 2067/2728/1291
f 2071/2746/1289 2067/2700/1291 2069/2747/1293
f 2067/2700/1291 2070/2627/1338 2069/2747/1293
f 2071/2746/1289 2074/2748/1294 2072/2749/1295
f 2068/2745/1290 2072/2749/1295 2073/2512/1296
f 2072/2749/1295 2074/2748/1294 2073/2512/1296
f 2069/2750/1293 2073/2751/1296 2074/2752/1294
f 2077/2277/1209 2076/2332/1240 2082/2753/1336
f 2076/2278/1240 2075/2279/1242 2078/2281/1243
f 2077/2272/1209 2079/2273/1300 2075/2274/1242
f 2079/2273/1300 2078/2281/1243 2075/2279/1242
f 2080/2280/1244 2078/2281/1243 2079/2273/1300
f 2077/2277/1209 2081/2284/1216 2080/2280/1244
f 2076/2283/1240 2081/2284/1216 2082/2282/1336
f 2082/2753/1336 2081/2284/1216 2077/2277/1209
f 2083/2642/1217 2086/2494/1218 2084/2518/1219
f 2084/2518/1219 2085/2754/1220 2083/2642/1217
f 2083/2755/1217 2088/2756/1221 2087/2757/1222
f 2087/2758/1222 2086/2494/1218 2083/2642/1217
f 2089/2746/1223 2087/2759/1222 2088/2416/1221
f 2089/2746/1223 2086/2651/1218 2087/2759/1222
f 2088/2416/1221 2090/2760/1224 2089/2746/1223
f 2089/2761/1223 2084/2762/1219 2086/2763/1218
f 2084/2518/1219 2090/2760/1224 2085/2754/1220
f 2085/2754/1220 2090/2760/1224 2088/2416/1221
f 2094/2764/1247 2091/2274/1248 2092/2272/1249
f 2091/2275/1248 2093/2714/1250 2092/2277/1249
f 2091/2279/1248 2095/2351/1251 2093/2278/1250
f 2095/2351/1251 2092/2277/1249 2093/2714/1250
f 2098/2272/1209 2097/2273/1210 2096/2274/1242
f 2097/2273/1210 2099/2278/1213 2096/2279/1242
f 2096/2275/1242 2101/2276/1241 2098/2277/1209
f 2100/2281/1243 2101/2282/1241 2099/2283/1213
f 2101/2276/1241 2102/2284/1216 2098/2277/1209
f 2098/2277/1209 2102/2284/1216 2103/2280/1244
f 2103/2280/1244 2100/2281/1243 2097/2273/1210
f 2104/2352/1252 2105/2353/1253 2109/2354/1254
f 2104/2355/1252 2111/2356/1255 2105/2353/1253
f 2109/2354/1254 2106/2357/1256 2104/2352/1252
f 2106/2358/1256 2108/2460/1257 2104/2765/1252
f 2104/2765/1252 2108/2460/1257 2107/2361/1258
f 2105/2353/1253 2110/2362/1259 2109/2354/1254
f 2106/2363/1256 2110/2362/1259 2108/2364/1257
f 2110/2362/1259 2107/2361/1258 2108/2460/1257
f 2112/2766/1368 2117/2463/1309 2113/2767/1310
f 2113/2767/1310 2115/2367/1383 2112/2766/1368
f 2116/2554/1371 2112/2766/1368 2114/2715/1372
f 2131/2375/1373 2112/2766/1368 2115/2367/1383
f 2118/2468/1374 2117/2463/1309 2116/2554/1371
f 2116/2554/1371 2114/2715/1372 2118/2468/1374
f 2123/2555/1316 2118/2468/1374 2119/2667/1317
f 2118/2468/1374 2120/2668/1375 2119/2667/1317
f 2118/2468/1374 2114/2715/1372 2120/2668/1375
f 2121/2612/1385 2123/2555/1316 2122/2768/1341
f 2121/2612/1385 2122/2768/1341 2117/2463/1309
f 2122/2768/1341 2123/2555/1316 2124/2473/1321
f 2124/2473/1321 2123/2555/1316 2119/2667/1317
f 2125/2474/1322 2122/2768/1341 2124/2473/1321
f 2125/2474/1322 2119/2667/1317 2127/2475/1350
f 2125/2474/1322 2127/2475/1350 2126/2769/1351
f 2128/2770/1352 2127/2475/1350 2129/2379/1353
f 2126/2769/1351 2128/2770/1352 2136/2620/1395
f 2119/2667/1317 2129/2379/1353 2127/2475/1350
f 2130/2377/1393 2128/2770/1352 2129/2379/1353
f 2120/2670/1375 2130/2771/1393 2129/2379/1353
f 2129/2379/1353 2119/2667/1317 2120/2668/1375
f 2114/2372/1372 2130/2771/1393 2120/2670/1375
f 2132/2772/1356 2130/2377/1393 2131/2381/1373
f 2114/2715/1372 2131/2375/1373 2130/2376/1393
f 2115/2481/1383 2133/2673/1357 2132/2772/1356
f 2132/2772/1356 2131/2381/1373 2115/2481/1383
f 2136/2620/1395 2132/2772/1356 2133/2673/1357
f 2133/2673/1357 2134/2484/1332 2135/2773/1333
f 2137/2563/1396 2133/2673/1357 2135/2773/1333
f 2136/2620/1395 2137/2563/1396 2126/2769/1351
f 2138/2774/1335 2137/2564/1396 2135/2403/1333
f 2122/2768/1341 2137/2564/1396 2138/2774/1335
f 2122/2768/1341 2126/2769/1351 2137/2563/1396
f 2117/2463/1309 2138/2393/1335 2113/2767/1310
f 2135/2403/1333 2113/2566/1310 2138/2774/1335
f 2117/2463/1309 2122/2768/1341 2138/2393/1335
f 2113/2566/1310 2135/2403/1333 2134/2405/1332
f 1474/2272/1209 1477/2280/1214 1476/2273/1210
f 1473/2275/1211 1475/2332/1213 1480/2276/1212
f 1476/2273/1210 1478/2281/1215 1475/2278/1213
f 1477/2280/1214 1479/2284/1216 1478/2281/1215
f 1478/2281/1215 1479/2284/1216 1480/2282/1212
f 1474/2277/1209 1480/2276/1212 1479/2284/1216
f 1481/2289/1217 1483/2775/1220 1486/2290/1221
f 1482/2298/1219 1484/2776/1218 1487/2299/1223
f 1494/2309/1230 1493/2311/1229 1491/2304/1228
f 1494/2313/1230 1495/2680/1231 1490/2314/1227
f 1497/2316/1232 1496/2777/1236 1499/2317/1233
f 1497/2319/1232 1502/2330/1238 1498/2320/1235
f 1505/2331/1239 1503/2275/1242 1504/2332/1240
f 1503/2334/1242 1505/2778/1239 1508/2280/1244
f 1508/2280/1244 1509/2284/1246 1506/2281/1243
f 1504/2283/1240 1506/2281/1243 1509/2284/1246
f 1516/2343/1230 1515/2311/1229 1513/2338/1228
f 1512/2346/1227 1514/2779/1226 1516/2347/1230
f 1518/2279/1248 1521/2349/1247 1522/2351/1251
f 1522/2351/1251 1521/2349/1247 1519/2277/1249
f 1523/2275/1242 1524/2332/1240 1528/2276/1241
f 1530/2280/1244 1529/2284/1216 1527/2281/1243
f 1531/2355/1252 1534/2780/1258 1538/2356/1255
f 1532/2353/1253 1538/2356/1255 1537/2362/1259
f 1533/2363/1256 1536/2354/1254 1537/2362/1259
f 1537/2362/1259 1538/2356/1255 1534/2361/1258
f 1539/2365/1260 1540/2368/1263 1551/2366/1261
f 1546/2377/1267 1548/2380/1271 1549/2378/1269
f 1542/2382/1262 1551/2385/1261 1550/2383/1272
f 1553/2384/1273 1549/2378/1269 1548/2380/1271
f 1555/2387/1275 1553/2384/1273 1550/2383/1272
f 1556/2389/1277 1557/2391/1279 1559/2390/1278
f 1562/2392/1280 1563/2399/1285 1564/2398/1284
f 1544/2369/1264 1563/2399/1285 1562/2392/1280
f 1559/2390/1278 1566/2401/1287 1567/2402/1288
f 1568/2410/1217 1570/2781/1220 1573/2411/1221
f 1574/2418/1223 1575/2782/1224 1569/2419/1219
f 1577/2272/1209 1580/2280/1214 1579/2273/1210
f 1576/2275/1242 1578/2332/1213 1583/2276/1212
f 1579/2273/1210 1581/2281/1215 1578/2278/1213
f 1580/2280/1214 1582/2284/1216 1581/2281/1215
f 1581/2281/1215 1582/2284/1216 1583/2282/1212
f 1577/2277/1209 1583/2276/1212 1582/2284/1216
f 1588/2421/1289 1589/2783/1295 1585/2422/1290
f 1585/2424/1290 1590/2432/1296 1587/2425/1292
f 1588/2293/1289 1586/2428/1293 1591/2430/1294
f 1590/2433/1296 1591/2784/1294 1586/2434/1293
f 1593/2419/1290 1592/2423/1298 1596/2436/1289
f 1593/2438/1290 1598/2444/1296 1595/2439/1292
f 1596/2440/1289 1594/2428/1293 1599/2443/1294
f 1594/2445/1293 1595/2785/1292 1598/2446/1296
f 1603/2272/1299 1607/2280/1244 1601/2273/1300
f 1600/2275/1242 1602/2332/1240 1606/2276/1241
f 1602/2283/1240 1604/2281/1243 1605/2284/1246
f 1607/2280/1244 1605/2284/1246 1604/2281/1243
f 1609/2419/1290 1608/2786/1298 1612/2448/1289
f 1609/2438/1290 1614/2454/1296 1611/2449/1301
f 1612/2414/1289 1610/2452/1293 1615/2443/1294
f 1614/2455/1296 1615/2787/1294 1610/2456/1293
f 1617/2279/1302 1620/2349/1306 1618/2281/1303
f 1619/2284/1305 1620/2349/1306 1617/2458/1302
f 1623/2272/1209 1628/2280/1214 1622/2273/1210
f 1621/2275/1242 1624/2332/1213 1625/2276/1241
f 1626/2281/1243 1627/2284/1246 1625/2282/1241
f 1628/2280/1214 1627/2284/1246 1626/2281/1243
f 1629/2355/1252 1632/2780/1307 1636/2356/1255
f 1630/2353/1253 1636/2356/1255 1635/2362/1259
f 1631/2363/1256 1634/2354/1254 1635/2362/1259
f 1635/2362/1259 1636/2356/1255 1632/2361/1307
f 1637/2462/1308 1642/2467/1314 1643/2463/1309
f 1638/2464/1310 1660/2366/1332 1640/2367/1311
f 1640/2367/1311 1657/2375/1329 1639/2465/1312
f 1644/2468/1315 1647/2472/1319 1643/2463/1309
f 1649/2469/1316 1647/2472/1319 1644/2468/1315
f 1651/2474/1322 1652/2476/1324 1648/2391/1320
f 1651/2474/1322 1650/2473/1321 1645/2470/1317
f 1656/2478/1327 1658/2380/1328 1654/2477/1325
f 1640/2481/1311 1660/2484/1332 1659/2482/1330
f 1658/2380/1328 1659/2482/1330 1662/2483/1331
f 1663/2485/1334 1662/2483/1331 1659/2482/1330
f 1666/2490/1290 1665/2788/1298 1669/2491/1289
f 1666/2303/1290 1671/2499/1296 1668/2493/1292
f 1669/2495/1289 1667/2496/1293 1672/2498/1294
f 1667/2500/1293 1668/2789/1292 1671/2501/1296
f 1673/2274/1211 1674/2272/1209 1677/2280/1214
f 1673/2275/1211 1675/2332/1213 1680/2276/1336
f 1676/2273/1210 1678/2281/1337 1675/2278/1213
f 1677/2280/1214 1679/2284/1216 1678/2281/1337
f 1675/2283/1213 1678/2281/1337 1679/2284/1216
f 1674/2277/1209 1680/2276/1336 1679/2284/1216
f 1685/2503/1289 1686/2790/1297 1682/2504/1290
f 1682/2506/1290 1687/2512/1296 1684/2507/1338
f 1685/2509/1289 1683/2510/1293 1688/2511/1294
f 1687/2513/1296 1688/2791/1294 1683/2514/1293
f 1689/2520/1217 1691/2792/1339 1694/2521/1221
f 1695/2527/1223 1696/2793/1224 1690/2528/1219
f 1697/2275/1242 1699/2332/1240 1703/2534/1241
f 1704/2537/1244 1702/2535/1216 1701/2531/1243
f 1710/2545/1230 1709/2547/1229 1707/2338/1228
f 1706/2548/1227 1708/2777/1226 1710/2549/1230
f 1713/2279/1302 1716/2551/1306 1714/2281/1303
f 1715/2284/1305 1716/2551/1306 1713/2458/1302
f 1717/2275/1242 1718/2332/1213 1721/2276/1241
f 1725/2355/1252 1728/2780/1258 1732/2356/1255
f 1726/2353/1253 1732/2356/1255 1731/2362/1259
f 1727/2363/1256 1730/2354/1254 1731/2362/1259
f 1731/2362/1259 1732/2356/1255 1728/2361/1258
f 1733/2462/1308 1738/2554/1314 1739/2463/1309
f 1734/2464/1310 1756/2366/1332 1736/2367/1311
f 1736/2367/1311 1753/2375/1329 1735/2552/1312
f 1740/2468/1315 1743/2557/1319 1739/2463/1309
f 1745/2555/1316 1743/2557/1319 1740/2468/1315
f 1747/2474/1322 1748/2558/1324 1744/2391/1341
f 1747/2474/1322 1746/2473/1321 1741/2470/1317
f 1752/2559/1327 1754/2380/1328 1750/2477/1325
f 1736/2562/1311 1756/2484/1332 1755/2482/1330
f 1754/2380/1328 1755/2482/1330 1758/2483/1331
f 1759/2563/1334 1758/2483/1331 1755/2482/1330
f 1762/2567/1342 1761/2569/1344 1764/2570/1345
f 1764/2576/1345 1765/2295/1347 1766/2575/1348
f 1767/2578/1346 1766/2794/1348 1763/2579/1343
f 1769/2272/1209 1772/2280/1244 1771/2273/1210
f 1768/2275/1211 1770/2332/1213 1775/2276/1212
f 1771/2273/1210 1773/2281/1215 1770/2278/1213
f 1772/2280/1244 1774/2284/1216 1773/2281/1215
f 1773/2281/1215 1774/2284/1216 1775/2282/1212
f 1769/2277/1209 1775/2276/1212 1774/2284/1216
f 1777/2581/1232 1776/2786/1236 1779/2582/1233
f 1777/2337/1232 1782/2569/1238 1778/2584/1235
f 1788/2343/1230 1787/2547/1229 1785/2591/1228
f 1784/2596/1227 1786/2795/1226 1788/2597/1230
f 1790/2275/1242 1792/2332/1213 1796/2276/1241
f 1794/2281/1243 1795/2284/1216 1796/2282/1241
f 1797/2280/1244 1795/2284/1216 1794/2281/1243
f 1803/2343/1230 1802/2604/1229 1800/2338/1228
f 1799/2605/1227 1801/2796/1226 1803/2606/1230
f 1805/2279/1248 1808/2349/1247 1809/2351/1251
f 1809/2351/1251 1808/2349/1247 1806/2277/1249
f 1810/2275/1242 1811/2332/1213 1815/2276/1241
f 1818/2355/1252 1821/2780/1307 1825/2356/1255
f 1819/2353/1253 1825/2356/1255 1824/2362/1259
f 1820/2363/1256 1823/2354/1254 1824/2362/1259
f 1824/2362/1259 1825/2356/1255 1821/2361/1307
f 1826/2462/1308 1831/2554/1314 1832/2463/1309
f 1827/2464/1310 1849/2366/1358 1829/2367/1311
f 1829/2367/1311 1846/2375/1329 1828/2609/1312
f 1833/2398/1315 1836/2612/1319 1832/2463/1309
f 1838/2555/1316 1836/2612/1319 1833/2398/1315
f 1840/2615/1322 1841/2617/1351 1837/2613/1341
f 1840/2615/1322 1839/2614/1321 1834/2470/1349
f 1841/2617/1351 1842/2616/1350 1843/2618/1352
f 1845/2621/1355 1847/2622/1356 1843/2618/1352
f 1829/2562/1311 1849/2484/1358 1848/2482/1357
f 1851/2620/1354 1843/2618/1352 1847/2622/1356
f 1852/2563/1359 1851/2620/1354 1848/2482/1357
f 1858/2625/1289 1859/2797/1297 1855/2626/1290
f 1855/2438/1290 1860/2628/1296 1857/2507/1338
f 1858/2495/1289 1856/2428/1293 1861/2443/1360
f 1856/2629/1293 1857/2798/1338 1860/2630/1296
f 1862/2274/1211 1863/2272/1209 1866/2280/1214
f 1862/2275/1211 1864/2332/1213 1869/2276/1212
f 1865/2273/1210 1867/2281/1215 1864/2278/1213
f 1866/2280/1214 1868/2284/1216 1867/2281/1215
f 1864/2283/1213 1867/2281/1215 1868/2284/1216
f 1863/2277/1209 1869/2276/1212 1868/2284/1216
f 1874/2632/1361 1875/2799/1297 1871/2633/1290
f 1871/2337/1290 1876/2628/1296 1873/2635/1292
f 1874/2637/1361 1872/2452/1293 1877/2443/1362
f 1872/2639/1293 1873/2800/1292 1876/2640/1296
f 1878/2644/1217 1880/2801/1220 1883/2645/1221
f 1879/2652/1219 1881/2802/1218 1884/2653/1223
f 1889/2272/1299 1893/2280/1244 1887/2273/1300
f 1886/2275/1242 1888/2332/1240 1892/2276/1241
f 1888/2283/1240 1890/2281/1243 1891/2284/1246
f 1893/2280/1244 1891/2284/1246 1890/2281/1243
f 1894/2656/1217 1896/2803/1339 1899/2657/1221
f 1895/2662/1219 1897/2804/1218 1900/2663/1223
f 1903/2279/1302 1906/2551/1306 1904/2281/1303
f 1905/2284/1305 1906/2551/1306 1903/2458/1302
f 1907/2275/1365 1908/2332/1364 1914/2276/1336
f 1907/2274/1365 1909/2272/1239 1912/2280/1366
f 1912/2280/1366 1913/2284/1367 1911/2281/1215
f 1908/2283/1364 1911/2281/1215 1913/2284/1367
f 1915/2355/1252 1918/2780/1258 1922/2356/1255
f 1916/2353/1253 1922/2356/1255 1921/2362/1259
f 1917/2363/1256 1920/2354/1254 1921/2362/1259
f 1921/2362/1259 1922/2356/1255 1918/2361/1258
f 1923/2665/1368 1927/2554/1371 1928/2463/1309
f 1924/2464/1369 1945/2366/1378 1926/2367/1370
f 1942/2375/1373 1925/2666/1372 1923/2665/1368
f 1929/2468/1374 1932/2397/1319 1928/2463/1309
f 1934/2555/1316 1932/2397/1319 1929/2468/1374
f 1936/2474/1322 1937/2617/1324 1933/2391/1341
f 1936/2474/1322 1935/2473/1321 1930/2667/1317
f 1941/2377/1376 1943/2671/1328 1939/2477/1325
f 1926/2562/1370 1945/2675/1378 1944/2673/1377
f 1947/2674/1331 1939/2477/1325 1943/2671/1328
f 1948/2387/1380 1947/2674/1331 1944/2673/1377
f 1951/2678/1232 1950/2805/1236 1953/2679/1233
f 1951/2681/1232 1956/2569/1238 1952/2584/1235
f 1958/2272/1209 1961/2280/1214 1960/2273/1210
f 1957/2275/1242 1959/2332/1213 1964/2276/1212
f 1960/2273/1210 1962/2281/1215 1959/2278/1213
f 1960/2273/1210 1961/2280/1214 1963/2284/1216
f 1962/2281/1215 1963/2284/1216 1964/2282/1212
f 1958/2277/1209 1964/2276/1212 1963/2284/1216
f 1965/2687/1217 1967/2806/1220 1970/2688/1221
f 1971/2692/1223 1972/2550/1224 1966/2693/1219
f 1973/2695/1217 1975/2807/1339 1978/2696/1221
f 1974/2701/1219 1976/2808/1218 1979/2702/1223
f 1981/2275/1211 1982/2332/1213 1985/2534/1241
f 1984/2272/1299 1986/2280/1244 1983/2273/1210
f 1986/2280/1244 1987/2284/1216 1988/2703/1215
f 1988/2703/1215 1987/2284/1216 1985/2704/1241
f 1994/2711/1230 1993/2604/1229 1991/2707/1228
f 1990/2712/1227 1992/2809/1226 1994/2421/1230
f 1996/2279/1248 1999/2349/1382 2000/2351/1251
f 2000/2351/1251 1999/2349/1382 1997/2277/1249
f 2005/2272/1209 2008/2280/1244 2004/2273/1210
f 2006/2281/1243 2007/2284/1216 2003/2282/1336
f 2009/2355/1252 2012/2780/1258 2016/2356/1255
f 2010/2353/1253 2016/2356/1255 2015/2362/1259
f 2011/2363/1256 2014/2354/1254 2015/2362/1259
f 2015/2362/1259 2016/2356/1255 2012/2361/1258
f 2017/2462/1368 2021/2554/1371 2022/2463/1309
f 2018/2464/1310 2038/2366/1358 2020/2367/1383
f 2042/2375/1373 2019/2715/1372 2017/2462/1368
f 2023/2468/1374 2026/2557/1385 2022/2463/1309
f 2028/2555/1316 2026/2557/1385 2023/2468/1374
f 2033/2718/1388 2027/2391/1386 2029/2717/1387
f 2031/2719/1389 2030/2720/1390 2040/2618/1391
f 2034/2563/1275 2032/2620/1392 2037/2721/1357
f 2020/2562/1383 2038/2484/1358 2037/2721/1357
f 2032/2620/1392 2040/2618/1391 2039/2380/1356
f 2041/2478/1393 2039/2380/1356 2040/2618/1391
f 2047/2724/1233 2048/2713/1234 2045/2725/1232
f 2045/2681/1232 2050/2734/1238 2046/2727/1235
f 2052/2272/1209 2055/2280/1214 2054/2273/1210
f 2051/2275/1242 2053/2332/1213 2058/2276/1212
f 2054/2273/1210 2056/2281/1215 2053/2278/1213
f 2055/2280/1214 2057/2284/1216 2056/2281/1215
f 2056/2281/1215 2057/2284/1216 2058/2282/1212
f 2052/2277/1209 2058/2276/1212 2057/2284/1216
f 2063/2735/1289 2064/2810/1297 2060/2736/1290
f 2060/2681/1290 2065/2432/1296 2062/2737/1301
f 2063/2495/1289 2061/2428/1293 2066/2738/1294
f 2061/2739/1293 2062/2811/1301 2065/2740/1296
f 2068/2742/1290 2067/2812/1291 2071/2743/1289
f 2068/2745/1290 2073/2512/1296 2070/2507/1338
f 2071/2746/1289 2069/2747/1293 2074/2748/1294
f 2069/2750/1293 2070/2813/1338 2073/2751/1296
f 2077/2277/1209 2075/2275/1242 2076/2332/1240
f 2077/2272/1209 2080/2280/1244 2079/2273/1300
f 2080/2280/1244 2081/2284/1216 2078/2281/1243
f 2076/2283/1240 2078/2281/1243 2081/2284/1216
f 2083/2755/1217 2085/2814/1220 2088/2756/1221
f 2089/2761/1223 2090/2815/1224 2084/2762/1219
f 2091/2279/1248 2094/2764/1247 2095/2351/1251
f 2095/2351/1251 2094/2764/1247 2092/2277/1249
f 2098/2272/1209 2103/2280/1244 2097/2273/1210
f 2097/2273/1210 2100/2281/1243 2099/2278/1213
f 2096/2275/1242 2099/2332/1213 2101/2276/1241
f 2100/2281/1243 2102/2284/1216 2101/2282/1241
f 2103/2280/1244 2102/2284/1216 2100/2281/1243
f 2104/2355/1252 2107/2780/1258 2111/2356/1255
f 2105/2353/1253 2111/2356/1255 2110/2362/1259
f 2106/2363/1256 2109/2354/1254 2110/2362/1259
f 2110/2362/1259 2111/2356/1255 2107/2361/1258
f 2112/2766/1368 2116/2554/1371 2117/2463/1309
f 2113/2767/1310 2134/2366/1332 2115/2367/1383
f 2131/2375/1373 2114/2715/1372 2112/2766/1368
f 2118/2468/1374 2121/2612/1385 2117/2463/1309
f 2123/2555/1316 2121/2612/1385 2118/2468/1374
f 2125/2474/1322 2126/2769/1351 2122/2768/1341
f 2125/2474/1322 2124/2473/1321 2119/2667/1317
f 2126/2769/1351 2127/2475/1350 2128/2770/1352
f 2130/2377/1393 2132/2772/1356 2128/2770/1352
f 2115/2481/1383 2134/2484/1332 2133/2673/1357
f 2136/2620/1395 2128/2770/1352 2132/2772/1356
f 2137/2563/1396 2136/2620/1395 2133/2673/1357
o 立方体.107
v 71.165314 15.654151 20.207825
v 69.350052 15.654151 24.378643
v 69.350052 20.239651 24.378643
v 71.165314 20.239651 20.207825
v 62.532799 15.654151 26.129082
v 58.932739 15.654150 23.348728
v 58.932739 20.239651 23.348728
v 62.532799 20.239651 26.129082
v 57.815552 15.654150 -20.544369
v 61.415607 15.654150 -17.764015
v 61.415607 20.239651 -17.764015
v 57.815552 20.239651 -20.544369
v 49.183037 15.654149 -14.623110
v 50.998299 15.654149 -18.793932
v 50.998299 20.239649 -18.793932
v 49.183037 20.239649 -14.623110
v 64.843811 15.615888 24.857006
v 62.866772 15.615888 29.697842
v 64.843811 17.788088 24.857006
v 53.440155 15.615887 -19.556400
v 53.440155 17.788086 -19.556400
v 49.375542 15.615887 -22.845943
v 49.375542 17.788086 -22.845943
v 41.769810 15.615886 -20.893051
v 41.769810 17.788086 -20.893051
v 39.792767 15.615886 -16.052217
v 39.792767 17.788086 -16.052217
v 51.196426 15.615888 28.361187
v 51.196426 17.788086 28.361187
v 55.261036 15.615888 31.650734
v 55.261036 17.788088 31.650734
v 62.866772 17.788088 29.697842
vn 0.9169 -0.0000 0.3991
vn -0.6112 -0.0000 0.7914
vn -0.9169 -0.0000 -0.3991
vn 0.6112 -0.0000 -0.7914
vn 0.2487 -0.0000 0.9686
vn -0.0000 -1.0000 -0.0000
vn 0.9686 -0.0000 -0.2487
vn -0.9686 -0.0000 0.2487
vn -0.0000 1.0000 -0.0000
vn -0.2487 -0.0000 -0.9686
vn 0.9258 -0.0000 0.3781
vn 0.6291 -0.0000 -0.7773
vn -0.9258 -0.0000 -0.3781
vn -0.6291 -0.0000 0.7773
vt 0.211623 0.342452
vt 0.183173 0.330741
vt 0.211623 0.330741
vt 0.108345 0.487943
vt 0.136795 0.499654
vt 0.108345 0.499654
vt 0.136795 0.452347
vt 0.165245 0.460628
vt 0.136795 0.460628
vt 0.136795 0.423214
vt 0.165245 0.431496
vt 0.136795 0.431496
vt 0.183173 0.316173
vt 0.211623 0.316173
vt 0.116626 0.423214
vt 0.108345 0.324454
vt 0.137477 0.316173
vt 0.211623 0.407182
vt 0.183173 0.342452
vt 0.136795 0.487943
vt 0.108345 0.423214
vt 0.174892 0.316173
vt 0.183173 0.414933
vt 0.154040 0.423214
vt 0.165245 0.452347
vt 0.034101 0.441373
vt 0.024862 0.325859
vt 0.057364 0.316173
vt 0.196650 0.436821
vt 0.183173 0.423435
vt 0.196650 0.423435
vt 0.196650 0.512531
vt 0.183173 0.436821
vt 0.165245 0.423214
vt 0.178722 0.432454
vt 0.165245 0.432454
vt 0.178722 0.455716
vt 0.165245 0.455716
vt 0.178722 0.464956
vt 0.165245 0.464956
vt 0.210127 0.407182
vt 0.196650 0.482891
vt 0.196650 0.407182
vt 0.210127 0.496277
vt 0.196650 0.496277
vt 0.183173 0.407182
vt 0.196650 0.407182
vt 0.099105 0.316173
vt 0.108345 0.431687
vt 0.075843 0.441373
vt 0.145759 0.324454
vt 0.145759 0.414933
vt 0.137477 0.423214
vt 0.108345 0.414933
vt 0.116626 0.316173
vt 0.154040 0.316173
vt 0.183173 0.324454
vt 0.174892 0.423214
vt 0.066603 0.325859
vt 0.066603 0.431686
vt 0.057364 0.441373
vt 0.024862 0.431687
vt 0.034101 0.316173
vt 0.183173 0.512531
vt 0.178722 0.423214
vt 0.210127 0.482891
vt 0.075843 0.316173
vt 0.108345 0.325859
vt 0.099105 0.441373
s 1
usemtl マテリアル.002
f 2139/2816/1397 2141/2817/1397 2140/2818/1397
f 2145/2819/1398 2143/2820/1398 2146/2821/1398
f 2153/2822/1399 2151/2823/1399 2154/2824/1399
f 2149/2825/1400 2147/2826/1400 2150/2827/1400
f 2140/2818/1401 2146/2828/1401 2143/2829/1401
f 2143/2830/1402 2151/2831/1402 2147/2832/1402
f 2148/2833/1403 2142/2834/1403 2139/2816/1403
f 2144/2835/1404 2154/2836/1404 2151/2825/1404
f 2153/2837/1405 2145/2838/1405 2141/2839/1405
f 2152/2840/1406 2150/2827/1406 2147/2826/1406
f 2168/2841/1402 2164/2842/1402 2160/2843/1402
f 2155/2844/1407 2170/2845/1407 2156/2846/1407
f 2158/2847/1403 2157/2848/1403 2155/2844/1403
f 2159/2849/1408 2160/2850/1408 2161/2851/1408
f 2162/2852/1406 2161/2851/1406 2160/2850/1406
f 2163/2853/1409 2164/2854/1409 2165/2855/1409
f 2164/2856/1404 2167/2857/1404 2165/2858/1404
f 2167/2857/1410 2168/2859/1410 2169/2860/1410
f 2156/2846/1401 2169/2861/1401 2168/2862/1401
f 2163/2863/1405 2167/2864/1405 2170/2865/1405
f 2139/2816/1397 2142/2834/1397 2141/2817/1397
f 2145/2819/1398 2144/2835/1398 2143/2820/1398
f 2153/2822/1399 2152/2840/1399 2151/2823/1399
f 2149/2825/1400 2148/2849/1400 2147/2826/1400
f 2140/2818/1401 2141/2817/1401 2146/2828/1401
f 2147/2832/1402 2148/2866/1402 2139/2867/1402
f 2139/2867/1402 2140/2868/1402 2143/2830/1402
f 2143/2830/1402 2144/2869/1402 2151/2831/1402
f 2151/2831/1402 2152/2870/1402 2147/2832/1402
f 2147/2832/1402 2139/2867/1402 2143/2830/1402
f 2148/2833/1403 2149/2861/1403 2142/2834/1403
f 2144/2835/1404 2145/2819/1404 2154/2836/1404
f 2141/2839/1405 2142/2867/1405 2149/2866/1405
f 2149/2866/1405 2150/2871/1405 2153/2837/1405
f 2153/2837/1405 2154/2872/1405 2145/2838/1405
f 2145/2838/1405 2146/2873/1405 2141/2839/1405
f 2141/2839/1405 2149/2866/1405 2153/2837/1405
f 2152/2840/1406 2153/2822/1406 2150/2827/1406
f 2160/2843/1402 2158/2874/1402 2155/2875/1402
f 2155/2875/1402 2156/2876/1402 2168/2841/1402
f 2168/2841/1402 2166/2877/1402 2164/2842/1402
f 2164/2842/1402 2162/2878/1402 2160/2843/1402
f 2160/2843/1402 2155/2875/1402 2168/2841/1402
f 2155/2844/1407 2157/2848/1407 2170/2845/1407
f 2158/2847/1403 2159/2879/1403 2157/2848/1403
f 2159/2849/1408 2158/2880/1408 2160/2850/1408
f 2162/2852/1406 2163/2853/1406 2161/2851/1406
f 2163/2853/1409 2162/2852/1409 2164/2854/1409
f 2164/2856/1404 2166/2881/1404 2167/2857/1404
f 2167/2857/1410 2166/2881/1410 2168/2859/1410
f 2156/2846/1401 2170/2845/1401 2169/2861/1401
f 2170/2865/1405 2157/2875/1405 2159/2874/1405
f 2159/2874/1405 2161/2882/1405 2163/2863/1405
f 2163/2863/1405 2165/2883/1405 2167/2864/1405
f 2167/2864/1405 2169/2884/1405 2170/2865/1405
f 2170/2865/1405 2159/2874/1405 2163/2863/1405
o 立方体.110
v 77.782600 31.223417 23.217770
v 75.671051 31.223421 23.250179
v 77.782928 58.335197 23.226259
v 64.484726 31.214912 -28.020563
v 62.373184 31.214916 -27.988153
v 64.485062 58.326691 -28.012070
v 62.373516 58.326694 -27.979662
v 75.671387 58.335201 23.258669
v 75.315315 57.102257 21.276325
v 63.218521 57.094521 -26.339214
v 63.218216 32.447670 -26.346935
v 75.315010 32.455406 21.268608
v 76.575874 57.102093 20.966179
v 64.479080 57.094357 -26.649363
v 64.478775 32.447510 -26.657082
v 76.575569 32.455238 20.958460
v -36.672356 29.621754 -49.140453
v -33.385605 31.591824 -52.461411
v -38.336716 29.621754 -54.321209
v -33.730774 31.591824 -53.535839
v 4.338425 29.621758 -62.315453
v -0.267532 31.591829 -63.100826
v 2.674072 29.621758 -67.496216
v -0.612694 31.591827 -64.175255
v -38.336723 27.072529 -54.321213
v -36.672363 27.072531 -49.140453
v 2.674065 27.072536 -67.496216
v 4.338417 27.072535 -62.315453
v -37.701767 44.404789 -50.195492
v -36.412781 44.404789 -50.609585
v -37.701759 38.239517 -50.195496
v -38.514351 44.404789 -52.724892
v -37.701759 50.570061 -50.195492
v -36.412766 50.570061 -50.609589
v -38.514343 50.570061 -52.724888
v -37.701767 55.550781 -50.195492
v -35.737160 57.415646 -50.880676
v -38.514351 55.550781 -52.724892
v -34.609131 53.119633 -56.256683
v -36.534012 57.415646 -53.361084
v -33.122261 54.577744 -56.945625
v -28.277580 57.415646 -56.013523
v -26.666695 54.577744 -59.019516
v -18.040810 57.415649 -59.302158
v -27.480728 57.415646 -53.533115
v -17.243958 57.415646 -56.821747
v -27.480728 55.367336 -53.533115
v -17.243965 55.367336 -56.821747
v -36.412773 55.367336 -50.609589
v -34.175537 53.277454 -52.183510
v -34.175545 35.208992 -52.183517
v -1.035416 53.277454 -62.830013
v -1.035423 35.208992 -62.830009
v 1.699883 55.367340 -62.853550
v -7.007195 55.367340 -60.110378
v 1.699883 50.570065 -62.853546
v 1.699875 44.404793 -62.853550
v 3.245316 50.570065 -63.350025
v 2.432724 50.570065 -65.879425
v 3.245316 44.404793 -63.350029
v 3.245316 55.550785 -63.350029
v 1.249237 57.415649 -62.762817
v 2.432732 55.550785 -65.879417
v -2.593277 53.119694 -66.542000
v 0.452393 57.415649 -65.243225
v -4.203194 54.577801 -66.236084
v -7.804031 57.415649 -62.590778
v -10.658760 54.577797 -64.162178
v -7.007187 57.415649 -60.110378
v -18.662735 54.577797 -61.590847
v -10.658760 49.225346 -64.162170
v -10.658768 44.404793 -64.162178
v -2.654793 49.225346 -66.733505
v -18.662720 49.225342 -61.590843
v -26.666687 49.225288 -59.019520
v -18.662727 44.404789 -61.590847
v -26.666695 44.404789 -59.019524
v -18.662727 39.584236 -61.590843
v -26.666695 39.584236 -59.019520
v -18.662720 34.231781 -61.590851
v -10.658760 39.584236 -64.162186
v -2.654800 39.584236 -66.733513
v -10.658760 34.231781 -64.162186
v -7.804039 31.393932 -62.590786
v -4.203186 34.231785 -66.236084
v 0.452400 31.393932 -65.243225
v -2.593269 35.689892 -66.542007
v 2.432732 33.258797 -65.879417
v 3.245316 33.258797 -63.350029
v 2.432732 38.239521 -65.879425
v 3.245323 38.239517 -63.350025
v 2.432724 44.404793 -65.879425
v -2.654800 44.404793 -66.733505
v 1.699883 38.239521 -62.853546
v 1.699883 33.119110 -62.853539
v -7.007187 33.119110 -60.110378
v -17.243958 33.119110 -56.821743
v -7.007187 31.393932 -60.110386
v -17.243958 31.393932 -56.821747
v 1.249245 31.393934 -62.762814
v -18.040802 31.393932 -59.302158
v -27.480728 31.393932 -53.533108
v -28.277573 31.393930 -56.013519
v -27.480721 33.119110 -53.533112
v -35.737160 31.393930 -50.880676
v -36.534004 31.393930 -53.361084
v -37.701759 33.258797 -50.195492
v -38.514351 33.258793 -52.724884
v -34.609123 35.689888 -56.256683
v -38.514343 38.239517 -52.724884
v -34.670662 39.584236 -56.448189
v -34.670662 44.404789 -56.448185
v -34.670654 49.225288 -56.448189
v -33.122261 34.231781 -56.945621
v -26.666687 34.231781 -59.019512
v -36.412766 33.119110 -50.609585
v -36.412773 38.239517 -50.609589
vn -0.0000 -1.0000 0.0002
vn 0.0153 -0.0003 0.9999
vn 0.9679 0.0001 -0.2512
vn -0.0153 0.0003 -0.9999
vn -0.0000 1.0000 -0.0002
vn -0.9209 0.3116 0.2341
vn -0.9603 0.1253 0.2492
vn -0.9186 0.3190 0.2333
vn -0.2389 0.0003 -0.9710
vn -0.9208 -0.3118 0.2342
vn -0.9603 -0.1254 0.2492
vn -0.9605 -0.1234 0.2493
vn -0.9842 -0.0000 0.1768
vn -0.8890 -0.0001 0.4578
vn -0.9692 -0.0001 0.2462
vn -0.0001 -1.0000 0.0002
vn 0.0001 1.0000 -0.0002
vn 0.2389 -0.0003 0.9710
vn -0.4087 0.9032 0.1313
vn -0.2063 0.7383 -0.6421
vn 0.4087 0.9032 -0.1313
vn 0.2063 0.7383 0.6421
vn 0.9521 -0.0000 -0.3059
vn -0.0000 1.0000 -0.0000
vn -0.0000 -1.0000 -0.0000
vn 0.3059 -0.0000 0.9521
vn -0.3059 -0.0000 -0.9521
vn -0.9521 -0.0000 0.3059
vn 0.2987 -0.0000 0.9543
vn 0.4442 0.0001 0.8959
vn 0.3061 0.0088 0.9520
vn 0.3546 0.0072 0.9350
vn -0.6356 0.7446 0.2042
vn -0.5471 0.2853 -0.7870
vn -0.5772 0.1034 -0.8100
vn -0.6083 0.1619 -0.7770
vn -0.6850 0.0103 -0.7285
vn -0.5182 0.0124 -0.8551
vn -0.2348 0.6409 -0.7309
vn 0.2945 -0.1728 0.9399
vn 0.3081 0.0017 0.9513
vn 0.3031 -0.1677 0.9381
vn 0.2901 -0.3556 0.8885
vn 0.2992 -0.1338 0.9448
vn 0.4080 0.1403 0.9021
vn 0.4468 0.0012 0.8947
vn 0.4677 0.0006 0.8839
vn 0.2939 0.2129 0.9318
vn 0.0086 -0.0000 1.0000
vn 0.1605 -0.0000 0.9870
vn 0.2565 0.0078 0.9665
vn 0.3056 0.0088 0.9521
vn 0.3035 0.0018 0.9528
vn -0.2589 -0.0001 0.9659
vn 0.6356 0.7446 -0.2042
vn 0.1506 0.0106 -0.9885
vn 0.0060 0.1056 -0.9944
vn 0.0534 0.1680 -0.9843
vn -0.0051 0.2927 -0.9562
vn -0.1594 0.1082 -0.9813
vn -0.2348 0.6409 -0.7308
vn -0.0676 0.0123 -0.9976
vn -0.0722 -0.0000 -0.9974
vn -0.3019 0.0010 -0.9533
vn -0.0703 -0.0183 -0.9974
vn -0.0485 -0.0895 -0.9948
vn -0.2348 -0.6409 -0.7309
vn -0.0051 -0.2927 -0.9562
vn 0.0534 -0.1680 -0.9843
vn 0.1506 -0.0106 -0.9885
vn 0.6356 -0.7446 -0.2042
vn 0.1656 -0.0000 -0.9862
vn 0.1605 -0.0005 0.9870
vn 0.3060 -0.0087 0.9520
vn 0.2597 -0.0291 0.9652
vn 0.3068 0.1351 0.9421
vn 0.3024 0.1670 0.9384
vn 0.2999 0.1677 0.9391
vn 0.3056 -0.0087 0.9521
vn 0.3081 -0.0017 0.9513
vn 0.3499 -0.0366 0.9361
vn -0.6356 -0.7446 0.2042
vn -0.5471 -0.2853 -0.7870
vn -0.5733 -0.1040 -0.8127
vn -0.4385 -0.1037 -0.8927
vn -0.6850 -0.0103 -0.7285
vn -0.6083 -0.1619 -0.7770
vn -0.6958 -0.0000 -0.7183
vn -0.5182 -0.0124 -0.8551
vn -0.5143 -0.0000 -0.8576
vn -0.4385 0.1038 -0.8927
vn -0.9605 0.1233 0.2493
vn -0.9185 -0.3192 0.2334
vn 0.3057 0.0276 0.9517
vn 0.2905 -0.3575 0.8876
vn 0.2850 -0.3630 0.8871
vn 0.2854 -0.3561 0.8898
vn -0.1842 -0.0107 -0.9828
vn 0.3035 -0.0018 0.9528
vn 0.3057 -0.0276 0.9517
vn 0.2807 0.3573 0.8908
vn 0.2862 0.3563 0.8895
vt 0.056402 0.637967
vt 0.099969 0.681534
vt 0.056402 0.681534
vt 0.099969 0.550834
vt 0.143536 0.594401
vt 0.099969 0.594401
vt 0.143536 0.681534
vt 0.099969 0.725101
vt 0.143536 0.637967
vt 0.099969 0.637967
vt 0.187102 0.637967
vt 0.132644 0.725101
vt 0.121752 0.721073
vt 0.132644 0.721073
vt 0.110860 0.725101
vt 0.121752 0.725101
vt 0.121752 0.550834
vt 0.110860 0.594401
vt 0.110860 0.550834
vt 0.132644 0.594401
vt 0.121752 0.594401
vt 0.136811 0.725101
vt 0.137980 0.720500
vt 0.136811 0.550834
vt 0.132644 0.550834
vt 0.143536 0.550834
vt 0.136811 0.594401
vt 0.143536 0.594501
vt 0.176211 0.637967
vt 0.180291 0.637967
vt 0.180291 0.681534
vt 0.176211 0.681534
vt 0.165319 0.637967
vt 0.165319 0.681534
vt 0.138732 0.703318
vt 0.143536 0.714209
vt 0.138732 0.714209
vt 0.151684 0.653992
vt 0.165150 0.653992
vt 0.135326 0.578376
vt 0.108871 0.578376
vt 0.122099 0.653992
vt 0.143536 0.653992
vt 0.136811 0.681534
vt 0.143536 0.692426
vt 0.139586 0.684867
vt 0.121752 0.681534
vt 0.132644 0.685836
vt 0.121752 0.685836
vt 0.136811 0.637967
vt 0.132644 0.681534
vt 0.132644 0.637967
vt 0.121752 0.637967
vt 0.150277 0.681605
vt 0.150277 0.637897
vt 0.154427 0.637967
vt 0.154427 0.681534
vt 0.138732 0.692426
vt 0.143536 0.703318
vt 0.132644 0.616184
vt 0.143536 0.627076
vt 0.132644 0.627076
vt 0.121752 0.627076
vt 0.121752 0.616184
vt 0.143536 0.605292
vt 0.132644 0.605292
vt 0.121752 0.605292
vt 0.110860 0.616184
vt 0.110860 0.605292
vt 0.110860 0.627076
vt 0.099969 0.605292
vt 0.099969 0.616184
vt 0.099969 0.627076
vt 0.110860 0.637967
vt 0.106693 0.637967
vt 0.078185 0.637967
vt 0.089077 0.637967
vt 0.093228 0.637897
vt 0.093228 0.681605
vt 0.106693 0.681534
vt 0.110860 0.681534
vt 0.110860 0.685836
vt 0.103097 0.684675
vt 0.064888 0.653992
vt 0.078354 0.653992
vt 0.099969 0.703318
vt 0.104259 0.692426
vt 0.104259 0.703318
vt 0.078185 0.681534
vt 0.089077 0.681534
vt 0.104259 0.714209
vt 0.067294 0.637967
vt 0.067294 0.681534
vt 0.063214 0.637967
vt 0.063214 0.681534
vt 0.106693 0.725101
vt 0.099969 0.714209
vt 0.105012 0.720383
vt 0.106693 0.594401
vt 0.106693 0.550834
vt 0.099969 0.601213
vt 0.143536 0.725101
vt 0.187102 0.681534
vt 0.110860 0.721073
vt 0.143536 0.718289
vt 0.178617 0.653992
vt 0.187102 0.653992
vt 0.099969 0.578376
vt 0.143536 0.578376
vt 0.122099 0.578376
vt 0.099969 0.653992
vt 0.108871 0.653992
vt 0.135326 0.653992
vt 0.143536 0.616184
vt 0.099969 0.692426
vt 0.091820 0.653992
vt 0.056402 0.653992
vt 0.099969 0.718289
s 1
usemtl マテリアル.016
f 2172/2885/1411 2174/2886/1411 2171/2887/1411
f 2171/2888/1412 2178/2889/1412 2172/2890/1412
f 2176/2891/1413 2171/2892/1413 2174/2886/1413
f 2177/2893/1414 2174/2886/1414 2175/2894/1414
f 2178/2895/1415 2176/2891/1415 2177/2893/1415
f 2175/2894/1416 2182/2885/1417 2181/2894/1418
f 2182/2890/1419 2183/2889/1419 2186/2890/1419
f 2177/2893/1420 2179/2895/1421 2178/2895/1422
f 2172/2890/1423 2179/2889/1423 2182/2890/1423
f 2177/2893/1424 2181/2894/1424 2180/2893/1424
f 2186/2890/1425 2184/2893/1425 2185/2894/1425
f 2179/2895/1426 2184/2893/1426 2183/2895/1426
f 2182/2885/1427 2185/2894/1427 2181/2894/1427
f 2181/2894/1428 2184/2893/1428 2180/2893/1428
f 2187/2888/1429 2190/2889/1429 2189/2890/1429
f 2190/2889/1430 2193/2894/1430 2189/2890/1430
f 2194/2893/1431 2191/2886/1431 2193/2894/1431
f 2192/2891/1432 2187/2892/1432 2191/2886/1432
f 2193/2894/1433 2198/2886/1433 2197/2894/1433
f 2190/2895/1434 2192/2891/1434 2194/2893/1434
f 2197/2894/1435 2196/2887/1435 2195/2885/1435
f 2187/2892/1436 2198/2886/1436 2191/2886/1436
f 2189/2890/1437 2197/2894/1437 2195/2890/1437
f 2189/2890/1438 2196/2888/1438 2187/2888/1438
f 2203/2896/1436 2200/2897/1439 2204/2898/1440
f 2201/2899/1436 2200/2897/1439 2199/2900/1436
f 2199/2901/1438 2280/2902/1438 2201/2903/1438
f 2199/2901/1438 2205/2904/1438 2202/2905/1438
f 2206/2906/1441 2204/2898/1440 2219/2907/1442
f 2206/2908/1438 2205/2904/1438 2203/2909/1438
f 2207/2910/1443 2208/2911/1443 2206/2908/1443
f 2210/2912/1444 2209/2911/1445 2208/2911/1446
f 2205/2904/1447 2209/2911/1445 2283/2904/1448
f 2212/2913/1449 2211/2914/1449 2210/2914/1449
f 2212/2913/1434 2207/2915/1434 2215/2916/1434
f 2214/2917/1449 2213/2913/1449 2212/2913/1449
f 2214/2917/1434 2215/2916/1434 2216/2918/1434
f 2218/2919/1450 2215/2920/1451 2217/2921/1452
f 2220/2895/1453 2225/2922/1454 2218/2923/1450
f 2221/2890/1455 2204/2924/1440 2287/2925/1456
f 2220/2889/1457 2223/2894/1458 2222/2893/1436
f 2223/2894/1459 2227/2926/1460 2224/2927/1461
f 2231/2928/1462 2239/2929/1463 2224/2930/1461
f 2230/2931/1436 2226/2932/1464 2227/2933/1460
f 2233/2934/1433 2228/2935/1433 2229/2936/1433
f 2229/2936/1433 2230/2931/1433 2262/2937/1433
f 2232/2938/1465 2233/2934/1465 2235/2939/1465
f 2229/2936/1466 2234/2934/1467 2233/2934/1468
f 2235/2939/1469 2234/2934/1467 2236/2939/1470
f 2237/2940/1449 2236/2939/1471 2238/2940/1449
f 2237/2940/1434 2232/2938/1434 2235/2939/1434
f 2214/2917/1449 2238/2940/1449 2240/2917/1449
f 2237/2940/1434 2216/2918/1434 2239/2941/1434
f 2225/2942/1454 2216/2943/1436 2218/2919/1450
f 2244/2944/1437 2238/2945/1437 2241/2946/1437
f 2236/2939/1470 2243/2936/1472 2241/2946/1437
f 2244/2944/1437 2242/2947/1437 2246/2948/1437
f 2241/2946/1437 2263/2937/1473 2242/2947/1437
f 2213/2949/1437 2244/2944/1437 2245/2950/1437
f 2245/2950/1437 2246/2948/1437 2247/2951/1437
f 2247/2951/1437 2248/2952/1437 2249/2953/1437
f 2248/2952/1437 2242/2947/1437 2251/2954/1437
f 2285/2955/1437 2248/2952/1437 2250/2956/1437
f 2250/2956/1437 2251/2954/1437 2253/2957/1474
f 2253/2957/1474 2252/2958/1475 2257/2959/1476
f 2251/2954/1437 2263/2937/1473 2252/2958/1475
f 2271/2960/1477 2253/2961/1477 2254/2961/1477
f 2254/2961/1477 2255/2962/1477 2256/2962/1477
f 2256/2962/1478 2257/2959/1476 2258/2959/1479
f 2260/2958/1480 2257/2959/1476 2252/2958/1475
f 2270/2963/1481 2258/2959/1481 2259/2964/1481
f 2258/2959/1433 2261/2965/1433 2259/2964/1433
f 2260/2958/1433 2230/2931/1433 2261/2965/1433
f 2262/2937/1482 2252/2958/1475 2263/2937/1473
f 2262/2937/1482 2243/2936/1472 2229/2936/1466
f 2264/2966/1483 2230/2931/1436 2227/2933/1460
f 2259/2964/1484 2264/2966/1483 2265/2967/1485
f 2223/2894/1458 2274/2968/1486 2267/2969/1487
f 2269/2970/1436 2266/2971/1488 2267/2972/1487
f 2254/2961/1435 2269/2973/1435 2271/2960/1435
f 2256/2962/1435 2268/2974/1435 2254/2961/1435
f 2274/2975/1486 2269/2970/1436 2267/2972/1487
f 2273/2976/1435 2269/2973/1435 2272/2977/1435
f 2276/2978/1435 2272/2977/1435 2275/2979/1435
f 2277/2980/1489 2272/2981/1490 2286/2982/1491
f 2275/2979/1492 2278/2885/1492 2276/2978/1492
f 2201/2903/1438 2278/2983/1438 2277/2984/1438
f 2276/2978/1493 2279/2885/1494 2284/2978/1495
f 2280/2902/1496 2279/2983/1494 2278/2983/1497
f 2202/2905/1498 2281/2902/1499 2280/2902/1496
f 2282/2905/1500 2249/2953/1437 2281/2902/1499
f 2281/2902/1499 2285/2955/1437 2284/2985/1495
f 2202/2905/1498 2283/2904/1448 2282/2905/1500
f 2283/2904/1448 2247/2951/1437 2282/2905/1500
f 2211/2912/1501 2245/2950/1437 2283/2904/1448
f 2273/2976/1477 2284/2978/1477 2285/2976/1477
f 2271/2960/1477 2285/2976/1477 2250/2960/1477
f 2172/2885/1411 2175/2894/1411 2174/2886/1411
f 2171/2888/1412 2173/2910/1412 2178/2889/1412
f 2176/2891/1413 2173/2986/1413 2171/2892/1413
f 2177/2893/1414 2176/2891/1414 2174/2886/1414
f 2178/2895/1415 2173/2987/1415 2176/2891/1415
f 2175/2894/1416 2172/2885/1502 2182/2885/1417
f 2182/2890/1419 2179/2889/1419 2183/2889/1419
f 2177/2893/1420 2180/2893/1503 2179/2895/1421
f 2172/2890/1423 2178/2889/1423 2179/2889/1423
f 2177/2893/1424 2175/2894/1424 2181/2894/1424
f 2186/2890/1425 2183/2889/1425 2184/2893/1425
f 2179/2895/1426 2180/2893/1426 2184/2893/1426
f 2182/2885/1427 2186/2885/1427 2185/2894/1427
f 2181/2894/1428 2185/2894/1428 2184/2893/1428
f 2187/2888/1429 2188/2910/1429 2190/2889/1429
f 2190/2889/1430 2194/2893/1430 2193/2894/1430
f 2194/2893/1431 2192/2891/1431 2191/2886/1431
f 2192/2891/1432 2188/2986/1432 2187/2892/1432
f 2193/2894/1433 2191/2886/1433 2198/2886/1433
f 2190/2895/1434 2188/2987/1434 2192/2891/1434
f 2197/2894/1435 2198/2886/1435 2196/2887/1435
f 2187/2892/1436 2196/2892/1436 2198/2886/1436
f 2189/2890/1437 2193/2894/1437 2197/2894/1437
f 2189/2890/1438 2195/2890/1438 2196/2888/1438
f 2203/2896/1436 2199/2900/1436 2200/2897/1439
f 2201/2899/1436 2287/2988/1456 2200/2897/1439
f 2199/2901/1438 2202/2905/1438 2280/2902/1438
f 2199/2901/1438 2203/2909/1438 2205/2904/1438
f 2219/2907/1442 2217/2921/1452 2215/2920/1451
f 2215/2920/1451 2207/2989/1504 2206/2906/1441
f 2206/2906/1441 2203/2896/1436 2204/2898/1440
f 2219/2907/1442 2215/2920/1451 2206/2906/1441
f 2206/2908/1438 2208/2911/1438 2205/2904/1438
f 2207/2910/1443 2210/2912/1443 2208/2911/1443
f 2210/2912/1444 2211/2912/1501 2209/2911/1445
f 2205/2904/1447 2208/2911/1446 2209/2911/1445
f 2212/2913/1449 2213/2913/1449 2211/2914/1449
f 2212/2913/1434 2210/2914/1434 2207/2915/1434
f 2214/2917/1449 2240/2917/1449 2213/2913/1449
f 2214/2917/1434 2212/2913/1434 2215/2916/1434
f 2218/2919/1450 2216/2943/1436 2215/2920/1451
f 2217/2990/1452 2219/2991/1505 2220/2895/1453
f 2220/2895/1453 2222/2893/1506 2224/2927/1507
f 2220/2895/1453 2224/2927/1507 2225/2922/1454
f 2218/2923/1450 2217/2990/1452 2220/2895/1453
f 2287/2925/1456 2286/2992/1491 2221/2890/1455
f 2221/2890/1455 2220/2889/1457 2219/2993/1442
f 2204/2924/1440 2200/2994/1439 2287/2925/1456
f 2221/2890/1455 2219/2993/1442 2204/2924/1440
f 2220/2889/1457 2221/2890/1455 2223/2894/1458
f 2224/2927/1461 2222/2893/1459 2223/2894/1459
f 2223/2894/1459 2265/2995/1485 2264/2996/1483
f 2227/2926/1460 2226/2997/1464 2224/2927/1461
f 2223/2894/1459 2264/2996/1483 2227/2926/1460
f 2226/2932/1464 2228/2935/1436 2231/2928/1462
f 2231/2928/1462 2232/2938/1504 2239/2929/1463
f 2239/2929/1463 2225/2942/1454 2224/2930/1461
f 2224/2930/1461 2226/2932/1464 2231/2928/1462
f 2230/2931/1436 2228/2935/1436 2226/2932/1464
f 2233/2934/1433 2231/2928/1433 2228/2935/1433
f 2229/2936/1433 2228/2935/1433 2230/2931/1433
f 2232/2938/1465 2231/2928/1465 2233/2934/1465
f 2229/2936/1466 2243/2936/1472 2234/2934/1467
f 2235/2939/1469 2233/2934/1468 2234/2934/1467
f 2237/2940/1449 2235/2939/1471 2236/2939/1471
f 2237/2940/1434 2239/2941/1434 2232/2938/1434
f 2214/2917/1449 2237/2940/1449 2238/2940/1449
f 2237/2940/1434 2214/2917/1434 2216/2918/1434
f 2225/2942/1454 2239/2929/1463 2216/2943/1436
f 2244/2944/1437 2240/2998/1437 2238/2945/1437
f 2241/2946/1437 2238/2945/1437 2236/2939/1470
f 2236/2939/1470 2234/2934/1467 2243/2936/1472
f 2244/2944/1437 2241/2946/1437 2242/2947/1437
f 2241/2946/1437 2243/2936/1472 2263/2937/1473
f 2213/2949/1437 2240/2998/1437 2244/2944/1437
f 2245/2950/1437 2244/2944/1437 2246/2948/1437
f 2247/2951/1437 2246/2948/1437 2248/2952/1437
f 2248/2952/1437 2246/2948/1437 2242/2947/1437
f 2285/2955/1437 2249/2953/1437 2248/2952/1437
f 2250/2956/1437 2248/2952/1437 2251/2954/1437
f 2257/2959/1476 2255/2962/1508 2253/2957/1474
f 2253/2957/1474 2251/2954/1437 2252/2958/1475
f 2251/2954/1437 2242/2947/1437 2263/2937/1473
f 2271/2960/1477 2250/2960/1477 2253/2961/1477
f 2254/2961/1477 2253/2961/1477 2255/2962/1477
f 2256/2962/1478 2255/2962/1508 2257/2959/1476
f 2260/2958/1480 2258/2959/1479 2257/2959/1476
f 2270/2963/1481 2256/2962/1481 2258/2959/1481
f 2258/2959/1433 2260/2958/1433 2261/2965/1433
f 2260/2958/1433 2262/2937/1433 2230/2931/1433
f 2262/2937/1482 2260/2958/1480 2252/2958/1475
f 2262/2937/1482 2263/2937/1473 2243/2936/1472
f 2264/2966/1483 2261/2965/1436 2230/2931/1436
f 2265/2967/1485 2266/2971/1488 2268/2999/1509
f 2268/2999/1509 2270/2963/1510 2259/2964/1484
f 2259/2964/1484 2261/2965/1436 2264/2966/1483
f 2265/2967/1485 2268/2999/1509 2259/2964/1484
f 2266/3000/1488 2265/2995/1511 2223/2894/1458
f 2223/2894/1458 2221/2885/1455 2286/3001/1512
f 2223/2894/1458 2286/3001/1512 2274/2968/1486
f 2267/2969/1487 2266/3000/1488 2223/2894/1458
f 2269/2970/1436 2268/2999/1509 2266/2971/1488
f 2254/2961/1435 2268/2974/1435 2269/2973/1435
f 2256/2962/1435 2270/2963/1435 2268/2974/1435
f 2274/2975/1486 2272/2981/1490 2269/2970/1436
f 2273/2976/1435 2271/2960/1435 2269/2973/1435
f 2276/2978/1435 2273/2976/1435 2272/2977/1435
f 2286/2982/1491 2287/2988/1456 2201/2899/1436
f 2277/2980/1489 2275/3002/1510 2272/2981/1490
f 2272/2981/1490 2274/2975/1486 2286/2982/1491
f 2286/2982/1491 2201/2899/1436 2277/2980/1489
f 2275/2979/1492 2277/2887/1492 2278/2885/1492
f 2201/2903/1438 2280/2902/1438 2278/2983/1438
f 2276/2978/1493 2278/2885/1497 2279/2885/1494
f 2280/2902/1496 2281/2902/1499 2279/2983/1494
f 2202/2905/1498 2282/2905/1500 2281/2902/1499
f 2282/2905/1500 2247/2951/1437 2249/2953/1437
f 2284/2985/1495 2279/2983/1494 2281/2902/1499
f 2281/2902/1499 2249/2953/1437 2285/2955/1437
f 2202/2905/1498 2205/2904/1447 2283/2904/1448
f 2283/2904/1448 2245/2950/1437 2247/2951/1437
f 2283/2904/1448 2209/2911/1445 2211/2912/1501
f 2211/2912/1501 2213/2949/1437 2245/2950/1437
f 2273/2976/1477 2276/2978/1477 2284/2978/1477
f 2271/2960/1477 2273/2976/1477 2285/2976/1477
o 立方体.002
v 63.546684 32.069138 -27.738451
v 63.546684 57.712608 -27.738451
v 63.936466 32.069138 -27.841021
v 63.936466 57.712608 -27.841021
v 76.248291 32.069138 22.133678
v 76.248291 57.712608 22.133678
v 76.638077 32.069138 22.031111
v 76.638077 57.712608 22.031111
vn -0.2545 -0.0000 -0.9671
vn 0.9691 -0.0000 -0.2468
vn 0.2545 -0.0000 0.9671
vn -0.9691 -0.0000 0.2468
vn -0.0000 -1.0000 -0.0000
vn -0.0000 1.0000 -0.0000
vt 0.366107 0.411449
vt 0.365213 0.412343
vt 0.365213 0.411449
vt 0.366107 0.412343
vt 0.365213 0.413237
vt 0.366107 0.413237
vt 0.365213 0.414131
vt 0.367400 0.411499
vt 0.364259 0.414640
vt 0.364259 0.411499
vt 0.364319 0.414131
vt 0.364319 0.413237
vt 0.367000 0.414131
vt 0.366107 0.414131
vt 0.367400 0.414640
vt 0.367000 0.413237
s 1
usemtl マテリアル.005
f 2289/3003/1513 2290/3004/1513 2288/3005/1513
f 2291/3006/1514 2294/3007/1514 2290/3004/1514
f 2295/3008/1515 2292/3009/1515 2294/3007/1515
f 2293/3010/1516 2288/3011/1516 2292/3012/1516
f 2294/3007/1517 2288/3013/1517 2290/3014/1517
f 2295/3008/1518 2289/3015/1518 2293/3016/1518
f 2289/3003/1513 2291/3006/1513 2290/3004/1513
f 2291/3006/1514 2295/3008/1514 2294/3007/1514
f 2295/3008/1515 2293/3016/1515 2292/3009/1515
f 2293/3010/1516 2289/3017/1516 2288/3011/1516
f 2294/3007/1517 2292/3009/1517 2288/3013/1517
f 2295/3008/1518 2291/3018/1518 2289/3015/1518
