# Blender 4.4.1
# www.blender.org
mtllib LivingRoom.mtl
o 円柱.002
v 1.275614 8.885313 9.233837
v 1.972939 9.345493 9.739006
v 1.275614 -1.657216 9.233837
v 2.939099 -1.391757 9.387884
v 2.587250 -1.628941 9.613092
v 2.939099 4.340233 9.387884
v 1.972939 -2.117396 9.739006
v 2.587252 8.857038 9.613091
v 7.643729 9.872464 10.236764
v 6.214110 -1.391757 9.387884
v 6.214112 4.340233 9.387884
v -14.699802 8.885314 9.233836
v 7.643728 -2.644366 10.236764
v 6.644481 -1.628941 9.613092
v 6.644481 8.857038 9.613091
v -14.699802 -1.657216 9.233837
v -15.397129 9.345496 9.739005
v -15.397129 -2.117396 9.739006
v -16.195663 9.872464 10.236764
v -16.195663 -2.644364 10.236764
v -15.397129 9.345496 9.724832
v 7.227909 9.345494 9.724832
v -15.397129 -2.117396 9.724833
v 7.227909 -2.117396 9.724833
v 1.275614 -1.657216 9.257631
v 1.275614 8.885313 9.257630
v -14.699802 -1.657216 9.257631
v -14.699802 8.885314 9.257630
v -13.078030 -0.610896 9.233837
v -13.067528 -0.610898 9.233837
v -12.098820 -1.048646 9.233837
v -12.109322 -1.048644 9.233837
v -10.324249 -1.373452 9.233837
v -10.303244 -1.373452 9.233837
v -8.507669 -1.500222 9.233837
v -8.528675 -1.500222 9.233837
v -6.732345 -1.562631 9.233837
v -3.120946 -1.373452 9.233837
v -3.141950 -1.373450 9.233837
v -4.916521 -1.500222 9.233837
v -4.937526 -1.500222 9.233837
v -6.712096 -1.562633 9.233837
v -0.356663 -0.610896 9.233837
v -0.367166 -0.610898 9.233837
v -1.325371 -1.048646 9.233837
v -1.346375 -1.048644 9.233837
v 0.470204 0.300290 9.233837
v 0.459701 0.300290 9.233837
v 0.955438 3.614049 9.233838
v 0.955438 3.589156 9.233838
v 0.869248 1.802823 9.233838
v 0.869248 1.777932 9.233838
v 0.869248 5.400380 9.233838
v 0.869248 5.425272 9.233838
v 0.470204 6.902915 9.233837
v 0.470204 6.927807 9.233837
v -14.379629 3.614049 9.233837
v -14.379627 3.638940 9.233837
v -14.293438 1.802825 9.233837
v -14.293438 1.827716 9.233837
v -14.293438 5.425272 9.233837
v -14.293438 5.450165 9.233837
v -13.057026 7.838995 9.233837
v -12.098818 8.276743 9.233836
v -13.067528 7.838995 9.233837
v -13.894394 0.325183 9.233838
v -13.894394 0.300290 9.233838
v -13.883892 6.927808 9.233838
v -13.894394 6.927807 9.233838
v -10.303244 8.601550 9.233837
v -12.077814 8.276744 9.233836
v -10.282238 8.601550 9.233837
v -8.507669 8.728318 9.233836
v -8.486664 8.728320 9.233836
v -6.712095 8.790729 9.233837
v -1.325371 8.276743 9.233838
v -3.099941 8.601550 9.233837
v -3.120945 8.601550 9.233837
v -4.895515 8.728320 9.233837
v -0.346160 7.838995 9.233837
v -0.356664 7.838994 9.233837
v -1.314868 8.276743 9.233838
v -4.916520 8.728320 9.233837
v -6.691844 8.790729 9.233837
v 7.643729 -4.134623 10.236765
v -16.195663 -4.134622 10.236764
v 6.645822 -4.245653 9.125237
v -15.090633 -4.245653 9.125237
v 6.645822 -5.666069 9.125237
v -15.090633 -5.666067 9.125237
v 7.643729 9.872461 0.698443
v -16.195662 9.872463 0.698443
v -16.195663 -2.644367 0.698444
v 7.643728 -2.644367 0.698444
v -16.195663 -4.134624 0.698444
v 7.643730 -4.134624 0.698444
v -15.090633 -4.245653 0.704862
v 6.645822 -4.245653 0.704861
v -15.090633 -5.666069 0.704861
v 6.645822 -5.666069 0.704862
v 2.587250 -1.628941 9.627064
v 6.644481 -1.628941 9.616120
v 2.587252 8.857038 9.627063
v 6.644481 8.857038 9.616119
v 6.644482 4.654470 9.616120
v 2.587252 3.614049 9.627064
v 2.587251 -1.631438 9.613092
v 6.644481 -1.631440 9.613092
v 2.939099 -1.391757 9.613092
v 6.214112 4.340234 9.613092
v 6.214110 -1.391757 9.613092
v 2.939099 4.340234 9.613092
v 2.587252 4.641405 9.626002
v 6.644481 4.628956 9.626002
v 2.587252 4.653291 9.627064
v 2.607353 8.785017 9.347598
v 6.624380 8.785018 9.347598
v 2.607353 5.125118 9.347599
v 6.624380 5.114310 9.347599
v 2.597303 8.821028 9.480345
v 6.634431 8.821029 9.480344
v 2.587908 5.121652 9.624426
v 6.644036 5.110023 9.624426
v 2.640805 4.717718 9.632889
v 6.590933 4.709297 9.632889
v 2.650589 5.042532 9.631588
v 6.581145 5.034667 9.631588
v 2.640805 4.718151 9.575683
v 6.590933 4.709731 9.575683
v 2.650590 5.042966 9.574385
v 6.581147 5.035100 9.574384
v -18.663954 -6.248843 10.563061
v -18.663952 -5.607060 10.563061
v -18.663956 -6.248846 -1.130278
v -18.663954 -5.607063 -1.130278
v 10.659700 -6.248843 10.563061
v 10.659700 -5.607062 10.563061
v 10.659698 -6.248844 -1.130278
v 10.659700 -5.607063 -1.130278
v -18.600433 -12.194954 -0.127540
v -18.600433 -5.943878 -0.127541
v -18.600433 -12.194954 -0.861164
v -18.600433 -5.943878 -0.861165
v 10.572989 -12.194954 -0.127540
v 10.572989 -5.943882 -0.127541
v 10.572989 -12.194954 -0.861165
v 10.572989 -5.943882 -0.861165
v -18.663954 -12.436471 10.563061
v -18.663956 -11.533639 10.563061
v -18.663952 -12.436470 -1.130278
v -18.663954 -11.533638 -1.130278
v 10.659700 -12.436469 10.563061
v 10.659698 -11.533641 10.563061
v 10.659698 -12.436472 -1.130278
v 10.659698 -11.533640 -1.130278
v -18.630758 -12.251462 9.943919
v -18.630758 -6.000390 9.943918
v -18.630760 -12.251465 -0.511136
v -18.630760 -6.000391 -0.511136
v -17.814953 -12.251462 9.943919
v -17.814953 -6.000390 9.943918
v -17.814953 -12.251465 -0.511136
v -17.814953 -6.000393 -0.511136
v 9.747841 -12.251464 9.943919
v 9.747839 -6.000388 9.943918
v 9.747839 -12.251465 -0.511136
v 9.747839 -6.000391 -0.511136
v 10.563648 -12.251464 9.943919
v 10.563646 -6.000388 9.943918
v 10.563646 -12.251465 -0.511136
v 10.563646 -6.000391 -0.511136
v -4.249925 -12.251460 10.540547
v -4.249924 -6.000388 10.540546
v -4.249925 -12.251463 -0.484136
v -4.249925 -6.000391 -0.484137
v -3.434118 -12.251462 10.540547
v -3.434118 -6.000390 10.540546
v -3.434119 -12.251463 -0.484136
v -3.434118 -6.000389 -0.484137
v 0.393071 9.796904 2.816845
v -0.495303 10.481344 2.449634
v 1.328514 9.796904 3.836648
v 0.927128 10.481344 3.256056
v 1.702962 9.796904 5.127336
v 1.575334 10.481058 4.433044
v 1.663184 10.481058 5.520122
v 1.267267 9.796905 6.703775
v 1.328339 10.481058 6.558071
v 0.247464 9.796905 7.639218
v 0.621777 10.481058 7.388870
v -1.043224 9.796905 8.013667
v -0.632720 10.481345 7.972516
v -2.619663 9.796905 7.577972
v -2.255479 10.481345 7.771820
v -3.555106 9.796906 6.558168
v -3.493252 10.481345 6.703392
v -3.929555 9.796904 5.267480
v -3.899386 10.481057 5.422558
v -3.493860 9.796905 3.691041
v -3.687708 10.481344 4.055225
v -2.474057 9.796904 2.755598
v -2.848371 10.481058 3.005947
v -1.183368 9.796904 2.381149
v -1.877660 10.481057 2.508778
v -0.802898 11.059804 4.794459
v -1.269914 11.059743 4.729039
v -0.619613 11.059757 5.280362
v -0.879522 11.059741 5.634771
v -1.366766 11.059815 5.638340
v -1.618109 11.059843 5.096995
v -0.946109 10.777078 5.016634
v -0.793826 10.875942 5.082663
v -0.795547 10.900864 5.197407
v -0.793826 10.875942 5.312150
v -0.946109 10.777078 5.378180
v -1.057742 10.698937 5.271470
v -1.048803 10.688315 5.197407
v -1.057742 10.698937 5.123344
v -8.791039 19.145119 5.116636
v -8.714678 19.195301 5.220850
v -8.877893 19.086559 5.236181
v -7.603084 18.023827 5.370234
v -7.942183 17.982506 5.129768
v -7.561115 18.041149 5.060400
v -7.767292 18.012241 5.017171
v -7.881229 17.945221 5.304183
v -7.447402 18.023857 5.197405
v -8.038967 18.699581 5.303073
v -8.445858 18.402794 5.197405
v -8.308437 18.509741 4.957064
v -8.308437 18.509741 5.437748
v -8.037546 18.674049 5.071125
v -8.474733 19.097233 5.242339
v -8.755436 18.936489 5.060565
v -8.617599 19.019794 5.379161
v -8.505594 19.081623 5.079841
v -1.171791 10.777076 5.378180
v -1.324077 10.875942 5.312151
v -1.322357 10.900864 5.197408
v -1.324077 10.875942 5.082665
v -1.171791 10.777077 5.016636
v -1.060162 10.698937 5.123345
v -1.071741 10.688290 5.204635
v 6.609697 19.185940 5.246507
v 6.629748 19.173956 5.118689
v 6.745357 19.099405 5.228440
v 5.485182 18.023827 5.024577
v 5.824283 17.982506 5.265044
v 5.443213 18.041149 5.334413
v 5.649390 18.012241 5.377641
v 5.763327 17.945221 5.090629
v 5.329501 18.023857 5.197407
v 5.921065 18.699579 5.091739
v 6.327958 18.402796 5.197405
v 6.190537 18.509743 5.437748
v 6.190535 18.509741 4.957063
v 5.919643 18.674047 5.323687
v 6.387692 19.081623 5.079840
v 6.637535 18.936489 5.334247
v 6.386727 19.098555 5.297306
v 6.655181 18.927164 5.072373
v 4.481176 6.166651 10.284281
v 4.481175 7.891204 10.284280
v 4.481176 6.166651 10.059042
v 4.481175 7.891204 10.059041
v 4.877628 6.166651 10.284281
v 4.877628 7.891204 10.284280
v 4.877628 6.166651 10.059042
v 4.877628 7.891204 10.059041
v 4.679402 6.054166 10.059042
v 4.679402 8.003689 10.059041
v 4.679402 6.054166 10.284281
v 4.679402 8.003689 10.284280
v 4.580289 6.068452 10.059042
v 4.580289 7.989402 10.284280
v 4.580289 7.989402 10.059041
v 4.580289 6.068452 10.284281
v 4.778516 7.989403 10.059041
v 4.778515 6.068452 10.284280
v 4.778515 6.068452 10.059042
v 4.778515 7.989403 10.284280
v 4.708233 8.202509 9.938081
v 5.307446 8.020741 10.132772
v 5.246699 8.046291 9.938082
v 5.672153 7.656032 9.938082
v 5.697705 7.595285 10.132773
v 5.853922 7.056821 10.132772
v 5.853922 6.998353 9.938081
v 5.672153 6.399141 10.132772
v 5.697705 6.459888 9.938081
v 5.307445 6.034432 9.938082
v 5.246699 6.008882 10.132772
v 4.708233 5.852664 10.132772
v 4.649766 5.852664 9.938082
v 4.147374 5.989600 10.132773
v 4.111301 6.008882 9.938082
v 3.857918 6.206505 10.132773
v 3.857918 6.206505 9.938082
v 3.660295 6.459888 10.132772
v 3.641014 6.495960 9.938081
v 3.504078 6.998353 10.132772
v 3.504077 7.056820 9.938081
v 3.685847 7.656032 10.132773
v 3.660295 7.595286 9.938081
v 4.050554 8.020741 9.938081
v 4.111301 8.046291 10.132772
v 4.649766 8.202509 10.132772
v 4.809765 8.645720 10.010573
v 4.548236 8.645720 9.456773
v 4.679000 8.425189 9.890144
v 5.177423 8.572589 9.456773
v 5.062840 8.377734 9.890144
v 5.419044 8.472506 10.010573
v 5.577033 8.371588 9.456773
v 5.550301 8.128072 9.890145
v 5.915658 8.079314 10.010573
v 5.951780 8.035300 9.456773
v 5.905114 7.710870 9.890144
v 6.224002 7.526009 10.010573
v 6.240531 7.471520 9.456773
v 6.049748 7.300246 9.890144
v 6.295416 7.027587 10.010573
v 6.295417 7.027586 9.456773
v 6.073771 6.890214 9.890144
v 6.240530 6.583653 10.010573
v 6.224002 6.529164 9.456773
v 5.928321 6.387722 9.890144
v 5.951780 6.019873 10.010574
v 5.915659 5.975859 9.456774
v 5.588356 5.958333 9.890145
v 5.577033 5.683586 10.010574
v 5.419044 5.582667 9.456774
v 5.177423 5.482585 10.010574
v 5.087194 5.681953 9.890144
v 4.809765 5.409452 9.456773
v 4.548235 5.409453 10.010573
v 4.541629 5.632816 9.890144
v 4.180578 5.482584 9.456774
v 3.938956 5.582667 10.010574
v 4.144161 5.736371 9.890145
v 3.780968 5.683587 9.456774
v 3.807701 5.927102 9.890145
v 3.442342 5.975860 10.010573
v 3.406221 6.019874 9.456774
v 3.516936 6.251121 9.890145
v 3.133999 6.529165 10.010572
v 3.117470 6.583652 9.456773
v 3.343145 6.596636 9.890144
v 3.062585 7.027587 10.010573
v 3.062584 7.027586 9.456773
v 3.281398 7.027587 9.890145
v 3.117471 7.471522 10.010573
v 3.133999 7.526009 9.456773
v 3.328854 7.411428 9.890145
v 3.406221 8.035301 10.010573
v 3.442342 8.079315 9.456773
v 3.516937 7.804053 9.890145
v 3.769645 8.096840 9.890145
v 3.780968 8.371588 10.010573
v 3.938956 8.472506 9.456773
v 4.180579 8.572589 10.010573
v 4.248050 8.363443 9.890144
v 4.679000 8.425189 10.010573
v 5.109952 8.363442 10.010573
v 5.588357 8.096840 10.010573
v 6.020171 7.434426 10.010573
v 5.841065 7.804053 10.010573
v 5.085841 5.686417 10.010574
v 5.550300 5.927102 10.010574
v 6.014856 6.596636 10.010573
v 6.076603 7.027587 10.010573
v 5.841065 6.251121 10.010574
v 3.328854 6.643746 10.010572
v 3.769645 5.958334 10.010574
v 3.516936 6.251121 10.010574
v 4.248049 5.691731 10.010574
v 4.679000 5.629984 10.010574
v 3.281398 7.027587 10.010573
v 3.343145 7.458538 10.010573
v 3.807701 8.128072 10.010573
v 4.295161 8.377734 10.010573
v 3.516937 7.804053 10.010573
v 2.939100 3.880513 9.503553
v 2.939101 3.952452 9.503553
v 2.939100 3.880513 9.083520
v 2.939100 3.952452 9.083520
v 6.214114 3.880513 9.503553
v 6.214114 3.952453 9.503553
v 6.214114 3.880513 9.083520
v 6.214113 3.952453 9.083520
v 2.939100 -1.337346 9.503553
v 2.939101 -1.265407 9.503553
v 2.939100 -1.337346 9.083520
v 2.939100 -1.265407 9.083520
v 6.214113 -1.337344 9.503553
v 6.214114 -1.265408 9.503553
v 6.214114 -1.337346 9.083520
v 6.214114 -1.265408 9.083520
v 2.939100 -1.220237 9.503553
v 2.939101 -1.148297 9.503553
v 2.939099 -1.220237 9.083520
v 2.939101 -1.148297 9.083520
v 6.214112 -1.220237 9.503553
v 6.214113 -1.148299 9.503553
v 6.214112 -1.220237 9.083520
v 6.214113 -1.148299 9.083520
v 2.939101 -0.988791 9.503553
v 2.939101 -0.916850 9.503553
v 2.939101 -0.988791 9.083520
v 2.939101 -0.916850 9.083520
v 6.214113 -0.988790 9.503553
v 6.214113 -0.916852 9.503553
v 6.214114 -0.988791 9.083520
v 6.214113 -0.916852 9.083520
v 2.939100 -1.105901 9.503553
v 2.939101 -1.033961 9.503553
v 2.939100 -1.105901 9.083520
v 2.939100 -1.033961 9.083520
v 6.214113 -1.105901 9.503553
v 6.214112 -1.033963 9.503553
v 6.214113 -1.105901 9.083520
v 6.214112 -1.033963 9.083520
v 2.939100 -0.650433 9.503553
v 2.939101 -0.578494 9.503553
v 2.939100 -0.650433 9.083521
v 2.939100 -0.578494 9.083521
v 6.214113 -0.650432 9.503553
v 6.214113 -0.578494 9.503553
v 6.214113 -0.650432 9.083520
v 6.214113 -0.578494 9.083520
v 2.939099 -0.533324 9.503553
v 2.939100 -0.461385 9.503553
v 2.939100 -0.533324 9.083521
v 2.939100 -0.461385 9.083521
v 6.214112 -0.533324 9.503553
v 6.214114 -0.461385 9.503553
v 6.214113 -0.533324 9.083520
v 6.214114 -0.461385 9.083521
v 2.939100 -0.764771 9.503553
v 2.939100 -0.692832 9.503553
v 2.939100 -0.764771 9.083521
v 2.939100 -0.692832 9.083521
v 6.214113 -0.764771 9.503553
v 6.214113 -0.692832 9.503553
v 6.214113 -0.764771 9.083520
v 6.214113 -0.692832 9.083520
v 2.939100 -0.881879 9.503553
v 2.939100 -0.809941 9.503553
v 2.939100 -0.881881 9.083520
v 2.939099 -0.809941 9.083520
v 6.214114 -0.881881 9.503553
v 6.214112 -0.809941 9.503553
v 6.214114 -0.881881 9.083520
v 6.214112 -0.809941 9.083520
v 2.939100 0.019015 9.503553
v 2.939100 0.090955 9.503553
v 2.939100 0.019013 9.083520
v 2.939100 0.090955 9.083520
v 6.214113 0.019015 9.503553
v 6.214113 0.090953 9.503553
v 6.214113 0.019015 9.083520
v 6.214113 0.090953 9.083520
v 2.939100 0.136125 9.503553
v 2.939101 0.208064 9.503553
v 2.939100 0.136125 9.083520
v 2.939100 0.208064 9.083520
v 6.214114 0.136125 9.503553
v 6.214112 0.208062 9.503553
v 6.214114 0.136125 9.083520
v 6.214112 0.208062 9.083520
v 2.939101 0.367570 9.503553
v 2.939101 0.439509 9.503553
v 2.939100 0.367570 9.083520
v 2.939100 0.439509 9.083520
v 6.214113 0.367570 9.503553
v 6.214113 0.439509 9.503553
v 6.214113 0.367570 9.083520
v 6.214113 0.439509 9.083520
v 2.939100 0.250461 9.503553
v 2.939101 0.322400 9.503553
v 2.939100 0.250461 9.083520
v 2.939101 0.322400 9.083520
v 6.214112 0.250463 9.503553
v 6.214113 0.322398 9.503553
v 6.214113 0.250461 9.083520
v 6.214113 0.322398 9.083520
v 2.939101 -0.205005 9.503553
v 2.939100 -0.133067 9.503553
v 2.939100 -0.205005 9.083520
v 2.939100 -0.133067 9.083520
v 6.214112 -0.205007 9.503553
v 6.214113 -0.133067 9.503553
v 6.214112 -0.205007 9.083521
v 6.214113 -0.133067 9.083521
v 2.939100 -0.087897 9.503553
v 2.939100 -0.015958 9.503553
v 2.939100 -0.087897 9.083520
v 2.939100 -0.015958 9.083520
v 6.214113 -0.087897 9.503553
v 6.214113 -0.015958 9.503553
v 6.214113 -0.087897 9.083521
v 6.214113 -0.015958 9.083521
v 2.939100 -0.319343 9.503553
v 2.939100 -0.247403 9.503553
v 2.939100 -0.319343 9.083521
v 2.939100 -0.247403 9.083520
v 6.214113 -0.319343 9.503553
v 6.214113 -0.247403 9.503553
v 6.214114 -0.319343 9.083521
v 6.214114 -0.247405 9.083521
v 2.939100 -0.436452 9.503553
v 2.939101 -0.364512 9.503553
v 2.939099 -0.436452 9.083521
v 2.939100 -0.364512 9.083521
v 6.214113 -0.436452 9.503553
v 6.214113 -0.364514 9.503553
v 6.214113 -0.436452 9.083521
v 6.214113 -0.364514 9.083521
v 2.939101 1.382733 9.503553
v 2.939101 1.454672 9.503553
v 2.939101 1.382733 9.083520
v 2.939100 1.454672 9.083520
v 6.214113 1.382731 9.503553
v 6.214113 1.454671 9.503553
v 6.214113 1.382731 9.083521
v 6.214113 1.454671 9.083521
v 2.939101 1.499843 9.503553
v 2.939101 1.571782 9.503553
v 2.939100 1.499843 9.083520
v 2.939101 1.571782 9.083520
v 6.214113 1.499842 9.503553
v 6.214113 1.571782 9.503553
v 6.214113 1.499842 9.083521
v 6.214113 1.571782 9.083521
v 2.939101 1.731288 9.503553
v 2.939100 1.803227 9.503553
v 2.939100 1.731288 9.083520
v 2.939100 1.803227 9.083520
v 6.214113 1.731288 9.503553
v 6.214113 1.803227 9.503553
v 6.214113 1.731288 9.083520
v 6.214113 1.803227 9.083520
v 2.939100 1.614179 9.503553
v 2.939100 1.686117 9.503553
v 2.939100 1.614179 9.083520
v 2.939100 1.686117 9.083520
v 6.214114 1.614179 9.503553
v 6.214113 1.686116 9.503553
v 6.214114 1.614179 9.083520
v 6.214113 1.686116 9.083520
v 2.939101 2.069645 9.503553
v 2.939100 2.141584 9.503553
v 2.939100 2.069645 9.083520
v 2.939100 2.141584 9.083520
v 6.214114 2.069646 9.503553
v 6.214113 2.141584 9.503553
v 6.214113 2.069646 9.083520
v 6.214113 2.141583 9.083520
v 2.939100 2.186755 9.503553
v 2.939100 2.258694 9.503553
v 2.939100 2.186755 9.083520
v 2.939100 2.258694 9.083520
v 6.214114 2.186755 9.503553
v 6.214113 2.258693 9.503553
v 6.214113 2.186755 9.083520
v 6.214113 2.258693 9.083520
v 2.939101 1.955310 9.503553
v 2.939100 2.027247 9.503553
v 2.939101 1.955310 9.083520
v 2.939101 2.027247 9.083520
v 6.214113 1.955308 9.503553
v 6.214113 2.027247 9.503553
v 6.214113 1.955308 9.083520
v 6.214113 2.027247 9.083520
v 2.939101 1.838200 9.503553
v 2.939100 1.910137 9.503553
v 2.939100 1.838200 9.083520
v 2.939100 1.910137 9.083520
v 6.214113 1.838199 9.503553
v 6.214113 1.910138 9.503553
v 6.214113 1.838199 9.083520
v 6.214113 1.910138 9.083520
v 2.939100 0.937304 9.503553
v 2.939100 1.009244 9.503553
v 2.939100 0.937304 9.083521
v 2.939101 1.009243 9.083521
v 6.214112 0.937305 9.503553
v 6.214112 1.009243 9.503553
v 6.214113 0.937305 9.083520
v 6.214113 1.009243 9.083520
v 2.939100 1.054414 9.503553
v 2.939101 1.126353 9.503553
v 2.939100 1.054414 9.083521
v 2.939101 1.126353 9.083521
v 6.214113 1.054415 9.503553
v 6.214113 1.126353 9.503553
v 6.214113 1.054415 9.083520
v 6.214113 1.126353 9.083521
v 2.939101 1.285861 9.503553
v 2.939100 1.357799 9.503553
v 2.939100 1.285861 9.083520
v 2.939100 1.357799 9.083520
v 6.214112 1.285861 9.503553
v 6.214113 1.357799 9.503553
v 6.214112 1.285861 9.083521
v 6.214113 1.357799 9.083521
v 2.939100 1.168751 9.503553
v 2.939100 1.240689 9.503553
v 2.939100 1.168751 9.083521
v 2.939100 1.240688 9.083520
v 6.214113 1.168751 9.503553
v 6.214113 1.240689 9.503553
v 6.214114 1.168750 9.083521
v 6.214114 1.240689 9.083521
v 2.939101 0.713285 9.503553
v 2.939100 0.785223 9.503553
v 2.939100 0.713285 9.083520
v 2.939100 0.785223 9.083520
v 6.214113 0.713284 9.503553
v 6.214113 0.785223 9.503553
v 6.214113 0.713284 9.083520
v 6.214114 0.785222 9.083520
v 2.939100 0.830394 9.503553
v 2.939100 0.902331 9.503553
v 2.939100 0.830394 9.083521
v 2.939099 0.902331 9.083521
v 6.214112 0.830394 9.503553
v 6.214113 0.902331 9.503553
v 6.214112 0.830394 9.083520
v 6.214113 0.902331 9.083520
v 2.939100 0.598949 9.503553
v 2.939100 0.670886 9.503553
v 2.939101 0.598949 9.083520
v 2.939100 0.670886 9.083520
v 6.214113 0.598949 9.503553
v 6.214113 0.670886 9.503553
v 6.214113 0.598949 9.083520
v 6.214113 0.670886 9.083520
v 2.939101 0.481839 9.503553
v 2.939101 0.553779 9.503553
v 2.939100 0.481839 9.083520
v 2.939101 0.553779 9.083520
v 6.214113 0.481837 9.503553
v 6.214113 0.553777 9.503553
v 6.214113 0.481837 9.083520
v 6.214113 0.553777 9.083520
v 2.939100 3.193601 9.503553
v 2.939101 3.265539 9.503553
v 2.939100 3.193601 9.083520
v 2.939100 3.265539 9.083520
v 6.214113 3.193601 9.503553
v 6.214114 3.265540 9.503553
v 6.214113 3.193601 9.083520
v 6.214113 3.265540 9.083520
v 2.939101 3.310711 9.503553
v 2.939101 3.382649 9.503553
v 2.939101 3.310710 9.083520
v 2.939100 3.382649 9.083520
v 6.214114 3.310710 9.503553
v 6.214114 3.382649 9.503553
v 6.214113 3.310710 9.083520
v 6.214113 3.382649 9.083520
v 2.939101 3.542157 9.503553
v 2.939100 3.614095 9.503553
v 2.939101 3.542156 9.083520
v 2.939100 3.614095 9.083520
v 6.214114 3.542156 9.503553
v 6.214113 3.614095 9.503553
v 6.214113 3.542156 9.083520
v 6.214114 3.614095 9.083520
v 2.939101 3.425047 9.503553
v 2.939101 3.496985 9.503553
v 2.939101 3.425046 9.083520
v 2.939100 3.496985 9.083520
v 6.214113 3.425046 9.503553
v 6.214114 3.496985 9.503553
v 6.214114 3.425046 9.083520
v 6.214114 3.496985 9.083520
v 2.939101 3.997623 9.503553
v 2.939100 4.069562 9.503553
v 2.939101 3.997623 9.083520
v 2.939100 4.069561 9.083521
v 6.214114 3.997623 9.503553
v 6.214113 4.069562 9.503553
v 6.214113 3.997623 9.083520
v 6.214113 4.069561 9.083520
v 2.939100 3.766177 9.503553
v 2.939101 3.838116 9.503553
v 2.939100 3.766177 9.083520
v 2.939100 3.838115 9.083520
v 6.214114 3.766176 9.503553
v 6.214113 3.838117 9.503553
v 6.214113 3.766176 9.083520
v 6.214114 3.838116 9.083520
v 2.939100 3.649067 9.503553
v 2.939101 3.721006 9.503553
v 2.939100 3.649067 9.083520
v 2.939100 3.721006 9.083520
v 6.214114 3.649068 9.503553
v 6.214114 3.721005 9.503553
v 6.214113 3.649068 9.083520
v 6.214113 3.721005 9.083520
v 2.939101 2.748173 9.503553
v 2.939101 2.820111 9.503553
v 2.939100 2.748173 9.083520
v 2.939100 2.820111 9.083520
v 6.214114 2.748173 9.503553
v 6.214114 2.820111 9.503553
v 6.214113 2.748173 9.083520
v 6.214114 2.820111 9.083520
v 2.939101 2.865283 9.503553
v 2.939101 2.937221 9.503553
v 2.939101 2.865283 9.083520
v 2.939101 2.937221 9.083520
v 6.214113 2.865283 9.503553
v 6.214114 2.937221 9.503553
v 6.214114 2.865282 9.083520
v 6.214113 2.937221 9.083520
v 2.939101 3.096728 9.503553
v 2.939101 3.168668 9.503553
v 2.939100 3.096728 9.083520
v 2.939101 3.168668 9.083520
v 6.214113 3.096728 9.503553
v 6.214113 3.168668 9.503553
v 6.214113 3.096728 9.083520
v 6.214113 3.168668 9.083520
v 2.939101 2.979619 9.503553
v 2.939100 3.051558 9.503553
v 2.939100 2.979619 9.083520
v 2.939100 3.051558 9.083520
v 6.214113 2.979619 9.503553
v 6.214114 3.051557 9.503553
v 6.214113 2.979619 9.083520
v 6.214113 3.051557 9.083520
v 2.939101 2.524152 9.503553
v 2.939101 2.596091 9.503553
v 2.939100 2.524152 9.083520
v 2.939100 2.596091 9.083520
v 6.214113 2.524152 9.503553
v 6.214113 2.596091 9.503553
v 6.214113 2.524152 9.083520
v 6.214113 2.596091 9.083520
v 2.939101 2.641262 9.503553
v 2.939100 2.713201 9.503553
v 2.939100 2.641262 9.083520
v 2.939100 2.713201 9.083520
v 6.214113 2.641261 9.503553
v 6.214113 2.713201 9.503553
v 6.214113 2.641261 9.083520
v 6.214113 2.713200 9.083520
v 2.939101 2.409816 9.503553
v 2.939101 2.481755 9.503553
v 2.939100 2.409816 9.083520
v 2.939100 2.481755 9.083520
v 6.214114 2.409816 9.503553
v 6.214113 2.481755 9.503553
v 6.214113 2.409816 9.083520
v 6.214113 2.481755 9.083520
v 2.939101 2.292707 9.503553
v 2.939101 2.364645 9.503553
v 2.939101 2.292707 9.083520
v 2.939100 2.364645 9.083520
v 6.214114 2.292707 9.503553
v 6.214114 2.364644 9.503553
v 6.214113 2.292707 9.083520
v 6.214114 2.364644 9.083520
v 2.939101 4.221060 9.503553
v 2.939100 4.292998 9.503553
v 2.939100 4.221059 9.083521
v 2.939100 4.292997 9.083521
v 6.214113 4.221060 9.503553
v 6.214113 4.292998 9.503553
v 6.214113 4.221059 9.083520
v 6.214113 4.292997 9.083520
v 2.939101 4.103950 9.503553
v 2.939101 4.175889 9.503553
v 2.939100 4.103950 9.083521
v 2.939100 4.175888 9.083521
v 6.214114 4.103951 9.503553
v 6.214114 4.175889 9.503553
v 6.214113 4.103951 9.083520
v 6.214114 4.175889 9.083520
v 6.034554 4.762793 9.319084
v 6.034554 4.984056 9.319084
v 6.034554 4.762793 9.669149
v 6.034554 4.984056 9.669149
v 6.511123 4.762793 9.319084
v 6.511122 4.984056 9.319084
v 6.511123 4.762793 9.669149
v 6.511122 4.984056 9.669149
v 6.079549 4.936742 9.729956
v 6.079549 4.809021 9.729955
v 6.466127 4.809022 9.729955
v 6.466127 4.936743 9.729955
v 2.713777 4.762793 9.319084
v 2.713777 4.984055 9.319084
v 2.713777 4.762793 9.669149
v 2.713777 4.984055 9.669149
v 3.190346 4.762792 9.319084
v 3.190346 4.984056 9.319084
v 3.190346 4.762792 9.669149
v 3.190346 4.984056 9.669149
v 2.758773 4.936743 9.729956
v 2.758773 4.809021 9.729956
v 3.145350 4.809022 9.729956
v 3.145350 4.936744 9.729956
v 3.225430 4.762792 9.319084
v 3.225430 4.984056 9.319084
v 3.225430 4.762792 9.669149
v 3.225430 4.984056 9.669149
v 3.701999 4.762793 9.319084
v 3.701999 4.984055 9.319084
v 3.701999 4.762793 9.669149
v 3.701999 4.984055 9.669149
v 3.270426 4.936743 9.729956
v 3.270426 4.809022 9.729956
v 3.657003 4.809021 9.729956
v 3.657003 4.936743 9.729956
v 5.522902 4.762792 9.319084
v 5.522902 4.984056 9.319084
v 5.522902 4.762792 9.669149
v 5.522902 4.984056 9.669149
v 5.999471 4.762793 9.319084
v 5.999471 4.984056 9.319084
v 5.999471 4.762793 9.669149
v 5.999471 4.984056 9.669149
v 5.567898 4.936744 9.729956
v 5.567897 4.809022 9.729956
v 5.954474 4.809022 9.729956
v 5.954475 4.936743 9.729956
v 3.914517 4.762792 9.319084
v 3.914518 4.984056 9.319084
v 3.914517 4.762792 9.669149
v 3.914518 4.984056 9.669149
v 4.391087 4.762793 9.319084
v 4.391086 4.984056 9.319084
v 4.391087 4.762793 9.669149
v 4.391086 4.984056 9.669149
v 3.959514 4.936743 9.729956
v 3.959513 4.809021 9.729956
v 4.346091 4.809021 9.729955
v 4.346091 4.936743 9.729955
v 4.426169 4.762793 9.319084
v 4.426169 4.984056 9.319084
v 4.426169 4.762793 9.669149
v 4.426169 4.984056 9.669149
v 4.902739 4.762793 9.319084
v 4.902739 4.984056 9.319084
v 4.902739 4.762793 9.669149
v 4.902739 4.984056 9.669149
v 4.471166 4.936742 9.729955
v 4.471166 4.809022 9.729955
v 4.857743 4.809022 9.729956
v 4.857743 4.936743 9.729956
v 4.928637 4.762792 9.319084
v 4.928637 4.984055 9.319084
v 4.928637 4.762792 9.669149
v 4.928637 4.984056 9.669149
v 5.405206 4.762793 9.319084
v 5.405206 4.984056 9.319084
v 5.405206 4.762793 9.669149
v 5.405206 4.984056 9.669149
v 4.973632 4.936743 9.729956
v 4.973632 4.809021 9.729956
v 5.360210 4.809021 9.729956
v 5.360210 4.936742 9.729956
v -47.269211 -13.091499 -2.214222
v -47.269211 -12.372849 -2.214222
v -19.260979 -13.091497 -2.214226
v -19.260979 -12.372852 -2.214226
v -47.269211 -13.091494 53.426773
v -47.269211 -12.372849 53.426773
v -19.260977 -13.091496 53.426769
v -19.260975 -12.372846 53.426769
v -46.760048 -13.091496 52.978081
v -19.770138 -13.091496 52.978077
v -46.760052 -13.091499 -1.765535
v -19.770140 -13.091497 -1.765538
v -46.760048 -12.372852 -1.765535
v -19.770142 -12.372852 -1.765538
v -46.760048 -12.372850 52.978081
v -19.770140 -12.372847 52.978077
v -19.299742 -13.091499 -2.214223
v -19.299742 -12.372854 -2.214223
v 8.708494 -13.091499 -2.214226
v 8.708492 -12.372852 -2.214226
v -19.299738 -13.091496 53.426769
v -19.299740 -12.372850 53.426769
v 8.708494 -13.091494 53.426769
v 8.708496 -12.372847 53.426769
v -18.790577 -13.091496 52.978077
v 8.199331 -13.091496 52.978077
v -18.790579 -13.091497 -1.765536
v 8.199331 -13.091499 -1.765539
v -18.790581 -12.372852 -1.765536
v 8.199329 -12.372852 -1.765539
v -18.790577 -12.372850 52.978077
v 8.199333 -12.372849 52.978077
v 8.472450 -13.091499 -2.214220
v 8.472448 -12.372854 -2.214220
v 36.480682 -13.091501 -2.214224
v 36.480679 -12.372852 -2.214224
v 8.472448 -13.091496 53.426773
v 8.472450 -12.372852 53.426773
v 36.480686 -13.091496 53.426769
v 36.480682 -12.372849 53.426769
v 8.981613 -13.091497 52.978081
v 35.971523 -13.091497 52.978077
v 8.981611 -13.091499 -1.765533
v 35.971519 -13.091499 -1.765537
v 8.981611 -12.372856 -1.765534
v 35.971519 -12.372854 -1.765537
v 8.981611 -12.372852 52.978081
v 35.971523 -12.372849 52.978077
v 8.472448 -13.091496 53.411835
v 8.472448 -12.372850 53.411835
v 36.480686 -13.091496 53.411827
v 36.480682 -12.372849 53.411827
v 8.472452 -13.091493 109.052826
v 8.472452 -12.372848 109.052826
v 36.480686 -13.091493 109.052818
v 36.480686 -12.372846 109.052818
v 8.981615 -13.091491 108.604134
v 35.971523 -13.091491 108.604126
v 8.981613 -13.091496 53.860519
v 35.971523 -13.091496 53.860512
v 8.981613 -12.372852 53.860519
v 35.971523 -12.372850 53.860512
v 8.981615 -12.372846 108.604134
v 35.971523 -12.372846 108.604126
v -19.299740 -13.091494 53.411831
v -19.299742 -12.372849 53.411831
v 8.708492 -13.091494 53.411835
v 8.708492 -12.372849 53.411835
v -19.299738 -13.091491 109.052834
v -19.299738 -12.372846 109.052834
v 8.708496 -13.091491 109.052826
v 8.708494 -12.372842 109.052826
v -18.790577 -13.091491 108.604141
v 8.199333 -13.091491 108.604134
v -18.790579 -13.091494 53.860519
v 8.199331 -13.091496 53.860519
v -18.790579 -12.372849 53.860519
v 8.199331 -12.372849 53.860519
v -18.790577 -12.372846 108.604141
v 8.199333 -12.372844 108.604134
v -47.269211 -13.091493 53.411835
v -47.269218 -12.372849 53.411835
v -19.260979 -13.091494 53.411827
v -19.260981 -12.372847 53.411827
v -47.269211 -13.091491 109.052834
v -47.269211 -12.372841 109.052834
v -19.260979 -13.091489 109.052826
v -19.260977 -12.372841 109.052826
v -46.760048 -13.091485 108.604141
v -19.770140 -13.091489 108.604134
v -46.760056 -13.091493 53.860519
v -19.770142 -13.091494 53.860516
v -46.760048 -12.372849 53.860519
v -19.770142 -12.372847 53.860516
v -46.760048 -12.372844 108.604141
v -19.770138 -12.372841 108.604134
v 1.178338 -7.613777 32.883545
v 1.189687 -7.613777 33.316948
v 2.307186 -12.531241 31.633659
v 2.010787 -12.531241 32.136463
v 0.799652 -7.613779 33.682285
v 1.498261 -12.531243 32.135590
v 0.284212 -7.613777 33.537617
v 1.213371 -12.531243 31.853996
v 0.084524 -7.613779 33.103886
v 0.380922 -7.613777 32.601078
v 1.202021 -12.531240 31.420593
v 1.592056 -12.531242 31.055256
v 0.893447 -7.613779 32.601955
v 2.107497 -12.531244 31.199928
v -4.209671 -7.772852 28.313803
v -4.209671 -7.278643 28.313803
v -2.006511 -7.772850 28.586191
v -2.644665 -7.278643 28.467943
v -1.139802 -7.278641 28.924438
v 0.247089 -7.772851 29.665747
v 0.247088 -7.278641 29.665747
v 1.462707 -7.772851 30.663378
v 1.462707 -7.278641 30.663378
v 2.460340 -7.772851 31.878996
v 2.460339 -7.278643 31.878996
v 3.201649 -7.772851 33.265888
v 3.201648 -7.278641 33.265888
v 3.658143 -7.772849 34.770752
v 3.658144 -7.278640 34.770752
v 3.812284 -7.772851 36.335754
v 3.812284 -7.278640 36.335754
v 3.539897 -7.772849 38.538914
v 3.457869 -7.278640 38.809322
v 2.460340 -7.772849 40.792515
v 2.460340 -7.278642 40.792515
v 1.462707 -7.772851 42.008133
v 1.462707 -7.278642 42.008133
v -0.287766 -7.772849 43.373394
v -0.536974 -7.278640 43.506599
v -2.644664 -7.772849 44.203568
v -2.644663 -7.278640 44.203568
v -4.209671 -7.772851 44.357708
v -4.209671 -7.278640 44.357708
v -6.412829 -7.772851 44.085320
v -5.774674 -7.278640 44.203571
v -7.279539 -7.278640 43.747074
v -9.210756 -7.772849 42.652309
v -9.429188 -7.278640 42.473045
v -11.247309 -7.772847 40.257660
v -11.380514 -7.278640 40.008446
v -12.212448 -7.772847 37.265938
v -12.240149 -7.278642 36.984726
v -11.959238 -7.772850 34.132603
v -12.077484 -7.278638 34.770752
v -10.879679 -7.772848 31.878998
v -11.247311 -7.278641 32.413853
v -9.882048 -7.772850 30.663380
v -9.882048 -7.278639 30.663380
v -8.131575 -7.772850 29.298117
v -7.882365 -7.278639 29.164915
v -5.774675 -7.772850 28.467945
v -5.774675 -7.278641 28.467945
v -4.837594 -12.531238 43.871975
v -5.065055 -7.613771 42.539886
v -5.252218 -12.531238 43.640263
v -5.329559 -7.613771 42.195953
v -5.225074 -7.613774 41.666595
v -5.307140 -12.531238 43.052990
v -4.892171 -12.531238 42.756798
v -4.725813 -7.613771 41.485142
v -4.311188 -7.613771 41.716850
v -4.498353 -12.531238 42.817230
v -4.256265 -7.613770 42.304127
v -4.233847 -12.531236 43.161167
v -4.338333 -12.531238 43.690525
v -4.671239 -7.613774 42.600323
v -8.760374 -7.613772 31.983459
v -8.930655 -7.613772 32.346420
v -10.434570 -12.531240 31.002728
v -8.791731 -7.613772 32.756752
v -10.472071 -12.531239 31.478916
v -8.300451 -7.613775 32.965252
v -10.021502 -12.531238 31.848083
v -9.539837 -12.531238 31.670601
v -7.865642 -7.613772 32.651337
v -7.828141 -7.613772 32.175144
v -9.369556 -12.531239 31.307638
v -8.278709 -7.613772 31.805977
v -9.508480 -12.531240 30.897308
v -9.999760 -12.531239 30.688808
v -48.858650 -13.676468 -1.285757
v -48.858654 43.287914 -1.285761
v -48.858650 -13.676468 -1.840078
v -48.858654 43.287914 -1.840082
v 50.485470 -13.676477 -1.285758
v 50.485481 43.287907 -1.285762
v 50.485470 -13.676477 -1.840079
v 50.485481 43.287907 -1.840083
v 11.872675 -12.196311 38.121841
v 5.129550 -12.196310 31.378716
v 11.872673 -12.196312 31.378717
v 5.129551 -12.196309 38.121841
v 6.530732 -11.639958 32.779896
v 6.530731 -11.639958 36.720661
v 10.471497 -11.639958 32.779900
v 10.471498 -11.639960 36.720661
v 11.172085 -11.811612 32.079308
v 11.172085 -11.811614 37.421253
v 5.830141 -11.811612 32.079308
v 5.830142 -11.811612 37.421253
v 11.522379 -11.979035 31.729012
v 11.522379 -11.979035 37.771545
v 5.479846 -11.979033 31.729010
v 5.479846 -11.979035 37.771549
v 35.676155 -11.987868 6.944444
v 35.676159 12.697885 6.944442
v 35.676159 -11.987869 -0.955320
v 35.676155 12.697885 -0.955321
v 36.292576 -11.987866 6.944443
v 36.292572 12.697885 6.944442
v 36.292576 -11.987865 -0.955320
v 36.292576 12.697883 -0.955322
v 17.058628 -12.474378 7.412263
v 17.058628 -11.989451 7.412263
v 17.058628 -12.474380 -1.423139
v 17.058630 -11.989452 -1.423139
v 36.440174 -12.474379 7.412262
v 36.440178 -11.989453 7.412262
v 36.440174 -12.474382 -1.423140
v 36.440174 -11.989456 -1.423139
v 17.058630 12.451955 7.412261
v 17.058632 12.936881 7.412261
v 17.058632 12.451953 -1.423141
v 17.058630 12.936882 -1.423141
v 36.440178 12.451953 7.412260
v 36.440178 12.936880 7.412261
v 36.440178 12.451951 -1.423141
v 36.440178 12.936880 -1.423141
v 17.114492 -11.987864 6.944443
v 17.114494 12.697888 6.944441
v 17.114494 -11.987867 -0.955320
v 17.114494 12.697887 -0.955322
v 17.730907 -11.987864 6.944443
v 17.730911 12.697888 6.944442
v 17.730911 -11.987865 -0.955320
v 17.730911 12.697887 -0.955322
v 17.780872 -7.696732 6.839845
v 17.780872 -7.211806 6.839845
v 17.780874 -7.696732 -1.423139
v 17.780876 -7.211807 -1.423139
v 35.717930 -7.696733 6.839845
v 35.717934 -7.211809 6.839845
v 35.717930 -7.696733 -1.423139
v 35.717930 -7.211807 -1.423139
v 17.754272 -2.471275 6.839844
v 17.754272 -1.986351 6.839844
v 17.754274 -2.471275 -1.423140
v 17.754274 -1.986351 -1.423140
v 35.744534 -2.471275 6.839844
v 35.744534 -1.986351 6.839844
v 35.744534 -2.471275 -1.423140
v 35.744537 -1.986353 -1.423140
v 17.780874 2.995424 6.839844
v 17.780874 3.480350 6.839844
v 17.780874 2.995423 -1.423140
v 17.780876 3.480349 -1.423140
v 35.717934 2.995420 6.839844
v 35.717934 3.480347 6.839844
v 35.717930 2.995421 -1.423140
v 35.717934 3.480347 -1.423140
v 26.467066 3.427577 6.794505
v 26.467064 12.697887 6.794504
v 26.467064 3.427576 -0.955321
v 26.467064 12.697886 -0.955322
v 27.083481 3.427577 6.794505
v 27.083481 12.697888 6.794504
v 27.083485 3.427574 -0.955320
v 27.083481 12.697886 -0.955321
v 17.133673 -11.945171 -0.665478
v 17.133671 12.740590 -0.665480
v 17.133673 -11.945171 -1.219799
v 17.133671 12.740590 -1.219801
v 36.184471 -11.945171 -0.665477
v 36.184475 12.740586 -0.665480
v 36.184471 -11.945171 -1.219799
v 36.184475 12.740586 -1.219801
v -5.149854 -15.040874 -0.903580
v -5.149851 41.923508 -0.903584
v -5.149854 -15.040874 -1.905701
v -5.149851 41.923508 -1.905705
v -2.487376 -15.040874 -0.903580
v -2.487375 41.923508 -0.903584
v -2.487376 -15.040874 -1.905700
v -2.487375 41.923508 -1.905705
v 48.969467 -13.676476 -1.406893
v 48.969471 43.287907 -1.406897
v 48.969467 -13.676476 -2.409014
v 48.969471 43.287907 -2.409017
v 51.631943 -13.676474 -1.406892
v 51.631950 43.287907 -1.406896
v 51.631943 -13.676474 -2.409013
v 51.631950 43.287907 -2.409018
v -48.843369 -13.676466 0.722538
v -48.843365 43.287910 0.722534
v -48.843369 -13.676466 -1.654013
v -48.843369 43.287910 -1.654017
v -46.180893 -13.676468 0.722538
v -46.180885 43.287910 0.722534
v -46.180893 -13.676468 -1.654013
v -46.180889 43.287910 -1.654017
v 36.977314 -13.676466 94.994087
v 36.977314 43.287918 94.994095
v 36.422989 -13.676464 94.994087
v 36.422997 43.287918 94.994095
v 36.977306 -13.676476 -1.934679
v 36.977310 43.287907 -1.934681
v 36.422985 -13.676476 -1.934679
v 36.422989 43.287903 -1.934680
v -50.110367 -0.753045 15.841974
v -50.110367 -0.753047 35.592800
v -50.110374 43.034531 15.841979
v -49.951691 -0.753043 15.841974
v -49.951694 -0.753045 35.592800
v -49.951702 43.034531 15.841979
v -49.951702 43.034531 35.592800
v -50.110374 43.034531 35.592800
v -50.654060 6.483953 16.071611
v -50.654060 6.483951 35.550194
v -50.654060 7.085310 16.071611
v -49.759521 6.483953 16.071611
v -49.759521 6.483951 35.550194
v -49.759521 7.085303 16.071611
v -49.759521 7.085303 35.550194
v -50.654060 7.085305 35.550194
v -50.654060 15.672927 16.071606
v -50.654060 15.672923 35.550190
v -50.654064 16.274281 16.071606
v -49.759521 15.672927 16.071606
v -49.759521 15.672925 35.550190
v -49.759521 16.274279 16.071606
v -49.759521 16.274277 35.550190
v -50.654060 16.274277 35.550190
v -50.654060 24.713642 16.071608
v -50.654064 24.713638 35.550190
v -50.654060 25.314995 16.071608
v -49.759521 24.713642 16.071606
v -49.759521 24.713638 35.550190
v -49.759521 25.314993 16.071606
v -49.759521 25.314991 35.550186
v -50.654064 25.314991 35.550186
v -50.654064 33.712524 16.071608
v -50.654064 33.712521 35.550190
v -50.654064 34.313877 16.071608
v -49.759521 33.712524 16.071608
v -49.759521 33.712521 35.550190
v -49.759521 34.313877 16.071608
v -49.759521 34.313873 35.550190
v -50.654064 34.313877 35.550190
v -50.654060 -0.851953 30.790188
v -50.654060 -0.851953 30.380787
v -49.759521 -0.851953 30.790188
v -50.654060 41.717663 30.790194
v -50.654060 41.717663 30.380791
v -49.759525 41.717663 30.790190
v -49.759525 41.717663 30.380787
v -49.759521 -0.851953 30.380787
v -50.654060 -0.851953 25.826075
v -50.654060 -0.851952 25.416674
v -49.759521 -0.851953 25.826075
v -50.654060 41.717663 25.826078
v -50.654060 41.717663 25.416677
v -49.759521 41.717663 25.826075
v -49.759521 41.717667 25.416674
v -49.759521 -0.851952 25.416674
v -50.654060 -0.851953 21.032291
v -50.654060 -0.851953 20.622890
v -49.759521 -0.851952 21.032290
v -50.654064 41.717659 21.032293
v -50.654064 41.717659 20.622892
v -49.759525 41.717663 21.032293
v -49.759525 41.717663 20.622892
v -49.759521 -0.851948 20.622889
v -50.576778 -12.106593 14.283126
v -50.576775 -12.106593 16.094528
v -49.682243 -12.106591 14.283126
v -50.576782 41.730408 14.283130
v -50.576782 41.730408 16.094534
v -49.682243 41.730408 14.283130
v -49.682243 41.730408 16.094534
v -49.682243 -12.106591 16.094528
v -50.576775 -12.071429 15.834893
v -50.576778 -12.071431 35.644833
v -50.576782 -0.746034 15.834896
v -49.682236 -12.071425 15.834893
v -49.682236 -12.071427 35.644833
v -49.682243 -0.746034 15.834894
v -49.682236 -11.410014 16.991808
v -49.682236 -11.410012 34.487915
v -49.682240 -1.407451 16.991808
v -49.868862 -11.410012 16.991808
v -49.868866 -1.407447 16.991808
v -49.868862 -11.410018 34.487915
v -49.868862 -1.407449 34.487923
v -49.682243 -1.407451 34.487923
v -49.682240 -0.746039 35.644836
v -50.576775 -11.410014 16.991808
v -50.129509 -12.071427 15.834893
v -50.129509 -0.746036 15.834894
v -50.129509 -0.746037 35.644836
v -50.129509 -12.071429 35.644833
v -50.576782 -11.410014 34.487915
v -50.576775 -1.407445 16.991810
v -50.390156 -11.410016 16.991808
v -50.390156 -1.407451 16.991808
v -50.390156 -11.410018 34.487915
v -50.390156 -1.407449 34.487923
v -50.576778 -1.407451 34.487923
v -50.576778 -0.746035 35.644836
v -50.171059 9.832606 37.058231
v -50.171059 14.632455 37.058231
v -50.171059 9.832606 35.872639
v -50.576782 9.832604 37.058231
v -50.576778 -12.106587 37.308697
v -50.576782 14.632457 37.058231
v -50.576782 9.832604 35.872639
v -50.576782 14.632457 35.872643
v -50.576778 -12.106587 35.497292
v -49.682236 -12.106586 35.497292
v -50.576782 41.730419 35.497299
v -50.576782 41.730419 37.308701
v -49.682247 41.730419 35.497295
v -49.682247 41.730419 37.308701
v -49.682236 -12.106586 37.308697
v -49.682243 9.978978 37.050816
v -49.682243 14.602227 37.050816
v -49.682243 9.978978 35.883430
v -50.067467 9.978976 37.050816
v -50.067467 9.978976 35.883430
v -50.067463 14.602229 37.050816
v -50.067463 14.602229 35.883430
v -49.682243 14.602227 35.883430
v -50.171059 14.632457 35.872643
v -51.570934 41.680931 102.898346
v -51.570938 41.680935 14.267783
v -51.570942 43.225609 102.898346
v -48.557713 41.680931 102.898346
v -48.557709 41.680939 14.267783
v -48.557709 43.225609 102.898346
v -48.557709 43.225616 14.267783
v -51.570938 43.225616 14.267783
v -50.245781 9.832598 81.304558
v -50.245781 9.832598 80.118965
v -50.245781 14.632452 81.304550
v -50.651505 9.832598 81.304558
v -50.651505 14.632452 81.304550
v -50.651501 -12.106596 81.666428
v -50.651505 9.832598 80.118965
v -50.651501 -12.106596 79.855026
v -50.651505 14.632452 80.118958
v -50.245781 14.632452 80.118958
v -49.756962 -12.106590 79.855026
v -50.651505 41.730412 79.855042
v -50.651505 41.730412 81.666443
v -49.756966 41.730412 79.855042
v -49.756966 41.730412 81.666443
v -49.756962 -12.106590 81.666428
v -49.756966 9.978973 81.280312
v -49.756966 14.602222 81.280304
v -49.756962 9.978971 80.112923
v -50.142181 9.978971 81.280312
v -50.142181 14.602222 81.280304
v -50.142181 9.978973 80.112923
v -50.142181 14.602222 80.112915
v -49.756966 14.602224 80.112915
v -50.651501 -12.071434 101.328865
v -50.651501 -12.071428 81.518921
v -50.651505 -0.746042 101.328865
v -49.756962 -12.071434 101.328865
v -49.756962 -12.071434 81.518921
v -49.756962 -0.746038 101.328865
v -49.756962 -11.410023 100.171944
v -49.756966 -11.410016 82.675835
v -49.756966 -1.407454 100.171951
v -49.943588 -11.410025 100.171944
v -49.943588 -1.407455 100.171951
v -49.943588 -11.410024 82.675835
v -49.943588 -1.407455 82.675842
v -49.756966 -1.407453 82.675842
v -49.756966 -0.746042 81.518929
v -50.651497 -11.410019 100.171944
v -50.204231 -12.071436 101.328865
v -50.204231 -0.746040 101.328865
v -50.204231 -0.746040 81.518929
v -50.204231 -12.071436 81.518921
v -50.651501 -11.410022 82.675835
v -50.651505 -1.407454 100.171951
v -50.464874 -11.410021 100.171944
v -50.464882 -1.407455 100.171951
v -50.464874 -11.410020 82.675835
v -50.464878 -1.407451 82.675842
v -50.651505 -1.407457 82.675842
v -50.651505 -0.746042 81.518929
v -50.651505 -12.106600 102.880600
v -50.651501 -12.106596 101.069199
v -49.756966 -12.106600 102.880600
v -50.651501 41.730400 102.880623
v -50.651505 41.730404 101.069214
v -49.756969 41.730408 102.880623
v -49.756966 41.730404 101.069214
v -49.756966 -12.106600 101.069199
v -50.654060 6.483950 81.577782
v -50.654064 6.483946 101.056366
v -50.654060 7.085305 81.577782
v -49.759521 6.483950 81.577782
v -49.759521 6.483950 101.056366
v -49.759521 7.085303 81.577782
v -49.759521 7.085300 101.056366
v -50.654064 7.085303 101.056366
v -50.654060 15.672922 81.577782
v -50.654060 15.672924 101.056366
v -50.654060 16.274279 81.577782
v -49.759521 15.672922 81.577782
v -49.759521 15.672924 101.056366
v -49.759521 16.274277 81.577782
v -49.759525 16.274275 101.056366
v -50.654060 16.274275 101.056366
v -50.654060 24.713638 81.577782
v -50.654060 24.713636 101.056366
v -50.654060 25.314991 81.577782
v -49.759525 24.713638 81.577782
v -49.759521 24.713636 101.056366
v -49.759521 25.314993 81.577782
v -49.759521 25.314989 101.056366
v -50.654060 25.314989 101.056366
v -50.654060 33.712521 81.577782
v -50.654068 33.712521 101.056366
v -50.654060 34.313873 81.577782
v -49.759521 33.712521 81.577782
v -49.759525 33.712521 101.056366
v -49.759521 34.313873 81.577782
v -49.759525 34.313873 101.056366
v -50.654068 34.313873 101.056366
v -50.654060 -0.851954 96.296364
v -50.654060 -0.851954 95.886971
v -49.759521 -0.851954 96.296364
v -50.654060 41.717659 96.296371
v -50.654060 41.717659 95.886971
v -49.759529 41.717659 96.296371
v -49.759529 41.717659 95.886971
v -49.759521 -0.851954 95.886971
v -50.654060 -0.851950 91.332245
v -50.654060 -0.851950 90.922852
v -49.759521 -0.851954 91.332245
v -50.654060 41.717659 91.332253
v -50.654060 41.717659 90.922852
v -49.759525 41.717659 91.332253
v -49.759525 41.717659 90.922852
v -49.759521 -0.851954 90.922852
v -50.654060 -0.851950 86.538467
v -50.654060 -0.851951 86.129066
v -49.759521 -0.851950 86.538467
v -50.654064 41.717659 86.538467
v -50.654064 41.717659 86.129066
v -49.759521 41.717659 86.538467
v -49.759521 41.717659 86.129066
v -49.759521 -0.851951 86.129066
v -50.185097 -0.753038 101.321785
v -50.185097 -0.753044 81.570953
v -50.185101 43.034534 101.321770
v -50.026424 -0.753036 101.321785
v -50.026424 -0.753042 81.570953
v -50.026424 43.034538 101.321770
v -50.026421 43.034534 81.570953
v -50.185097 43.034534 81.570953
v -49.230892 -0.753045 37.101936
v -49.230888 -0.753042 56.852757
v -49.230900 43.034527 37.101936
v -49.072220 -0.753043 37.101936
v -49.072216 -0.753044 56.852757
v -49.072224 43.034531 37.101936
v -49.072224 43.034531 56.852760
v -49.230896 43.034527 56.852760
v -49.697300 6.483955 60.417526
v -49.697300 6.483950 79.896111
v -49.697304 7.085307 60.417526
v -48.802765 6.483955 60.417526
v -48.802757 6.483950 79.896111
v -48.802765 7.085309 60.417526
v -48.802757 7.085305 79.896111
v -49.697300 7.085305 79.896111
v -49.697304 15.672929 60.417519
v -49.697304 15.672924 79.896103
v -49.697304 16.274279 60.417519
v -48.802765 15.672929 60.417519
v -48.802761 15.672922 79.896103
v -48.802765 16.274279 60.417519
v -48.802761 16.274279 79.896103
v -49.697304 16.274279 79.896103
v -49.697304 24.713642 60.417526
v -49.697300 24.713640 79.896103
v -49.697304 25.314993 60.417522
v -48.802765 24.713642 60.417526
v -48.802765 24.713638 79.896103
v -48.802765 25.314993 60.417522
v -48.802765 25.314993 79.896103
v -49.697300 25.314993 79.896103
v -49.697304 33.712524 60.417519
v -49.697300 33.712524 79.896103
v -49.697304 34.313877 60.417519
v -48.802765 33.712524 60.417519
v -48.802761 33.712524 79.896103
v -48.802765 34.313877 60.417519
v -48.802761 34.313877 79.896103
v -49.697300 34.313877 79.896103
v -49.697300 -0.851953 75.136108
v -49.697300 -0.851953 74.726707
v -48.802757 -0.851949 75.136108
v -49.697304 41.717659 75.136116
v -49.697304 41.717659 74.726707
v -48.802765 41.717659 75.136116
v -48.802765 41.717659 74.726707
v -48.802757 -0.851949 74.726707
v -49.697300 -0.851950 70.171989
v -49.697300 -0.851950 69.762596
v -48.802761 -0.851950 70.171989
v -49.697304 41.717663 70.171997
v -49.697304 41.717663 69.762596
v -48.802765 41.717659 70.171997
v -48.802765 41.717659 69.762596
v -48.802761 -0.851950 69.762596
v -49.697296 -0.851950 65.378204
v -49.697296 -0.851950 64.968811
v -48.802765 -0.851949 65.378204
v -49.697304 41.717663 65.378212
v -49.697304 41.717663 64.968811
v -48.802765 41.717663 65.378212
v -48.802761 41.717663 64.968811
v -48.802765 -0.851949 64.968811
v -49.697296 -12.106594 81.684944
v -49.697296 -12.106594 79.873543
v -48.802757 -12.106592 81.684944
v -49.697304 41.730408 81.684952
v -49.697304 41.730408 79.873543
v -48.802765 41.730412 81.684952
v -48.802765 41.730412 79.873550
v -48.802757 -12.106592 79.873543
v -49.697296 -12.071432 80.133202
v -49.697300 -12.071425 60.323257
v -49.697304 -0.746036 80.133209
v -48.802757 -12.071428 80.133202
v -48.802765 -12.071429 60.323257
v -48.802765 -0.746036 80.133209
v -48.802765 -11.410021 78.976288
v -48.802761 -11.410014 61.480179
v -48.802761 -1.407451 78.976295
v -48.989384 -11.410019 78.976288
v -48.989388 -1.407449 78.976295
v -48.989384 -11.410010 61.480179
v -48.989384 -1.407447 61.480179
v -48.802765 -1.407449 61.480179
v -48.802757 -0.746033 60.323257
v -49.697300 -11.410017 78.976288
v -49.250031 -12.071428 80.133202
v -49.250031 -0.746038 80.133209
v -49.250031 -0.746035 60.323257
v -49.250031 -12.071429 60.323257
v -49.697296 -11.410014 61.480179
v -49.697304 -1.407451 78.976295
v -49.510674 -11.410015 78.976288
v -49.510677 -1.407449 78.976295
v -49.510677 -11.410016 61.480179
v -49.510677 -1.407447 61.480179
v -49.697300 -1.407445 61.480179
v -49.697300 -0.746033 60.323257
v -49.291580 9.832604 60.108891
v -49.291580 9.832608 58.923302
v -49.291580 14.632459 60.108891
v -49.697304 9.832606 60.108891
v -49.697304 14.632459 60.108891
v -49.697296 -12.106582 60.470772
v -49.697304 9.832608 58.923302
v -49.697300 -12.106582 58.659370
v -49.697304 14.632461 58.923302
v -49.291580 14.632459 58.923302
v -48.802761 -12.106582 58.659370
v -49.697304 41.730419 58.659370
v -49.697304 41.730419 60.470772
v -48.802765 41.730419 58.659370
v -48.802765 41.730419 60.470772
v -48.802761 -12.106586 60.470772
v -48.802761 9.978982 60.084641
v -48.802765 14.602233 60.084641
v -48.802761 9.978982 58.917259
v -49.187981 9.978982 60.084641
v -49.187981 14.602229 60.084641
v -49.187981 9.978982 58.917259
v -49.187981 14.602233 58.917259
v -48.802765 14.602233 58.917259
v -49.697296 -12.106599 35.543091
v -49.697296 -12.106599 37.354492
v -48.802757 -12.106595 35.543091
v -49.697308 41.730412 35.543095
v -49.697308 41.730408 37.354496
v -48.802765 41.730412 35.543095
v -48.802765 41.730408 37.354496
v -48.802765 -12.106597 37.354492
v -49.697300 -12.071431 37.094856
v -49.697300 -12.071435 56.904804
v -49.697304 -0.746039 37.094864
v -48.802761 -12.071431 37.094856
v -48.802757 -12.071433 56.904804
v -48.802765 -0.746035 37.094864
v -48.802757 -11.410016 38.251778
v -48.802761 -11.410015 55.747887
v -48.802757 -1.407447 38.251778
v -48.989388 -11.410018 38.251778
v -48.989388 -1.407452 38.251778
v -48.989388 -11.410023 55.747887
v -48.989384 -1.407450 55.747887
v -48.802765 -1.407451 55.747887
v -48.802757 -0.746036 56.904804
v -49.697300 -11.410020 38.251778
v -49.250031 -12.071431 37.094856
v -49.250031 -0.746037 37.094864
v -49.250031 -0.746038 56.904804
v -49.250031 -12.071433 56.904804
v -49.697296 -11.410021 55.747883
v -49.697300 -1.407451 38.251778
v -49.510681 -11.410022 38.251778
v -49.510674 -1.407449 38.251778
v -49.510674 -11.410021 55.747887
v -49.510677 -1.407450 55.747887
v -49.697304 -1.407451 55.747887
v -49.697304 -0.746040 56.904804
v -49.291580 9.832603 58.318199
v -49.291580 14.632455 58.318199
v -49.291580 9.832603 57.132607
v -49.697304 9.832603 58.318199
v -49.697300 -12.106591 58.568665
v -49.697304 14.632455 58.318199
v -49.697304 9.832603 57.132607
v -49.697304 14.632455 57.132607
v -49.697300 -12.106592 56.757259
v -48.802757 -12.106590 56.757259
v -49.697304 41.730415 56.757259
v -49.697304 41.730415 58.568665
v -48.802761 41.730412 56.757259
v -48.802769 41.730419 58.568665
v -48.802757 -12.106589 58.568665
v -48.802765 9.978978 58.310780
v -48.802765 14.602229 58.310780
v -48.802765 9.978978 57.143394
v -49.187984 9.978978 58.310780
v -49.187984 9.978978 57.143394
v -49.187984 14.602227 58.310780
v -49.187984 14.602227 57.143394
v -48.802765 14.602229 57.143394
v -49.291580 14.632455 57.132607
v -49.697304 6.483956 37.283772
v -49.697300 6.483953 56.762356
v -49.697304 7.085307 37.283772
v -48.802765 6.483953 37.283772
v -48.802765 6.483954 56.762356
v -48.802765 7.085307 37.283772
v -48.802765 7.085304 56.762356
v -49.697304 7.085304 56.762356
v -49.697304 15.672925 37.283768
v -49.697304 15.672926 56.762348
v -49.697304 16.274281 37.283768
v -48.802765 15.672925 37.283768
v -48.802765 15.672928 56.762348
v -48.802765 16.274279 37.283768
v -48.802765 16.274279 56.762348
v -49.697300 16.274279 56.762348
v -49.697304 24.713638 37.283775
v -49.697304 24.713640 56.762352
v -49.697304 25.314993 37.283772
v -48.802761 24.713638 37.283775
v -48.802765 24.713640 56.762352
v -48.802765 25.314993 37.283772
v -48.802765 25.314993 56.762348
v -49.697304 25.314993 56.762348
v -49.697304 33.712524 37.283768
v -49.697300 33.712521 56.762344
v -49.697304 34.313881 37.283768
v -48.802769 33.712524 37.283768
v -48.802765 33.712524 56.762344
v -48.802769 34.313881 37.283768
v -48.802765 34.313877 56.762344
v -49.697304 34.313877 56.762344
v -49.697300 -0.851953 52.002350
v -49.697300 -0.851953 51.592949
v -48.802765 -0.851948 52.002350
v -49.697304 41.717663 52.002354
v -49.697304 41.717663 51.592949
v -48.802765 41.717663 52.002354
v -48.802765 41.717663 51.592949
v -48.802765 -0.851948 51.592949
v -49.697304 -0.851953 47.038235
v -49.697304 -0.851954 46.628834
v -48.802761 -0.851950 47.038235
v -49.697308 41.717663 47.038235
v -49.697308 41.717663 46.628834
v -48.802765 41.717663 47.038235
v -48.802765 41.717663 46.628834
v -48.802761 -0.851950 46.628834
v -49.697300 -0.851951 42.244450
v -49.697296 -0.851951 41.835052
v -48.802761 -0.851951 42.244450
v -49.697304 41.717663 42.244453
v -49.697304 41.717663 41.835049
v -48.802765 41.717663 42.244453
v -48.802765 41.717663 41.835049
v -48.802761 -0.851951 41.835052
v -49.230888 -0.753036 80.126160
v -49.230888 -0.753039 60.375328
v -49.230892 43.034534 80.126144
v -49.072216 -0.753040 80.126160
v -49.072216 -0.753041 60.375328
v -49.072216 43.034531 80.126144
v -49.072220 43.034527 60.375320
v -49.230892 43.034527 60.375320
v -50.231789 -12.855398 106.257416
v -50.231789 -12.173223 106.257416
v -50.231789 -12.855402 -1.423138
v -50.231789 -12.173231 -1.423138
v -47.141144 -12.855396 106.257416
v -47.141144 -12.173229 106.257416
v -47.141144 -12.855408 -1.423139
v -47.141144 -12.173237 -1.423139
v -49.060684 43.528851 38.644142
v -49.060684 44.967266 38.644142
v -49.060677 43.528847 48.812546
v -59.229073 44.967266 38.644146
v -59.229073 43.528854 38.644146
v -59.229073 43.528851 48.812542
v -49.060677 44.967258 48.812538
v -59.229073 44.967262 48.812542
v -3.741048 43.164379 -7.797299
v -3.741046 44.602795 -7.797299
v -3.741029 43.164387 123.127029
v -4.619988 44.602795 -7.797299
v -4.619987 43.164383 -7.797299
v -4.619969 43.164391 123.127029
v -3.741028 44.602798 123.127029
v -4.619969 44.602798 123.127029
v -58.477272 43.164391 101.860573
v -58.477272 44.602806 101.860573
v 62.875526 43.164383 101.860558
v -58.477268 44.602806 102.739517
v -58.477268 43.164391 102.739517
v 62.875526 43.164383 102.739487
v 62.875530 44.602798 101.860558
v 62.875530 44.602798 102.739487
v 17.757225 43.528854 102.608162
v 17.757223 44.967266 102.608162
v 17.757225 43.528854 112.776558
v 7.588830 44.967266 102.608162
v 7.588830 43.528854 102.608162
v 7.588831 43.528854 112.776558
v 17.757225 44.967266 112.776558
v 7.588830 44.967270 112.776558
v 28.827888 43.528851 102.608162
v 28.827890 44.967266 102.608162
v 28.827892 43.528851 112.776550
v 18.659502 44.967266 102.608162
v 18.659500 43.528854 102.608162
v 18.659502 43.528854 112.776558
v 28.827892 44.967270 112.776550
v 18.659502 44.967266 112.776558
v -15.661255 43.528854 102.608170
v -15.661253 44.967266 102.608170
v -15.661251 43.528854 112.776566
v -25.829647 44.967270 102.608154
v -25.829645 43.528854 102.608154
v -25.829649 43.528854 112.776558
v -15.661249 44.967266 112.776566
v -25.829647 44.967266 112.776558
v -26.731911 43.528854 102.608154
v -26.731909 44.967266 102.608154
v -26.731911 43.528854 112.776558
v -36.900307 44.967270 102.608177
v -36.900307 43.528854 102.608177
v -36.900311 43.528854 112.776566
v -26.731909 44.967266 112.776558
v -36.900311 44.967270 112.776566
v -4.582461 43.528851 102.608170
v -4.582464 44.967266 102.608170
v -4.582459 43.528854 112.776558
v -14.750860 44.967270 102.608170
v -14.750858 43.528854 102.608170
v -14.750858 43.528854 112.776566
v -4.582461 44.967270 112.776558
v -14.750858 44.967266 112.776566
v 6.488199 43.528854 102.608162
v 6.488201 44.967266 102.608162
v 6.488202 43.528854 112.776558
v -3.680197 44.967266 102.608170
v -3.680196 43.528854 102.608170
v -3.680195 43.528854 112.776558
v 6.488200 44.967266 112.776558
v -3.680195 44.967266 112.776558
v -58.477268 43.164387 91.015633
v -58.477264 44.602802 91.015633
v 62.875526 43.164383 91.015610
v -58.477268 44.602806 91.894562
v -58.477272 43.164391 91.894562
v 62.875526 43.164383 91.894547
v 62.875526 44.602798 91.015610
v 62.875526 44.602798 91.894547
v 50.977341 43.528858 91.763222
v 50.977341 44.967266 91.763222
v 50.977345 43.528854 101.931610
v 40.808941 44.967270 91.763206
v 40.808945 43.528854 91.763206
v 40.808945 43.528854 101.931602
v 50.977345 44.967262 101.931610
v 40.808949 44.967266 101.931602
v 39.906677 43.528854 91.763206
v 39.906677 44.967266 91.763206
v 39.906685 43.528851 101.931602
v 29.738279 44.967270 91.763214
v 29.738279 43.528854 91.763214
v 29.738281 43.528854 101.931618
v 39.906685 44.967266 101.931602
v 29.738279 44.967266 101.931610
v 17.757221 43.528854 91.763214
v 17.757221 44.967266 91.763214
v 17.757225 43.528854 101.931618
v 7.588825 44.967270 91.763214
v 7.588827 43.528854 91.763214
v 7.588830 43.528854 101.931618
v 17.757223 44.967266 101.931618
v 7.588830 44.967266 101.931618
v 28.827890 43.528854 91.763214
v 28.827890 44.967270 91.763214
v 28.827888 43.528851 101.931610
v 18.659498 44.967266 91.763222
v 18.659498 43.528854 91.763222
v 18.659500 43.528854 101.931618
v 28.827890 44.967266 101.931610
v 18.659502 44.967266 101.931618
v -15.661255 43.528854 91.763222
v -15.661253 44.967270 91.763222
v -15.661251 43.528854 101.931625
v -25.829647 44.967266 91.763222
v -25.829647 43.528854 91.763222
v -25.829649 43.528854 101.931625
v -15.661249 44.967270 101.931625
v -25.829651 44.967270 101.931625
v -26.731915 43.528854 91.763222
v -26.731913 44.967270 91.763222
v -26.731915 43.528854 101.931625
v -36.900311 44.967270 91.763229
v -36.900311 43.528854 91.763229
v -36.900311 43.528854 101.931633
v -26.731913 44.967266 101.931625
v -36.900311 44.967270 101.931633
v -4.582465 43.528854 91.763229
v -4.582463 44.967266 91.763222
v -4.582461 43.528851 101.931625
v -14.750860 44.967270 91.763222
v -14.750862 43.528854 91.763222
v -14.750858 43.528854 101.931625
v -4.582464 44.967266 101.931625
v -14.750860 44.967270 101.931625
v 6.488199 43.528854 91.763214
v 6.488199 44.967266 91.763214
v 6.488201 43.528854 101.931618
v -3.680203 44.967270 91.763222
v -3.680201 43.528854 91.763222
v -3.680196 43.528854 101.931625
v 6.488201 44.967266 101.931618
v -3.680197 44.967266 101.931625
v -58.477272 43.164387 80.374687
v -58.477268 44.602802 80.374687
v 62.875526 43.164383 80.374672
v -58.477268 44.602802 81.253624
v -58.477272 43.164387 81.253624
v 62.875526 43.164383 81.253616
v 62.875530 44.602795 80.374672
v 62.875530 44.602795 81.253616
v 50.977333 43.528854 81.122276
v 50.977337 44.967266 81.122276
v 50.977341 43.528858 91.290672
v 40.808937 44.967266 81.122269
v 40.808937 43.528854 81.122269
v 40.808945 43.528854 91.290672
v 50.977341 44.967266 91.290672
v 40.808941 44.967270 91.290672
v 39.906673 43.528854 81.122269
v 39.906673 44.967266 81.122269
v 39.906677 43.528854 91.290672
v 29.738277 44.967266 81.122276
v 29.738279 43.528854 81.122276
v 29.738279 43.528854 91.290665
v 39.906677 44.967266 91.290672
v 29.738277 44.967270 91.290665
v 17.757221 43.528854 81.122284
v 17.757219 44.967266 81.122284
v 17.757221 43.528854 91.290672
v 7.588824 44.967266 81.122276
v 7.588824 43.528851 81.122276
v 7.588827 43.528854 91.290672
v 17.757221 44.967266 91.290672
v 7.588825 44.967270 91.290672
v 28.827888 43.528854 81.122276
v 28.827888 44.967270 81.122276
v 28.827888 43.528854 91.290665
v 18.659489 44.967262 81.122284
v 18.659491 43.528854 81.122284
v 18.659492 43.528854 91.290672
v 28.827888 44.967270 91.290665
v 18.659492 44.967270 91.290672
v -15.661257 43.528854 81.122284
v -15.661255 44.967266 81.122284
v -15.661257 43.528854 91.290680
v -25.829651 44.967266 81.122276
v -25.829653 43.528851 81.122276
v -25.829647 43.528854 91.290680
v -15.661255 44.967270 91.290680
v -25.829647 44.967266 91.290680
v -26.731918 43.528854 81.122276
v -26.731916 44.967266 81.122276
v -26.731915 43.528854 91.290680
v -36.900314 44.967270 81.122284
v -36.900314 43.528854 81.122284
v -36.900311 43.528854 91.290688
v -26.731913 44.967270 91.290680
v -36.900311 44.967270 91.290688
v -4.582464 43.528854 81.122284
v -4.582465 44.967266 81.122284
v -4.582465 43.528854 91.290680
v -14.750862 44.967270 81.122284
v -14.750864 43.528854 81.122284
v -14.750862 43.528854 91.290680
v -4.582463 44.967266 91.290680
v -14.750860 44.967270 91.290680
v 6.488195 43.528854 81.122284
v 6.488194 44.967266 81.122284
v 6.488196 43.528854 91.290672
v -3.680203 44.967266 81.122284
v -3.680203 43.528854 81.122284
v -3.680201 43.528854 91.290680
v 6.488194 44.967266 91.290672
v -3.680203 44.967270 91.290680
v -58.477276 43.164383 70.023392
v -58.477272 44.602798 70.023392
v 62.875523 43.164379 70.023369
v -58.477272 44.602798 70.902336
v -58.477276 43.164383 70.902336
v 62.875523 43.164379 70.902313
v 62.875523 44.602795 70.023369
v 62.875523 44.602795 70.902313
v 39.906673 43.528847 70.770966
v 39.906670 44.967262 70.770966
v 39.906673 43.528854 80.939369
v 29.738274 44.967266 70.770973
v 29.738277 43.528851 70.770973
v 29.738279 43.528854 80.939369
v 39.906673 44.967266 80.939369
v 29.738277 44.967266 80.939369
v 17.757219 43.528851 70.770981
v 17.757219 44.967266 70.770981
v 17.757221 43.528854 80.939377
v 7.588823 44.967266 70.770981
v 7.588823 43.528851 70.770981
v 7.588823 43.528851 80.939369
v 17.757219 44.967266 80.939377
v 7.588823 44.967270 80.939369
v 28.827887 43.528851 70.770973
v 28.827888 44.967266 70.770973
v 28.827888 43.528854 80.939369
v 18.659494 44.967262 70.770981
v 18.659496 43.528851 70.770981
v 18.659496 43.528854 80.939369
v 28.827888 44.967270 80.939369
v 18.659496 44.967262 80.939369
v -15.661259 43.528851 70.770973
v -15.661259 44.967266 70.770973
v -15.661255 43.528854 80.939377
v -25.829659 44.967266 70.770973
v -25.829655 43.528851 70.770973
v -25.829653 43.528851 80.939377
v -15.661253 44.967266 80.939377
v -25.829651 44.967266 80.939377
v -26.731922 43.528851 70.770973
v -26.731920 44.967266 70.770973
v -26.731918 43.528854 80.939377
v -36.900318 44.967266 70.770988
v -36.900314 43.528851 70.770988
v -36.900314 43.528854 80.939384
v -26.731916 44.967266 80.939377
v -36.900314 44.967270 80.939384
v -4.582470 43.528851 70.770981
v -4.582469 44.967266 70.770981
v -4.582464 43.528854 80.939377
v -14.750870 44.967266 70.770973
v -14.750868 43.528851 70.770973
v -14.750864 43.528854 80.939377
v -4.582465 44.967266 80.939377
v -14.750862 44.967270 80.939377
v 6.488196 43.528851 70.770981
v 6.488194 44.967262 70.770981
v 6.488196 43.528854 80.939369
v -3.680207 44.967262 70.770981
v -3.680203 43.528851 70.770981
v -3.680203 43.528854 80.939377
v 6.488196 44.967266 80.939369
v -3.680203 44.967266 80.939377
v -58.477280 43.164383 59.382442
v -58.477276 44.602798 59.382442
v 62.875523 43.164379 59.382416
v -58.477276 44.602798 60.261383
v -58.477280 43.164383 60.261383
v 62.875523 43.164379 60.261353
v 62.875526 44.602791 59.382420
v 62.875526 44.602795 60.261356
v 39.906670 43.528847 60.130020
v 39.906666 44.967266 60.130020
v 39.906673 43.528847 70.298424
v 29.738272 44.967258 60.130024
v 29.738274 43.528851 60.130024
v 29.738277 43.528851 70.298424
v 39.906670 44.967262 70.298424
v 29.738274 44.967266 70.298424
v 17.757217 43.528851 60.130024
v 17.757217 44.967262 60.130024
v 17.757219 43.528851 70.298431
v 7.588819 44.967262 60.130024
v 7.588821 43.528851 60.130024
v 7.588823 43.528851 70.298431
v 17.757219 44.967266 70.298431
v 7.588823 44.967266 70.298431
v 28.827885 43.528851 60.130024
v 28.827885 44.967266 60.130024
v 28.827885 43.528851 70.298424
v 18.659487 44.967262 60.130024
v 18.659487 43.528851 60.130024
v 18.659491 43.528851 70.298431
v 28.827887 44.967266 70.298424
v 18.659489 44.967262 70.298431
v -15.661263 43.528851 60.130032
v -15.661263 44.967262 60.130032
v -15.661263 43.528851 70.298431
v -25.829659 44.967262 60.130035
v -25.829660 43.528851 60.130035
v -25.829655 43.528851 70.298431
v -15.661263 44.967262 70.298431
v -25.829659 44.967266 70.298431
v -26.731922 43.528851 60.130032
v -26.731922 44.967262 60.130032
v -26.731922 43.528851 70.298431
v -36.900318 44.967266 60.130035
v -36.900318 43.528851 60.130035
v -36.900314 43.528851 70.298447
v -26.731920 44.967266 70.298431
v -36.900318 44.967266 70.298447
v -4.582470 43.528851 60.130028
v -4.582471 44.967262 60.130028
v -4.582470 43.528851 70.298431
v -14.750870 44.967266 60.130032
v -14.750870 43.528851 60.130032
v -14.750868 43.528851 70.298431
v -4.582469 44.967266 70.298431
v -14.750870 44.967266 70.298431
v 6.488191 43.528851 60.130024
v 6.488188 44.967262 60.130024
v 6.488192 43.528851 70.298431
v -3.680205 44.967262 60.130028
v -3.680206 43.528851 60.130028
v -3.680203 43.528851 70.298439
v 6.488192 44.967266 70.298431
v -3.680207 44.967262 70.298431
v -58.477272 43.164387 48.537502
v -58.477272 44.602795 48.537502
v 62.875519 43.164379 48.537472
v -58.477272 44.602795 49.416443
v -58.477272 43.164387 49.416443
v 62.875519 43.164379 49.416416
v 62.875523 44.602791 48.537476
v 62.875523 44.602791 49.416420
v 39.906670 43.528851 49.285084
v 39.906666 44.967266 49.285084
v 39.906681 43.528847 59.453480
v 29.738270 44.967266 49.285088
v 29.738270 43.528851 49.285088
v 29.738274 43.528851 59.453476
v 39.906673 44.967266 59.453480
v 29.738272 44.967258 59.453476
v 17.757215 43.528851 49.285076
v 17.757215 44.967262 49.285076
v 17.757217 43.528851 59.453476
v 7.588819 44.967266 49.285080
v 7.588819 43.528851 49.285080
v 7.588824 43.528851 59.453476
v 17.757217 44.967262 59.453476
v 7.588824 44.967266 59.453476
v 28.827881 43.528851 49.285088
v 28.827881 44.967266 49.285088
v 28.827885 43.528851 59.453476
v 18.659485 44.967262 49.285076
v 18.659487 43.528851 49.285076
v 18.659494 43.528851 59.453476
v 28.827885 44.967266 59.453476
v 18.659492 44.967262 59.453476
v -15.661259 43.528854 49.285088
v -15.661259 44.967266 49.285088
v -15.661257 43.528851 59.453480
v -25.829662 44.967262 49.285088
v -25.829664 43.528851 49.285088
v -25.829660 43.528851 59.453476
v -15.661259 44.967266 59.453480
v -25.829659 44.967262 59.453476
v -26.731926 43.528851 49.285088
v -26.731924 44.967262 49.285088
v -26.731922 43.528851 59.453476
v -36.900322 44.967266 49.285095
v -36.900322 43.528851 49.285095
v -36.900318 43.528851 59.453487
v -26.731922 44.967262 59.453476
v -36.900318 44.967266 59.453487
v -4.582473 43.528851 49.285084
v -4.582474 44.967266 49.285084
v -4.582472 43.528851 59.453480
v -14.750872 44.967266 49.285088
v -14.750874 43.528854 49.285088
v -14.750872 43.528851 59.453480
v -4.582473 44.967262 59.453480
v -14.750872 44.967266 59.453480
v 6.488193 43.528851 49.285080
v 6.488193 44.967266 49.285080
v 6.488194 43.528847 59.453476
v -3.680212 44.967266 49.285084
v -3.680212 43.528851 49.285084
v -3.680208 43.528851 59.453480
v 6.488193 44.967262 59.453476
v -3.680207 44.967262 59.453480
v -58.477272 43.164391 37.896553
v -58.477272 44.602802 37.896553
v 62.875519 43.164375 37.896526
v -58.477272 44.602802 38.775490
v -58.477272 43.164391 38.775490
v 62.875519 43.164375 38.775467
v 62.875519 44.602787 37.896530
v 62.875519 44.602787 38.775471
v 39.906662 43.528851 38.644138
v 39.906662 44.967262 38.644138
v 39.906670 43.528851 48.812531
v 29.738268 44.967258 38.644142
v 29.738270 43.528851 38.644146
v 29.738272 43.528851 48.812534
v 39.906666 44.967262 48.812531
v 29.738270 44.967262 48.812534
v 17.757214 43.528851 38.644142
v 17.757214 44.967262 38.644142
v 17.757215 43.528851 48.812531
v 7.588817 44.967266 38.644142
v 7.588817 43.528851 38.644142
v 7.588819 43.528851 48.812534
v 17.757215 44.967262 48.812531
v 7.588819 44.967266 48.812534
v 28.827881 43.528851 38.644142
v 28.827881 44.967262 38.644142
v 28.827883 43.528851 48.812534
v 18.659483 44.967262 38.644142
v 18.659485 43.528851 38.644142
v 18.659485 43.528851 48.812531
v 28.827883 44.967262 48.812534
v 18.659485 44.967262 48.812531
v -15.661268 43.528851 38.644146
v -15.661268 44.967262 38.644146
v -15.661264 43.528851 48.812531
v -25.829662 44.967262 38.644138
v -25.829662 43.528851 38.644138
v -25.829664 43.528851 48.812534
v -15.661266 44.967266 48.812531
v -25.829662 44.967262 48.812534
v -26.731922 43.528851 38.644138
v -26.731924 44.967266 38.644138
v -26.731926 43.528851 48.812534
v -36.900322 44.967266 38.644146
v -36.900322 43.528851 38.644146
v -36.900322 43.528851 48.812546
v -26.731924 44.967262 48.812534
v -36.900322 44.967266 48.812546
v -4.582474 43.528847 38.644146
v -4.582474 44.967262 38.644142
v -4.582473 43.528851 48.812534
v -14.750875 44.967262 38.644146
v -14.750872 43.528851 38.644146
v -14.750870 43.528851 48.812531
v -4.582472 44.967266 48.812534
v -14.750870 44.967266 48.812531
v 6.488187 43.528851 38.644146
v 6.488187 44.967262 38.644146
v 6.488190 43.528851 48.812534
v -3.680212 44.967262 38.644146
v -3.680212 43.528847 38.644146
v -3.680211 43.528851 48.812534
v 6.488190 44.967262 48.812534
v -3.680209 44.967262 48.812534
v 6.488183 43.528847 6.524360
v 6.488183 44.967262 6.524360
v 6.488183 43.528847 16.692739
v -3.680217 44.967258 6.524343
v -3.680219 43.528847 6.524343
v -3.680216 43.528843 16.692738
v 6.488183 44.967258 16.692739
v -3.680214 44.967255 16.692738
v -58.477295 43.164383 27.262657
v -58.477295 44.602802 27.262657
v 62.875519 43.164387 27.262636
v -58.477295 44.602802 28.141588
v -58.477295 43.164383 28.141588
v 62.875519 43.164387 28.141569
v 62.875519 44.602798 27.262636
v 62.875519 44.602798 28.141569
v -49.060688 43.528847 28.010244
v -49.060688 44.967262 28.010244
v -49.060684 43.528851 38.178642
v -59.229095 44.967266 28.010246
v -59.229095 43.528851 28.010246
v -59.229073 43.528854 38.178646
v -49.060684 44.967266 38.178642
v -59.229073 44.967266 38.178646
v 39.906662 43.528851 28.010231
v 39.906666 44.967266 28.010231
v 39.906662 43.528851 38.178638
v 29.738272 44.967266 28.010235
v 29.738270 43.528851 28.010237
v 29.738270 43.528851 38.178638
v 39.906662 44.967262 38.178638
v 29.738268 44.967258 38.178635
v 17.757212 43.528847 28.010233
v 17.757212 44.967258 28.010235
v 17.757214 43.528851 38.178635
v 7.588816 44.967266 28.010235
v 7.588815 43.528851 28.010235
v 7.588817 43.528851 38.178638
v 17.757214 44.967262 38.178635
v 7.588818 44.967266 38.178638
v 28.827881 43.528851 28.010235
v 28.827883 44.967266 28.010235
v 28.827879 43.528851 38.178635
v 18.659485 44.967262 28.010233
v 18.659483 43.528851 28.010233
v 18.659485 43.528851 38.178635
v 28.827881 44.967262 38.178635
v 18.659483 44.967262 38.178635
v -15.661261 43.528851 28.010237
v -15.661259 44.967262 28.010237
v -15.661261 43.528851 38.178638
v -25.829660 44.967266 28.010244
v -25.829662 43.528851 28.010244
v -25.829662 43.528851 38.178638
v -15.661261 44.967262 38.178638
v -25.829662 44.967262 38.178638
v -26.731926 43.528851 28.010244
v -26.731922 44.967266 28.010244
v -26.731922 43.528851 38.178638
v -36.900326 44.967262 28.010242
v -36.900326 43.528851 28.010242
v -36.900322 43.528851 38.178646
v -26.731924 44.967266 38.178638
v -36.900322 44.967266 38.178646
v -4.582475 43.528851 28.010239
v -4.582476 44.967266 28.010237
v -4.582474 43.528847 38.178638
v -14.750872 44.967262 28.010237
v -14.750874 43.528851 28.010235
v -14.750872 43.528851 38.178638
v -4.582474 44.967262 38.178635
v -14.750875 44.967262 38.178638
v 6.488188 43.528851 28.010239
v 6.488190 44.967266 28.010237
v 6.488191 43.528851 38.178638
v -3.680212 44.967262 28.010239
v -3.680214 43.528851 28.010239
v -3.680212 43.528847 38.178635
v 6.488189 44.967262 38.178638
v -3.680212 44.967262 38.178635
v -37.868538 43.528851 28.010242
v -37.868538 44.967262 28.010242
v -37.868534 43.528851 38.178646
v -48.036938 44.967266 28.010244
v -48.036938 43.528851 28.010242
v -48.036926 43.528851 38.178642
v -37.868530 44.967266 38.178646
v -48.036934 44.967266 38.178642
v 39.906662 43.528847 17.369293
v 39.906662 44.967262 17.369293
v 39.906662 43.528851 27.537691
v 29.738270 44.967262 17.369289
v 29.738268 43.528847 17.369289
v 29.738268 43.528851 27.537693
v 39.906666 44.967266 27.537691
v 29.738270 44.967266 27.537689
v 17.757212 43.528847 17.369289
v 17.757214 44.967262 17.369289
v 17.757212 43.528851 27.537695
v 7.588814 44.967258 17.369293
v 7.588813 43.528847 17.369291
v 7.588815 43.528851 27.537695
v 17.757212 44.967262 27.537697
v 7.588816 44.967266 27.537695
v 28.827881 43.528847 17.369289
v 28.827881 44.967262 17.369289
v 28.827881 43.528851 27.537689
v 18.659483 44.967258 17.369293
v 18.659481 43.528847 17.369293
v 18.659481 43.528851 27.537689
v 28.827881 44.967266 27.537689
v 18.659481 44.967262 27.537689
v -15.661268 43.528847 17.369293
v -15.661270 44.967262 17.369293
v -15.661274 43.528851 27.537699
v -25.829666 44.967262 17.369291
v -25.829666 43.528847 17.369291
v -25.829668 43.528851 27.537701
v -15.661270 44.967262 27.537699
v -25.829666 44.967266 27.537701
v -26.731930 43.528847 17.369291
v -26.731928 44.967258 17.369291
v -26.731926 43.528851 27.537701
v -36.900330 44.967262 17.369295
v -36.900333 43.528847 17.369295
v -36.900326 43.528851 27.537703
v -26.731924 44.967262 27.537701
v -36.900326 44.967262 27.537703
v -4.582478 43.528843 17.369289
v -4.582478 44.967258 17.369291
v -4.582477 43.528851 27.537699
v -14.750874 44.967258 17.369293
v -14.750875 43.528847 17.369293
v -14.750875 43.528847 27.537697
v -4.582478 44.967266 27.537697
v -14.750874 44.967262 27.537699
v 6.488183 43.528847 17.369293
v 6.488183 44.967258 17.369293
v 6.488184 43.528851 27.537697
v -3.680214 44.967255 17.369289
v -3.680216 43.528843 17.369289
v -3.680216 43.528851 27.537697
v 6.488185 44.967262 27.537695
v -3.680214 44.967262 27.537697
v -37.868542 43.528847 17.369295
v -37.868542 44.967262 17.369295
v -37.868538 43.528851 27.537703
v -48.036938 44.967255 17.369299
v -48.036938 43.528843 17.369299
v -48.036938 43.528851 27.537699
v -37.868538 44.967262 27.537703
v -48.036938 44.967266 27.537701
v 40.748085 43.164379 -7.797302
v 40.748085 44.602791 -7.797302
v 40.748108 43.164383 124.922241
v 39.869148 44.602791 -7.797301
v 39.869148 43.164383 -7.797302
v 39.869171 43.164383 124.922241
v 40.748108 44.602798 124.922241
v 39.869171 44.602798 124.922241
v 40.748085 43.164379 -7.797302
v 40.748085 44.602791 -7.797302
v 40.748108 43.164387 123.127007
v 39.869148 44.602791 -7.797301
v 39.869148 43.164383 -7.797302
v 39.869171 43.164383 123.127007
v 40.748108 44.602798 123.127007
v 39.869171 44.602802 123.127007
v 18.598635 43.164379 -7.797296
v 18.598635 44.602791 -7.797296
v 18.598656 43.164387 123.127022
v 17.719696 44.602791 -7.797296
v 17.719696 43.164383 -7.797296
v 17.719715 43.164387 123.127022
v 18.598656 44.602798 123.127022
v 17.719717 44.602802 123.127022
v 29.669300 43.164379 -7.797304
v 29.669302 44.602795 -7.797304
v 29.669319 43.164387 123.127014
v 28.790359 44.602791 -7.797304
v 28.790359 43.164379 -7.797303
v 28.790380 43.164391 123.127014
v 29.669321 44.602798 123.127014
v 28.790380 44.602798 123.127014
v -14.819830 43.164379 -7.797297
v -14.819832 44.602791 -7.797297
v -14.819813 43.164391 123.127029
v -15.698771 44.602791 -7.797297
v -15.698772 43.164379 -7.797296
v -15.698753 43.164387 123.127029
v -14.819811 44.602802 123.127029
v -15.698753 44.602798 123.127029
v -25.890501 43.164383 -7.797288
v -25.890499 44.602795 -7.797287
v -25.890480 43.164391 123.127029
v -26.769438 44.602791 -7.797287
v -26.769440 43.164379 -7.797287
v -26.769419 43.164391 123.127029
v -25.890480 44.602798 123.127029
v -26.769417 44.602802 123.127029
v 7.329619 43.164379 -7.797297
v 7.329621 44.602795 -7.797297
v 7.329638 43.164387 123.127022
v 6.450679 44.602795 -7.797297
v 6.450677 43.164379 -7.797297
v 6.450697 43.164387 123.127022
v 7.329639 44.602802 123.127022
v 6.450700 44.602798 123.127022
v -37.027103 43.164379 -7.797290
v -37.027107 44.602791 -7.797290
v -37.027088 43.164391 123.127029
v -37.906044 44.602791 -7.797289
v -37.906044 43.164379 -7.797290
v -37.906025 43.164391 123.127029
v -37.027084 44.602798 123.127029
v -37.906029 44.602802 123.127029
v -48.219261 43.164383 -7.797287
v -48.219261 44.602791 -7.797287
v -48.219238 43.164387 123.127029
v -48.219238 44.602798 123.127029
v -49.098206 43.164383 -7.797287
v -49.098202 44.602798 -7.797287
v -49.098183 43.164387 123.127029
v -49.098179 44.602802 123.127029
v 51.818748 43.164379 -7.797300
v 51.818748 44.602791 -7.797300
v 51.818771 43.164387 124.922249
v 50.939812 44.602791 -7.797305
v 50.939812 43.164383 -7.797300
v 50.939835 43.164387 124.922249
v 51.818771 44.602798 124.922249
v 50.939835 44.602802 124.922241
v -58.477272 43.164391 112.501526
v -58.477272 44.602806 112.501526
v 62.875530 43.164383 112.501495
v -58.477272 44.602806 113.380463
v -58.477272 43.164391 113.380463
v 62.875530 43.164383 113.380440
v 62.875534 44.602798 112.501495
v 62.875534 44.602798 113.380440
v -49.060673 43.528854 113.249115
v -49.060677 44.967270 113.249115
v -49.060665 43.528851 123.417503
v -59.229069 44.967270 113.249107
v -59.229069 43.528854 113.249107
v -59.229069 43.528851 123.417503
v -49.060665 44.967270 123.417503
v -59.229065 44.967270 123.417503
v 62.090370 43.528851 113.249092
v 62.090370 44.967262 113.249092
v 62.090366 43.528847 123.417496
v 51.921974 44.967262 113.249092
v 51.921974 43.528851 113.249092
v 51.921974 43.528854 123.417496
v 62.090363 44.967262 123.417496
v 51.921974 44.967262 123.417496
v 50.977348 43.528854 113.249092
v 50.977348 44.967266 113.249092
v 50.977348 43.528851 123.417496
v 40.808949 44.967270 113.249092
v 40.808949 43.528854 113.249092
v 40.808952 43.528854 123.417496
v 50.977341 44.967262 123.417496
v 40.808949 44.967270 123.417496
v 39.906685 43.528851 113.249092
v 39.906685 44.967270 113.249092
v 39.906689 43.528851 123.417496
v 29.738279 44.967266 113.249100
v 29.738281 43.528854 113.249100
v 29.738285 43.528854 123.417503
v 39.906685 44.967270 123.417496
v 29.738283 44.967266 123.417503
v 17.757225 43.528854 113.249107
v 17.757225 44.967266 113.249107
v 17.757227 43.528854 123.417511
v 7.588830 44.967270 113.249107
v 7.588832 43.528854 113.249107
v 7.588832 43.528851 123.417511
v 17.757227 44.967266 123.417511
v 7.588833 44.967266 123.417511
v 28.827892 43.528851 113.249100
v 28.827892 44.967270 113.249100
v 28.827900 43.528854 123.417503
v 18.659502 44.967266 113.249107
v 18.659502 43.528854 113.249107
v 18.659506 43.528854 123.417511
v 28.827900 44.967266 123.417503
v 18.659504 44.967266 123.417511
v -15.661247 43.528854 113.249115
v -15.661247 44.967270 113.249115
v -15.661247 43.528854 123.417511
v -25.829647 44.967266 113.249107
v -25.829649 43.528854 113.249107
v -25.829645 43.528854 123.417511
v -15.661251 44.967270 123.417511
v -25.829647 44.967270 123.417511
v -26.731911 43.528854 113.249107
v -26.731911 44.967266 113.249107
v -26.731911 43.528854 123.417511
v -36.900311 44.967270 113.249115
v -36.900314 43.528854 113.249115
v -36.900307 43.528854 123.417503
v -26.731911 44.967266 123.417511
v -36.900307 44.967270 123.417503
v -4.582459 43.528854 113.249107
v -4.582462 44.967270 113.249107
v -4.582459 43.528854 123.417511
v -14.750858 44.967266 113.249115
v -14.750858 43.528854 113.249115
v -14.750856 43.528854 123.417511
v -4.582461 44.967266 123.417511
v -14.750856 44.967266 123.417511
v 6.488203 43.528854 113.249107
v 6.488201 44.967266 113.249107
v 6.488204 43.528854 123.417511
v -3.680195 44.967266 113.249107
v -3.680196 43.528854 113.249107
v -3.680195 43.528854 123.417511
v 6.488203 44.967266 123.417511
v -3.680193 44.967266 123.417511
v -37.868526 43.528854 113.249115
v -37.868526 44.967266 113.249115
v -37.868523 43.528854 123.417503
v -48.036922 44.967270 113.249115
v -48.036919 43.528854 113.249115
v -48.036919 43.528854 123.417503
v -37.868523 44.967266 123.417503
v -48.036915 44.967266 123.417503
v -49.060669 43.528851 102.608162
v -49.060669 44.967266 102.608162
v -49.060673 43.528854 112.776566
v -59.229061 44.967266 102.608162
v -59.229061 43.528851 102.608162
v -59.229069 43.528854 112.776566
v -49.060677 44.967270 112.776566
v -59.229069 44.967270 112.776566
v 62.090370 43.528851 102.608154
v 62.090366 44.967262 102.608154
v 62.090370 43.528851 112.776550
v 51.921970 44.967262 102.608154
v 51.921970 43.528847 102.608154
v 51.921974 43.528851 112.776550
v 62.090370 44.967262 112.776550
v 51.921974 44.967262 112.776550
v 50.977345 43.528854 102.608154
v 50.977345 44.967262 102.608154
v 50.977348 43.528854 112.776550
v 40.808949 44.967266 102.608154
v 40.808945 43.528854 102.608154
v 40.808945 43.528854 112.776550
v 50.977348 44.967266 112.776550
v 40.808949 44.967270 112.776550
v 39.906673 43.528847 102.608154
v 39.906677 44.967262 102.608154
v 39.906677 43.528851 112.776550
v 29.738279 44.967266 102.608162
v 29.738281 43.528854 102.608162
v 29.738281 43.528854 112.776550
v 39.906673 44.967266 112.776550
v 29.738279 44.967266 112.776550
v -37.868519 43.528854 102.608177
v -37.868523 44.967270 102.608177
v -37.868526 43.528854 112.776566
v -48.036919 44.967270 102.608162
v -48.036915 43.528854 102.608162
v -48.036919 43.528854 112.776566
v -37.868526 44.967266 112.776566
v -48.036922 44.967270 112.776566
v -49.060673 43.528854 91.763229
v -49.060673 44.967270 91.763229
v -49.060673 43.528851 101.931618
v -59.229065 44.967266 91.763229
v -59.229065 43.528854 91.763229
v -59.229065 43.528851 101.931618
v -49.060673 44.967266 101.931618
v -59.229065 44.967266 101.931618
v 62.090370 43.528847 91.763206
v 62.090366 44.967262 91.763206
v 62.090370 43.528851 101.931610
v 51.921974 44.967266 91.763222
v 51.921974 43.528854 91.763222
v 51.921970 43.528847 101.931610
v 62.090366 44.967262 101.931610
v 51.921970 44.967262 101.931610
v -37.868523 43.528854 91.763229
v -37.868526 44.967270 91.763229
v -37.868523 43.528854 101.931633
v -48.036922 44.967270 91.763229
v -48.036919 43.528854 91.763229
v -48.036919 43.528854 101.931618
v -37.868526 44.967270 101.931633
v -48.036922 44.967270 101.931618
v -49.060673 43.528847 81.122276
v -49.060673 44.967262 81.122276
v -49.060669 43.528847 91.290680
v -59.229065 44.967262 81.122276
v -59.229065 43.528854 81.122276
v -59.229061 43.528854 91.290680
v -49.060669 44.967262 91.290680
v -59.229061 44.967262 91.290680
v 62.090370 43.528847 81.122269
v 62.090370 44.967262 81.122269
v 62.090370 43.528847 91.290657
v 51.921970 44.967266 81.122276
v 51.921970 43.528854 81.122276
v 51.921974 43.528854 91.290672
v 62.090366 44.967262 91.290657
v 51.921974 44.967266 91.290672
v -37.868526 43.528854 81.122284
v -37.868530 44.967270 81.122284
v -37.868523 43.528854 91.290688
v -48.036922 44.967266 81.122276
v -48.036922 43.528854 81.122276
v -48.036911 43.528851 91.290680
v -37.868526 44.967270 91.290688
v -48.036919 44.967270 91.290680
v -49.060673 43.528843 70.770981
v -49.060677 44.967258 70.770981
v -49.060673 43.528847 80.939377
v -59.229069 44.967258 70.770981
v -59.229069 43.528851 70.770981
v -59.229065 43.528854 80.939377
v -49.060673 44.967262 80.939377
v -59.229065 44.967262 80.939377
v 62.090363 43.528843 70.770966
v 62.090359 44.967258 70.770966
v 62.090370 43.528847 80.939369
v 51.921967 44.967266 70.770966
v 51.921970 43.528851 70.770966
v 51.921970 43.528854 80.939369
v 62.090370 44.967262 80.939369
v 51.921970 44.967266 80.939369
v 50.977333 43.528851 70.770966
v 50.977333 44.967266 70.770966
v 50.977333 43.528854 80.939369
v 40.808937 44.967266 70.770966
v 40.808937 43.528851 70.770966
v 40.808937 43.528854 80.939369
v 50.977337 44.967266 80.939369
v 40.808937 44.967266 80.939369
v -37.868526 43.528851 70.770988
v -37.868530 44.967266 70.770988
v -37.868526 43.528854 80.939384
v -48.036922 44.967258 70.770981
v -48.036919 43.528847 70.770981
v -48.036922 43.528854 80.939377
v -37.868530 44.967270 80.939384
v -48.036922 44.967266 80.939377
v -49.060680 43.528843 60.130035
v -49.060680 44.967258 60.130035
v -49.060673 43.528843 70.298439
v -59.229073 44.967258 60.130032
v -59.229073 43.528851 60.130032
v -59.229069 43.528851 70.298439
v -49.060677 44.967258 70.298439
v -59.229069 44.967258 70.298439
v 62.090363 43.528843 60.130020
v 62.090363 44.967258 60.130020
v 62.090363 43.528843 70.298424
v 51.921967 44.967258 60.130020
v 51.921967 43.528847 60.130020
v 51.921970 43.528851 70.298424
v 62.090359 44.967258 70.298424
v 51.921967 44.967266 70.298424
v 50.977333 43.528847 60.130020
v 50.977333 44.967258 60.130020
v 50.977333 43.528851 70.298424
v 40.808937 44.967258 60.130020
v 40.808937 43.528847 60.130020
v 40.808937 43.528851 70.298424
v 50.977333 44.967266 70.298424
v 40.808937 44.967266 70.298424
v -37.868530 43.528851 60.130035
v -37.868530 44.967266 60.130035
v -37.868526 43.528851 70.298439
v -48.036930 44.967266 60.130035
v -48.036930 43.528854 60.130035
v -48.036919 43.528847 70.298439
v -37.868530 44.967266 70.298439
v -48.036922 44.967258 70.298439
v -49.060677 43.528847 49.285095
v -49.060677 44.967258 49.285095
v -49.060680 43.528843 59.453487
v -59.229073 44.967262 49.285095
v -59.229073 43.528851 49.285095
v -59.229073 43.528851 59.453491
v -49.060680 44.967258 59.453487
v -59.229073 44.967258 59.453484
v 62.090363 43.528843 49.285080
v 62.090363 44.967258 49.285080
v 62.090363 43.528843 59.453476
v 51.921967 44.967258 49.285076
v 51.921967 43.528851 49.285076
v 51.921967 43.528847 59.453476
v 62.090363 44.967258 59.453476
v 51.921967 44.967258 59.453476
v 50.977329 43.528851 49.285076
v 50.977333 44.967262 49.285076
v 50.977333 43.528847 59.453476
v 40.808933 44.967258 49.285084
v 40.808933 43.528851 49.285084
v 40.808945 43.528847 59.453480
v 50.977329 44.967258 59.453476
v 40.808941 44.967262 59.453480
v -37.868534 43.528851 49.285095
v -37.868530 44.967266 49.285095
v -37.868530 43.528851 59.453487
v -48.036926 44.967266 49.285095
v -48.036926 43.528851 49.285095
v -48.036930 43.528854 59.453487
v -37.868530 44.967266 59.453487
v -48.036930 44.967266 59.453487
v 62.090359 43.528843 38.644135
v 62.090359 44.967258 38.644135
v 62.090363 43.528843 48.812523
v 51.921959 44.967258 38.644135
v 51.921959 43.528847 38.644135
v 51.921967 43.528851 48.812523
v 62.090363 44.967258 48.812523
v 51.921967 44.967258 48.812523
v 50.977325 43.528851 38.644135
v 50.977325 44.967262 38.644135
v 50.977329 43.528851 48.812523
v 40.808929 44.967258 38.644138
v 40.808929 43.528847 38.644138
v 40.808933 43.528851 48.812531
v 50.977333 44.967262 48.812523
v 40.808933 44.967258 48.812531
v -37.868534 43.528851 38.644146
v -37.868530 44.967266 38.644146
v -37.868534 43.528851 48.812546
v -48.036934 44.967266 38.644142
v -48.036926 43.528851 38.644142
v -48.036926 43.528851 48.812546
v -37.868530 44.967266 48.812546
v -48.036926 44.967266 48.812546
v -58.477299 43.164383 5.776766
v -58.477299 44.602798 5.776766
v 62.875519 43.164379 5.776745
v -58.477299 44.602798 6.655703
v -58.477299 43.164383 6.655703
v 62.875519 43.164379 6.655683
v 62.875519 44.602791 5.776745
v 62.875519 44.602791 6.655683
v -49.060692 43.528843 6.524356
v -49.060692 44.967255 6.524357
v -49.060688 43.528843 16.692751
v -59.229092 44.967258 6.524360
v -59.229095 43.528843 6.524360
v -59.229092 43.528843 16.692749
v -49.060688 44.967255 16.692751
v -59.229088 44.967258 16.692749
v 62.090355 43.528847 6.524343
v 62.090355 44.967262 6.524343
v 62.090355 43.528839 16.692738
v 51.921951 44.967262 6.524357
v 51.921951 43.528847 6.524357
v 51.921951 43.528847 16.692745
v 62.090355 44.967255 16.692738
v 51.921951 44.967258 16.692745
v 50.977325 43.528847 6.524357
v 50.977318 44.967262 6.524352
v 50.977325 43.528843 16.692745
v 40.808922 44.967262 6.524354
v 40.808926 43.528847 6.524354
v 40.808926 43.528847 16.692743
v 50.977325 44.967258 16.692741
v 40.808929 44.967258 16.692745
v 39.906658 43.528843 6.524354
v 39.906658 44.967262 6.524354
v 39.906662 43.528847 16.692745
v 29.738266 44.967262 6.524353
v 29.738268 43.528843 6.524353
v 29.738268 43.528847 16.692738
v 39.906662 44.967262 16.692745
v 29.738270 44.967262 16.692738
v 17.757210 43.528847 6.524357
v 17.757210 44.967262 6.524357
v 17.757212 43.528847 16.692741
v 7.588812 44.967258 6.524360
v 7.588811 43.528847 6.524360
v 7.588814 43.528847 16.692738
v 17.757214 44.967262 16.692741
v 7.588814 44.967258 16.692739
v 28.827877 43.528847 6.524353
v 28.827877 44.967262 6.524354
v 28.827881 43.528847 16.692738
v 18.659479 44.967258 6.524357
v 18.659479 43.528847 6.524356
v 18.659481 43.528847 16.692741
v 28.827881 44.967262 16.692738
v 18.659483 44.967258 16.692741
v -15.661266 43.528847 6.524357
v -15.661266 44.967262 6.524357
v -15.661263 43.528847 16.692745
v -25.829668 44.967262 6.524354
v -25.829666 43.528847 6.524354
v -25.829666 43.528847 16.692743
v -15.661263 44.967262 16.692745
v -25.829666 44.967262 16.692743
v -26.731932 43.528847 6.524354
v -26.731930 44.967262 6.524354
v -26.731930 43.528847 16.692743
v -36.900333 44.967262 6.524353
v -36.900333 43.528847 6.524353
v -36.900333 43.528847 16.692747
v -26.731928 44.967258 16.692743
v -36.900330 44.967262 16.692747
v -4.582481 43.528847 6.524343
v -4.582482 44.967262 6.524343
v -4.582478 43.528843 16.692738
v -14.750877 44.967258 6.524356
v -14.750877 43.528847 6.524356
v -14.750875 43.528847 16.692745
v -4.582478 44.967258 16.692738
v -14.750874 44.967258 16.692745
v -37.868546 43.528847 6.524353
v -37.868546 44.967262 6.524353
v -37.868542 43.528847 16.692747
v -48.036942 44.967258 6.524356
v -48.036938 43.528847 6.524356
v -48.036938 43.528843 16.692751
v -37.868542 44.967262 16.692747
v -48.036938 44.967255 16.692751
v -58.477299 43.164379 -4.864182
v -58.477299 44.602795 -4.864182
v 62.875519 43.164375 -4.864196
v -58.477299 44.602795 -3.985248
v -58.477299 43.164379 -3.985249
v 62.875519 43.164375 -3.985264
v 62.875519 44.602791 -4.864196
v 62.875519 44.602791 -3.985264
v -49.060696 43.528843 -4.116585
v -49.060696 44.967255 -4.116585
v -49.060692 43.528843 6.051814
v -59.229092 44.967255 -4.116587
v -59.229095 43.528843 -4.116587
v -59.229095 43.528843 6.051813
v -49.060692 44.967255 6.051815
v -59.229092 44.967258 6.051813
v 62.090347 43.528843 -4.116600
v 62.090343 44.967258 -4.116600
v 62.090355 43.528847 6.051792
v 51.921947 44.967255 -4.116595
v 51.921951 43.528839 -4.116595
v 51.921955 43.528847 6.051800
v 62.090355 44.967262 6.051792
v 51.921951 44.967262 6.051800
v 50.977325 43.528847 -4.116595
v 50.977322 44.967262 -4.116601
v 50.977325 43.528847 6.051800
v 40.808922 44.967258 -4.116596
v 40.808922 43.528843 -4.116597
v 40.808926 43.528843 6.051798
v 50.977325 44.967262 6.051795
v 40.808926 44.967258 6.051798
v 39.906658 43.528843 -4.116596
v 39.906654 44.967262 -4.116596
v 39.906662 43.528843 6.051798
v 29.738262 44.967258 -4.116600
v 29.738262 43.528843 -4.116600
v 29.738268 43.528843 6.051795
v 39.906658 44.967262 6.051798
v 29.738266 44.967262 6.051795
v 17.757208 43.528847 -4.116590
v 17.757208 44.967262 -4.116590
v 17.757210 43.528847 6.051800
v 7.588810 44.967258 -4.116591
v 7.588810 43.528847 -4.116592
v 7.588810 43.528847 6.051808
v 17.757210 44.967262 6.051800
v 7.588810 44.967262 6.051808
v 28.827875 43.528847 -4.116600
v 28.827873 44.967262 -4.116600
v 28.827877 43.528847 6.051796
v 18.659477 44.967258 -4.116590
v 18.659477 43.528847 -4.116590
v 18.659479 43.528847 6.051800
v 28.827877 44.967262 6.051796
v 18.659479 44.967258 6.051800
v -15.661274 43.528847 -4.116590
v -15.661272 44.967262 -4.116590
v -15.661272 43.528847 6.051810
v -25.829674 44.967262 -4.116586
v -25.829672 43.528847 -4.116587
v -25.829666 43.528847 6.051808
v -15.661270 44.967262 6.051810
v -25.829668 44.967262 6.051808
v -26.731937 43.528847 -4.116586
v -26.731936 44.967258 -4.116586
v -26.731928 43.528847 6.051808
v -36.900337 44.967262 -4.116590
v -36.900330 43.528843 -4.116590
v -36.900326 43.528847 6.051811
v -26.731926 44.967262 6.051808
v -36.900333 44.967262 6.051811
v -4.582484 43.528847 -4.116593
v -4.582486 44.967262 -4.116592
v -4.582481 43.528847 6.051805
v -14.750881 44.967262 -4.116590
v -14.750881 43.528843 -4.116590
v -14.750877 43.528847 6.051810
v -4.582482 44.967262 6.051806
v -14.750877 44.967258 6.051810
v 6.488180 43.528843 -4.116591
v 6.488180 44.967258 -4.116591
v 6.488182 43.528847 6.051808
v -3.680219 44.967258 -4.116593
v -3.680217 43.528847 -4.116593
v -3.680219 43.528847 6.051805
v 6.488183 44.967262 6.051808
v -3.680219 44.967262 6.051805
v -37.868546 43.528847 -4.116590
v -37.868549 44.967262 -4.116588
v -37.868542 43.528847 6.051811
v -48.036945 44.967262 -4.116585
v -48.036942 43.528847 -4.116585
v -48.036938 43.528847 6.051814
v -37.868546 44.967262 6.051812
v -48.036942 44.967258 6.051814
v 62.090355 43.528843 28.010237
v 62.090355 44.967258 28.010237
v 62.090359 43.528843 38.178631
v 51.921963 44.967262 28.010229
v 51.921963 43.528851 28.010229
v 51.921959 43.528847 38.178631
v 62.090359 44.967258 38.178631
v 51.921959 44.967258 38.178631
v 50.977329 43.528851 28.010229
v 50.977325 44.967266 28.010231
v 50.977325 43.528851 38.178631
v 40.808929 44.967262 28.010231
v 40.808929 43.528851 28.010231
v 40.808929 43.528847 38.178638
v 50.977325 44.967262 38.178631
v 40.808929 44.967258 38.178638
v -58.477295 43.164379 16.621706
v -58.477295 44.602798 16.621708
v 62.875519 43.164383 16.621687
v -58.477295 44.602798 17.500650
v -58.477295 43.164379 17.500650
v 62.875519 43.164383 17.500626
v 62.875519 44.602795 16.621687
v 62.875519 44.602795 17.500626
v -49.060688 43.528843 17.369299
v -49.060688 44.967255 17.369299
v -49.060688 43.528847 27.537691
v -59.229088 44.967258 17.369301
v -59.229092 43.528843 17.369301
v -59.229095 43.528851 27.537697
v -49.060688 44.967262 27.537691
v -59.229095 44.967266 27.537697
v 62.090355 43.528839 17.369286
v 62.090355 44.967255 17.369286
v 62.090355 43.528843 27.537687
v 51.921959 44.967258 17.369293
v 51.921959 43.528847 17.369293
v 51.921959 43.528851 27.537687
v 62.090355 44.967258 27.537687
v 51.921959 44.967262 27.537687
v 50.977325 43.528843 17.369293
v 50.977325 44.967258 17.369289
v 50.977325 43.528851 27.537687
v 40.808929 44.967258 17.369293
v 40.808926 43.528847 17.369291
v 40.808929 43.528851 27.537691
v 50.977325 44.967266 27.537689
v 40.808929 44.967262 27.537691
v 51.818748 43.164379 -7.797300
v 51.818748 44.602791 -7.797300
v 51.818764 43.164387 123.127022
v 50.939812 44.602791 -7.797305
v 50.939812 43.164383 -7.797300
v 50.939827 43.164391 123.127022
v 51.818771 44.602798 123.127022
v 50.939827 44.602798 123.127007
v 58.603367 43.046738 122.860046
v -55.690098 43.046738 123.964516
v 58.603363 43.046738 123.964508
v 58.603367 44.151344 122.860046
v -55.690083 44.151360 122.860069
v -55.690098 43.046738 122.860069
v -55.690083 44.151360 123.964516
v 58.603363 44.151348 123.964508
v -56.877777 43.046730 9.420241
v -55.773331 43.046730 9.420235
v -56.877747 43.046734 123.713669
v -56.877766 44.151344 9.420240
v -56.877731 44.151348 123.713669
v -55.773300 43.046734 123.713669
v -55.773319 44.151337 9.420235
v -55.773285 44.151344 123.713669
v 58.668541 43.046734 9.420237
v 59.772995 43.046745 123.713684
v 59.772984 43.046730 9.420235
v 59.772984 44.151337 9.420237
v 58.668552 44.151344 123.713661
v 58.668552 43.046738 123.713661
v 58.668541 44.151337 9.420237
v 59.772995 44.151352 123.713684
v 58.603386 43.046738 6.827154
v -55.690086 43.046730 7.931615
v 58.603386 43.046730 7.931601
v 58.603386 44.151344 7.931596
v -55.690086 44.151352 6.827167
v -55.690090 43.046738 6.827167
v 58.603386 44.151348 6.827154
v -55.690086 44.151348 7.931610
v -52.014324 41.618351 -1.342191
v -52.014324 44.437016 -1.342192
v -52.014324 41.618351 -2.224940
v -52.014324 44.437016 -2.224940
v 51.893448 41.618343 -1.342191
v 51.893448 44.437008 -1.342191
v 51.893448 41.618343 -2.224940
v 51.893448 44.437008 -2.224940
v -2.451522 -7.346215 34.857880
v -2.036752 -4.756704 34.602451
v -2.060884 -7.130381 35.127983
v -1.912472 -7.346139 35.103252
v -1.650431 -4.756682 34.889988
v -1.871705 -7.130376 35.498543
v -1.423590 -4.756715 35.327087
v -1.751736 -7.346127 35.536709
v -1.496941 -4.756781 36.019390
v -2.048479 -7.130608 35.991135
v -1.864263 -7.346118 35.932106
v -2.232178 -7.346135 36.208145
v -1.946994 -4.756686 36.458611
v -2.456409 -4.756718 36.585583
v -2.579145 -7.130393 36.097580
v -2.674965 -7.346114 36.187382
v -3.025420 -4.756709 36.397396
v -2.961542 -7.130473 35.773472
v -3.342440 -4.756686 36.020550
v -3.026891 -7.346145 35.894192
v -3.460250 -4.756705 35.553600
v -3.102664 -7.346097 35.487427
v -2.940603 -7.130360 35.327389
v -3.303059 -4.756709 35.001614
v -2.959466 -7.346139 35.119682
v -2.582158 -7.130578 34.992687
v -2.734902 -4.756825 34.550884
v -3.147773 -4.756808 34.965141
v -2.586664 -4.756713 34.653160
v -3.344825 -4.756842 35.735424
v -2.888971 -4.756787 36.355701
v -2.357689 -4.756680 36.457443
v -1.942085 -4.756713 36.325825
v -1.638635 -4.756686 35.995018
v -2.081962 -4.756710 34.711594
v -1.668575 -4.756720 35.044346
v -1.517172 -4.756715 35.576332
v -5.917654 -13.676464 99.083191
v -5.917650 43.287918 99.083191
v -5.917654 -13.676464 98.081070
v -5.917652 43.287918 98.081070
v -3.255177 -13.676464 99.083191
v -3.255173 43.287918 99.083191
v -3.255177 -13.676464 98.081070
v -3.255175 43.287918 98.081070
v -48.858658 -13.676460 98.136696
v -48.858650 43.287918 98.136696
v -48.858658 -13.676460 97.582382
v -48.858650 43.287918 97.582367
v 50.485477 -13.676470 98.136696
v 50.485477 43.287914 98.136696
v 50.485477 -13.676470 97.582382
v 50.485477 43.287914 97.582367
v -7.625541 -7.158984 37.531246
v -6.513508 -7.158986 37.870167
v -6.922048 -7.227944 38.028770
v -8.103888 -7.158984 39.100750
v -7.696636 -7.228011 38.943874
v -6.991855 -7.158986 39.439671
v -6.691562 -7.158584 39.203232
v -6.803639 -7.228082 38.350616
v -8.221903 -7.154828 38.744404
v -7.815032 -7.228083 38.624214
v -6.398070 -7.158986 38.240288
v -7.652803 -7.228083 38.091919
v -7.927791 -7.158984 37.774067
v -6.965826 -7.228083 38.883030
v -7.017164 -7.158986 37.528896
v -7.376977 -7.228072 37.888714
v -7.216999 -7.149678 39.558327
v -7.244073 -7.228059 39.080906
v -7.399594 -7.158986 37.412342
v -7.982664 -7.158984 39.325462
v -6.634733 -7.158986 37.645454
v -7.939659 -7.338340 39.148483
v -7.821550 -7.337510 37.852940
v -7.418310 -7.339064 37.558464
v -8.087315 -7.334674 38.718903
v -6.705829 -7.339679 37.752323
v -7.137311 -7.339681 37.620823
v -6.839993 -7.341283 39.175659
v -7.217159 -7.339681 39.430046
v -7.456409 -7.339677 39.357128
v -7.887908 -7.339679 39.225620
v -6.526847 -7.339688 38.170959
v -6.634732 -4.947226 37.645454
v -6.513507 -4.947228 37.870167
v -6.691497 -4.947226 39.203056
v -6.991853 -4.947226 39.439671
v -8.103889 -4.947228 39.100750
v -7.625542 -4.947228 37.531246
v -8.221220 -4.947228 38.736835
v -7.927791 -4.947228 37.774067
v -6.398069 -4.947228 38.240288
v -7.217803 -4.947228 39.558571
v -7.982665 -4.947226 39.325462
v -7.399593 -4.947226 37.412342
v -6.554719 -4.652947 37.902069
v -7.008279 -4.652947 39.390247
v -8.062691 -4.652947 39.068890
v -7.609131 -4.652945 37.580708
v -8.173943 -4.652947 38.723831
v -6.445262 -4.652947 38.253010
v -7.222520 -4.652947 39.502987
v -7.394890 -4.652945 37.467968
v -6.848825 -4.772189 39.020378
v -7.826334 -4.772189 39.103355
v -7.225629 -4.772191 39.288193
v -7.394994 -4.772189 37.684254
v -7.988750 -4.772189 38.672958
v -7.770092 -4.772189 37.955517
v -6.630167 -4.772189 38.302940
v -6.791261 -4.772189 37.866322
v -7.895719 -4.652947 37.810947
v -7.947749 -4.652945 39.281956
v -6.669663 -4.652945 37.688999
v -6.723485 -4.652947 39.165894
v -6.756384 -2.904979 37.890007
v -7.858126 -2.893851 39.070744
v -6.865395 -2.912013 39.062881
v -6.620147 -2.912011 38.258202
v -7.184021 -2.905753 39.289970
v -7.430496 -2.909627 37.677830
v -7.394890 -3.223132 37.467968
v -7.215744 -2.583995 38.226170
v -6.855689 -2.752093 38.098782
v -6.669662 -3.223132 37.688999
v -7.008278 -3.223132 39.390247
v -7.150839 -2.751428 39.060261
v -7.222520 -3.223132 39.502987
v -7.410071 -2.593907 38.778477
v -7.758936 -2.749320 38.862385
v -7.947749 -3.223132 39.281956
v -7.609131 -3.223132 37.580708
v -7.462296 -2.756804 37.902496
v -6.445263 -3.223132 38.253010
v -7.076727 -2.600106 38.591465
v -7.034821 -2.751426 38.968891
v -6.723486 -3.223134 39.165894
v -8.062691 -3.223132 39.068890
v -7.999094 -2.913173 38.717003
v -8.173943 -3.223132 38.723831
v -7.757266 -2.918534 37.912758
v -7.895719 -3.223132 37.810947
v -6.554719 -3.223132 37.902069
v -6.812894 -2.751426 38.240723
v -7.142877 -2.570952 38.267456
v -7.295774 -2.570952 38.792721
v -7.512702 -2.570952 38.670284
v -7.314415 -2.570952 38.224064
v -7.155084 -2.569213 38.719032
v -7.538441 -2.570950 38.567490
v -7.516147 -2.585452 38.411804
v -7.453723 -2.570950 38.311375
v -7.064080 -2.570952 38.419319
v -7.142877 -2.365891 38.267456
v -7.358613 -2.365891 38.798046
v -7.535631 -2.365891 38.632317
v -7.285688 -2.365889 38.213978
v -7.072065 -2.365891 38.562817
v -7.169525 -2.365891 38.733139
v -7.491431 -2.365891 38.356670
v -7.064080 -2.365889 38.419319
v -6.970389 -2.564126 38.668800
v -7.156968 -2.564126 38.838917
v -7.586502 -2.564122 38.701553
v -7.649742 -2.564122 38.540249
v -7.622609 -2.564122 38.360828
v -6.989830 -2.564126 38.290520
v -6.931753 -2.564122 38.493668
v -6.942449 -2.510783 38.604630
v -7.029368 -2.510772 38.749401
v -7.205752 -2.510789 38.857750
v -7.464395 -2.510779 38.820862
v -7.636882 -2.510791 38.625687
v -7.638675 -2.510783 38.392437
v -7.551756 -2.510774 38.247665
v -7.375373 -2.510789 38.139317
v -7.116728 -2.510779 38.176201
v -6.944241 -2.510791 38.371376
v -7.488165 -2.564130 38.190964
v -7.431077 -2.564126 38.834717
v -7.219686 -2.564124 38.141125
v -7.023552 -2.267096 38.640522
v -6.970387 -2.464192 38.668793
v -6.991334 -2.267098 38.494480
v -7.156951 -2.464194 38.838913
v -7.039759 -2.267096 38.325073
v -7.290534 -2.124818 38.682106
v -7.431078 -2.464192 38.834717
v -7.231457 -2.267098 38.200474
v -7.586504 -2.464190 38.701550
v -7.455365 -2.267096 38.242050
v -7.475621 -2.124493 38.497990
v -7.649743 -2.464190 38.540237
v -7.567467 -2.267098 38.383698
v -7.622610 -2.464190 38.360828
v -7.590095 -2.267098 38.533310
v -7.488182 -2.464194 38.190975
v -7.290592 -2.124816 38.314957
v -7.537359 -2.267100 38.667839
v -7.219689 -2.464192 38.141125
v -7.407743 -2.267098 38.778889
v -7.179137 -2.267096 38.782387
v -6.989819 -2.464194 38.290531
v -7.105505 -2.124493 38.499073
v -6.931751 -2.464190 38.493675
v -6.942475 -2.221000 38.604622
v -7.029528 -2.221120 38.749557
v -7.145488 -2.221129 38.830379
v -7.284125 -2.221133 38.860668
v -7.464245 -2.221061 38.820885
v -7.596061 -2.221129 38.693058
v -7.647233 -2.221120 38.561298
v -7.638649 -2.220998 38.392445
v -7.551596 -2.221120 38.247505
v -7.435635 -2.221129 38.166683
v -7.254930 -2.221059 38.134102
v -7.083240 -2.221133 38.201546
v -6.985063 -2.221129 38.304008
v -6.933892 -2.221118 38.435764
v -6.990047 -2.171424 38.558956
v -7.125818 -2.169890 38.753307
v -7.349468 -2.168742 38.793541
v -7.540765 -2.169907 38.670223
v -7.591078 -2.171422 38.438110
v -7.455307 -2.169890 38.243759
v -7.231657 -2.168742 38.203522
v -7.040359 -2.169907 38.326839
v -7.000752 -2.464188 38.586861
v -7.073109 -2.464188 38.707378
v -7.219944 -2.464187 38.797585
v -7.578885 -2.464187 38.604378
v -7.435283 -2.464188 38.766876
v -7.470839 -2.464187 38.249870
v -7.065154 -2.464185 38.289700
v -6.993591 -2.464188 38.446468
v -7.580369 -2.464188 38.410206
v -7.261015 -2.464188 38.195087
v 12.234270 -10.710918 -1.063398
v 12.234270 -5.276806 -1.063400
v 11.721100 -11.157537 -3.372908
v 13.360441 -6.513981 -1.580284
v 14.782345 -9.418209 -1.192786
v 13.360441 -7.542372 -1.580283
v 12.843863 -10.006493 -1.133189
v 11.721100 -4.830192 -3.372909
v 14.782343 -8.555462 -1.192786
v 13.669565 -6.513981 -1.580284
v 13.669565 -7.542372 -1.580283
v 12.843863 -5.981236 -1.133188
v 15.643492 -10.710922 -1.063399
v 15.643492 -5.276810 -1.063399
v 16.156664 -11.157537 -3.372908
v 14.226965 -6.513981 -1.580284
v 14.632961 -9.618019 -1.192786
v 14.226965 -7.542372 -1.580283
v 15.033897 -10.006493 -1.133189
v 14.782341 -8.986835 -1.192786
v 16.156662 -4.830194 -3.372909
v 14.536087 -6.513981 -1.580284
v 14.536087 -7.542372 -1.580283
v 14.107653 -9.786776 -1.192786
v 15.033895 -5.981236 -1.133190
v 14.107651 -8.186897 -1.192786
v 11.721098 -11.157537 -1.745046
v 14.226965 -8.468128 -1.580284
v 14.226965 -9.496521 -1.580284
v 11.721100 -4.830191 -1.745047
v 16.156662 -11.157539 -1.745047
v 14.632963 -8.355652 -1.192786
v 16.156662 -4.830193 -1.745047
v 14.536087 -8.468128 -1.580284
v 12.843863 -5.981236 -1.063398
v 14.536087 -9.496521 -1.580284
v 15.033895 -5.981236 -1.063398
v 12.843863 -10.006493 -1.063399
v 14.632961 -8.986835 -1.192786
v 13.360443 -8.468128 -1.580283
v 15.033897 -10.006493 -1.063398
v 13.360443 -9.496521 -1.580284
v 14.107653 -8.986835 -1.192786
v 14.390335 -8.219501 -1.192786
v 13.669565 -8.468128 -1.580283
v 13.669565 -9.496521 -1.580284
v 14.390335 -9.754171 -1.192786
v 13.136898 -7.463770 -1.192786
v 13.136896 -6.601023 -1.192787
v 13.516439 -6.265060 -1.192787
v 13.516439 -7.799732 -1.192786
v 13.136898 -7.032396 -1.192787
v 13.281528 -7.663580 -1.192786
v 13.281527 -7.032396 -1.192787
v 13.790136 -7.832336 -1.192786
v 13.790136 -6.232456 -1.192787
v 13.281528 -6.401215 -1.192787
v 13.790134 -7.032396 -1.192787
v 14.782341 -7.463772 -1.192786
v 14.782341 -6.601023 -1.192787
v 14.632963 -7.663580 -1.192786
v 14.782343 -7.032394 -1.192787
v 14.107651 -7.832336 -1.192786
v 14.107651 -6.232456 -1.192787
v 14.632961 -6.401215 -1.192787
v 14.632961 -7.032396 -1.192787
v 14.107651 -7.032396 -1.192787
v 14.390335 -6.265060 -1.192787
v 14.390337 -7.799732 -1.192786
v 13.136896 -9.418209 -1.192786
v 13.136896 -8.555462 -1.192786
v 13.516439 -8.219501 -1.192786
v 13.516439 -9.754171 -1.192786
v 13.136898 -8.986835 -1.192786
v 13.281528 -9.618019 -1.192786
v 13.281528 -8.986835 -1.192786
v 13.790136 -9.786776 -1.192786
v 13.790136 -8.186897 -1.192786
v 13.281528 -8.355652 -1.192786
v 13.790136 -8.986835 -1.192786
v 13.516439 -9.754171 -1.133189
v 13.281528 -9.618019 -1.133189
v 13.790136 -9.786776 -1.133189
v 13.790136 -8.986835 -1.133189
v 14.107651 -8.186897 -1.133188
v 14.390337 -7.799732 -1.133188
v 14.107653 -9.786776 -1.133189
v 14.390335 -9.754171 -1.133189
v 14.107653 -8.986835 -1.133189
v 14.107651 -7.832336 -1.133188
v 14.390335 -8.219501 -1.133189
v 14.632963 -7.663580 -1.133189
v 14.632963 -8.355652 -1.133189
v 14.782341 -8.986835 -1.133189
v 14.782343 -8.555462 -1.133189
v 14.782345 -9.418209 -1.133189
v 14.782341 -7.463772 -1.133189
v 14.782343 -7.032394 -1.133188
v 14.782341 -6.601023 -1.133190
v 14.632961 -9.618019 -1.133189
v 14.647078 -9.599136 -1.133189
v 14.732767 -6.534710 -1.133190
v 13.136896 -9.418209 -1.133188
v 13.136898 -8.986835 -1.133189
v 13.136896 -8.555462 -1.133189
v 13.136898 -7.463770 -1.133189
v 13.136898 -7.032396 -1.133190
v 13.281528 -8.355652 -1.133189
v 13.281528 -7.663580 -1.133189
v 13.136896 -6.601023 -1.133188
v 13.281528 -6.401215 -1.133190
v 13.542303 -7.802813 -1.133188
v 13.516439 -8.219501 -1.133188
v 13.516439 -7.799732 -1.133188
v 13.790136 -8.186897 -1.133188
v 13.790136 -7.832336 -1.133188
v 13.790134 -7.032396 -1.133188
v 13.516439 -6.265060 -1.133190
v 14.107651 -6.232456 -1.133190
v 13.790136 -6.232456 -1.133188
v 14.632961 -6.401215 -1.133190
v 14.390335 -6.265060 -1.133190
v 14.107651 -7.032396 -1.133188
v 14.536087 -8.986835 -1.192786
v 14.536087 -8.468128 -1.192786
v 14.390337 -8.468128 -1.192786
v 14.536087 -9.496521 -1.192786
v 14.390337 -9.496521 -1.192786
v 14.226965 -9.496521 -1.192786
v 14.226965 -8.986835 -1.192786
v 14.226963 -8.468128 -1.192786
v 13.360441 -7.032396 -1.192787
v 13.516441 -6.513981 -1.192787
v 13.360441 -6.513981 -1.192787
v 13.360441 -7.542372 -1.192786
v 13.516441 -7.542374 -1.192786
v 13.669565 -7.542372 -1.192786
v 13.669563 -7.032396 -1.192787
v 13.669565 -6.513981 -1.192787
v 14.536087 -7.032394 -1.192787
v 14.536087 -6.513981 -1.192787
v 14.390333 -6.513981 -1.192787
v 14.536087 -7.542372 -1.192786
v 14.390335 -7.542374 -1.192786
v 14.226965 -7.542372 -1.192786
v 14.226963 -7.032396 -1.192787
v 14.226965 -6.513981 -1.192787
v 13.360441 -8.986835 -1.192786
v 13.516439 -8.468128 -1.192786
v 13.360443 -8.468128 -1.192786
v 13.360443 -9.496521 -1.192786
v 13.516439 -9.496521 -1.192786
v 13.669565 -9.496521 -1.192786
v 13.669565 -8.986835 -1.192786
v 13.669565 -8.468128 -1.192786
v -47.208466 -13.676467 14.327783
v -47.208466 43.287910 14.327781
v -50.212814 -13.676467 14.327783
v -50.212807 43.287910 14.327781
v -47.208473 -13.676468 -5.027316
v -47.208473 43.287910 -5.027321
v -50.212814 -13.676468 -5.027315
v -50.212814 43.287910 -5.027321
v -46.276871 41.652744 101.107430
v -46.276871 44.471405 101.107430
v -48.973389 41.652740 101.107430
v -48.973385 44.471405 101.107430
v -46.276878 41.652737 -2.800342
v -46.276878 44.471397 -2.800342
v -48.973392 41.652737 -2.800341
v -48.973392 44.471397 -2.800342
v -8.551516 34.376858 33.458370
v -7.754272 37.052120 32.352215
v -7.006494 36.973660 33.641094
v -7.577970 36.995602 34.759563
v -9.285929 37.091591 34.710800
v -9.886248 36.989964 33.604218
v -8.161867 35.777416 32.009045
v -7.221582 35.768902 32.525635
v -6.821008 35.779613 33.898766
v -7.571723 35.762394 34.946892
v -8.796080 35.753178 35.203289
v -9.902363 35.779423 34.349529
v -9.999645 35.758682 33.101124
v -9.224888 35.768227 32.159248
v -7.790678 34.922359 32.615070
v -7.237484 34.909435 33.512680
v -7.912224 34.635963 34.384861
v -8.885647 34.919613 34.718201
v -9.578629 34.918293 33.971390
v -9.515020 34.918293 33.064156
v -8.711672 34.909622 32.424183
v -7.138027 36.773476 32.898441
v -8.600533 36.778244 35.105755
v -9.820435 36.774242 32.987286
v -9.010710 36.770252 32.166809
v -8.376678 37.733356 32.979420
v -7.817548 37.744709 33.526051
v -8.374418 37.745911 34.231857
v -9.012115 37.735664 33.835358
v -8.906643 37.779354 33.149097
v -8.374023 38.868473 32.805958
v -7.767663 38.868523 33.253349
v -7.760976 38.868492 33.963749
v -8.664423 38.868382 34.385700
v -9.242842 38.868382 33.381821
v -8.728840 38.154850 34.215462
v -7.822467 38.159779 33.313957
v -8.405685 38.180492 32.911732
v -7.912620 38.171947 34.043411
v -9.161726 38.166092 33.384506
v -8.444601 35.621716 26.420401
v -8.377253 38.705795 33.738720
v -4.859656 35.621166 27.431768
v -2.173060 35.621628 29.896269
v -8.309568 38.709576 33.837875
v -1.104076 35.621166 33.271557
v -8.360613 39.754780 34.034985
v -1.660629 35.621563 36.874588
v -8.327499 38.707764 33.942986
v -3.873199 35.621216 39.638603
v -6.430727 35.621166 40.948505
v -8.444605 38.707764 34.005573
v -9.165344 35.621189 41.182632
v -11.801752 35.621166 40.419506
v -8.561712 38.707764 33.942978
v -14.511024 35.621628 38.140228
v -8.617788 39.753807 33.876236
v -15.759809 35.621166 34.715012
v -8.577677 38.708729 33.824364
v -15.528341 35.621220 31.850891
v -14.218458 35.621166 29.293350
v -8.510168 38.708897 33.742073
v -8.383606 39.754780 33.684956
v -12.029541 35.621220 27.431778
v -9.307631 38.405216 28.275738
v -7.887830 37.001030 28.488222
v -5.892393 37.805473 28.112225
v -6.196266 37.568214 29.564884
v -3.266636 37.016979 32.392681
v -2.243614 37.805470 32.790905
v -3.170060 37.036327 35.051029
v -2.480912 37.782948 35.788654
v -4.000045 38.322773 37.474190
v -4.840980 37.570332 37.141197
v -6.640632 38.419178 39.272377
v -7.299685 37.471684 38.697304
v -9.057861 37.783100 40.091316
v -9.041048 37.001148 39.227581
v -11.779488 37.051186 39.944630
v -11.380724 37.064968 38.360695
v -13.015003 38.376431 37.238350
v -12.796631 37.558987 36.113171
v -14.649708 37.774952 35.146412
v -13.775787 37.034824 34.431713
v -13.049652 37.563614 32.170128
v -14.244396 37.838810 31.533611
v -12.003290 37.774952 28.622456
v -11.664734 37.511803 30.189257
v -6.776220 36.088242 27.996267
v -6.975000 36.750530 26.893913
v -4.002052 36.681126 28.316387
v -4.657448 36.088238 29.081438
v -3.095224 37.253712 29.686758
v -1.685612 36.701832 31.684282
v -2.485859 35.670002 31.919020
v -2.213396 35.670063 34.403759
v -1.371267 36.697578 33.864754
v -1.613303 36.701832 35.806858
v -2.934459 35.681194 36.819084
v -2.563340 36.697578 37.794487
v -4.911663 35.661053 39.080387
v -3.843559 36.701832 39.274818
v -6.264129 36.701832 40.623741
v -6.571449 36.088238 39.671116
v -8.613592 35.671146 40.147785
v -9.141960 36.702023 40.945240
v -11.384743 35.675529 39.395302
v -13.446201 36.697578 38.866356
v -13.005810 35.651997 38.134300
v -14.765753 36.701832 37.102261
v -13.863934 36.070450 36.677963
v -14.506935 35.661091 35.423515
v -15.526047 36.681126 34.476086
v -14.683716 35.652473 32.942856
v -15.217293 36.724712 31.742332
v -13.795237 36.107895 30.941435
v -13.854668 36.701832 29.263712
v -12.789158 35.664177 29.275969
v -11.719357 36.681126 27.556297
v -10.527901 35.654625 27.988403
v -9.041695 36.088303 27.802332
v -9.824541 36.697578 26.927334
v -9.718222 37.545238 29.140875
v -6.106990 38.719551 29.270390
v -3.720826 38.691994 31.837452
v -4.365367 37.485134 31.067638
v -4.029033 37.797909 33.808678
v -3.390623 38.691994 34.803501
v -10.471891 38.691994 38.588520
v -10.186161 37.797905 37.922741
v -13.584616 38.691998 33.799480
v -12.394880 38.706085 30.524445
v -7.844200 39.318623 30.397694
v -7.270095 38.340496 31.029224
v -5.523697 39.324757 31.784220
v -5.478279 38.411873 33.887493
v -5.091949 39.324760 35.137508
v -7.017633 39.318619 37.081039
v -7.547710 38.336464 36.796951
v -9.472839 39.318913 37.282822
v -10.476927 38.351368 36.206776
v -11.608871 39.323742 35.457016
v -11.470165 38.338017 33.480404
v -11.883125 39.317013 33.098503
v -10.434593 39.327183 30.909178
v -10.078865 38.341488 31.253258
v -8.477060 44.854485 34.061386
v -8.400446 44.854843 33.749367
v -7.834343 35.621174 27.668653
v -5.419275 35.621189 28.435966
v -3.445895 35.649395 30.135601
v -45.672813 -12.649318 11.786637
v -45.672806 17.877869 11.786635
v -45.672813 -12.649315 -0.985861
v -45.672806 17.877869 -0.985863
v -44.857002 -12.649314 11.786637
v -44.856998 17.877872 11.786635
v -44.857002 -12.649315 -0.985861
v -44.856998 17.877869 -0.985863
v -45.667450 -12.436463 11.809653
v -45.667450 -11.533631 11.809653
v -45.667450 -12.436466 0.116315
v -45.667450 -11.533634 0.116315
v -21.110592 -12.436465 11.809653
v -21.110592 -11.533637 11.809653
v -21.110592 -12.436466 0.116315
v -21.110590 -11.533636 0.116315
v -21.702538 -12.649323 11.786637
v -21.702534 17.877867 11.786635
v -21.702538 -12.649319 -0.985861
v -21.702534 17.877867 -0.985863
v -20.886730 -12.649318 11.786637
v -20.886728 17.877869 11.786635
v -20.886730 -12.649321 -0.985861
v -20.886726 17.877867 -0.985863
v -44.890572 -3.162236 11.809652
v -44.890572 -2.259410 11.809652
v -44.890572 -3.162237 0.116315
v -44.890572 -2.259407 0.116315
v -21.669323 -3.162240 11.809652
v -21.669323 -2.259410 11.809652
v -21.669323 -3.162239 0.116314
v -21.669325 -2.259411 0.116314
v -45.709511 17.102030 11.809651
v -45.709511 18.004860 11.809651
v -45.709515 17.102028 -0.993962
v -45.709511 18.004858 -0.993962
v -20.917168 17.102028 11.809651
v -20.917168 18.004858 11.809651
v -20.917168 17.102028 -0.993962
v -20.917168 18.004856 -0.993961
v -45.683105 -12.344063 1.047258
v -45.683105 17.980764 1.047256
v -45.683105 -12.344063 -1.000413
v -45.683105 17.980764 -1.000415
v -21.073463 -12.344067 1.047258
v -21.073462 17.980762 1.047256
v -21.073463 -12.344067 -1.000413
v -21.073462 17.980762 -1.000415
v -44.936630 -11.580112 11.689417
v -44.936630 -3.103549 11.689417
v -44.936630 -11.580111 -0.003922
v -44.936630 -3.103550 -0.003922
v -21.769779 -11.580110 11.689416
v -21.769781 -3.103553 11.689416
v -21.769781 -11.580112 -0.003922
v -21.769779 -3.103552 -0.003922
v -44.909847 -2.342582 11.689417
v -44.909843 3.800527 11.689417
v -44.909843 -2.342581 -0.003922
v -44.909847 3.800524 -0.003922
v -33.715767 -2.342582 11.689415
v -33.715759 3.800525 11.689415
v -33.715767 -2.342583 -0.003923
v -33.715763 3.800523 -0.003923
v -32.885559 -2.342584 11.689417
v -32.885559 3.800523 11.689417
v -32.885559 -2.342583 -0.003922
v -32.885559 3.800521 -0.003922
v -21.691475 -2.342586 11.689416
v -21.691475 3.800522 11.689416
v -21.691475 -2.342583 -0.003922
v -21.691475 3.800519 -0.003922
v -33.675449 -3.105205 11.795563
v -33.675449 4.106311 11.795563
v -33.675453 -3.105206 1.340509
v -33.675453 4.106308 1.340509
v -32.859642 -3.105205 11.795563
v -32.859642 4.106311 11.795563
v -32.859642 -3.105206 1.340508
v -32.859642 4.106307 1.340508
v -32.885559 -2.342584 11.689417
v -32.885559 3.800523 11.689417
v -32.885559 -2.342583 -0.003922
v -32.885559 3.800521 -0.003922
v -21.691475 -2.342586 11.689416
v -21.691475 3.800522 11.689416
v -21.691475 -2.342583 -0.003922
v -21.691475 3.800519 -0.003922
v -44.857235 3.611777 11.809652
v -44.857235 4.514609 11.809652
v -44.857235 3.611776 0.116314
v -44.857231 4.514605 0.116314
v -21.604067 3.611777 11.809652
v -21.604065 4.514607 11.809652
v -21.604067 3.611774 0.116314
v -21.604065 4.514606 0.116314
v -44.909847 -2.342582 11.689417
v -44.909843 3.800527 11.689417
v -44.909843 -2.342581 -0.003922
v -44.909847 3.800524 -0.003922
v -33.715767 -2.342582 11.689415
v -33.715759 3.800525 11.689415
v -33.715767 -2.342583 -0.003923
v -33.715763 3.800523 -0.003923
v -44.909843 4.339454 11.689415
v -44.909843 10.482558 11.689415
v -44.909843 4.339453 -0.003923
v -44.909843 10.482557 -0.003923
v -33.715763 4.339452 11.689416
v -33.715759 10.482557 11.689415
v -33.715759 4.339451 -0.003922
v -33.715763 10.482555 -0.003923
v -44.902832 10.293811 11.809652
v -44.902836 11.196641 11.809652
v -44.902840 10.293810 0.116313
v -44.902832 11.196640 0.116313
v -21.678593 10.293810 11.809651
v -21.678593 11.196640 11.809651
v -21.678593 10.293810 0.116313
v -21.678593 11.196638 0.116313
v -32.885559 4.339454 11.689416
v -32.885559 10.482555 11.689415
v -32.885559 4.339451 -0.003922
v -32.885559 10.482555 -0.003923
v -21.691475 4.339453 11.689416
v -21.691475 10.482553 11.689416
v -21.691475 4.339450 -0.003922
v -21.691475 10.482555 -0.003923
v -33.675446 3.576829 11.795563
v -33.675449 10.788342 11.795562
v -33.675449 3.576826 1.340509
v -33.675446 10.788341 1.340507
v -32.859642 3.576828 11.795563
v -32.859642 10.788343 11.795561
v -32.859642 3.576825 1.340508
v -32.859642 10.788342 1.340507
v -44.898579 11.044349 11.689414
v -44.898579 13.858800 11.689414
v -44.898582 11.044346 -0.003923
v -44.898579 13.858799 -0.003923
v -39.752781 11.044349 11.689414
v -39.752785 13.858798 11.689414
v -39.752781 11.044346 -0.003924
v -39.752781 13.858799 -0.003924
v -39.666420 11.007955 11.795562
v -39.666420 14.175851 11.795562
v -39.666420 11.007956 1.340508
v -39.666420 14.175850 1.340508
v -38.850613 11.007958 11.795562
v -38.850613 14.175853 11.795562
v -38.850616 11.007956 1.340508
v -38.850613 14.175850 1.340508
v -44.813751 13.875802 11.719626
v -44.813751 14.429336 11.719626
v -44.813751 13.875799 0.206339
v -44.813751 14.429335 0.206339
v -21.628006 13.875801 11.719626
v -21.628008 14.429333 11.719626
v -21.628010 13.875798 0.206339
v -21.628010 14.429331 0.206339
v -33.675598 11.007954 11.795562
v -33.675602 14.175849 11.795562
v -33.675598 11.007953 1.340507
v -33.675602 14.175848 1.340507
v -32.859795 11.007954 11.795561
v -32.859795 14.175849 11.795562
v -32.859795 11.007954 1.340507
v -32.859795 14.175848 1.340507
v -39.081398 11.044347 11.689415
v -39.081398 13.858800 11.689415
v -39.081398 11.044348 -0.003924
v -39.081398 13.858799 -0.003924
v -33.433651 11.044349 11.689415
v -33.433651 13.858798 11.689415
v -33.433651 11.044348 -0.003924
v -33.433655 13.858797 -0.003924
v -27.660122 11.007952 11.795562
v -27.660124 14.175846 11.795562
v -27.660122 11.007951 1.340507
v -27.660126 14.175846 1.340508
v -26.844316 11.007952 11.795562
v -26.844315 14.175847 11.795562
v -26.844318 11.007951 1.340507
v -26.844316 14.175847 1.340507
v -32.844166 11.044348 11.689414
v -32.844162 13.858798 11.689415
v -32.844166 11.044347 -0.003924
v -32.844166 13.858795 -0.003923
v -27.698360 11.044348 11.689415
v -27.698364 13.858800 11.689415
v -27.698364 11.044345 -0.003923
v -27.698364 13.858797 -0.003923
v -26.829475 11.044347 11.689414
v -26.829475 13.858797 11.689414
v -26.829475 11.044347 -0.003924
v -26.829475 13.858795 -0.003924
v -21.683674 11.044347 11.689414
v -21.683674 13.858797 11.689414
v -21.683674 11.044345 -0.003924
v -21.683674 13.858797 -0.003924
v -26.829475 14.424465 11.689414
v -26.829472 17.238914 11.689414
v -26.829475 14.424464 -0.003924
v -26.829475 17.238914 -0.003924
v -21.683670 14.424465 11.689414
v -21.683672 17.238914 11.689414
v -21.683674 14.424463 -0.003924
v -21.683672 17.238914 -0.003924
v -32.844166 14.424466 11.689414
v -32.844162 17.238914 11.689415
v -32.844166 14.424465 -0.003924
v -32.844162 17.238914 -0.003923
v -27.698360 14.424466 11.689415
v -27.698364 17.238916 11.689415
v -27.698364 14.424463 -0.003923
v -27.698364 17.238914 -0.003923
v -27.660122 14.388070 11.795562
v -27.660122 17.555965 11.795562
v -27.660122 14.388070 1.340508
v -27.660124 17.555964 1.340508
v -26.844316 14.388071 11.795562
v -26.844315 17.555965 11.795562
v -26.844318 14.388070 1.340507
v -26.844316 17.555965 1.340508
v -39.081398 14.424466 11.689415
v -39.081398 17.238916 11.689416
v -39.081398 14.424465 -0.003924
v -39.081398 17.238916 -0.003923
v -33.433647 14.424466 11.689416
v -33.433651 17.238916 11.689415
v -33.433651 14.424465 -0.003923
v -33.433651 17.238916 -0.003924
v -33.675598 14.388070 11.795562
v -33.675602 17.555964 11.795562
v -33.675602 14.388069 1.340507
v -33.675602 17.555965 1.340508
v -32.859795 14.388070 11.795561
v -32.859795 17.555965 11.795562
v -32.859795 14.388071 1.340507
v -32.859795 17.555964 1.340508
v -39.666420 14.388072 11.795562
v -39.666420 17.555967 11.795563
v -39.666420 14.388073 1.340508
v -39.666420 17.555965 1.340508
v -38.850616 14.388074 11.795562
v -38.850616 17.555967 11.795562
v -38.850616 14.388073 1.340508
v -38.850616 17.555965 1.340508
v -44.898582 14.424466 11.689414
v -44.898575 17.238916 11.689415
v -44.898582 14.424465 -0.003923
v -44.898582 17.238914 -0.003923
v -39.752781 14.424466 11.689414
v -39.752781 17.238916 11.689415
v -39.752781 14.424465 -0.003924
v -39.752781 17.238916 -0.003923
v -30.385265 -7.778083 12.043564
v -36.851368 -8.010522 12.042727
v -30.402138 -7.970557 12.043296
v -30.284885 -8.082599 12.045812
v -37.053005 -8.083114 12.047299
v -37.212574 -7.902869 12.050992
v -30.094349 -8.026851 12.050199
v -37.013741 -7.722144 12.046034
v -30.221748 -7.722716 12.047144
v -33.507858 -7.567927 13.284139
v -33.649750 -7.777217 12.991345
v -33.636406 -7.902873 12.970998
v -33.636604 -8.005193 12.985220
v -33.637505 -8.119750 13.047343
v -33.642311 -8.202489 13.150615
v -33.636696 -8.196074 13.453120
v -33.636841 -8.111892 13.550717
v -33.636711 -7.995143 13.609553
v -33.636635 -7.869794 13.620107
v -33.636791 -7.749217 13.585771
v -33.636822 -7.646712 13.505851
v -33.636360 -7.584022 13.394813
v -35.566032 -7.575385 12.998737
v -35.312958 -7.685401 12.915451
v -35.229431 -7.812613 12.888147
v -35.199860 -7.976840 12.896472
v -35.240616 -8.114787 12.941899
v -35.324684 -8.195371 12.997986
v -35.421543 -8.229920 13.053617
v -35.608681 -8.228679 13.087131
v -35.794151 -8.126443 13.176610
v -35.920158 -7.827472 13.195670
v -35.865513 -7.625213 13.078628
v -35.759232 -7.579726 13.016430
v -31.685474 -7.571685 13.030059
v -31.795815 -7.590365 12.973077
v -31.979919 -7.674363 12.918431
v -32.048206 -7.811057 12.889139
v -32.073051 -7.952094 12.893437
v -32.040710 -8.077910 12.923235
v -31.953533 -8.175143 12.972577
v -31.776806 -8.225703 13.023177
v -31.692585 -8.230361 13.078299
v -31.580399 -8.191184 13.137166
v -31.463840 -8.104114 13.179250
v -31.370148 -7.904796 13.208093
v -31.396332 -7.713794 13.157830
v -31.513542 -7.599963 13.086678
v -33.638855 -7.600200 13.163983
v -33.624287 -7.658351 13.069058
v -33.179768 -7.817286 12.939931
v -33.176918 -7.930129 12.930320
v -33.163559 -8.041890 12.956528
v -32.926884 -8.152553 13.014411
v -33.658127 -8.236625 13.279716
v -33.510139 -8.231959 13.355863
v -32.586868 -8.201308 13.332572
v -32.502598 -8.117846 13.424949
v -32.436958 -8.004785 13.477853
v -32.424477 -7.872672 13.491082
v -32.476009 -7.747624 13.460807
v -32.572758 -7.646644 13.392735
v -32.647324 -7.583829 13.286674
v -35.421906 -7.610011 12.956437
v -34.134304 -7.780080 12.944761
v -34.103580 -7.936526 12.930083
v -34.127090 -8.058772 12.962298
v -34.229549 -8.160457 13.031507
v -34.555557 -8.229640 13.263978
v -34.675797 -8.200602 13.334710
v -34.775227 -8.119798 13.422723
v -34.840721 -8.005168 13.477195
v -34.840141 -7.835082 13.489728
v -34.779953 -7.687690 13.423751
v -34.677963 -7.606351 13.337037
v -34.623116 -7.570374 13.223075
v -36.419552 -7.578795 12.517907
v -36.154720 -7.852630 12.415348
v -36.519051 -8.106101 12.295524
v -36.480946 -8.229239 12.512826
v -36.660683 -8.226100 12.575925
v -36.889664 -8.032245 12.675124
v -36.871185 -7.749200 12.675233
v -36.633949 -7.572783 12.567492
v -30.844120 -7.582034 12.511050
v -30.938160 -8.196652 12.494577
v -30.774052 -8.235209 12.533257
v -30.647354 -8.228671 12.576821
v -30.512333 -8.170775 12.630454
v -30.382042 -8.015746 12.683242
v -30.412651 -7.734767 12.672683
v -30.565609 -7.605174 12.609910
v -30.706882 -7.569722 12.551673
v -36.821991 -7.226481 11.670396
v -36.428391 -7.521142 11.670391
v -36.375191 -8.187148 11.670403
v -36.852463 -7.822093 12.040527
v -36.821991 -8.549182 11.670398
v -37.011246 -8.055018 12.041188
v -37.064274 -8.571612 11.670402
v -37.416298 -8.470206 11.670399
v -37.707451 -8.028354 11.670386
v -37.624184 -7.521140 11.670392
v -37.164444 -7.209388 11.670441
v -37.224365 -7.860610 12.040605
v -37.026283 -7.717084 12.040535
v -36.960571 -7.396075 11.854079
v -36.658535 -7.556340 11.860991
v -36.540840 -7.938451 11.865749
v -36.739250 -8.291518 11.860707
v -36.994751 -8.380561 11.853955
v -37.183140 -8.357596 11.856427
v -37.477882 -8.043361 11.884440
v -37.394039 -7.556342 11.860991
v -37.150368 -7.410308 11.855064
v -30.029465 -7.226481 11.670396
v -29.582664 -7.588515 11.670403
v -29.635864 -8.254523 11.670391
v -30.035683 -7.860608 12.040605
v -30.029469 -8.549184 11.670398
v -30.371918 -8.566279 11.670434
v -30.831661 -8.254527 11.670390
v -30.247112 -8.055705 12.041183
v -30.914925 -7.747310 11.670386
v -30.623775 -7.305457 11.670399
v -30.407585 -7.822095 12.040526
v -30.271748 -7.204047 11.670398
v -30.233761 -7.717086 12.040535
v -30.202225 -7.395102 11.853955
v -29.946724 -7.484149 11.860707
v -29.748310 -7.837214 11.865748
v -29.866013 -8.219321 11.860991
v -30.205067 -8.367558 11.862819
v -30.520798 -8.291514 11.860707
v -30.719208 -7.938449 11.865748
v -30.601513 -7.556342 11.860991
v -30.357841 -7.410308 11.855062
v -25.266563 0.827686 11.907484
v -25.345945 0.738856 11.905416
v -29.634796 0.594319 11.908236
v -29.737907 0.710791 11.910622
v -25.238253 0.592996 11.907592
v -29.609421 0.827572 11.907417
v -25.138306 0.790903 11.910109
v -27.325432 0.927979 12.708180
v -27.428341 0.673952 12.504862
v -27.430899 0.517188 12.621166
v -27.486141 0.498561 12.755114
v -27.427269 0.521333 12.816640
v -27.427361 0.575730 12.879703
v -27.427279 0.651166 12.917721
v -27.427231 0.732163 12.924540
v -27.427332 0.810079 12.902353
v -27.427353 0.876311 12.850710
v -27.427052 0.916823 12.778961
v -28.467556 0.775199 12.451454
v -28.437340 0.662995 12.456947
v -28.495464 0.535443 12.507051
v -28.580589 0.499459 12.558490
v -28.701511 0.500260 12.580144
v -28.819973 0.558423 12.632246
v -28.897888 0.754789 12.652212
v -28.838219 0.892669 12.585644
v -28.768433 0.923849 12.518599
v -26.237741 0.912723 12.506447
v -26.338301 0.857389 12.469566
v -26.422037 0.721957 12.448389
v -26.395990 0.597684 12.474241
v -26.300724 0.512557 12.526499
v -26.160641 0.497548 12.559652
v -26.070744 0.537398 12.625303
v -25.962688 0.709547 12.658308
v -26.018562 0.885951 12.600294
v -26.113701 0.924735 12.535104
v -27.431732 0.898858 12.611777
v -27.422239 0.835540 12.540944
v -27.429846 0.761105 12.506016
v -27.130173 0.693176 12.478819
v -27.121548 0.620962 12.495754
v -27.018242 0.548366 12.537922
v -27.441113 0.495126 12.704586
v -26.750370 0.506406 12.715498
v -26.694450 0.571881 12.798435
v -26.652035 0.644938 12.832620
v -26.643969 0.730304 12.841168
v -26.677269 0.811106 12.821608
v -26.739788 0.876359 12.777620
v -26.822632 0.914368 12.721136
v -28.545830 0.886107 12.482732
v -27.737835 0.770536 12.484514
v -27.728958 0.689043 12.478667
v -27.744148 0.610051 12.499482
v -27.411440 0.564534 12.556982
v -28.098705 0.518407 12.740128
v -28.162956 0.570621 12.796996
v -28.205276 0.644688 12.832195
v -28.206593 0.748287 12.841625
v -28.166008 0.849836 12.797661
v -28.100098 0.902394 12.741632
v -28.064651 0.925643 12.667994
v -29.225479 0.920202 12.212330
v -29.538475 0.622502 11.906242
v -29.249588 0.506391 12.196127
v -29.324814 0.496480 12.231813
v -29.492851 0.562985 12.302388
v -29.517307 0.810090 12.313989
v -29.361885 0.924656 12.245996
v -25.622786 0.918105 12.207899
v -25.602100 0.500016 12.207399
v -25.480656 0.501672 12.247338
v -25.324203 0.637855 12.319164
v -25.343983 0.819413 12.312342
v -25.508175 0.926415 12.243307
v -29.485519 1.147854 11.664692
v -29.231186 0.957453 11.664688
v -29.604916 0.829702 11.904099
v -29.196808 0.527097 11.664696
v -29.561806 0.282186 11.664762
v -29.472294 0.697055 11.903577
v -29.630142 0.611306 11.904092
v -29.869545 0.344194 11.664693
v -30.057678 0.629709 11.664684
v -30.003872 0.957455 11.664688
v -29.696335 1.160433 11.664756
v -29.765442 0.742161 11.903625
v -29.432053 0.981358 11.787665
v -29.379898 0.506311 11.787849
v -29.609268 0.407489 11.787604
v -29.803009 0.459659 11.787664
v -29.855156 0.934709 11.787849
v -29.633671 1.038018 11.784706
v -25.096375 1.147854 11.664690
v -24.842045 0.957453 11.664687
v -25.215776 0.829701 11.904098
v -24.788242 0.629706 11.664684
v -24.976372 0.344197 11.664692
v -25.083042 0.697596 11.903636
v -25.266159 0.277417 11.664784
v -25.649113 0.527097 11.664696
v -25.240999 0.611307 11.904093
v -25.614735 0.957454 11.664688
v -25.307194 1.160430 11.664756
v -25.372944 0.750087 11.903576
v -25.042915 0.981360 11.787665
v -24.990757 0.506311 11.787848
v -25.211195 0.403058 11.784756
v -25.413866 0.459661 11.787665
v -25.466021 0.934706 11.787848
v -25.244534 1.038014 11.784708
v -36.988262 0.661162 11.905354
v -36.844852 0.596484 11.908278
v -41.274742 0.594323 11.908236
v -41.377853 0.710792 11.910620
v -41.249374 0.827575 11.907416
v -36.869812 0.827786 11.907879
v -38.965401 0.927981 12.708182
v -39.068287 0.673954 12.504860
v -39.070847 0.517188 12.621166
v -39.126095 0.498557 12.755108
v -39.067219 0.521333 12.816637
v -39.067314 0.575730 12.879702
v -39.067230 0.651168 12.917720
v -39.067181 0.732164 12.924539
v -39.067280 0.810080 12.902352
v -39.067299 0.876312 12.850709
v -39.067001 0.916820 12.778959
v -40.107502 0.775199 12.451452
v -40.077290 0.662996 12.456945
v -40.135406 0.535447 12.507050
v -40.220535 0.499459 12.558489
v -40.341465 0.500260 12.580143
v -40.459919 0.558423 12.632246
v -40.537842 0.754788 12.652209
v -40.478165 0.892669 12.585644
v -40.408382 0.923850 12.518597
v -37.877693 0.912723 12.506446
v -37.966911 0.865432 12.472107
v -38.065159 0.721120 12.448544
v -38.035934 0.597684 12.474240
v -37.940674 0.512557 12.526498
v -37.800583 0.497548 12.559649
v -37.710693 0.537400 12.625301
v -37.602638 0.709547 12.658306
v -37.658516 0.885954 12.600296
v -37.753639 0.924736 12.535101
v -39.071678 0.898859 12.611776
v -39.062191 0.835543 12.540943
v -39.069794 0.761104 12.506014
v -38.770123 0.693179 12.478818
v -38.761486 0.620963 12.495752
v -38.658211 0.548369 12.537922
v -39.081074 0.495130 12.704584
v -38.390305 0.506402 12.715492
v -38.334396 0.571883 12.798432
v -38.291977 0.644940 12.832619
v -38.283920 0.730305 12.841167
v -38.317215 0.811106 12.821605
v -38.379730 0.876357 12.777618
v -38.462578 0.914367 12.721134
v -40.185772 0.886109 12.482731
v -39.377785 0.770538 12.484511
v -39.368908 0.689045 12.478664
v -39.384102 0.610051 12.499481
v -39.051392 0.564534 12.556980
v -39.738655 0.518403 12.740124
v -39.802902 0.570622 12.796993
v -39.845226 0.644689 12.832193
v -39.846542 0.748288 12.841623
v -39.805958 0.849838 12.797659
v -39.740059 0.902393 12.741629
v -39.704628 0.925643 12.667984
v -40.865425 0.920202 12.212328
v -41.178421 0.622499 11.906241
v -40.889534 0.506391 12.196127
v -40.964760 0.496476 12.231815
v -41.132797 0.562985 12.302388
v -41.157253 0.810092 12.313988
v -41.001827 0.924659 12.245995
v -37.262733 0.918106 12.207895
v -37.288017 0.542287 12.146389
v -37.217461 0.496045 12.222246
v -37.120399 0.501706 12.247565
v -36.964149 0.637856 12.319162
v -36.983929 0.819413 12.312341
v -37.139565 0.926043 12.240232
v -41.264999 0.829827 11.904136
v -41.125465 1.147855 11.664690
v -40.836758 0.913917 11.664696
v -40.871132 0.483565 11.664687
v -41.149372 0.757569 11.903839
v -41.202240 0.282144 11.664714
v -41.233475 0.611798 11.904160
v -41.509491 0.344197 11.664692
v -41.697624 0.629706 11.664684
v -41.643822 0.957454 11.664687
v -41.403442 0.694655 11.903653
v -41.319199 1.161273 11.664703
v -40.978378 0.824729 11.814404
v -41.019852 0.506305 11.787849
v -41.263702 0.410661 11.789821
v -41.495106 0.506307 11.787848
v -41.442955 0.981359 11.787664
v -41.229919 1.032428 11.787956
v -36.830566 1.163605 11.664783
v -36.447613 0.913920 11.664696
v -36.846569 0.830525 11.904181
v -36.481995 0.483562 11.664686
v -36.728279 0.706361 11.903508
v -36.736328 0.293162 11.664691
v -36.930058 0.279750 11.664706
v -37.254681 0.483565 11.664686
v -36.875828 0.611158 11.904144
v -37.308487 0.811307 11.664684
v -37.120354 1.096825 11.664692
v -37.013542 0.742929 11.903630
v -36.682861 0.981359 11.787664
v -36.630707 0.506307 11.787848
v -36.858894 0.407535 11.787601
v -37.053818 0.459661 11.787664
v -37.105968 0.934710 11.787847
v -36.885433 1.037930 11.784784
v -25.348314 7.743886 11.905353
v -25.204905 7.679210 11.908278
v -29.634792 7.677050 11.908235
v -29.737904 7.793517 11.910620
v -29.609421 7.910298 11.907416
v -25.229866 7.910512 11.907878
v -27.428337 7.756681 12.504861
v -27.430901 7.599913 12.621165
v -27.427349 7.627996 12.850708
v -27.427334 7.694229 12.902350
v -27.427231 7.772148 12.924539
v -27.427277 7.853144 12.917719
v -27.427361 7.928578 12.879701
v -27.427271 7.982977 12.816638
v -27.426765 8.008297 12.739152
v -28.467552 7.857927 12.451451
v -28.437340 7.745723 12.456945
v -28.495461 7.618172 12.507049
v -28.580589 7.582188 12.558482
v -28.819977 7.641148 12.632244
v -28.897888 7.837514 12.652209
v -28.838211 7.975397 12.585643
v -28.768433 8.006576 12.518595
v -26.237740 7.995449 12.506446
v -26.326965 7.948155 12.472106
v -26.425209 7.803845 12.448543
v -26.395992 7.680413 12.474238
v -26.300726 7.595285 12.526496
v -26.160631 7.580277 12.559650
v -26.070736 7.620127 12.625300
v -25.962692 7.792274 12.658306
v -26.016392 7.968824 12.599566
v -27.424419 8.005089 12.678206
v -27.431740 7.981586 12.611773
v -27.422239 7.918264 12.540942
v -27.429844 7.843833 12.506014
v -27.130175 7.775903 12.478816
v -27.121538 7.703688 12.495752
v -27.018242 7.631091 12.537921
v -27.441118 7.577851 12.704590
v -27.385582 7.585190 12.775081
v -26.748913 7.600675 12.738741
v -26.694450 7.654608 12.798434
v -26.640400 7.769659 12.844249
v -26.677269 7.893830 12.821605
v -26.739784 7.959086 12.777617
v -26.813061 7.999847 12.712670
v -26.125122 8.007507 12.539263
v -28.545822 7.968831 12.482729
v -27.737831 7.853266 12.484511
v -27.728958 7.771771 12.478665
v -27.744152 7.692777 12.499481
v -27.411436 7.647259 12.556981
v -28.625511 7.582862 12.606074
v -28.098701 7.601130 12.740125
v -28.162956 7.653346 12.796994
v -28.204590 7.756064 12.841903
v -28.202335 7.860590 12.832198
v -28.166012 7.932562 12.797658
v -28.100094 7.985119 12.741632
v -28.064640 8.008368 12.667996
v -29.225479 8.002928 12.212326
v -29.538471 7.705229 11.906241
v -29.249577 7.589115 12.196130
v -29.324810 7.579204 12.231809
v -29.492851 7.645712 12.302386
v -29.517307 7.892814 12.313987
v -29.361885 8.007382 12.245998
v -25.622784 8.000834 12.207896
v -25.648083 7.625013 12.146397
v -25.577507 7.578769 12.222249
v -25.480450 7.584436 12.247569
v -25.324203 7.720580 12.319163
v -25.343983 7.902140 12.312341
v -25.500015 8.008757 12.239879
v -29.485523 8.230582 11.664689
v -29.231182 8.040176 11.664686
v -29.604916 7.912430 11.904096
v -29.196804 7.609827 11.664695
v -29.561806 7.364910 11.664761
v -29.472298 7.779778 11.903575
v -29.630142 7.694031 11.904090
v -29.869541 7.426919 11.664691
v -30.057678 7.712435 11.664683
v -30.003872 8.040179 11.664686
v -29.696335 8.243160 11.664754
v -29.765442 7.824887 11.903624
v -29.432053 8.064082 11.787665
v -29.379898 7.589036 11.787848
v -29.609268 7.490220 11.787606
v -29.803009 7.542384 11.787663
v -29.855156 8.017434 11.787848
v -29.633667 8.120744 11.784705
v -25.166668 8.243993 11.664706
v -24.842045 8.040179 11.664686
v -25.220896 7.912586 11.904143
v -24.788242 7.712434 11.664683
v -24.976370 7.426923 11.664691
v -25.083179 7.780813 11.903629
v -25.266159 7.360144 11.664782
v -25.649113 7.609824 11.664695
v -25.250154 7.693221 11.904180
v -25.614735 8.040177 11.664686
v -25.368443 7.817384 11.903508
v -25.360395 8.230582 11.664691
v -25.042912 8.064080 11.787665
v -24.990757 7.589035 11.787848
v -25.211288 7.485819 11.784784
v -25.413866 7.542390 11.787665
v -25.466019 8.017432 11.787848
v -25.237827 8.116214 11.787599
v -36.880096 7.910708 11.907580
v -36.988297 7.764699 11.905417
v -36.901375 7.677384 11.907272
v -41.274742 7.677051 11.908234
v -41.377853 7.793515 11.910619
v -36.778252 7.713407 11.910107
v -41.249371 7.910298 11.907416
v -38.965378 8.010705 12.708173
v -39.068287 7.756679 12.504860
v -39.070847 7.599917 12.621161
v -39.126091 7.581286 12.755113
v -39.067219 7.604058 12.816642
v -39.067310 7.658450 12.879699
v -39.067223 7.733897 12.917720
v -39.067177 7.814891 12.924539
v -39.067280 7.892806 12.902350
v -39.067299 7.959039 12.850709
v -39.067001 7.999547 12.778962
v -40.107506 7.857928 12.451451
v -40.077290 7.745723 12.456944
v -40.135410 7.618169 12.507051
v -40.220551 7.582183 12.558485
v -40.341454 7.582986 12.580138
v -40.459919 7.641149 12.632245
v -40.537842 7.837512 12.652207
v -40.478165 7.975390 12.585643
v -40.408386 8.006574 12.518594
v -37.877701 7.995444 12.506440
v -37.973434 7.949180 12.472983
v -38.061989 7.804681 12.448387
v -38.035934 7.680408 12.474240
v -37.940674 7.595286 12.526494
v -37.800587 7.580272 12.559650
v -37.710686 7.620128 12.625301
v -37.602638 7.792272 12.658307
v -37.658512 7.968679 12.600293
v -37.753639 8.007461 12.535099
v -39.071678 7.981587 12.611780
v -39.062187 7.918269 12.540942
v -39.069794 7.843829 12.506013
v -38.770123 7.775903 12.478817
v -38.761494 7.703691 12.495751
v -38.658176 7.631087 12.537921
v -39.081055 7.577857 12.704579
v -38.390301 7.589128 12.715487
v -38.334396 7.654607 12.798430
v -38.291977 7.727662 12.832618
v -38.283916 7.813031 12.841166
v -38.317215 7.893834 12.821603
v -38.379738 7.959081 12.777619
v -38.462582 7.997096 12.721136
v -40.185768 7.968835 12.482730
v -39.377785 7.853265 12.484510
v -39.368908 7.771771 12.478664
v -39.384094 7.692781 12.499480
v -39.051384 7.647258 12.556983
v -39.738663 7.601131 12.740129
v -39.802902 7.653344 12.796992
v -39.845230 7.727416 12.832192
v -39.846539 7.831014 12.841622
v -39.805958 7.932557 12.797662
v -39.740051 7.985126 12.741622
v -39.704613 8.008367 12.667985
v -40.865425 8.002929 12.212323
v -41.178421 7.705226 11.906240
v -40.889534 7.589116 12.196128
v -40.964760 7.579207 12.231814
v -41.132801 7.645711 12.302385
v -41.157253 7.892818 12.313987
v -41.001823 8.007386 12.245994
v -37.262733 8.000833 12.207892
v -37.238213 7.582366 12.209269
v -37.120430 7.584449 12.247730
v -36.964149 7.720580 12.319161
v -36.983932 7.902139 12.312340
v -37.140869 8.008836 12.240661
v -41.125465 8.230582 11.664689
v -40.871132 8.040179 11.664686
v -40.836754 7.609828 11.664695
v -41.145157 7.845714 11.903857
v -41.201584 7.364936 11.664699
v -41.243748 7.694629 11.904032
v -41.509491 7.426917 11.664691
v -41.697624 7.712432 11.664683
v -41.643818 8.040179 11.664687
v -41.403603 7.776828 11.903649
v -41.319183 8.244002 11.664704
v -41.273430 7.911662 11.904060
v -40.987389 7.913724 11.816861
v -41.019852 7.589034 11.787850
v -41.259644 7.495547 11.791718
v -41.495102 7.589034 11.787848
v -41.442947 8.064088 11.787663
v -41.225376 8.111962 11.790586
v -36.736320 8.230580 11.664689
v -36.481995 8.040183 11.664685
v -36.447617 7.609823 11.664694
v -36.812447 7.364937 11.664699
v -36.756020 7.760755 11.903857
v -37.120354 7.426921 11.664691
v -36.879547 7.693303 11.904035
v -37.308487 7.712438 11.664682
v -37.254677 8.040183 11.664685
v -36.930046 8.243999 11.664703
v -37.004150 7.837169 11.903522
v -36.848000 7.911655 11.904130
v -36.577923 7.923394 11.799395
v -36.630707 7.589030 11.787848
v -36.877357 7.494185 11.790744
v -37.105965 7.589034 11.787848
v -37.053806 8.064088 11.787663
v -36.840080 8.114415 11.788755
v -41.055328 15.885099 11.802051
v -41.031464 15.760480 11.802840
v -43.436115 15.885266 11.802968
v -42.166336 15.941100 12.237394
v -42.229614 15.718082 12.190049
v -42.234222 15.734819 12.318587
v -42.228275 15.810641 12.356113
v -42.230293 15.897552 12.332478
v -42.293228 15.937551 12.270571
v -42.792168 15.858079 12.097968
v -42.776356 15.766608 12.107400
v -42.900311 15.707233 12.150580
v -42.984234 15.744750 12.199166
v -43.028015 15.851930 12.204762
v -43.009808 15.937966 12.128757
v -41.548271 15.938874 12.136942
v -41.631180 15.909373 12.110005
v -41.682091 15.829213 12.096280
v -41.639435 15.731273 12.121600
v -41.521812 15.707520 12.146874
v -41.485954 15.730412 12.191917
v -41.432796 15.822478 12.210206
v -41.462944 15.924834 12.172122
v -42.228870 15.918235 12.172170
v -42.236206 15.843053 12.123218
v -42.228107 15.795745 12.124812
v -42.229706 15.704789 12.250806
v -41.859482 15.718495 12.253860
v -41.813675 15.761008 12.296197
v -41.819054 15.858893 12.309231
v -41.838585 15.926152 12.255292
v -42.832561 15.917487 12.115040
v -42.216476 15.756024 12.143291
v -42.592045 15.718740 12.254610
v -42.655975 15.760884 12.294702
v -42.649673 15.846925 12.308972
v -42.615204 15.915656 12.273229
v -43.409370 15.760308 11.802554
v -43.261505 15.708318 11.975463
v -43.407211 15.832276 12.026851
v -43.244598 15.940469 11.982983
v -41.208702 15.707013 11.979657
v -41.068398 15.839198 12.039161
v -41.212456 15.940173 11.979303
v -43.206654 15.957017 11.670957
v -43.187996 15.723462 11.670960
v -43.335175 15.863883 11.799991
v -43.442669 15.587762 11.671441
v -43.408581 15.767577 11.800807
v -43.671276 15.897952 11.670963
v -43.415382 16.067289 11.671199
v -43.501854 15.829631 11.800435
v -43.416325 15.888305 11.800760
v -43.401405 15.672050 11.747971
v -43.440357 15.989539 11.746665
v -41.009888 16.067644 11.670997
v -40.805954 15.933393 11.670960
v -40.824612 15.699834 11.670957
v -40.954403 15.834334 11.800477
v -41.030758 15.589543 11.671209
v -41.297745 15.764707 11.670987
v -41.063797 15.757039 11.798769
v -41.069466 15.881183 11.801925
v -41.001770 15.665069 11.744048
v -41.210175 16.024740 11.671367
v -41.015106 15.997964 11.738424
v -28.828362 15.886063 11.802439
v -31.215050 15.886703 11.803031
v -28.819839 15.759171 11.802808
v -30.009567 15.863133 12.130742
v -30.011204 15.718079 12.190059
v -30.008450 15.746055 12.330369
v -30.009678 15.834695 12.356684
v -30.011543 15.915379 12.315255
v -30.016075 15.941302 12.242102
v -30.571247 15.825025 12.094248
v -30.585094 15.729440 12.126903
v -30.691574 15.707660 12.156428
v -30.765823 15.744748 12.199167
v -30.809601 15.851924 12.204762
v -30.790855 15.920526 12.164800
v -29.374504 15.924491 12.115079
v -29.463291 15.831697 12.096581
v -29.432705 15.737221 12.119579
v -29.307163 15.706796 12.149701
v -29.267540 15.730411 12.191918
v -29.214386 15.822477 12.210206
v -29.238094 15.913554 12.181449
v -30.004406 15.918184 12.170697
v -29.869179 15.833431 12.112817
v -30.014671 15.790261 12.127597
v -30.008415 15.705504 12.255093
v -29.636131 15.729937 12.273988
v -29.591454 15.810337 12.312567
v -29.603611 15.899202 12.287745
v -29.408516 15.940839 12.178819
v -30.618538 15.919257 12.115542
v -30.116627 15.790630 12.117524
v -30.011650 15.740362 12.157846
v -30.376312 15.712817 12.243022
v -30.427746 15.763197 12.297179
v -30.431263 15.846930 12.308972
v -30.404156 15.918458 12.268456
v -30.695496 15.940153 12.145434
v -31.190933 15.760693 11.802649
v -31.035679 15.707763 11.973039
v -31.185417 15.830639 12.028602
v -31.020546 15.940474 11.981615
v -29.027153 15.708197 11.967242
v -28.942429 15.711315 11.994262
v -28.842457 15.837190 12.033647
v -28.978554 15.940141 11.982338
v -31.167297 16.069981 11.670982
v -30.969585 15.933395 11.670960
v -30.988243 15.699834 11.670957
v -31.122238 15.847058 11.800412
v -31.201019 15.589253 11.671167
v -31.186226 15.768167 11.800792
v -31.383827 15.641264 11.671699
v -31.378036 16.019281 11.671022
v -31.274902 15.810512 11.800441
v -31.209602 15.888681 11.800792
v -31.068947 15.944673 11.737798
v -31.175247 15.669678 11.746236
v -31.226013 15.971577 11.755638
v -28.785255 16.069986 11.670982
v -28.587540 15.933393 11.670961
v -28.606201 15.699832 11.670957
v -28.740196 15.847060 11.800412
v -28.818977 15.589253 11.671167
v -28.804180 15.768169 11.800792
v -29.001785 15.641267 11.671699
v -28.995995 16.019276 11.671022
v -28.892860 15.810512 11.800441
v -28.827560 15.888683 11.800792
v -28.686905 15.944674 11.737798
v -28.793201 15.669679 11.746238
v -28.843971 15.971575 11.755641
v -41.102333 12.647433 11.801583
v -41.037392 12.567243 11.802823
v -43.433464 12.693797 11.803031
v -41.034641 12.693473 11.802855
v -42.227989 12.670230 12.130744
v -42.229622 12.525172 12.190055
v -42.226868 12.553147 12.330369
v -42.228096 12.641784 12.356685
v -42.229958 12.722465 12.315262
v -42.234531 12.748399 12.242103
v -42.789661 12.632115 12.094249
v -42.803513 12.536536 12.126903
v -42.910015 12.514752 12.156425
v -42.984245 12.551843 12.199168
v -43.028023 12.659020 12.204762
v -43.009270 12.727614 12.164805
v -41.609383 12.730302 12.115443
v -41.681713 12.638793 12.096583
v -41.651123 12.544316 12.119579
v -41.525581 12.513885 12.149703
v -41.485962 12.537503 12.191918
v -41.432808 12.629571 12.210208
v -41.456512 12.720645 12.181453
v -42.222828 12.725278 12.170699
v -42.087597 12.640523 12.112817
v -42.233093 12.597356 12.127599
v -42.226826 12.512595 12.255092
v -41.854542 12.537030 12.273989
v -41.809872 12.617435 12.312568
v -41.822018 12.706298 12.287742
v -41.626942 12.747930 12.178821
v -42.836956 12.726354 12.115544
v -42.335037 12.597722 12.117527
v -42.230072 12.547454 12.157849
v -42.594742 12.519908 12.243020
v -42.646168 12.570291 12.297181
v -42.649681 12.654023 12.308974
v -42.622555 12.725539 12.268472
v -42.913887 12.747249 12.145442
v -43.409355 12.567786 11.802650
v -43.254105 12.514857 11.973039
v -43.403831 12.637733 12.028605
v -43.238968 12.747569 11.981610
v -41.245564 12.515288 11.967237
v -41.160851 12.518411 11.994262
v -41.061440 12.644284 12.033980
v -41.196960 12.747231 11.982331
v -43.188004 12.740483 11.670962
v -43.206657 12.506927 11.670959
v -43.335983 12.674745 11.799609
v -43.420025 12.396564 11.671225
v -43.408592 12.574670 11.800808
v -43.611580 12.454082 11.671955
v -43.672054 12.665053 11.671063
v -43.417572 12.874784 11.671167
v -43.449730 12.685943 11.802108
v -43.397392 12.470851 11.743022
v -43.446068 12.780118 11.754359
v -41.003674 12.877080 11.670983
v -40.824612 12.506927 11.670959
v -41.019073 12.691369 11.801797
v -41.036827 12.397782 11.671120
v -40.997292 12.568008 11.799502
v -41.300571 12.587956 11.671017
v -41.116089 12.604297 11.799695
v -40.780975 12.726327 11.671200
v -41.036823 12.468091 11.739087
v -41.193401 12.838510 11.672029
v -41.016075 12.809342 11.734826
v -34.889462 15.886062 11.802440
v -37.276154 15.886703 11.803031
v -34.880943 15.759173 11.802808
v -35.825848 15.939151 12.241301
v -36.070114 15.898786 12.153405
v -36.070679 15.863133 12.130744
v -36.072308 15.718087 12.190038
v -36.071495 15.733954 12.318301
v -36.065506 15.811053 12.356574
v -36.074348 15.899291 12.330563
v -36.120857 15.939290 12.267855
v -36.632351 15.825021 12.094249
v -36.646198 15.729442 12.126901
v -36.752693 15.707660 12.156425
v -36.826927 15.744746 12.199169
v -36.870705 15.851926 12.204762
v -36.852535 15.938647 12.129966
v -35.393124 15.938910 12.137248
v -35.479336 15.902713 12.107776
v -35.524395 15.831698 12.096582
v -35.493813 15.737224 12.119577
v -35.365509 15.707507 12.146966
v -35.328648 15.730405 12.191916
v -35.275490 15.822474 12.210208
v -35.308792 15.924613 12.173254
v -36.063457 15.934232 12.202145
v -35.930279 15.833428 12.112817
v -36.075775 15.790258 12.127600
v -36.019772 15.705312 12.248459
v -35.674568 15.728055 12.267867
v -35.652557 15.810340 12.312568
v -35.679123 15.899438 12.289982
v -36.679634 15.919255 12.115544
v -36.177704 15.790624 12.117528
v -36.072754 15.740350 12.157857
v -36.437458 15.712812 12.243016
v -36.484642 15.762998 12.298236
v -36.492367 15.846921 12.308974
v -36.460735 15.916143 12.272395
v -37.252037 15.760692 11.802651
v -37.096783 15.707761 11.973038
v -37.246517 15.830640 12.028605
v -37.081650 15.940471 11.981607
v -35.088264 15.708198 11.967238
v -35.003540 15.711312 11.994255
v -34.905857 15.839869 12.036290
v -35.041824 15.940368 11.982816
v -37.067730 16.013948 11.671687
v -37.000916 15.733102 11.671445
v -37.245354 15.883876 11.801564
v -37.262798 15.587893 11.671235
v -37.277138 15.772428 11.801818
v -37.256477 16.066166 11.671121
v -37.243641 15.653344 11.733718
v -37.359676 15.686854 11.737700
v -37.517418 15.803542 11.671106
v -37.470074 15.988379 11.671540
v -37.256493 15.995860 11.739087
v -34.682713 16.008726 11.671580
v -34.618958 15.731809 11.671477
v -34.855461 15.884381 11.801451
v -34.846367 15.586869 11.670989
v -34.869232 15.767577 11.800807
v -35.057442 15.638410 11.671014
v -34.874435 16.066166 11.671121
v -34.959641 15.838229 11.800536
v -34.861622 15.653356 11.733722
v -34.977631 15.686854 11.737700
v -35.068390 16.007620 11.671628
v -34.873993 15.995807 11.739109
v -34.889462 12.693156 11.802440
v -37.276154 12.693799 11.803031
v -34.880943 12.566266 11.802808
v -36.070675 12.670226 12.130742
v -36.072308 12.525170 12.190057
v -36.069553 12.553145 12.330368
v -36.070782 12.641784 12.356685
v -36.072639 12.722467 12.315265
v -36.074482 12.748487 12.242028
v -36.632351 12.632114 12.094249
v -36.646202 12.536534 12.126902
v -36.752697 12.514754 12.156423
v -36.826923 12.551841 12.199166
v -36.870705 12.659020 12.204762
v -36.851952 12.727614 12.164807
v -35.435600 12.731589 12.115081
v -35.524399 12.638795 12.096583
v -35.493813 12.544316 12.119578
v -35.368271 12.513885 12.149704
v -35.328648 12.537501 12.191918
v -35.275486 12.629569 12.210208
v -35.299194 12.720641 12.181453
v -36.066158 12.725261 12.170733
v -35.930283 12.640523 12.112817
v -36.075775 12.597354 12.127599
v -36.069504 12.512595 12.255097
v -35.697220 12.537028 12.273987
v -35.652557 12.617436 12.312568
v -35.664711 12.706298 12.287741
v -35.469635 12.747930 12.178823
v -36.679642 12.726354 12.115544
v -36.177719 12.597720 12.117527
v -36.072754 12.547454 12.157847
v -36.437412 12.519908 12.243021
v -36.488857 12.570285 12.297178
v -36.492367 12.654019 12.308974
v -36.462440 12.725211 12.269145
v -36.761276 12.746442 12.145865
v -37.252041 12.567786 11.802650
v -37.096786 12.514855 11.973037
v -37.246517 12.637731 12.028605
v -37.085552 12.746749 11.978526
v -35.088249 12.515290 11.967237
v -35.003540 12.518409 11.994258
v -34.903564 12.644279 12.033647
v -35.039658 12.747233 11.982335
v -37.228405 12.877078 11.670983
v -37.049347 12.506925 11.670957
v -37.243801 12.691369 11.801796
v -37.261559 12.397777 11.671121
v -37.222019 12.568008 11.799500
v -37.525303 12.587960 11.671016
v -37.340820 12.604297 11.799694
v -37.005707 12.726329 11.671199
v -37.261551 12.468089 11.739087
v -37.418129 12.838508 11.672028
v -37.240807 12.809342 11.734826
v -34.846359 12.877078 11.670983
v -34.667301 12.506925 11.670957
v -34.861755 12.691367 11.801797
v -34.839973 12.568008 11.799500
v -34.879517 12.397779 11.671120
v -35.143257 12.587958 11.671016
v -34.958775 12.604295 11.799695
v -34.623657 12.726325 11.671200
v -34.879505 12.468089 11.739087
v -35.036091 12.838508 11.672028
v -34.858765 12.809344 11.734826
v -28.828362 12.693155 11.802440
v -31.215050 12.693799 11.803031
v -28.819836 12.566267 11.802808
v -30.009571 12.670226 12.130744
v -30.011208 12.525171 12.190057
v -30.008450 12.553148 12.330369
v -30.009678 12.641784 12.356685
v -30.011547 12.722467 12.315261
v -30.013359 12.748487 12.242029
v -30.571247 12.632113 12.094249
v -30.585098 12.536534 12.126903
v -30.691597 12.514753 12.156421
v -30.765820 12.551839 12.199166
v -30.809605 12.659020 12.204762
v -30.790848 12.727616 12.164805
v -29.374496 12.731587 12.115080
v -29.463295 12.638794 12.096581
v -29.432709 12.544316 12.119578
v -29.307163 12.513887 12.149703
v -29.267548 12.537504 12.191920
v -29.214386 12.629568 12.210208
v -29.238098 12.720643 12.181453
v -30.005039 12.725262 12.170736
v -29.869183 12.640521 12.112817
v -30.014671 12.597355 12.127598
v -30.008381 12.512593 12.255097
v -29.636116 12.537027 12.273988
v -29.591454 12.617436 12.312568
v -29.603600 12.706294 12.287745
v -29.408539 12.747931 12.178828
v -30.618534 12.726349 12.115542
v -30.116611 12.597719 12.117526
v -30.011654 12.547453 12.157847
v -30.376312 12.519905 12.243018
v -30.427753 12.570286 12.297179
v -30.431263 12.654019 12.308974
v -30.401344 12.725216 12.269142
v -30.700188 12.746443 12.145860
v -31.190937 12.567785 11.802649
v -31.035683 12.514853 11.973033
v -31.185413 12.637730 12.028605
v -31.024452 12.746748 11.978518
v -29.027149 12.515292 11.967235
v -28.942440 12.518407 11.994256
v -28.842461 12.644279 12.033647
v -28.978546 12.747231 11.982335
v -31.167297 12.877078 11.670983
v -30.988239 12.506924 11.670959
v -31.182697 12.691367 11.801797
v -31.200459 12.397777 11.671119
v -31.160919 12.568005 11.799501
v -31.464199 12.587960 11.671016
v -31.279716 12.604297 11.799695
v -30.944595 12.726326 11.671199
v -31.200451 12.468088 11.739087
v -31.357029 12.838509 11.672028
v -31.179703 12.809343 11.734826
v -28.785255 12.877077 11.670983
v -28.587540 12.740485 11.670962
v -28.606197 12.506925 11.670957
v -28.740784 12.651682 11.800452
v -28.816059 12.396187 11.671174
v -28.780651 12.569077 11.799747
v -29.070820 12.565992 11.670968
v -28.899353 12.636110 11.800541
v -28.952641 12.839749 11.670960
v -28.827560 12.695777 11.800793
v -28.816505 12.465032 11.737149
v -28.944836 12.519270 11.737800
v -28.798340 12.802754 11.741718
v -23.508141 12.692800 11.802396
v -25.889240 12.693797 11.803031
v -23.484692 12.568907 11.802873
v -24.683784 12.670227 12.130741
v -24.685396 12.525179 12.190048
v -24.682640 12.553148 12.330369
v -24.683867 12.641782 12.356685
v -24.685734 12.722465 12.315265
v -24.690315 12.748400 12.242103
v -25.245440 12.632115 12.094248
v -25.259285 12.536537 12.126901
v -25.365799 12.514754 12.156417
v -25.440018 12.551845 12.199167
v -25.483795 12.659021 12.204762
v -25.465034 12.727614 12.164809
v -24.060955 12.731071 12.115661
v -24.137484 12.638797 12.096582
v -24.106903 12.544318 12.119577
v -23.981350 12.513885 12.149703
v -23.941734 12.537501 12.191916
v -23.888577 12.629570 12.210207
v -23.912281 12.720641 12.181454
v -24.678326 12.725252 12.170701
v -24.543369 12.640525 12.112817
v -24.688862 12.597355 12.127599
v -24.682571 12.512594 12.255084
v -24.310310 12.537034 12.273992
v -24.265644 12.617435 12.312568
v -24.277794 12.706297 12.287743
v -24.082705 12.747931 12.178819
v -25.292728 12.726352 12.115543
v -24.790794 12.597716 12.117528
v -24.685848 12.547453 12.157849
v -25.050508 12.519910 12.243013
v -25.101936 12.570289 12.297180
v -25.105455 12.654018 12.308974
v -25.078339 12.725540 12.268471
v -25.369671 12.747250 12.145440
v -25.865128 12.567787 11.802649
v -25.709866 12.514853 11.973040
v -25.859608 12.637734 12.028605
v -25.694746 12.747568 11.981609
v -23.649931 12.515926 11.979390
v -23.524498 12.644002 12.037966
v -23.660145 12.747294 11.979989
v -25.680714 12.819603 11.671527
v -25.614094 12.538897 11.671477
v -25.852432 12.692768 11.801503
v -25.841488 12.393967 11.670987
v -25.864363 12.574671 11.800807
v -26.052578 12.445508 11.671014
v -25.872295 12.874849 11.671178
v -25.954330 12.644019 11.800513
v -25.856749 12.460453 11.733724
v -25.972767 12.493951 11.737697
v -26.067806 12.809315 11.671685
v -25.873016 12.806042 11.737113
v -23.298662 12.819596 11.671527
v -23.232046 12.538905 11.671481
v -23.470390 12.692772 11.801503
v -23.459446 12.393966 11.670988
v -23.482321 12.574670 11.800807
v -23.670525 12.445503 11.671017
v -23.490250 12.874848 11.671179
v -23.572287 12.644019 11.800513
v -23.474701 12.460453 11.733724
v -23.590717 12.493947 11.737698
v -23.685757 12.809316 11.671685
v -23.490967 12.806038 11.737115
v -23.502548 15.886061 11.802440
v -25.889240 15.886705 11.803031
v -23.494034 15.759176 11.802809
v -24.683762 15.863132 12.130744
v -24.685387 15.718082 12.190053
v -24.682640 15.746050 12.330368
v -24.683868 15.834690 12.356685
v -24.685736 15.915374 12.315259
v -24.690266 15.941301 12.242104
v -25.245438 15.825022 12.094249
v -25.259283 15.729443 12.126901
v -25.365780 15.707659 12.156423
v -25.440018 15.744745 12.199165
v -25.483793 15.851922 12.204762
v -25.465042 15.920525 12.164801
v -24.048697 15.924490 12.115081
v -24.137486 15.831701 12.096583
v -24.106899 15.737224 12.119577
v -23.981339 15.706792 12.149701
v -23.941734 15.730411 12.191920
v -23.888577 15.822476 12.210208
v -23.912285 15.913552 12.181451
v -24.678595 15.918181 12.170697
v -24.543369 15.833429 12.112817
v -24.688862 15.790262 12.127599
v -24.682590 15.705501 12.255086
v -24.310333 15.729937 12.273993
v -24.265646 15.810338 12.312570
v -24.277794 15.899201 12.287745
v -24.082705 15.940837 12.178821
v -25.292727 15.919256 12.115542
v -24.790802 15.790627 12.117528
v -24.685837 15.740365 12.157847
v -25.050520 15.712810 12.243011
v -25.101944 15.763194 12.297179
v -25.105457 15.846919 12.308974
v -25.078342 15.918450 12.268462
v -25.369680 15.940150 12.145436
v -25.865124 15.760695 11.802649
v -25.709860 15.707760 11.973042
v -25.859608 15.830641 12.028605
v -25.694736 15.940474 11.981616
v -23.701342 15.708197 11.967238
v -23.616631 15.711310 11.994259
v -23.516647 15.837189 12.033647
v -23.652748 15.940139 11.982339
v -25.608797 15.771095 11.670999
v -25.796345 15.846739 11.800462
v -25.875219 15.589252 11.671172
v -25.860418 15.768167 11.800794
v -26.081779 15.699828 11.670959
v -26.100437 15.933393 11.670962
v -25.952141 15.792632 11.799707
v -25.902725 16.069977 11.670989
v -25.883795 15.888681 11.800794
v -25.696674 16.026390 11.671705
v -25.849436 15.669685 11.746245
v -25.888638 15.991032 11.744380
v -23.459444 16.069984 11.670983
v -23.261730 15.933391 11.670962
v -23.280386 15.699838 11.670959
v -23.408802 15.864982 11.799495
v -23.493172 15.589253 11.671168
v -23.478374 15.768166 11.800794
v -23.675980 15.641271 11.671700
v -23.670185 16.019276 11.671023
v -23.567051 15.810508 11.800441
v -23.501751 15.888682 11.800794
v -23.467392 15.669685 11.746245
v -23.518162 15.971576 11.755639
v 34.860287 -1.934752 4.207487
v 35.001709 -1.934750 4.072089
v 34.860287 2.439086 4.207487
v 35.001705 2.439086 4.072089
v 34.860287 -1.934752 1.749096
v 35.001705 -1.934750 1.965162
v 34.860287 2.439087 1.749095
v 35.001705 2.439086 1.965162
v 35.917934 -1.934750 4.207487
v 35.776512 -1.934752 4.072089
v 35.917938 2.439087 4.207487
v 35.776512 2.439087 4.072089
v 35.917934 -1.934752 1.749095
v 35.776512 -1.934750 1.965161
v 35.917934 2.439087 1.749095
v 35.776512 2.439087 1.965161
v 35.389111 -1.934752 4.313880
v 35.389111 -1.934752 4.489612
v 35.389111 2.439087 4.313880
v 35.389111 2.439087 4.489612
v 35.653526 -1.934750 4.489612
v 35.582813 -1.934750 4.313880
v 35.582813 2.439087 4.313880
v 35.653522 2.439087 4.489612
v 35.124699 2.439087 4.489613
v 35.195408 2.439085 4.313880
v 35.124699 -1.934752 4.489612
v 35.195408 -1.934752 4.313880
v 35.763470 2.439086 1.913908
v 35.763470 -1.934750 1.913908
v 35.014748 2.439087 1.913905
v 35.014748 -1.934750 1.913905
v 35.124699 2.439087 4.225617
v 35.124699 -1.934752 4.225617
v 35.389111 2.439087 4.313880
v 35.389111 -1.934752 4.313880
v 35.653522 2.439087 4.225612
v 35.653526 -1.934750 4.225612
v 20.275982 -1.934750 4.207486
v 20.417402 -1.934750 4.072088
v 20.275984 2.439087 4.207486
v 20.417404 2.439087 4.072088
v 20.275982 -1.934750 1.749095
v 20.417400 -1.934750 1.965161
v 20.275982 2.439087 1.749095
v 20.417402 2.439087 1.965161
v 21.333632 -1.934750 4.207486
v 21.192211 -1.934752 4.072088
v 21.333632 2.439087 4.207486
v 21.192209 2.439086 4.072088
v 21.333632 -1.934752 1.749095
v 21.192207 -1.934752 1.965161
v 21.333630 2.439087 1.749095
v 21.192207 2.439086 1.965161
v 20.804806 -1.934750 4.313880
v 20.804808 -1.934750 4.489612
v 20.804806 2.439087 4.313880
v 20.804810 2.439087 4.489612
v 21.069220 -1.934750 4.489612
v 20.998507 -1.934750 4.313880
v 20.998508 2.439087 4.313880
v 21.069220 2.439087 4.489612
v 20.540396 2.439087 4.489612
v 20.611105 2.439088 4.313880
v 20.540396 -1.934750 4.489612
v 20.611105 -1.934750 4.313880
v 21.179167 2.439087 1.913908
v 21.179165 -1.934750 1.913908
v 20.430443 2.439087 1.913905
v 20.430445 -1.934752 1.913905
v 20.540396 2.439087 4.225617
v 20.540396 -1.934750 4.225617
v 20.804810 2.439087 4.313880
v 20.804808 -1.934750 4.313880
v 21.069220 2.439087 4.225612
v 21.069220 -1.934750 4.225612
v 21.447483 -1.934750 4.207486
v 21.599976 -1.934750 4.072088
v 21.447483 2.439087 4.207486
v 21.599974 2.439087 4.072088
v 21.447483 -1.934750 1.749095
v 21.599974 -1.934750 1.965161
v 21.447481 2.439087 1.749095
v 21.599972 2.439087 1.965161
v 22.587936 -1.934752 4.207486
v 22.435440 -1.934750 4.072088
v 22.587934 2.439087 4.207486
v 22.435440 2.439088 4.072088
v 22.587934 -1.934752 1.749095
v 22.435440 -1.934752 1.965161
v 22.587934 2.439086 1.749095
v 22.435438 2.439087 1.965161
v 22.017708 -1.934752 4.313880
v 22.017708 -1.934750 4.489612
v 22.017708 2.439087 4.313880
v 22.017710 2.439087 4.489612
v 22.302820 -1.934750 4.489612
v 22.226572 -1.934750 4.313880
v 22.226574 2.439087 4.313880
v 22.302822 2.439087 4.489612
v 21.732595 2.439087 4.489612
v 21.808840 2.439087 4.313880
v 21.732595 -1.934750 4.489612
v 21.808840 -1.934750 4.313880
v 22.421375 2.439086 1.913908
v 22.421375 -1.934750 1.913908
v 21.614037 2.439086 1.913905
v 21.614037 -1.934752 1.913905
v 21.732595 2.439087 4.225617
v 21.732595 -1.934750 4.225617
v 22.017710 2.439087 4.313880
v 22.017708 -1.934750 4.313880
v 22.302822 2.439087 4.225612
v 22.302820 -1.934750 4.225612
v 23.881161 -1.934750 4.207486
v 24.033653 -1.934750 4.072088
v 23.881163 2.439086 4.207486
v 24.033653 2.439087 4.072088
v 23.881161 -1.934750 1.749095
v 24.033651 -1.934750 1.965161
v 23.881161 2.439086 1.749095
v 24.033651 2.439087 1.965161
v 25.021614 -1.934750 4.207486
v 24.869118 -1.934750 4.072088
v 25.021616 2.439087 4.207486
v 24.869122 2.439085 4.072088
v 25.021612 -1.934750 1.749095
v 24.869118 -1.934752 1.965161
v 25.021614 2.439087 1.749095
v 24.869120 2.439085 1.965161
v 24.451387 -1.934750 4.313880
v 24.451387 -1.934750 4.489612
v 24.451389 2.439086 4.313880
v 24.451389 2.439087 4.489612
v 24.736500 -1.934750 4.489612
v 24.660254 -1.934750 4.313880
v 24.660254 2.439088 4.313880
v 24.736504 2.439086 4.489612
v 24.166275 2.439086 4.489612
v 24.242521 2.439087 4.313880
v 24.166275 -1.934750 4.489612
v 24.242519 -1.934750 4.313880
v 24.855057 2.439087 1.913908
v 24.855055 -1.934750 1.913908
v 24.047718 2.439086 1.913905
v 24.047714 -1.934750 1.913905
v 24.166275 2.439086 4.225617
v 24.166275 -1.934750 4.225617
v 24.451389 2.439087 4.313880
v 24.451387 -1.934750 4.313880
v 24.736504 2.439086 4.225612
v 24.736500 -1.934750 4.225612
v 22.709663 -1.934750 4.207486
v 22.851080 -1.934750 4.072088
v 22.709661 2.439087 4.207486
v 22.851082 2.439087 4.072088
v 22.709661 -1.934750 1.749095
v 22.851078 -1.934750 1.965161
v 22.709661 2.439086 1.749095
v 22.851080 2.439087 1.965161
v 23.767313 -1.934750 4.207486
v 23.625889 -1.934750 4.072088
v 23.767313 2.439086 4.207486
v 23.625889 2.439087 4.072088
v 23.767311 -1.934750 1.749095
v 23.625887 -1.934750 1.965161
v 23.767311 2.439086 1.749095
v 23.625887 2.439087 1.965161
v 23.238483 -1.934750 4.313880
v 23.238487 -1.934750 4.489612
v 23.238487 2.439087 4.313880
v 23.238487 2.439087 4.489612
v 23.502901 -1.934750 4.489612
v 23.432188 -1.934750 4.313880
v 23.432186 2.439088 4.313880
v 23.502899 2.439088 4.489612
v 22.974077 2.439086 4.489612
v 23.044783 2.439087 4.313880
v 22.974075 -1.934750 4.489612
v 23.044783 -1.934750 4.313880
v 23.612848 2.439086 1.913908
v 23.612846 -1.934752 1.913909
v 22.864124 2.439087 1.913905
v 22.864124 -1.934750 1.913905
v 22.974077 2.439086 4.225617
v 22.974075 -1.934750 4.225617
v 23.238487 2.439087 4.313880
v 23.238487 -1.934750 4.313880
v 23.502899 2.439088 4.225612
v 23.502901 -1.934750 4.225612
v 27.559092 -1.934750 4.207486
v 27.700510 -1.934750 4.072088
v 27.559092 2.439087 4.207486
v 27.700512 2.439087 4.072088
v 27.559092 -1.934752 1.749095
v 27.700508 -1.934750 1.965161
v 27.559090 2.439087 1.749095
v 27.700510 2.439087 1.965161
v 28.616741 -1.934750 4.207486
v 28.475319 -1.934750 4.072088
v 28.616741 2.439086 4.207486
v 28.475319 2.439087 4.072088
v 28.616739 -1.934750 1.749095
v 28.475315 -1.934750 1.965161
v 28.616739 2.439086 1.749095
v 28.475317 2.439087 1.965161
v 28.087915 -1.934752 4.313880
v 28.087915 -1.934750 4.489612
v 28.087914 2.439088 4.313880
v 28.087917 2.439087 4.489612
v 28.352325 -1.934750 4.489612
v 28.281616 -1.934752 4.313880
v 28.281618 2.439086 4.313880
v 28.352327 2.439087 4.489612
v 27.823505 2.439086 4.489612
v 27.894213 2.439087 4.313880
v 27.823505 -1.934750 4.489612
v 27.894213 -1.934750 4.313880
v 28.462275 2.439086 1.913908
v 28.462275 -1.934752 1.913908
v 27.713552 2.439086 1.913905
v 27.713552 -1.934752 1.913905
v 27.823505 2.439086 4.225617
v 27.823505 -1.934750 4.225617
v 28.087917 2.439087 4.313880
v 28.087915 -1.934750 4.313880
v 28.352327 2.439087 4.225612
v 28.352325 -1.934750 4.225612
v 28.730591 -1.934752 4.207486
v 28.883083 -1.934750 4.072088
v 28.730591 2.439087 4.207486
v 28.883080 2.439087 4.072089
v 28.730589 -1.934752 1.749095
v 28.883081 -1.934750 1.965161
v 28.730589 2.439087 1.749095
v 28.883080 2.439086 1.965161
v 29.871044 -1.934750 4.207486
v 29.718550 -1.934752 4.072088
v 29.871044 2.439086 4.207486
v 29.718548 2.439087 4.072088
v 29.871042 -1.934750 1.749095
v 29.718548 -1.934752 1.965161
v 29.871042 2.439086 1.749095
v 29.718546 2.439088 1.965161
v 29.300816 -1.934752 4.313880
v 29.300816 -1.934750 4.489612
v 29.300814 2.439088 4.313880
v 29.300817 2.439087 4.489612
v 29.585932 -1.934752 4.489612
v 29.509684 -1.934752 4.313880
v 29.509682 2.439085 4.313880
v 29.585928 2.439088 4.489612
v 29.015705 2.439086 4.489612
v 29.091949 2.439086 4.313880
v 29.015703 -1.934750 4.489612
v 29.091949 -1.934750 4.313880
v 29.704483 2.439087 1.913908
v 29.704483 -1.934752 1.913908
v 28.897142 2.439087 1.913905
v 28.897144 -1.934752 1.913905
v 29.015705 2.439086 4.225617
v 29.015703 -1.934750 4.225617
v 29.300817 2.439087 4.313880
v 29.300816 -1.934750 4.313880
v 29.585928 2.439088 4.225612
v 29.585932 -1.934752 4.225612
v 26.296909 -1.934752 4.207486
v 26.449400 -1.934750 4.072088
v 26.296909 2.439086 4.207486
v 26.449402 2.439086 4.072088
v 26.296907 -1.934752 1.749095
v 26.449398 -1.934750 1.965161
v 26.296907 2.439086 1.749095
v 26.449400 2.439086 1.965161
v 27.437361 -1.934750 4.207486
v 27.284866 -1.934750 4.072088
v 27.437363 2.439087 4.207486
v 27.284868 2.439086 4.072089
v 27.437361 -1.934752 1.749095
v 27.284864 -1.934750 1.965161
v 27.437361 2.439087 1.749095
v 27.284866 2.439086 1.965161
v 26.867134 -1.934750 4.313880
v 26.867136 -1.934750 4.489612
v 26.867136 2.439086 4.313880
v 26.867138 2.439086 4.489612
v 27.152248 -1.934752 4.489612
v 27.076000 -1.934752 4.313880
v 27.076002 2.439087 4.313880
v 27.152250 2.439086 4.489612
v 26.582022 2.439087 4.489612
v 26.658268 2.439086 4.313880
v 26.582022 -1.934750 4.489612
v 26.658266 -1.934752 4.313880
v 27.270802 2.439086 1.913909
v 27.270802 -1.934750 1.913908
v 26.463465 2.439085 1.913905
v 26.463463 -1.934752 1.913905
v 26.582022 2.439087 4.225617
v 26.582022 -1.934750 4.225617
v 26.867138 2.439086 4.313880
v 26.867136 -1.934750 4.313880
v 27.152250 2.439086 4.225612
v 27.152248 -1.934752 4.225612
v 25.125410 -1.934750 4.207486
v 25.266827 -1.934750 4.072088
v 25.125408 2.439086 4.207486
v 25.266829 2.439086 4.072088
v 25.125408 -1.934750 1.749095
v 25.266827 -1.934750 1.965161
v 25.125406 2.439086 1.749095
v 25.266827 2.439086 1.965161
v 26.183056 -1.934750 4.207486
v 26.041634 -1.934750 4.072088
v 26.183058 2.439087 4.207486
v 26.041634 2.439087 4.072088
v 26.183054 -1.934750 1.749095
v 26.041634 -1.934752 1.965161
v 26.183058 2.439086 1.749095
v 26.041632 2.439087 1.965161
v 25.654230 -1.934750 4.313880
v 25.654232 -1.934752 4.489612
v 25.654232 2.439087 4.313880
v 25.654232 2.439088 4.489612
v 25.918646 -1.934750 4.489612
v 25.847931 -1.934750 4.313880
v 25.847933 2.439087 4.313880
v 25.918646 2.439086 4.489612
v 25.389820 2.439087 4.489612
v 25.460529 2.439086 4.313880
v 25.389820 -1.934750 4.489612
v 25.460529 -1.934750 4.313880
v 26.028591 2.439087 1.913908
v 26.028589 -1.934750 1.913908
v 25.279871 2.439085 1.913905
v 25.279867 -1.934750 1.913905
v 25.389820 2.439087 4.225617
v 25.389820 -1.934750 4.225617
v 25.654232 2.439088 4.313880
v 25.654232 -1.934752 4.313880
v 25.918646 2.439086 4.225612
v 25.918646 -1.934750 4.225612
v 32.444546 -1.934750 4.207486
v 32.585964 -1.934750 4.072088
v 32.444546 2.439087 4.207486
v 32.585964 2.439086 4.072088
v 32.444546 -1.934752 1.749095
v 32.585960 -1.934750 1.965161
v 32.444542 2.439087 1.749095
v 32.585964 2.439086 1.965161
v 33.502197 -1.934752 4.207486
v 33.360771 -1.934752 4.072088
v 33.502193 2.439085 4.207486
v 33.360771 2.439086 4.072088
v 33.502193 -1.934752 1.749095
v 33.360771 -1.934752 1.965161
v 33.502193 2.439085 1.749095
v 33.360771 2.439086 1.965161
v 32.973366 -1.934750 4.313880
v 32.973370 -1.934752 4.489612
v 32.973370 2.439087 4.313880
v 32.973370 2.439086 4.489612
v 33.237782 -1.934750 4.489612
v 33.167068 -1.934750 4.313880
v 33.167068 2.439089 4.313880
v 33.237782 2.439086 4.489612
v 32.708958 2.439085 4.489612
v 32.779667 2.439088 4.313880
v 32.708958 -1.934752 4.489612
v 32.779667 -1.934750 4.313880
v 33.347729 2.439088 1.913908
v 33.347729 -1.934750 1.913908
v 32.599007 2.439087 1.913905
v 32.599007 -1.934750 1.913905
v 32.708961 2.439085 4.225617
v 32.708958 -1.934752 4.225617
v 32.973370 2.439086 4.313880
v 32.973370 -1.934752 4.313880
v 33.237782 2.439087 4.225612
v 33.237785 -1.934752 4.225612
v 33.616047 -1.934750 4.207486
v 33.768536 -1.934750 4.072088
v 33.616047 2.439087 4.207486
v 33.768539 2.439087 4.072088
v 33.616043 -1.934750 1.749095
v 33.768536 -1.934752 1.965161
v 33.616043 2.439087 1.749095
v 33.768536 2.439087 1.965161
v 34.756500 -1.934752 4.207486
v 34.604004 -1.934752 4.072088
v 34.756500 2.439087 4.207486
v 34.604004 2.439088 4.072088
v 34.756496 -1.934752 1.749095
v 34.604000 -1.934752 1.965161
v 34.756500 2.439085 1.749095
v 34.604004 2.439088 1.965161
v 34.186272 -1.934750 4.313880
v 34.186275 -1.934752 4.489612
v 34.186272 2.439086 4.313880
v 34.186275 2.439087 4.489612
v 34.471386 -1.934750 4.489612
v 34.395138 -1.934752 4.313880
v 34.395138 2.439086 4.313880
v 34.471386 2.439087 4.489612
v 33.901157 2.439087 4.489612
v 33.977406 2.439086 4.313880
v 33.901161 -1.934752 4.489612
v 33.977402 -1.934750 4.313880
v 34.589943 2.439086 1.913908
v 34.589939 -1.934752 1.913908
v 33.782600 2.439087 1.913905
v 33.782600 -1.934750 1.913905
v 33.901157 2.439087 4.225617
v 33.901161 -1.934752 4.225617
v 34.186275 2.439087 4.313880
v 34.186275 -1.934752 4.313880
v 34.471386 2.439087 4.225612
v 34.471386 -1.934750 4.225612
v 31.182362 -1.934752 4.207486
v 31.334850 -1.934750 4.072088
v 31.182360 2.439086 4.207486
v 31.334850 2.439087 4.072088
v 31.182360 -1.934750 1.749095
v 31.334850 -1.934752 1.965161
v 31.182358 2.439087 1.749095
v 31.334850 2.439088 1.965161
v 32.322815 -1.934750 4.207486
v 32.170319 -1.934750 4.072088
v 32.322815 2.439088 4.207486
v 32.170319 2.439087 4.072088
v 32.322815 -1.934750 1.749095
v 32.170315 -1.934750 1.965161
v 32.322815 2.439086 1.749095
v 32.170319 2.439087 1.965161
v 31.752584 -1.934750 4.313880
v 31.752588 -1.934750 4.489612
v 31.752586 2.439087 4.313880
v 31.752588 2.439086 4.489612
v 32.037701 -1.934750 4.489612
v 31.961451 -1.934750 4.313880
v 31.961452 2.439087 4.313880
v 32.037701 2.439086 4.489612
v 31.467474 2.439088 4.489612
v 31.543718 2.439087 4.313880
v 31.467476 -1.934752 4.489612
v 31.543716 -1.934750 4.313880
v 32.156258 2.439087 1.913908
v 32.156254 -1.934752 1.913908
v 31.348915 2.439086 1.913905
v 31.348913 -1.934750 1.913905
v 31.467474 2.439088 4.225617
v 31.467476 -1.934752 4.225617
v 31.752588 2.439086 4.313880
v 31.752588 -1.934750 4.313880
v 32.037701 2.439086 4.225612
v 32.037701 -1.934750 4.225612
v 30.010862 -1.934750 4.207486
v 30.152283 -1.934750 4.072088
v 30.010862 2.439087 4.207486
v 30.152279 2.439087 4.072088
v 30.010860 -1.934750 1.749095
v 30.152281 -1.934750 1.965161
v 30.010860 2.439087 1.749095
v 30.152281 2.439086 1.965161
v 31.068512 -1.934752 4.207486
v 30.927090 -1.934750 4.072088
v 31.068512 2.439087 4.207486
v 30.927086 2.439088 4.072088
v 31.068510 -1.934752 1.749095
v 30.927088 -1.934750 1.965161
v 31.068510 2.439087 1.749095
v 30.927090 2.439086 1.965161
v 30.539684 -1.934750 4.313880
v 30.539688 -1.934752 4.489612
v 30.539686 2.439087 4.313880
v 30.539688 2.439086 4.489612
v 30.804098 -1.934750 4.489612
v 30.733387 -1.934750 4.313880
v 30.733385 2.439086 4.313880
v 30.804098 2.439086 4.489612
v 30.275274 2.439087 4.489612
v 30.345984 2.439087 4.313880
v 30.275272 -1.934750 4.489612
v 30.345984 -1.934752 4.313880
v 30.914045 2.439086 1.913908
v 30.914043 -1.934750 1.913909
v 30.165321 2.439088 1.913905
v 30.165323 -1.934752 1.913905
v 30.275274 2.439087 4.225617
v 30.275272 -1.934750 4.225617
v 30.539688 2.439086 4.313880
v 30.539688 -1.934752 4.313880
v 30.804098 2.439086 4.225612
v 30.804098 -1.934750 4.225612
v 17.737080 -1.631134 4.207486
v 17.870323 -1.678520 4.072088
v 19.202631 2.489861 4.207486
v 19.335876 2.442475 4.072088
v 17.737078 -1.631134 1.749095
v 17.870321 -1.678520 1.965161
v 19.202629 2.489861 1.749095
v 19.335875 2.442475 1.965161
v 18.733587 -1.985525 4.207486
v 18.600342 -1.938137 4.072088
v 20.199141 2.135471 4.207486
v 20.065895 2.182859 4.072088
v 18.733585 -1.985525 1.749095
v 18.600340 -1.938137 1.965161
v 20.199139 2.135471 1.749095
v 20.065893 2.182859 1.965161
v 18.235332 -1.808329 4.313880
v 18.235334 -1.808331 4.489612
v 19.700886 2.312668 4.313880
v 19.700888 2.312667 4.489612
v 18.484461 -1.896927 4.489612
v 18.417835 -1.873234 4.313880
v 19.883390 2.247764 4.313880
v 19.950012 2.224069 4.489612
v 19.451759 2.401264 4.489612
v 19.518381 2.377571 4.313880
v 17.986208 -1.719734 4.489612
v 18.052830 -1.743425 4.313880
v 20.053604 2.187229 1.913908
v 18.588053 -1.933767 1.913908
v 19.348162 2.438105 1.913905
v 17.882612 -1.682892 1.913905
v 19.451759 2.401264 4.225617
v 17.986208 -1.719734 4.225617
v 19.700888 2.312667 4.313880
v 18.235334 -1.808331 4.313880
v 19.950012 2.224069 4.225612
v 18.484461 -1.896927 4.225612
v 34.860287 -7.312440 4.207488
v 35.001705 -7.312440 4.072090
v 34.860287 -2.938604 4.207487
v 35.001705 -2.938602 4.072089
v 34.860287 -7.312439 1.749096
v 35.001705 -7.312441 1.965162
v 34.860287 -2.938604 1.749095
v 35.001705 -2.938602 1.965161
v 35.917934 -7.312438 4.207488
v 35.776508 -7.312438 4.072090
v 35.917934 -2.938601 4.207487
v 35.776512 -2.938602 4.072089
v 35.917938 -7.312439 1.749096
v 35.776516 -7.312441 1.965163
v 35.917934 -2.938601 1.749095
v 35.776512 -2.938602 1.965161
v 35.389107 -7.312438 4.313880
v 35.389107 -7.312438 4.489614
v 35.389111 -2.938604 4.313880
v 35.389111 -2.938602 4.489613
v 35.653522 -7.312440 4.489614
v 35.582809 -7.312438 4.313880
v 35.582813 -2.938602 4.313880
v 35.653522 -2.938602 4.489613
v 35.124699 -2.938602 4.489613
v 35.195408 -2.938602 4.313880
v 35.124699 -7.312438 4.489613
v 35.195408 -7.312438 4.313880
v 35.763470 -2.938602 1.913908
v 35.763470 -7.312439 1.913910
v 35.014748 -2.938602 1.913905
v 35.014748 -7.312439 1.913906
v 35.124699 -2.938602 4.225617
v 35.124699 -7.312438 4.225617
v 35.389111 -2.938602 4.313880
v 35.389107 -7.312438 4.313880
v 35.653522 -2.938602 4.225613
v 35.653522 -7.312440 4.225614
v 20.275986 -7.312438 4.207487
v 20.275984 -7.312439 1.749096
v 20.275988 -2.938602 4.207486
v 20.540398 -7.312438 4.489613
v 20.540401 -2.938602 4.489612
v 20.804810 -7.312438 4.489613
v 20.540398 -7.312438 4.225616
v 20.611107 -7.312438 4.313879
v 20.417404 -7.312438 4.072088
v 20.417404 -7.312439 1.965162
v 20.417406 -2.938602 4.072088
v 20.417404 -2.938602 1.965161
v 20.540401 -2.938602 4.225616
v 20.611107 -2.938602 4.313879
v 20.804810 -2.938602 4.313880
v 20.804811 -2.938602 4.313880
v 20.804808 -7.312438 4.313880
v 20.804810 -7.312438 4.313880
v 20.998510 -7.312438 4.313879
v 21.069225 -7.312438 4.225613
v 20.998510 -2.938602 4.313880
v 21.069223 -2.938602 4.225612
v 21.069223 -2.938602 4.489612
v 21.192213 -2.938602 4.072088
v 21.192211 -2.938602 1.965161
v 21.192211 -7.312438 4.072088
v 21.192211 -7.312439 1.965162
v 21.179169 -7.312439 1.913909
v 21.179169 -2.938601 1.913908
v 21.333633 -7.312439 1.749096
v 21.333633 -2.938602 1.749095
v 21.333635 -7.312438 4.207487
v 21.333633 -2.938601 4.207486
v 21.069225 -7.312438 4.489613
v 20.804811 -2.938602 4.489612
v 20.430445 -2.938602 1.913905
v 20.275986 -2.938602 1.749095
v 20.430447 -7.312439 1.913906
v 21.447483 -7.312438 4.207487
v 21.447483 -7.312439 1.749096
v 21.447487 -2.938602 4.207486
v 21.732599 -7.312438 4.489613
v 21.732599 -2.938602 4.489612
v 22.017710 -7.312438 4.489613
v 21.732599 -7.312438 4.225617
v 21.808844 -7.312438 4.313879
v 21.599977 -7.312438 4.072088
v 21.599976 -7.312439 1.965162
v 21.599979 -2.938602 4.072088
v 21.599976 -2.938602 1.965161
v 21.732599 -2.938602 4.225617
v 21.808842 -2.938601 4.313880
v 22.017710 -2.938602 4.313880
v 22.017712 -2.938602 4.313880
v 22.017710 -7.312438 4.313880
v 22.017710 -7.312438 4.313880
v 22.226578 -7.312438 4.313880
v 22.302824 -7.312438 4.225613
v 22.226576 -2.938601 4.313880
v 22.302826 -2.938602 4.225612
v 22.302826 -2.938602 4.489612
v 22.435444 -2.938602 4.072088
v 22.435444 -2.938602 1.965161
v 22.435442 -7.312437 4.072088
v 22.435442 -7.312439 1.965162
v 22.421377 -7.312439 1.913909
v 22.421377 -2.938602 1.913908
v 22.587936 -7.312439 1.749096
v 22.587936 -2.938602 1.749095
v 22.587938 -7.312438 4.207487
v 22.587938 -2.938602 4.207486
v 22.302824 -7.312438 4.489613
v 22.017712 -2.938602 4.489612
v 21.614038 -2.938602 1.913905
v 21.447485 -2.938602 1.749095
v 21.614037 -7.312439 1.913905
v 23.881165 -7.312438 4.207487
v 23.881165 -7.312439 1.749096
v 23.881165 -2.938602 4.207486
v 24.166279 -7.312438 4.489613
v 24.166279 -2.938602 4.489612
v 24.451389 -7.312437 4.489613
v 24.166279 -7.312438 4.225616
v 24.242523 -7.312438 4.313879
v 24.033655 -7.312438 4.072088
v 24.033653 -7.312439 1.965162
v 24.033657 -2.938602 4.072088
v 24.033653 -2.938602 1.965161
v 24.166279 -2.938602 4.225617
v 24.242523 -2.938602 4.313880
v 24.451391 -2.938602 4.313880
v 24.451393 -2.938602 4.313880
v 24.451389 -7.312438 4.313880
v 24.451389 -7.312437 4.313880
v 24.660255 -7.312438 4.313880
v 24.736504 -7.312438 4.225613
v 24.660257 -2.938602 4.313880
v 24.736506 -2.938602 4.225612
v 24.736506 -2.938602 4.489612
v 24.869123 -2.938602 4.072088
v 24.869122 -2.938602 1.965161
v 24.869123 -7.312438 4.072088
v 24.869122 -7.312439 1.965162
v 24.855057 -7.312439 1.913909
v 24.855059 -2.938602 1.913908
v 25.021618 -7.312439 1.749096
v 25.021616 -2.938602 1.749095
v 25.021616 -7.312438 4.207487
v 25.021618 -2.938602 4.207486
v 24.736504 -7.312438 4.489613
v 24.451393 -2.938602 4.489612
v 24.047720 -2.938602 1.913905
v 23.881163 -2.938602 1.749095
v 24.047718 -7.312439 1.913906
v 22.709667 -7.312438 4.207487
v 22.709665 -7.312439 1.749096
v 22.709665 -2.938602 4.207486
v 22.974077 -7.312438 4.489613
v 22.974079 -2.938602 4.489612
v 23.238489 -7.312438 4.489613
v 22.974077 -7.312438 4.225616
v 23.044786 -7.312438 4.313880
v 22.851086 -7.312438 4.072088
v 22.851086 -7.312439 1.965162
v 22.851084 -2.938602 4.072088
v 22.851082 -2.938602 1.965161
v 22.974079 -2.938602 4.225617
v 23.044788 -2.938602 4.313880
v 23.238491 -2.938602 4.313880
v 23.238491 -2.938602 4.313880
v 23.238489 -7.312438 4.313879
v 23.238489 -7.312438 4.313879
v 23.432190 -7.312438 4.313879
v 23.502901 -7.312438 4.225613
v 23.432192 -2.938602 4.313880
v 23.502903 -2.938602 4.225612
v 23.502903 -2.938602 4.489612
v 23.625893 -2.938602 4.072088
v 23.625891 -2.938602 1.965161
v 23.625893 -7.312438 4.072088
v 23.625891 -7.312439 1.965162
v 23.612848 -7.312439 1.913909
v 23.612850 -2.938602 1.913908
v 23.767313 -7.312439 1.749096
v 23.767315 -2.938602 1.749095
v 23.767315 -7.312438 4.207487
v 23.767317 -2.938602 4.207486
v 23.502901 -7.312438 4.489613
v 23.238491 -2.938602 4.489612
v 22.864128 -2.938602 1.913904
v 22.709665 -2.938602 1.749095
v 22.864126 -7.312439 1.913906
v 27.559097 -7.312438 4.207487
v 27.559095 -7.312439 1.749096
v 27.559095 -2.938602 4.207486
v 27.823507 -7.312438 4.489613
v 27.823507 -2.938602 4.489612
v 28.087917 -7.312438 4.489613
v 27.823507 -7.312438 4.225616
v 27.894217 -7.312440 4.313880
v 27.700512 -7.312438 4.072088
v 27.700510 -7.312439 1.965162
v 27.700514 -2.938602 4.072088
v 27.700512 -2.938602 1.965161
v 27.823507 -2.938602 4.225617
v 27.894215 -2.938602 4.313880
v 28.087917 -2.938602 4.313880
v 28.087919 -2.938602 4.313880
v 28.087917 -7.312438 4.313880
v 28.087917 -7.312438 4.313880
v 28.281618 -7.312438 4.313879
v 28.352333 -7.312438 4.225613
v 28.281620 -2.938604 4.313879
v 28.352331 -2.938602 4.225612
v 28.352331 -2.938602 4.489612
v 28.475321 -2.938602 4.072088
v 28.475319 -2.938602 1.965161
v 28.475321 -7.312438 4.072088
v 28.475319 -7.312439 1.965162
v 28.462276 -7.312441 1.913909
v 28.462276 -2.938604 1.913908
v 28.616741 -7.312439 1.749096
v 28.616741 -2.938602 1.749095
v 28.616743 -7.312438 4.207487
v 28.616743 -2.938602 4.207486
v 28.352333 -7.312438 4.489613
v 28.087919 -2.938602 4.489612
v 27.713554 -2.938602 1.913905
v 27.559093 -2.938602 1.749095
v 27.713554 -7.312439 1.913906
v 28.730595 -7.312438 4.207487
v 28.730591 -7.312439 1.749096
v 28.730595 -2.938602 4.207486
v 29.015705 -7.312438 4.489613
v 29.015707 -2.938602 4.489612
v 29.300817 -7.312437 4.489613
v 29.015705 -7.312438 4.225617
v 29.091951 -7.312438 4.313879
v 28.883085 -7.312438 4.072088
v 28.883083 -7.312439 1.965162
v 28.883085 -2.938602 4.072088
v 28.883083 -2.938602 1.965161
v 29.015707 -2.938602 4.225617
v 29.091951 -2.938602 4.313879
v 29.300817 -2.938602 4.313880
v 29.300819 -2.938602 4.313880
v 29.300817 -7.312438 4.313879
v 29.300817 -7.312437 4.313879
v 29.509686 -7.312438 4.313880
v 29.585934 -7.312438 4.225613
v 29.509682 -2.938601 4.313880
v 29.585934 -2.938604 4.225612
v 29.585934 -2.938604 4.489612
v 29.718552 -2.938602 4.072088
v 29.718552 -2.938602 1.965161
v 29.718552 -7.312438 4.072088
v 29.718550 -7.312439 1.965162
v 29.704485 -7.312439 1.913909
v 29.704485 -2.938602 1.913908
v 29.871044 -7.312439 1.749096
v 29.871044 -2.938602 1.749095
v 29.871046 -7.312438 4.207487
v 29.871046 -2.938602 4.207486
v 29.585934 -7.312438 4.489613
v 29.300819 -2.938602 4.489612
v 28.897146 -2.938604 1.913905
v 28.730593 -2.938602 1.749095
v 28.897146 -7.312441 1.913906
v 26.296911 -7.312438 4.207487
v 26.296909 -7.312439 1.749096
v 26.296911 -2.938602 4.207486
v 26.582026 -7.312438 4.489613
v 26.582027 -2.938604 4.489612
v 26.867140 -7.312438 4.489613
v 26.582026 -7.312438 4.225616
v 26.658268 -7.312438 4.313879
v 26.449402 -7.312438 4.072088
v 26.449400 -7.312439 1.965162
v 26.449404 -2.938602 4.072088
v 26.449402 -2.938602 1.965161
v 26.582027 -2.938604 4.225617
v 26.658270 -2.938602 4.313880
v 26.867138 -2.938602 4.313880
v 26.867138 -2.938602 4.313880
v 26.867136 -7.312438 4.313880
v 26.867140 -7.312438 4.313880
v 27.076004 -7.312438 4.313880
v 27.152252 -7.312438 4.225613
v 27.076004 -2.938602 4.313880
v 27.152252 -2.938602 4.225612
v 27.152252 -2.938602 4.489612
v 27.284870 -2.938602 4.072088
v 27.284868 -2.938602 1.965161
v 27.284870 -7.312438 4.072088
v 27.284866 -7.312439 1.965162
v 27.270805 -7.312441 1.913909
v 27.270805 -2.938602 1.913908
v 27.437365 -7.312441 1.749096
v 27.437365 -2.938602 1.749095
v 27.437366 -7.312440 4.207487
v 27.437366 -2.938602 4.207486
v 27.152252 -7.312438 4.489613
v 26.867138 -2.938602 4.489612
v 26.463467 -2.938602 1.913905
v 26.296909 -2.938602 1.749095
v 26.463465 -7.312439 1.913906
v 25.125412 -7.312438 4.207487
v 25.125410 -7.312439 1.749096
v 25.125412 -2.938602 4.207486
v 25.389822 -7.312438 4.489613
v 25.389824 -2.938602 4.489612
v 25.654236 -7.312438 4.489613
v 25.389822 -7.312438 4.225616
v 25.460531 -7.312438 4.313880
v 25.266830 -7.312440 4.072088
v 25.266827 -7.312441 1.965162
v 25.266830 -2.938602 4.072088
v 25.266829 -2.938602 1.965161
v 25.389824 -2.938602 4.225617
v 25.460531 -2.938602 4.313880
v 25.654232 -2.938602 4.313880
v 25.654238 -2.938602 4.313880
v 25.654232 -7.312438 4.313879
v 25.654236 -7.312438 4.313879
v 25.847939 -7.312438 4.313879
v 25.918648 -7.312438 4.225613
v 25.847935 -2.938602 4.313880
v 25.918648 -2.938602 4.225612
v 25.918648 -2.938602 4.489612
v 26.041637 -2.938602 4.072088
v 26.041636 -2.938602 1.965161
v 26.041636 -7.312438 4.072088
v 26.041637 -7.312441 1.965162
v 26.028595 -7.312441 1.913909
v 26.028593 -2.938602 1.913908
v 26.183060 -7.312439 1.749096
v 26.183060 -2.938602 1.749095
v 26.183062 -7.312438 4.207487
v 26.183060 -2.938602 4.207486
v 25.918648 -7.312438 4.489613
v 25.654238 -2.938602 4.489612
v 25.279873 -2.938602 1.913905
v 25.125410 -2.938602 1.749095
v 25.279873 -7.312439 1.913906
v 32.444550 -7.312440 4.207487
v 32.444550 -7.312439 1.749096
v 32.444550 -2.938602 4.207486
v 32.708961 -7.312438 4.489613
v 32.708961 -2.938602 4.489612
v 32.973373 -7.312438 4.489613
v 32.708961 -7.312438 4.225616
v 32.779667 -7.312438 4.313880
v 32.585968 -7.312438 4.072088
v 32.585968 -7.312441 1.965162
v 32.585968 -2.938602 4.072088
v 32.585964 -2.938602 1.965161
v 32.708961 -2.938602 4.225617
v 32.779667 -2.938601 4.313880
v 32.973370 -2.938602 4.313880
v 32.973373 -2.938602 4.313880
v 32.973373 -7.312440 4.313879
v 32.973373 -7.312438 4.313879
v 33.167072 -7.312438 4.313880
v 33.237785 -7.312440 4.225613
v 33.167076 -2.938602 4.313880
v 33.237785 -2.938604 4.225612
v 33.237785 -2.938604 4.489612
v 33.360775 -2.938602 4.072088
v 33.360771 -2.938602 1.965161
v 33.360775 -7.312438 4.072088
v 33.360775 -7.312439 1.965162
v 33.347733 -7.312439 1.913909
v 33.347733 -2.938602 1.913908
v 33.502197 -7.312439 1.749096
v 33.502197 -2.938602 1.749095
v 33.502197 -7.312438 4.207487
v 33.502201 -2.938602 4.207486
v 33.237785 -7.312440 4.489613
v 32.973373 -2.938602 4.489612
v 32.599010 -2.938602 1.913905
v 32.444550 -2.938604 1.749095
v 32.599010 -7.312439 1.913906
v 33.616051 -7.312438 4.207487
v 33.616051 -7.312439 1.749096
v 33.616047 -2.938602 4.207486
v 33.901165 -7.312438 4.489613
v 33.901165 -2.938604 4.489612
v 34.186275 -7.312438 4.489613
v 33.901165 -7.312438 4.225616
v 33.977409 -7.312440 4.313879
v 33.768539 -7.312440 4.072088
v 33.768539 -7.312441 1.965162
v 33.768539 -2.938602 4.072088
v 33.768539 -2.938604 1.965161
v 33.901165 -2.938602 4.225617
v 33.977406 -2.938602 4.313880
v 34.186275 -2.938602 4.313880
v 34.186275 -2.938604 4.313880
v 34.186272 -7.312438 4.313879
v 34.186275 -7.312438 4.313879
v 34.395142 -7.312438 4.313879
v 34.471390 -7.312437 4.225613
v 34.395142 -2.938602 4.313880
v 34.471390 -2.938601 4.225612
v 34.471390 -2.938602 4.489612
v 34.604008 -2.938602 4.072088
v 34.604008 -2.938602 1.965161
v 34.604008 -7.312438 4.072088
v 34.604008 -7.312439 1.965162
v 34.589943 -7.312439 1.913909
v 34.589943 -2.938602 1.913908
v 34.756504 -7.312439 1.749096
v 34.756500 -2.938602 1.749095
v 34.756504 -7.312438 4.207487
v 34.756504 -2.938604 4.207486
v 34.471390 -7.312438 4.489613
v 34.186275 -2.938604 4.489612
v 33.782604 -2.938601 1.913905
v 33.616051 -2.938602 1.749095
v 33.782604 -7.312439 1.913906
v 31.182364 -7.312438 4.207487
v 31.182364 -7.312441 1.749096
v 31.182364 -2.938602 4.207486
v 31.467478 -7.312438 4.489613
v 31.467478 -2.938602 4.489612
v 31.752590 -7.312438 4.489613
v 31.467478 -7.312438 4.225616
v 31.543720 -7.312438 4.313880
v 31.334854 -7.312438 4.072088
v 31.334852 -7.312439 1.965162
v 31.334854 -2.938601 4.072088
v 31.334852 -2.938601 1.965161
v 31.467478 -2.938602 4.225617
v 31.543720 -2.938601 4.313880
v 31.752588 -2.938602 4.313880
v 31.752590 -2.938602 4.313880
v 31.752588 -7.312438 4.313879
v 31.752590 -7.312438 4.313879
v 31.961452 -7.312438 4.313880
v 32.037704 -7.312440 4.225613
v 31.961454 -2.938602 4.313880
v 32.037704 -2.938602 4.225612
v 32.037704 -2.938602 4.489612
v 32.170322 -2.938602 4.072088
v 32.170322 -2.938602 1.965161
v 32.170322 -7.312440 4.072088
v 32.170322 -7.312439 1.965162
v 32.156258 -7.312441 1.913910
v 32.156258 -2.938602 1.913908
v 32.322815 -7.312439 1.749096
v 32.322819 -2.938602 1.749095
v 32.322819 -7.312438 4.207487
v 32.322819 -2.938602 4.207486
v 32.037704 -7.312440 4.489613
v 31.752590 -2.938602 4.489612
v 31.348917 -2.938602 1.913905
v 31.182362 -2.938602 1.749095
v 31.348917 -7.312441 1.913906
v 30.010864 -7.312438 4.207487
v 30.010862 -7.312439 1.749096
v 30.010864 -2.938602 4.207486
v 30.275278 -7.312438 4.489613
v 30.275276 -2.938602 4.489612
v 30.539690 -7.312438 4.489613
v 30.275278 -7.312438 4.225616
v 30.345985 -7.312438 4.313879
v 30.152285 -7.312438 4.072088
v 30.152283 -7.312439 1.965162
v 30.152285 -2.938602 4.072088
v 30.152283 -2.938602 1.965161
v 30.275276 -2.938602 4.225617
v 30.345985 -2.938602 4.313880
v 30.539688 -2.938602 4.313880
v 30.539690 -2.938602 4.313880
v 30.539686 -7.312438 4.313880
v 30.539690 -7.312438 4.313880
v 30.733387 -7.312438 4.313880
v 30.804100 -7.312438 4.225613
v 30.733389 -2.938602 4.313880
v 30.804100 -2.938602 4.225612
v 30.804100 -2.938602 4.489612
v 30.927090 -2.938601 4.072088
v 30.927092 -2.938602 1.965161
v 30.927092 -7.312438 4.072088
v 30.927090 -7.312439 1.965162
v 30.914049 -7.312441 1.913909
v 30.914047 -2.938602 1.913908
v 31.068512 -7.312439 1.749096
v 31.068514 -2.938602 1.749095
v 31.068514 -7.312438 4.207487
v 31.068514 -2.938602 4.207486
v 30.804100 -7.312438 4.489613
v 30.539690 -2.938602 4.489612
v 30.165327 -2.938604 1.913905
v 30.010864 -2.938602 1.749095
v 30.165325 -7.312439 1.913906
v 18.999523 -7.312438 4.207487
v 18.999521 -7.312439 1.749096
v 18.999523 -2.938602 4.207486
v 19.284637 -7.312438 4.489613
v 19.284636 -2.938602 4.489612
v 19.569748 -7.312438 4.489613
v 19.284637 -7.312438 4.225616
v 19.360880 -7.312438 4.313880
v 19.152012 -7.312438 4.072088
v 19.152010 -7.312439 1.965162
v 19.152014 -2.938602 4.072088
v 19.152012 -2.938602 1.965161
v 19.284636 -2.938602 4.225616
v 19.360880 -2.938602 4.313880
v 19.569746 -2.938602 4.313880
v 19.569748 -2.938602 4.313880
v 19.569746 -7.312438 4.313880
v 19.569748 -7.312438 4.313880
v 19.778612 -7.312438 4.313879
v 19.854860 -7.312438 4.225613
v 19.778614 -2.938602 4.313879
v 19.854862 -2.938602 4.225612
v 19.854862 -2.938602 4.489612
v 19.987482 -2.938602 4.072088
v 19.987480 -2.938602 1.965161
v 19.987480 -7.312438 4.072088
v 19.987478 -7.312439 1.965162
v 19.973413 -7.312439 1.913909
v 19.973415 -2.938602 1.913908
v 20.139975 -7.312439 1.749096
v 20.139973 -2.938602 1.749095
v 20.139977 -7.312438 4.207487
v 20.139975 -2.938602 4.207486
v 19.854860 -7.312438 4.489613
v 19.569748 -2.938602 4.489612
v 19.166073 -2.938602 1.913905
v 18.999521 -2.938602 1.749095
v 19.166075 -7.312439 1.913906
v 17.828024 -7.312438 4.207487
v 17.828022 -7.312439 1.749096
v 17.828022 -2.938602 4.207486
v 18.092434 -7.312438 4.489613
v 18.092436 -2.938602 4.489612
v 18.356846 -7.312438 4.489613
v 18.092434 -7.312438 4.225617
v 18.163143 -7.312437 4.313879
v 17.969444 -7.312438 4.072088
v 17.969442 -7.312439 1.965162
v 17.969442 -2.938602 4.072088
v 17.969440 -2.938602 1.965162
v 18.092436 -2.938602 4.225617
v 18.163143 -2.938602 4.313880
v 18.356846 -2.938601 4.313880
v 18.356848 -2.938602 4.313880
v 18.356846 -7.312438 4.313879
v 18.356846 -7.312438 4.313879
v 18.550547 -7.312438 4.313880
v 18.621258 -7.312438 4.225613
v 18.550549 -2.938602 4.313880
v 18.621260 -2.938602 4.225612
v 18.621260 -2.938602 4.489612
v 18.744249 -2.938602 4.072088
v 18.744247 -2.938602 1.965161
v 18.744249 -7.312438 4.072088
v 18.744247 -7.312439 1.965162
v 18.731205 -7.312439 1.913909
v 18.731207 -2.938602 1.913908
v 18.885670 -7.312439 1.749096
v 18.885672 -2.938602 1.749095
v 18.885672 -7.312438 4.207487
v 18.885674 -2.938602 4.207486
v 18.621258 -7.312438 4.489613
v 18.356848 -2.938602 4.489612
v 17.982483 -2.938602 1.913905
v 17.828020 -2.938602 1.749095
v 17.982479 -7.312437 1.913906
v 34.860287 -12.087221 4.207488
v 35.001705 -12.087221 4.072090
v 34.860287 -7.713385 4.207488
v 35.001705 -7.713383 4.072090
v 34.860287 -12.087219 1.749096
v 35.001705 -12.087221 1.965162
v 34.860287 -7.713383 1.749096
v 35.001705 -7.713383 1.965162
v 35.917934 -12.087219 4.207488
v 35.776512 -12.087219 4.072089
v 35.917938 -7.713383 4.207488
v 35.776516 -7.713383 4.072090
v 35.917938 -12.087221 1.749096
v 35.776516 -12.087221 1.965162
v 35.917938 -7.713383 1.749096
v 35.776516 -7.713383 1.965162
v 35.389111 -12.087219 4.313881
v 35.389111 -12.087219 4.489613
v 35.389111 -7.713383 4.313880
v 35.389111 -7.713383 4.489613
v 35.653522 -12.087219 4.489613
v 35.582809 -12.087221 4.313881
v 35.582813 -7.713385 4.313880
v 35.653526 -7.713385 4.489613
v 35.124699 -7.713383 4.489613
v 35.195412 -7.713383 4.313880
v 35.124695 -12.087219 4.489613
v 35.195408 -12.087221 4.313881
v 35.763474 -7.713383 1.913909
v 35.763470 -12.087221 1.913910
v 35.014751 -7.713385 1.913905
v 35.014748 -12.087221 1.913906
v 35.124699 -7.713383 4.225617
v 35.124695 -12.087219 4.225618
v 35.389111 -7.713383 4.313880
v 35.389111 -12.087219 4.313881
v 35.653526 -7.713385 4.225613
v 35.653522 -12.087219 4.225613
v 20.275986 -12.087219 4.207487
v 20.275986 -12.087219 1.749096
v 20.275990 -7.713385 4.207487
v 20.540398 -12.087219 4.489613
v 20.540400 -7.713383 4.489613
v 20.804811 -12.087219 4.489613
v 20.540398 -12.087219 4.225617
v 20.611109 -12.087221 4.313880
v 20.417408 -12.087219 4.072089
v 20.417404 -12.087219 1.965162
v 20.417404 -7.713383 4.072088
v 20.417404 -7.713383 1.965162
v 20.540400 -7.713383 4.225616
v 20.611107 -7.713383 4.313879
v 20.804811 -7.713383 4.313879
v 20.804813 -7.713383 4.313879
v 20.804806 -12.087219 4.313880
v 20.804811 -12.087219 4.313880
v 20.998512 -12.087219 4.313880
v 21.069225 -12.087219 4.225613
v 20.998508 -7.713383 4.313879
v 21.069221 -7.713383 4.225613
v 21.069221 -7.713383 4.489613
v 21.192215 -7.713383 4.072088
v 21.192213 -7.713383 1.965162
v 21.192213 -12.087221 4.072089
v 21.192211 -12.087221 1.965162
v 21.179169 -12.087221 1.913909
v 21.179167 -7.713383 1.913909
v 21.333635 -12.087219 1.749096
v 21.333635 -7.713383 1.749096
v 21.333637 -12.087219 4.207487
v 21.333633 -7.713383 4.207487
v 21.069225 -12.087219 4.489613
v 20.804813 -7.713383 4.489613
v 20.430445 -7.713383 1.913905
v 20.275988 -7.713385 1.749096
v 20.430449 -12.087219 1.913906
v 21.447483 -12.087219 4.207487
v 21.447485 -12.087219 1.749096
v 21.447487 -7.713383 4.207487
v 21.732599 -12.087219 4.489613
v 21.732601 -7.713383 4.489613
v 22.017712 -12.087221 4.489613
v 21.732599 -12.087219 4.225617
v 21.808846 -12.087221 4.313880
v 21.599976 -12.087219 4.072089
v 21.599976 -12.087219 1.965162
v 21.599977 -7.713383 4.072088
v 21.599976 -7.713383 1.965162
v 21.732601 -7.713383 4.225616
v 21.808842 -7.713383 4.313879
v 22.017712 -7.713383 4.313879
v 22.017712 -7.713383 4.313879
v 22.017712 -12.087221 4.313880
v 22.017712 -12.087221 4.313880
v 22.226578 -12.087221 4.313880
v 22.302822 -12.087219 4.225613
v 22.226576 -7.713383 4.313879
v 22.302826 -7.713383 4.225613
v 22.302826 -7.713383 4.489613
v 22.435444 -7.713383 4.072088
v 22.435442 -7.713383 1.965162
v 22.435442 -12.087219 4.072089
v 22.435444 -12.087219 1.965162
v 22.421379 -12.087219 1.913909
v 22.421379 -7.713383 1.913909
v 22.587936 -12.087219 1.749096
v 22.587936 -7.713383 1.749096
v 22.587938 -12.087219 4.207487
v 22.587938 -7.713383 4.207487
v 22.302822 -12.087219 4.489613
v 22.017712 -7.713383 4.489613
v 21.614040 -7.713385 1.913906
v 21.447485 -7.713383 1.749096
v 21.614038 -12.087219 1.913905
v 23.881165 -12.087219 4.207487
v 23.881163 -12.087219 1.749096
v 23.881166 -7.713383 4.207487
v 24.166279 -12.087219 4.489613
v 24.166279 -7.713383 4.489613
v 24.451389 -12.087219 4.489613
v 24.166279 -12.087219 4.225617
v 24.242523 -12.087219 4.313880
v 24.033657 -12.087219 4.072089
v 24.033655 -12.087219 1.965162
v 24.033655 -7.713383 4.072088
v 24.033653 -7.713383 1.965162
v 24.166279 -7.713383 4.225616
v 24.242523 -7.713385 4.313879
v 24.451389 -7.713383 4.313879
v 24.451393 -7.713383 4.313879
v 24.451389 -12.087221 4.313880
v 24.451389 -12.087219 4.313880
v 24.660257 -12.087219 4.313880
v 24.736506 -12.087219 4.225612
v 24.660255 -7.713383 4.313879
v 24.736506 -7.713383 4.225613
v 24.736506 -7.713383 4.489613
v 24.869123 -7.713383 4.072088
v 24.869122 -7.713383 1.965162
v 24.869123 -12.087219 4.072089
v 24.869122 -12.087219 1.965162
v 24.855057 -12.087219 1.913909
v 24.855057 -7.713383 1.913909
v 25.021618 -12.087223 1.749096
v 25.021618 -7.713383 1.749096
v 25.021618 -12.087219 4.207487
v 25.021618 -7.713383 4.207487
v 24.736506 -12.087219 4.489612
v 24.451393 -7.713383 4.489613
v 24.047718 -7.713383 1.913906
v 23.881165 -7.713383 1.749096
v 24.047718 -12.087219 1.913906
v 22.709667 -12.087221 4.207487
v 22.709665 -12.087221 1.749096
v 22.709665 -7.713383 4.207487
v 22.974079 -12.087219 4.489612
v 22.974079 -7.713383 4.489613
v 23.238489 -12.087219 4.489612
v 22.974079 -12.087219 4.225617
v 23.044786 -12.087219 4.313880
v 22.851086 -12.087219 4.072089
v 22.851086 -12.087219 1.965162
v 22.851086 -7.713383 4.072088
v 22.851084 -7.713383 1.965162
v 22.974079 -7.713383 4.225616
v 23.044788 -7.713385 4.313879
v 23.238489 -7.713383 4.313879
v 23.238491 -7.713383 4.313879
v 23.238489 -12.087219 4.313880
v 23.238489 -12.087219 4.313880
v 23.432190 -12.087219 4.313880
v 23.502899 -12.087219 4.225612
v 23.432192 -7.713383 4.313879
v 23.502905 -7.713383 4.225613
v 23.502905 -7.713383 4.489613
v 23.625893 -7.713383 4.072088
v 23.625891 -7.713383 1.965162
v 23.625891 -12.087221 4.072089
v 23.625889 -12.087221 1.965162
v 23.612848 -12.087221 1.913909
v 23.612850 -7.713383 1.913909
v 23.767313 -12.087219 1.749096
v 23.767313 -7.713383 1.749096
v 23.767315 -12.087219 4.207487
v 23.767315 -7.713383 4.207487
v 23.502899 -12.087219 4.489613
v 23.238491 -7.713383 4.489613
v 22.864128 -7.713383 1.913905
v 22.709665 -7.713385 1.749096
v 22.864126 -12.087219 1.913906
v 27.559095 -12.087221 4.207487
v 27.559093 -12.087221 1.749096
v 27.559097 -7.713383 4.207487
v 27.823505 -12.087221 4.489613
v 27.823507 -7.713383 4.489613
v 28.087919 -12.087221 4.489613
v 27.823505 -12.087221 4.225617
v 27.894218 -12.087219 4.313880
v 27.700512 -12.087219 4.072089
v 27.700510 -12.087219 1.965162
v 27.700512 -7.713383 4.072088
v 27.700512 -7.713383 1.965162
v 27.823507 -7.713383 4.225616
v 27.894215 -7.713383 4.313879
v 28.087919 -7.713383 4.313879
v 28.087921 -7.713383 4.313879
v 28.087919 -12.087221 4.313880
v 28.087919 -12.087221 4.313880
v 28.281620 -12.087219 4.313880
v 28.352331 -12.087219 4.225613
v 28.281620 -7.713383 4.313879
v 28.352331 -7.713380 4.225613
v 28.352331 -7.713380 4.489613
v 28.475321 -7.713385 4.072088
v 28.475319 -7.713385 1.965162
v 28.475323 -12.087219 4.072089
v 28.475319 -12.087219 1.965162
v 28.462278 -12.087219 1.913909
v 28.462278 -7.713385 1.913909
v 28.616743 -12.087219 1.749096
v 28.616743 -7.713383 1.749095
v 28.616745 -12.087219 4.207487
v 28.616745 -7.713383 4.207487
v 28.352331 -12.087219 4.489613
v 28.087921 -7.713383 4.489613
v 27.713554 -7.713383 1.913906
v 27.559093 -7.713383 1.749096
v 27.713556 -12.087219 1.913905
v 28.730595 -12.087219 4.207487
v 28.730593 -12.087219 1.749096
v 28.730595 -7.713383 4.207487
v 29.015707 -12.087219 4.489613
v 29.015709 -7.713383 4.489613
v 29.300819 -12.087219 4.489613
v 29.015707 -12.087219 4.225617
v 29.091951 -12.087219 4.313880
v 28.883083 -12.087221 4.072089
v 28.883083 -12.087221 1.965162
v 28.883085 -7.713383 4.072088
v 28.883083 -7.713383 1.965162
v 29.015709 -7.713383 4.225616
v 29.091951 -7.713385 4.313879
v 29.300819 -7.713383 4.313879
v 29.300819 -7.713383 4.313879
v 29.300819 -12.087221 4.313880
v 29.300819 -12.087219 4.313880
v 29.509686 -12.087219 4.313880
v 29.585934 -12.087219 4.225613
v 29.509684 -7.713383 4.313879
v 29.585934 -7.713385 4.225613
v 29.585934 -7.713385 4.489613
v 29.718552 -7.713383 4.072088
v 29.718550 -7.713383 1.965162
v 29.718552 -12.087219 4.072089
v 29.718550 -12.087219 1.965162
v 29.704487 -12.087219 1.913909
v 29.704487 -7.713383 1.913909
v 29.871044 -12.087219 1.749096
v 29.871044 -7.713383 1.749096
v 29.871046 -12.087219 4.207487
v 29.871046 -7.713383 4.207487
v 29.585934 -12.087219 4.489613
v 29.300819 -7.713383 4.489613
v 28.897148 -7.713383 1.913905
v 28.730593 -7.713383 1.749095
v 28.897148 -12.087219 1.913906
v 26.296913 -12.087219 4.207487
v 26.296911 -12.087219 1.749096
v 26.296913 -7.713383 4.207487
v 26.582026 -12.087219 4.489612
v 26.582027 -7.713385 4.489613
v 26.867138 -12.087221 4.489613
v 26.582026 -12.087219 4.225617
v 26.658270 -12.087219 4.313880
v 26.449402 -12.087219 4.072089
v 26.449400 -12.087219 1.965162
v 26.449402 -7.713383 4.072088
v 26.449402 -7.713383 1.965162
v 26.582027 -7.713385 4.225616
v 26.658272 -7.713383 4.313879
v 26.867138 -7.713383 4.313879
v 26.867138 -7.713383 4.313879
v 26.867136 -12.087219 4.313880
v 26.867138 -12.087221 4.313880
v 27.076004 -12.087219 4.313880
v 27.152252 -12.087219 4.225613
v 27.076004 -7.713383 4.313879
v 27.152252 -7.713383 4.225613
v 27.152252 -7.713383 4.489613
v 27.284872 -7.713385 4.072088
v 27.284870 -7.713385 1.965162
v 27.284870 -12.087219 4.072089
v 27.284868 -12.087219 1.965162
v 27.270805 -12.087221 1.913909
v 27.270805 -7.713383 1.913909
v 27.437365 -12.087221 1.749096
v 27.437366 -7.713385 1.749096
v 27.437366 -12.087221 4.207487
v 27.437368 -7.713385 4.207487
v 27.152252 -12.087219 4.489613
v 26.867138 -7.713383 4.489613
v 26.463467 -7.713383 1.913905
v 26.296911 -7.713383 1.749096
v 26.463465 -12.087219 1.913906
v 25.125410 -12.087219 4.207487
v 25.125408 -12.087219 1.749096
v 25.125412 -7.713383 4.207487
v 25.389822 -12.087219 4.489613
v 25.389826 -7.713385 4.489613
v 25.654236 -12.087219 4.489612
v 25.389822 -12.087219 4.225617
v 25.460533 -12.087221 4.313880
v 25.266830 -12.087219 4.072089
v 25.266829 -12.087219 1.965162
v 25.266832 -7.713383 4.072088
v 25.266830 -7.713383 1.965162
v 25.389826 -7.713385 4.225616
v 25.460533 -7.713383 4.313879
v 25.654234 -7.713383 4.313879
v 25.654236 -7.713385 4.313879
v 25.654234 -12.087219 4.313880
v 25.654236 -12.087219 4.313880
v 25.847937 -12.087219 4.313880
v 25.918648 -12.087219 4.225612
v 25.847935 -7.713383 4.313879
v 25.918648 -7.713383 4.225613
v 25.918648 -7.713383 4.489613
v 26.041639 -7.713385 4.072088
v 26.041637 -7.713385 1.965162
v 26.041637 -12.087219 4.072089
v 26.041637 -12.087219 1.965162
v 26.028595 -12.087219 1.913909
v 26.028595 -7.713383 1.913909
v 26.183060 -12.087221 1.749096
v 26.183060 -7.713385 1.749096
v 26.183062 -12.087221 4.207487
v 26.183060 -7.713383 4.207487
v 25.918648 -12.087219 4.489612
v 25.654236 -7.713385 4.489613
v 25.279873 -7.713383 1.913906
v 25.125410 -7.713383 1.749096
v 25.279873 -12.087219 1.913906
v 32.444550 -12.087219 4.207487
v 32.444550 -12.087219 1.749096
v 32.444550 -7.713383 4.207487
v 32.708961 -12.087219 4.489613
v 32.708961 -7.713383 4.489613
v 32.973373 -12.087219 4.489612
v 32.708961 -12.087219 4.225617
v 32.779667 -12.087219 4.313880
v 32.585964 -12.087219 4.072089
v 32.585968 -12.087221 1.965162
v 32.585968 -7.713383 4.072088
v 32.585968 -7.713383 1.965162
v 32.708961 -7.713383 4.225616
v 32.779671 -7.713383 4.313879
v 32.973370 -7.713383 4.313879
v 32.973373 -7.713383 4.313879
v 32.973373 -12.087219 4.313880
v 32.973373 -12.087219 4.313880
v 33.167072 -12.087219 4.313880
v 33.237785 -12.087221 4.225612
v 33.167076 -7.713385 4.313879
v 33.237789 -7.713385 4.225613
v 33.237789 -7.713385 4.489613
v 33.360775 -7.713383 4.072088
v 33.360775 -7.713383 1.965162
v 33.360775 -12.087219 4.072089
v 33.360775 -12.087219 1.965162
v 33.347733 -12.087221 1.913909
v 33.347733 -7.713385 1.913909
v 33.502197 -12.087219 1.749096
v 33.502197 -7.713383 1.749096
v 33.502197 -12.087219 4.207487
v 33.502197 -7.713383 4.207487
v 33.237785 -12.087221 4.489612
v 32.973373 -7.713383 4.489613
v 32.599010 -7.713383 1.913906
v 32.444550 -7.713383 1.749096
v 32.599010 -12.087219 1.913906
v 33.616047 -12.087219 4.207487
v 33.616055 -12.087221 1.749096
v 33.616051 -7.713383 4.207487
v 33.901161 -12.087219 4.489612
v 33.901165 -7.713383 4.489613
v 34.186275 -12.087219 4.489612
v 33.901161 -12.087219 4.225617
v 33.977409 -12.087221 4.313880
v 33.768539 -12.087221 4.072089
v 33.768539 -12.087221 1.965162
v 33.768539 -7.713383 4.072088
v 33.768543 -7.713383 1.965162
v 33.901165 -7.713383 4.225616
v 33.977406 -7.713383 4.313879
v 34.186275 -7.713383 4.313879
v 34.186275 -7.713383 4.313879
v 34.186272 -12.087219 4.313880
v 34.186275 -12.087219 4.313880
v 34.395138 -12.087219 4.313880
v 34.471386 -12.087219 4.225613
v 34.395142 -7.713383 4.313879
v 34.471390 -7.713383 4.225613
v 34.471390 -7.713383 4.489613
v 34.604008 -7.713383 4.072088
v 34.604012 -7.713385 1.965162
v 34.604004 -12.087219 4.072089
v 34.604008 -12.087221 1.965162
v 34.589947 -12.087221 1.913909
v 34.589947 -7.713383 1.913909
v 34.756500 -12.087219 1.749096
v 34.756504 -7.713383 1.749095
v 34.756500 -12.087219 4.207487
v 34.756504 -7.713383 4.207487
v 34.471386 -12.087219 4.489613
v 34.186275 -7.713383 4.489613
v 33.782604 -7.713383 1.913905
v 33.616051 -7.713383 1.749096
v 33.782608 -12.087223 1.913906
v 31.182362 -12.087219 4.207487
v 31.182365 -12.087221 1.749096
v 31.182364 -7.713383 4.207487
v 31.467476 -12.087221 4.489612
v 31.467478 -7.713385 4.489613
v 31.752590 -12.087221 4.489612
v 31.467476 -12.087221 4.225617
v 31.543720 -12.087219 4.313880
v 31.334854 -12.087221 4.072089
v 31.334854 -12.087221 1.965162
v 31.334854 -7.713383 4.072088
v 31.334854 -7.713383 1.965162
v 31.467478 -7.713385 4.225616
v 31.543720 -7.713383 4.313879
v 31.752586 -7.713383 4.313879
v 31.752590 -7.713383 4.313879
v 31.752590 -12.087223 4.313880
v 31.752590 -12.087221 4.313880
v 31.961452 -12.087219 4.313880
v 32.037704 -12.087221 4.225612
v 31.961456 -7.713383 4.313879
v 32.037704 -7.713383 4.225613
v 32.037704 -7.713383 4.489613
v 32.170322 -7.713383 4.072088
v 32.170322 -7.713383 1.965162
v 32.170322 -12.087221 4.072089
v 32.170322 -12.087219 1.965162
v 32.156261 -12.087221 1.913909
v 32.156258 -7.713385 1.913909
v 32.322819 -12.087219 1.749096
v 32.322819 -7.713385 1.749096
v 32.322819 -12.087221 4.207487
v 32.322819 -7.713385 4.207487
v 32.037704 -12.087221 4.489612
v 31.752590 -7.713383 4.489613
v 31.348917 -7.713383 1.913905
v 31.182362 -7.713383 1.749096
v 31.348921 -12.087221 1.913906
v 30.010864 -12.087219 4.207487
v 30.010862 -12.087219 1.749096
v 30.010864 -7.713383 4.207487
v 30.275278 -12.087223 4.489613
v 30.275276 -7.713383 4.489613
v 30.539688 -12.087221 4.489613
v 30.275278 -12.087223 4.225617
v 30.345985 -12.087219 4.313880
v 30.152283 -12.087221 4.072089
v 30.152283 -12.087219 1.965162
v 30.152285 -7.713385 4.072088
v 30.152283 -7.713385 1.965162
v 30.275276 -7.713383 4.225616
v 30.345985 -7.713383 4.313879
v 30.539686 -7.713385 4.313879
v 30.539690 -7.713383 4.313879
v 30.539686 -12.087219 4.313880
v 30.539688 -12.087221 4.313880
v 30.733387 -12.087219 4.313880
v 30.804100 -12.087221 4.225613
v 30.733389 -7.713383 4.313879
v 30.804102 -7.713383 4.225613
v 30.804102 -7.713383 4.489613
v 30.927090 -7.713383 4.072088
v 30.927090 -7.713383 1.965162
v 30.927090 -12.087221 4.072089
v 30.927090 -12.087221 1.965162
v 30.914047 -12.087219 1.913909
v 30.914047 -7.713383 1.913909
v 31.068516 -12.087219 1.749096
v 31.068512 -7.713383 1.749096
v 31.068516 -12.087219 4.207487
v 31.068512 -7.713380 4.207487
v 30.804100 -12.087221 4.489613
v 30.539690 -7.713383 4.489613
v 30.165327 -7.713383 1.913906
v 30.010862 -7.713383 1.749096
v 30.165325 -12.087219 1.913905
v 18.999521 -12.087219 4.207487
v 18.999519 -12.087219 1.749096
v 18.999523 -7.713383 4.207487
v 19.284637 -12.087219 4.489612
v 19.284636 -7.713383 4.489613
v 19.569746 -12.087219 4.489613
v 19.284637 -12.087219 4.225617
v 19.360880 -12.087219 4.313880
v 19.152014 -12.087219 4.072089
v 19.152012 -12.087219 1.965162
v 19.152014 -7.713383 4.072088
v 19.152012 -7.713383 1.965162
v 19.284636 -7.713383 4.225616
v 19.360880 -7.713383 4.313879
v 19.569746 -7.713383 4.313879
v 19.569750 -7.713383 4.313879
v 19.569746 -12.087219 4.313880
v 19.569746 -12.087219 4.313880
v 19.778614 -12.087219 4.313880
v 19.854862 -12.087219 4.225613
v 19.778614 -7.713383 4.313879
v 19.854862 -7.713383 4.225613
v 19.854862 -7.713383 4.489613
v 19.987480 -7.713383 4.072088
v 19.987478 -7.713383 1.965162
v 19.987480 -12.087219 4.072089
v 19.987478 -12.087219 1.965162
v 19.973413 -12.087219 1.913909
v 19.973413 -7.713383 1.913909
v 20.139975 -12.087219 1.749096
v 20.139973 -7.713383 1.749096
v 20.139977 -12.087219 4.207487
v 20.139975 -7.713383 4.207487
v 19.854862 -12.087219 4.489613
v 19.569750 -7.713383 4.489613
v 19.166073 -7.713383 1.913906
v 18.999521 -7.713383 1.749096
v 19.166075 -12.087219 1.913906
v 17.828024 -12.087219 4.207487
v 17.828022 -12.087219 1.749096
v 17.828022 -7.713383 4.207487
v 18.092436 -12.087219 4.489613
v 18.092436 -7.713383 4.489613
v 18.356846 -12.087219 4.489612
v 18.092436 -12.087219 4.225617
v 18.163143 -12.087219 4.313880
v 17.969444 -12.087219 4.072089
v 17.969442 -12.087219 1.965162
v 17.969442 -7.713383 4.072088
v 17.969440 -7.713383 1.965162
v 18.092436 -7.713383 4.225616
v 18.163145 -7.713383 4.313879
v 18.356844 -7.713380 4.313879
v 18.356850 -7.713383 4.313879
v 18.356846 -12.087219 4.313880
v 18.356846 -12.087219 4.313880
v 18.550547 -12.087219 4.313880
v 18.621260 -12.087219 4.225613
v 18.550549 -7.713383 4.313879
v 18.621262 -7.713383 4.225613
v 18.621262 -7.713383 4.489613
v 18.744249 -7.713383 4.072088
v 18.744247 -7.713383 1.965162
v 18.744247 -12.087219 4.072089
v 18.744246 -12.087219 1.965162
v 18.731205 -12.087219 1.913909
v 18.731207 -7.713383 1.913909
v 18.885670 -12.087219 1.749096
v 18.885670 -7.713383 1.749096
v 18.885672 -12.087219 4.207487
v 18.885672 -7.713383 4.207487
v 18.621260 -12.087219 4.489613
v 18.356850 -7.713383 4.489613
v 17.982483 -7.713383 1.913906
v 17.828020 -7.713383 1.749096
v 17.982481 -12.087219 1.913906
v 7.940012 -11.565910 4.207488
v 8.081430 -11.565910 4.072090
v 7.940012 -7.192073 4.207488
v 8.081432 -7.192073 4.072090
v 7.940012 -11.565912 1.749096
v 8.081430 -11.565910 1.965162
v 7.940011 -7.192074 1.749096
v 8.081430 -7.192074 1.965163
v 8.997662 -11.565910 4.207488
v 8.856239 -11.565914 4.072090
v 8.997662 -7.192073 4.207488
v 8.856237 -7.192073 4.072090
v 8.997660 -11.565910 1.749096
v 8.856237 -11.565910 1.965162
v 8.997662 -7.192074 1.749096
v 8.856237 -7.192076 1.965162
v 8.468834 -11.565912 4.313881
v 8.468838 -11.565910 4.489613
v 8.468834 -7.192073 4.313880
v 8.468838 -7.192073 4.489613
v 8.733250 -11.565910 4.489613
v 8.662537 -11.565910 4.313881
v 8.662537 -7.192073 4.313880
v 8.733248 -7.192073 4.489613
v 8.204424 -7.192073 4.489613
v 8.275133 -7.192073 4.313880
v 8.204424 -11.565912 4.489613
v 8.275133 -11.565910 4.313881
v 8.843195 -7.192074 1.913909
v 8.843193 -11.565910 1.913910
v 8.094475 -7.192074 1.913906
v 8.094473 -11.565912 1.913906
v 8.204424 -7.192073 4.225617
v 8.204424 -11.565912 4.225618
v 8.468838 -7.192073 4.313880
v 8.468838 -11.565910 4.313881
v 8.733248 -7.192073 4.225613
v 8.733250 -11.565910 4.225613
v -3.039109 -11.565912 4.207487
v -3.039109 -11.565912 1.749096
v -3.039108 -7.192073 4.207487
v -2.753996 -11.565912 4.489613
v -2.753994 -7.192076 4.489613
v -2.468880 -11.565910 4.489613
v -2.753996 -11.565912 4.225617
v -2.677752 -11.565910 4.313880
v -2.886619 -11.565914 4.072089
v -2.886619 -11.565914 1.965162
v -2.886617 -7.192073 4.072088
v -2.886617 -7.192074 1.965162
v -2.753994 -7.192076 4.225616
v -2.677751 -7.192073 4.313879
v -2.468884 -7.192073 4.313879
v -2.468882 -7.192073 4.313879
v -2.468884 -11.565910 4.313880
v -2.468880 -11.565910 4.313880
v -2.260018 -11.565910 4.313880
v -2.183771 -11.565910 4.225613
v -2.260017 -7.192073 4.313879
v -2.183769 -7.192073 4.225613
v -2.183768 -7.192073 4.489613
v -2.051150 -7.192076 4.072088
v -2.051150 -7.192076 1.965162
v -2.051150 -11.565908 4.072089
v -2.051150 -11.565908 1.965162
v -2.065216 -11.565912 1.913909
v -2.065215 -7.192076 1.913909
v -1.898654 -11.565910 1.749096
v -1.898656 -7.192076 1.749096
v -1.898654 -11.565910 4.207487
v -1.898656 -7.192073 4.207487
v -2.183771 -11.565910 4.489613
v -2.468882 -7.192073 4.489613
v -2.872555 -7.192074 1.913906
v -3.039108 -7.192076 1.749096
v -2.872553 -11.565910 1.913906
v 0.638821 -11.565910 4.207487
v 0.638822 -11.565910 1.749096
v 0.638821 -7.192076 4.207487
v 0.903233 -11.565912 4.489613
v 0.903234 -7.192073 4.489613
v 1.167646 -11.565912 4.489613
v 0.903233 -11.565912 4.225617
v 0.973942 -11.565910 4.313880
v 0.780240 -11.565910 4.072089
v 0.780240 -11.565912 1.965162
v 0.780241 -7.192073 4.072088
v 0.780240 -7.192074 1.965162
v 0.903234 -7.192073 4.225616
v 0.973943 -7.192073 4.313879
v 1.167644 -7.192073 4.313879
v 1.167647 -7.192073 4.313879
v 1.167644 -11.565910 4.313880
v 1.167646 -11.565912 4.313880
v 1.361346 -11.565910 4.313880
v 1.432058 -11.565912 4.225613
v 1.361346 -7.192073 4.313879
v 1.432059 -7.192073 4.225613
v 1.432059 -7.192073 4.489613
v 1.555048 -7.192073 4.072088
v 1.555047 -7.192074 1.965162
v 1.555048 -11.565910 4.072089
v 1.555048 -11.565912 1.965162
v 1.542004 -11.565912 1.913909
v 1.542004 -7.192074 1.913909
v 1.696470 -11.565910 1.749096
v 1.696470 -7.192074 1.749096
v 1.696470 -11.565910 4.207487
v 1.696470 -7.192073 4.207487
v 1.432058 -11.565912 4.489613
v 1.167647 -7.192073 4.489613
v 0.793283 -7.192076 1.913906
v 0.638821 -7.192076 1.749096
v 0.793282 -11.565912 1.913906
v 1.810319 -11.565910 4.207487
v 1.810319 -11.565912 1.749096
v 1.810319 -7.192073 4.207487
v 2.095433 -11.565910 4.489613
v 2.095433 -7.192073 4.489613
v 2.380547 -11.565910 4.489613
v 2.095433 -11.565910 4.225617
v 2.171678 -11.565910 4.313880
v 1.962811 -11.565910 4.072089
v 1.962810 -11.565910 1.965162
v 1.962811 -7.192073 4.072088
v 1.962811 -7.192074 1.965162
v 2.095433 -7.192073 4.225616
v 2.171678 -7.192073 4.313879
v 2.380546 -7.192073 4.313879
v 2.380547 -7.192073 4.313879
v 2.380544 -11.565910 4.313880
v 2.380547 -11.565910 4.313880
v 2.589410 -11.565912 4.313880
v 2.665659 -11.565910 4.225613
v 2.589411 -7.192073 4.313879
v 2.665659 -7.192073 4.225613
v 2.665659 -7.192073 4.489613
v 2.798277 -7.192073 4.072088
v 2.798277 -7.192076 1.965162
v 2.798277 -11.565912 4.072089
v 2.798278 -11.565910 1.965162
v 2.784214 -11.565910 1.913909
v 2.784214 -7.192076 1.913909
v 2.950773 -11.565912 1.749096
v 2.950774 -7.192074 1.749096
v 2.950774 -11.565912 4.207487
v 2.950773 -7.192073 4.207487
v 2.665659 -11.565910 4.489613
v 2.380547 -7.192073 4.489613
v 1.976876 -7.192074 1.913906
v 1.810319 -7.192074 1.749096
v 1.976875 -11.565912 1.913906
v -0.623361 -11.565910 4.207487
v -0.623361 -11.565910 1.749096
v -0.623362 -7.192073 4.207487
v -0.338248 -11.565910 4.489613
v -0.338247 -7.192073 4.489613
v -0.053135 -11.565910 4.489613
v -0.338248 -11.565910 4.225617
v -0.262003 -11.565910 4.313880
v -0.470870 -11.565912 4.072089
v -0.470871 -11.565912 1.965162
v -0.470870 -7.192073 4.072088
v -0.470870 -7.192074 1.965162
v -0.338247 -7.192073 4.225616
v -0.262003 -7.192073 4.313879
v -0.053137 -7.192073 4.313879
v -0.053136 -7.192073 4.313879
v -0.053136 -11.565910 4.313880
v -0.053135 -11.565910 4.313880
v 0.155731 -11.565910 4.313880
v 0.231979 -11.565910 4.225613
v 0.155730 -7.192073 4.313879
v 0.231979 -7.192073 4.225613
v 0.231979 -7.192073 4.489613
v 0.364598 -7.192073 4.072088
v 0.364598 -7.192074 1.965162
v 0.364597 -11.565910 4.072089
v 0.364597 -11.565912 1.965162
v 0.350532 -11.565910 1.913909
v 0.350534 -7.192074 1.913909
v 0.517092 -11.565912 1.749096
v 0.517093 -7.192074 1.749096
v 0.517091 -11.565910 4.207487
v 0.517093 -7.192073 4.207487
v 0.231979 -11.565910 4.489613
v -0.053135 -7.192073 4.489613
v -0.456807 -7.192074 1.913906
v -0.623362 -7.192074 1.749096
v -0.456808 -11.565912 1.913906
v -1.794862 -11.565912 4.207487
v -1.794862 -11.565912 1.749096
v -1.794862 -7.192073 4.207487
v -1.530448 -11.565908 4.489613
v -1.530450 -7.192076 4.489613
v -1.266037 -11.565910 4.489613
v -1.530448 -11.565908 4.225617
v -1.459742 -11.565910 4.313880
v -1.653445 -11.565910 4.072089
v -1.653445 -11.565912 1.965162
v -1.653443 -7.192073 4.072088
v -1.653442 -7.192074 1.965162
v -1.530450 -7.192076 4.225616
v -1.459741 -7.192073 4.313879
v -1.266040 -7.192076 4.313879
v -1.266038 -7.192073 4.313879
v -1.266038 -11.565910 4.313880
v -1.266037 -11.565910 4.313880
v -1.072338 -11.565912 4.313880
v -1.001626 -11.565912 4.225613
v -1.072337 -7.192073 4.313879
v -1.001625 -7.192076 4.225613
v -1.001625 -7.192076 4.489613
v -0.878637 -7.192073 4.072088
v -0.878637 -7.192074 1.965162
v -0.878638 -11.565912 4.072089
v -0.878638 -11.565914 1.965162
v -0.891677 -11.565910 1.913909
v -0.891679 -7.192074 1.913909
v -0.737216 -11.565912 1.749096
v -0.737213 -7.192074 1.749096
v -0.737215 -11.565912 4.207487
v -0.737213 -7.192073 4.207487
v -1.001626 -11.565912 4.489613
v -1.266037 -7.192073 4.489613
v -1.640399 -7.192076 1.913906
v -1.794862 -7.192074 1.749096
v -1.640400 -11.565910 1.913906
v 5.524274 -11.565910 4.207487
v 5.524274 -11.565912 1.749096
v 5.524275 -7.192073 4.207487
v 5.788687 -11.565910 4.489613
v 5.788686 -7.192073 4.489613
v 6.053100 -11.565910 4.489613
v 5.788687 -11.565910 4.225617
v 5.859396 -11.565910 4.313880
v 5.665695 -11.565910 4.072089
v 5.665694 -11.565910 1.965162
v 5.665693 -7.192073 4.072088
v 5.665694 -7.192074 1.965162
v 5.788686 -7.192073 4.225616
v 5.859396 -7.192076 4.313879
v 6.053096 -7.192073 4.313879
v 6.053099 -7.192073 4.313879
v 6.053097 -11.565910 4.313880
v 6.053100 -11.565910 4.313880
v 6.246800 -11.565910 4.313880
v 6.317511 -11.565910 4.225613
v 6.246798 -7.192073 4.313879
v 6.317512 -7.192073 4.225613
v 6.317512 -7.192073 4.489613
v 6.440502 -7.192073 4.072088
v 6.440501 -7.192074 1.965162
v 6.440501 -11.565910 4.072089
v 6.440501 -11.565910 1.965162
v 6.427458 -11.565910 1.913909
v 6.427458 -7.192074 1.913909
v 6.581924 -11.565912 1.749096
v 6.581924 -7.192074 1.749096
v 6.581924 -11.565912 4.207487
v 6.581924 -7.192076 4.207487
v 6.317511 -11.565910 4.489613
v 6.053099 -7.192073 4.489613
v 5.678737 -7.192074 1.913906
v 5.524274 -7.192074 1.749096
v 5.678737 -11.565910 1.913906
v 6.695776 -11.565912 4.207487
v 6.695776 -11.565910 1.749096
v 6.695777 -7.192073 4.207487
v 6.980888 -11.565910 4.489613
v 6.980889 -7.192073 4.489613
v 7.266002 -11.565910 4.489613
v 6.980890 -11.565910 4.225617
v 7.057133 -11.565910 4.313880
v 6.848266 -11.565910 4.072089
v 6.848265 -11.565910 1.965162
v 6.848267 -7.192073 4.072088
v 6.848266 -7.192074 1.965162
v 6.980889 -7.192073 4.225616
v 7.057134 -7.192073 4.313879
v 7.266000 -7.192073 4.313879
v 7.266003 -7.192073 4.313879
v 7.265999 -11.565910 4.313880
v 7.266002 -11.565910 4.313880
v 7.474866 -11.565910 4.313880
v 7.551116 -11.565910 4.225613
v 7.474868 -7.192073 4.313879
v 7.551116 -7.192076 4.225613
v 7.551116 -7.192076 4.489613
v 7.683734 -7.192073 4.072088
v 7.683733 -7.192074 1.965162
v 7.683734 -11.565910 4.072089
v 7.683733 -11.565910 1.965162
v 7.669671 -11.565910 1.913909
v 7.669671 -7.192074 1.913909
v 7.836229 -11.565910 1.749096
v 7.836230 -7.192074 1.749096
v 7.836230 -11.565910 4.207487
v 7.836228 -7.192073 4.207487
v 7.551116 -11.565910 4.489613
v 7.266003 -7.192073 4.489613
v 6.862331 -7.192074 1.913906
v 6.695776 -7.192074 1.749096
v 6.862330 -11.565912 1.913906
v 4.262090 -11.565910 4.207487
v 4.262089 -11.565910 1.749096
v 4.262090 -7.192076 4.207487
v 4.547203 -11.565910 4.489613
v 4.547204 -7.192073 4.489613
v 4.832316 -11.565910 4.489613
v 4.547203 -11.565910 4.225617
v 4.623448 -11.565912 4.313880
v 4.414581 -11.565910 4.072089
v 4.414580 -11.565910 1.965162
v 4.414582 -7.192076 4.072088
v 4.414581 -7.192074 1.965162
v 4.547204 -7.192073 4.225616
v 4.623449 -7.192073 4.313880
v 4.832316 -7.192076 4.313879
v 4.832318 -7.192073 4.313879
v 4.832315 -11.565912 4.313880
v 4.832316 -11.565910 4.313880
v 5.041181 -11.565910 4.313880
v 5.117431 -11.565910 4.225613
v 5.041182 -7.192073 4.313879
v 5.117430 -7.192073 4.225613
v 5.117430 -7.192073 4.489613
v 5.250049 -7.192073 4.072088
v 5.250048 -7.192074 1.965162
v 5.250048 -11.565910 4.072089
v 5.250048 -11.565910 1.965162
v 5.235985 -11.565910 1.913909
v 5.235985 -7.192074 1.913909
v 5.402543 -11.565910 1.749096
v 5.402544 -7.192074 1.749096
v 5.402544 -11.565910 4.207487
v 5.402544 -7.192073 4.207487
v 5.117431 -11.565910 4.489613
v 4.832318 -7.192073 4.489613
v 4.428647 -7.192074 1.913906
v 4.262091 -7.192074 1.749096
v 4.428645 -11.565910 1.913905
v 3.090591 -11.565910 4.207487
v 3.090591 -11.565912 1.749096
v 3.090592 -7.192073 4.207487
v 3.355004 -11.565912 4.489613
v 3.355004 -7.192073 4.489613
v 3.619417 -11.565910 4.489613
v 3.355004 -11.565912 4.225617
v 3.425711 -11.565912 4.313880
v 3.232010 -11.565910 4.072089
v 3.232010 -11.565910 1.965162
v 3.232010 -7.192073 4.072088
v 3.232010 -7.192074 1.965162
v 3.355004 -7.192073 4.225616
v 3.425713 -7.192073 4.313879
v 3.619414 -7.192073 4.313879
v 3.619415 -7.192076 4.313879
v 3.619414 -11.565912 4.313880
v 3.619417 -11.565910 4.313880
v 3.813116 -11.565910 4.313880
v 3.883829 -11.565910 4.225613
v 3.813117 -7.192073 4.313880
v 3.883828 -7.192073 4.225613
v 3.883828 -7.192073 4.489613
v 4.006818 -7.192073 4.072088
v 4.006817 -7.192074 1.965162
v 4.006816 -11.565910 4.072089
v 4.006818 -11.565910 1.965162
v 3.993776 -11.565910 1.913909
v 3.993776 -7.192074 1.913909
v 4.148242 -11.565910 1.749096
v 4.148240 -7.192074 1.749096
v 4.148241 -11.565910 4.207487
v 4.148241 -7.192073 4.207487
v 3.883829 -11.565910 4.489613
v 3.619415 -7.192076 4.489613
v 3.245053 -7.192074 1.913905
v 3.090591 -7.192074 1.749096
v 3.245053 -11.565910 1.913906
v -5.016712 -11.565912 4.207488
v -4.875291 -11.565910 4.072090
v -5.016712 -7.192073 4.207488
v -4.875292 -7.192073 4.072090
v -5.016712 -11.565912 1.749096
v -4.875291 -11.565910 1.965162
v -5.016712 -7.192074 1.749096
v -4.875292 -7.192074 1.965163
v -3.959062 -11.565910 4.207488
v -4.100484 -11.565910 4.072090
v -3.959062 -7.192073 4.207488
v -4.100484 -7.192073 4.072090
v -3.959062 -11.565910 1.749096
v -4.100484 -11.565910 1.965162
v -3.959062 -7.192074 1.749096
v -4.100484 -7.192074 1.965162
v -4.487888 -11.565910 4.313881
v -4.487886 -11.565910 4.489613
v -4.487889 -7.192073 4.313880
v -4.487886 -7.192073 4.489614
v -4.223474 -11.565912 4.489613
v -4.294187 -11.565910 4.313881
v -4.294187 -7.192073 4.313880
v -4.223474 -7.192073 4.489613
v -4.752299 -7.192073 4.489613
v -4.681591 -7.192073 4.313880
v -4.752298 -11.565910 4.489613
v -4.681592 -11.565910 4.313881
v -4.113527 -7.192074 1.913909
v -4.113527 -11.565910 1.913910
v -4.862249 -7.192074 1.913906
v -4.862249 -11.565910 1.913906
v -4.752299 -7.192073 4.225617
v -4.752299 -11.565910 4.225618
v -4.487887 -7.192073 4.313880
v -4.487887 -11.565910 4.313881
v -4.223475 -7.192073 4.225613
v -4.223475 -11.565912 4.225613
v -15.995832 -11.565910 4.207487
v -15.995832 -11.565910 1.749096
v -15.995832 -7.192076 4.207487
v -15.710718 -11.565910 4.489613
v -15.710718 -7.192073 4.489613
v -15.425606 -11.565910 4.489613
v -15.710718 -11.565910 4.225617
v -15.634476 -11.565910 4.313880
v -15.843342 -11.565912 4.072089
v -15.843342 -11.565912 1.965162
v -15.843342 -7.192071 4.072088
v -15.843342 -7.192074 1.965162
v -15.710718 -7.192073 4.225616
v -15.634476 -7.192073 4.313879
v -15.425608 -7.192073 4.313880
v -15.425606 -7.192073 4.313880
v -15.425608 -11.565908 4.313880
v -15.425606 -11.565910 4.313880
v -15.216742 -11.565908 4.313881
v -15.140493 -11.565910 4.225613
v -15.216742 -7.192073 4.313880
v -15.140491 -7.192073 4.225613
v -15.140491 -7.192073 4.489613
v -15.007874 -7.192071 4.072088
v -15.007874 -7.192072 1.965162
v -15.007875 -11.565910 4.072089
v -15.007875 -11.565910 1.965162
v -15.021938 -11.565910 1.913909
v -15.021936 -7.192074 1.913909
v -14.855379 -11.565910 1.749096
v -14.855377 -7.192074 1.749096
v -14.855379 -11.565910 4.207487
v -14.855377 -7.192073 4.207487
v -15.140493 -11.565910 4.489613
v -15.425606 -7.192073 4.489613
v -15.829277 -7.192072 1.913906
v -15.995832 -7.192076 1.749096
v -15.829279 -11.565910 1.913906
v -12.317904 -11.565912 4.207487
v -12.317904 -11.565912 1.749096
v -12.317904 -7.192073 4.207487
v -12.053490 -11.565908 4.489613
v -12.053490 -7.192071 4.489613
v -11.789078 -11.565912 4.489613
v -12.053490 -11.565908 4.225617
v -11.982782 -11.565912 4.313880
v -12.176485 -11.565910 4.072089
v -12.176485 -11.565910 1.965162
v -12.176485 -7.192073 4.072088
v -12.176485 -7.192074 1.965162
v -12.053490 -7.192071 4.225616
v -11.982780 -7.192073 4.313880
v -11.789080 -7.192071 4.313880
v -11.789078 -7.192071 4.313880
v -11.789080 -11.565910 4.313880
v -11.789078 -11.565912 4.313880
v -11.595379 -11.565912 4.313880
v -11.524666 -11.565912 4.225613
v -11.595377 -7.192073 4.313879
v -11.524666 -7.192073 4.225613
v -11.524666 -7.192073 4.489613
v -11.401676 -7.192071 4.072088
v -11.401676 -7.192072 1.965162
v -11.401674 -11.565910 4.072089
v -11.401674 -11.565910 1.965162
v -11.414719 -11.565910 1.913909
v -11.414719 -7.192072 1.913909
v -11.260252 -11.565910 1.749096
v -11.260252 -7.192072 1.749096
v -11.260252 -11.565910 4.207487
v -11.260252 -7.192071 4.207487
v -11.524666 -11.565912 4.489613
v -11.789078 -7.192071 4.489613
v -12.163441 -7.192074 1.913906
v -12.317904 -7.192074 1.749096
v -12.163441 -11.565910 1.913906
v -11.146402 -11.565910 4.207487
v -11.146402 -11.565910 1.749096
v -11.146402 -7.192071 4.207487
v -10.861290 -11.565910 4.489613
v -10.861292 -7.192073 4.489613
v -10.576178 -11.565910 4.489613
v -10.861290 -11.565910 4.225617
v -10.785048 -11.565910 4.313880
v -10.993912 -11.565910 4.072089
v -10.993912 -11.565912 1.965162
v -10.993912 -7.192071 4.072088
v -10.993912 -7.192072 1.965162
v -10.861292 -7.192073 4.225617
v -10.785046 -7.192073 4.313879
v -10.576180 -7.192073 4.313879
v -10.576176 -7.192071 4.313879
v -10.576178 -11.565908 4.313880
v -10.576178 -11.565910 4.313880
v -10.367311 -11.565908 4.313880
v -10.291063 -11.565910 4.225613
v -10.367313 -7.192073 4.313880
v -10.291063 -7.192071 4.225613
v -10.291063 -7.192071 4.489613
v -10.158445 -7.192073 4.072088
v -10.158445 -7.192074 1.965162
v -10.158445 -11.565910 4.072089
v -10.158445 -11.565910 1.965162
v -10.172508 -11.565910 1.913909
v -10.172508 -7.192074 1.913909
v -10.005949 -11.565910 1.749096
v -10.005949 -7.192074 1.749096
v -10.005949 -11.565910 4.207487
v -10.005949 -7.192071 4.207487
v -10.291063 -11.565910 4.489613
v -10.576176 -7.192071 4.489613
v -10.979847 -7.192074 1.913906
v -11.146402 -7.192074 1.749096
v -10.979849 -11.565910 1.913906
v -13.580086 -11.565910 4.207487
v -13.580086 -11.565910 1.749096
v -13.580086 -7.192073 4.207487
v -13.294971 -11.565908 4.489613
v -13.294971 -7.192073 4.489613
v -13.009859 -11.565910 4.489613
v -13.294971 -11.565908 4.225617
v -13.218727 -11.565910 4.313880
v -13.427595 -11.565910 4.072089
v -13.427595 -11.565910 1.965162
v -13.427593 -7.192071 4.072088
v -13.427593 -7.192072 1.965162
v -13.294971 -7.192073 4.225616
v -13.218727 -7.192073 4.313879
v -13.009859 -7.192073 4.313879
v -13.009857 -7.192073 4.313879
v -13.009861 -11.565910 4.313880
v -13.009859 -11.565910 4.313880
v -12.800995 -11.565912 4.313880
v -12.724745 -11.565908 4.225613
v -12.800993 -7.192071 4.313880
v -12.724745 -7.192073 4.225613
v -12.724745 -7.192073 4.489613
v -12.592127 -7.192073 4.072088
v -12.592127 -7.192074 1.965162
v -12.592127 -11.565912 4.072089
v -12.592127 -11.565912 1.965162
v -12.606190 -11.565910 1.913909
v -12.606190 -7.192074 1.913909
v -12.439631 -11.565910 1.749096
v -12.439632 -7.192074 1.749096
v -12.439631 -11.565908 4.207487
v -12.439632 -7.192073 4.207487
v -12.724743 -11.565908 4.489613
v -13.009857 -7.192073 4.489613
v -13.413530 -7.192074 1.913906
v -13.580086 -7.192074 1.749096
v -13.413530 -11.565912 1.913906
v -14.751585 -11.565910 4.207487
v -14.751585 -11.565910 1.749096
v -14.751585 -7.192076 4.207487
v -14.487173 -11.565910 4.489613
v -14.487171 -7.192071 4.489613
v -14.222761 -11.565910 4.489613
v -14.487173 -11.565910 4.225617
v -14.416466 -11.565910 4.313881
v -14.610168 -11.565910 4.072089
v -14.610168 -11.565910 1.965162
v -14.610167 -7.192071 4.072088
v -14.610167 -7.192074 1.965162
v -14.487171 -7.192071 4.225616
v -14.416466 -7.192073 4.313879
v -14.222761 -7.192073 4.313879
v -14.222761 -7.192073 4.313879
v -14.222763 -11.565910 4.313880
v -14.222763 -11.565910 4.313880
v -14.029060 -11.565910 4.313880
v -13.958349 -11.565910 4.225613
v -14.029062 -7.192076 4.313879
v -13.958349 -7.192076 4.225613
v -13.958349 -7.192076 4.489613
v -13.835360 -7.192071 4.072088
v -13.835360 -7.192072 1.965162
v -13.835360 -11.565908 4.072089
v -13.835360 -11.565908 1.965162
v -13.848402 -11.565910 1.913909
v -13.848400 -7.192074 1.913909
v -13.693937 -11.565910 1.749096
v -13.693937 -7.192074 1.749096
v -13.693937 -11.565910 4.207487
v -13.693937 -7.192073 4.207487
v -13.958347 -11.565910 4.489613
v -14.222761 -7.192073 4.489613
v -14.597124 -7.192074 1.913906
v -14.751585 -7.192076 1.749096
v -14.597124 -11.565910 1.913906
v -7.432450 -11.565912 4.207487
v -7.432448 -11.565910 1.749096
v -7.432449 -7.192073 4.207487
v -7.168036 -11.565910 4.489613
v -7.168036 -7.192073 4.489613
v -6.903625 -11.565910 4.489613
v -7.168037 -11.565910 4.225617
v -7.097330 -11.565912 4.313880
v -7.291030 -11.565910 4.072089
v -7.291030 -11.565910 1.965162
v -7.291028 -7.192071 4.072088
v -7.291029 -7.192072 1.965162
v -7.168036 -7.192073 4.225616
v -7.097328 -7.192073 4.313880
v -6.903626 -7.192073 4.313879
v -6.903624 -7.192073 4.313879
v -6.903626 -11.565910 4.313880
v -6.903625 -11.565910 4.313880
v -6.709924 -11.565912 4.313881
v -6.639211 -11.565910 4.225613
v -6.709924 -7.192073 4.313880
v -6.639211 -7.192071 4.225613
v -6.639211 -7.192071 4.489613
v -6.516222 -7.192073 4.072088
v -6.516222 -7.192074 1.965162
v -6.516222 -11.565910 4.072089
v -6.516223 -11.565910 1.965162
v -6.529265 -11.565910 1.913909
v -6.529265 -7.192074 1.913909
v -6.374799 -11.565910 1.749096
v -6.374799 -7.192074 1.749096
v -6.374799 -11.565910 4.207487
v -6.374799 -7.192073 4.207487
v -6.639211 -11.565910 4.489613
v -6.903624 -7.192073 4.489613
v -7.277986 -7.192072 1.913906
v -7.432449 -7.192076 1.749096
v -7.277987 -11.565912 1.913906
v -6.260948 -11.565910 4.207487
v -6.260948 -11.565910 1.749096
v -6.260947 -7.192073 4.207487
v -5.975834 -11.565910 4.489613
v -5.975834 -7.192073 4.489613
v -5.690721 -11.565912 4.489613
v -5.975835 -11.565910 4.225617
v -5.899589 -11.565910 4.313881
v -6.108459 -11.565912 4.072089
v -6.108457 -11.565910 1.965162
v -6.108456 -7.192071 4.072088
v -6.108456 -7.192072 1.965162
v -5.975834 -7.192073 4.225616
v -5.899590 -7.192073 4.313879
v -5.690724 -7.192073 4.313879
v -5.690721 -7.192073 4.313879
v -5.690723 -11.565910 4.313880
v -5.690722 -11.565912 4.313880
v -5.481857 -11.565910 4.313880
v -5.405609 -11.565912 4.225613
v -5.481856 -7.192073 4.313879
v -5.405608 -7.192073 4.225613
v -5.405608 -7.192073 4.489613
v -5.272991 -7.192073 4.072088
v -5.272991 -7.192074 1.965162
v -5.272991 -11.565910 4.072089
v -5.272991 -11.565910 1.965162
v -5.287054 -11.565910 1.913909
v -5.287054 -7.192074 1.913909
v -5.120493 -11.565908 1.749096
v -5.120495 -7.192074 1.749096
v -5.120496 -11.565912 4.207487
v -5.120495 -7.192073 4.207487
v -5.405609 -11.565912 4.489613
v -5.690721 -7.192073 4.489613
v -6.094392 -7.192074 1.913906
v -6.260947 -7.192074 1.749096
v -6.094392 -11.565910 1.913906
v -8.694633 -11.565910 4.207487
v -8.694633 -11.565910 1.749096
v -8.694632 -7.192071 4.207487
v -8.409521 -11.565910 4.489613
v -8.409519 -7.192071 4.489613
v -8.124407 -11.565910 4.489613
v -8.409521 -11.565910 4.225617
v -8.333275 -11.565912 4.313880
v -8.542143 -11.565910 4.072089
v -8.542143 -11.565910 1.965162
v -8.542143 -7.192073 4.072088
v -8.542143 -7.192074 1.965162
v -8.409519 -7.192071 4.225616
v -8.333277 -7.192076 4.313880
v -8.124411 -7.192076 4.313879
v -8.124407 -7.192073 4.313879
v -8.124409 -11.565910 4.313880
v -8.124407 -11.565910 4.313880
v -7.915542 -11.565910 4.313880
v -7.839294 -11.565910 4.225613
v -7.915541 -7.192073 4.313879
v -7.839292 -7.192073 4.225613
v -7.839292 -7.192073 4.489613
v -7.706675 -7.192071 4.072088
v -7.706675 -7.192074 1.965162
v -7.706676 -11.565912 4.072089
v -7.706676 -11.565912 1.965162
v -7.720739 -11.565912 1.913909
v -7.720739 -7.192074 1.913909
v -7.554181 -11.565910 1.749096
v -7.554180 -7.192074 1.749096
v -7.554181 -11.565910 4.207487
v -7.554180 -7.192073 4.207487
v -7.839294 -11.565910 4.489613
v -8.124407 -7.192073 4.489613
v -8.528078 -7.192074 1.913906
v -8.694633 -7.192072 1.749096
v -8.528076 -11.565908 1.913906
v -9.866131 -11.565910 4.207487
v -9.866131 -11.565910 1.749096
v -9.866133 -7.192073 4.207487
v -9.601721 -11.565910 4.489613
v -9.601719 -7.192073 4.489613
v -9.337307 -11.565908 4.489613
v -9.601721 -11.565910 4.225617
v -9.531012 -11.565908 4.313880
v -9.724714 -11.565910 4.072089
v -9.724714 -11.565910 1.965162
v -9.724712 -7.192073 4.072088
v -9.724712 -7.192074 1.965162
v -9.601719 -7.192073 4.225616
v -9.531012 -7.192073 4.313879
v -9.337309 -7.192071 4.313880
v -9.337309 -7.192073 4.313880
v -9.337309 -11.565910 4.313880
v -9.337307 -11.565908 4.313880
v -9.143608 -11.565910 4.313880
v -9.072895 -11.565910 4.225613
v -9.143608 -7.192073 4.313880
v -9.072895 -7.192071 4.225613
v -9.072895 -7.192071 4.489613
v -8.949905 -7.192073 4.072088
v -8.949905 -7.192074 1.965162
v -8.949905 -11.565910 4.072089
v -8.949905 -11.565910 1.965162
v -8.962948 -11.565910 1.913909
v -8.962948 -7.192074 1.913909
v -8.808483 -11.565910 1.749096
v -8.808483 -7.192074 1.749096
v -8.808483 -11.565910 4.207487
v -8.808483 -7.192073 4.207487
v -9.072895 -11.565910 4.489613
v -9.337309 -7.192073 4.489613
v -9.711670 -7.192074 1.913906
v -9.866131 -7.192072 1.749096
v -9.711668 -11.565910 1.913906
v -17.440241 -11.437580 4.207487
v -17.300081 -11.456406 4.072089
v -16.858080 -7.102664 4.207487
v -16.717918 -7.121487 4.072088
v -17.440241 -11.437580 1.749096
v -17.300083 -11.456406 1.965162
v -16.858080 -7.102663 1.749095
v -16.717918 -7.121485 1.965162
v -16.392004 -11.578358 4.207487
v -16.532169 -11.559534 4.072089
v -15.809841 -7.243439 4.207487
v -15.950005 -7.224610 4.072088
v -16.392004 -11.578356 1.749096
v -16.532169 -11.559532 1.965162
v -15.809841 -7.243439 1.749096
v -15.950005 -7.224611 1.965162
v -16.916126 -11.507969 4.313881
v -16.916124 -11.507971 4.489613
v -16.333961 -7.173049 4.313880
v -16.333960 -7.173048 4.489613
v -16.654062 -11.543161 4.489613
v -16.724148 -11.533751 4.313881
v -16.141985 -7.198832 4.313880
v -16.071901 -7.208241 4.489613
v -16.596020 -7.137856 4.489613
v -16.525942 -7.147265 4.313880
v -17.178183 -11.472776 4.489613
v -17.108101 -11.482185 4.313881
v -15.962931 -7.222876 1.913909
v -16.545095 -11.557798 1.913909
v -16.704992 -7.123220 1.913906
v -17.287157 -11.458143 1.913906
v -16.596022 -7.137856 4.225617
v -17.178183 -11.472776 4.225618
v -16.333960 -7.173048 4.313880
v -16.916124 -11.507971 4.313881
v -16.071901 -7.208241 4.225613
v -16.654062 -11.543161 4.225613
v 17.821110 36.304375 -0.699282
v 17.746433 36.293629 -0.699280
v 17.713192 36.200531 -0.645728
v 17.663687 36.247307 -0.699280
v 17.605194 36.173061 -0.699280
v 17.657816 36.115505 -0.645728
v 17.577602 36.063103 -0.699278
v 17.675129 36.107101 -0.776834
v 17.650126 36.046341 -0.645728
v 17.688444 35.949417 -0.645729
v 17.605192 35.953140 -0.699280
v 17.663685 35.878891 -0.699281
v 17.803835 35.889851 -0.645729
v 17.746435 35.832573 -0.699281
v 17.777666 35.916710 -0.776616
v 17.821112 35.821823 -0.699282
v 17.895788 35.832569 -0.699281
v 17.837696 35.911564 -0.776620
v 17.929029 35.925667 -0.645729
v 17.978535 35.878891 -0.699281
v 18.037027 35.953140 -0.699281
v 17.984406 36.010693 -0.645729
v 18.064617 36.063095 -0.699278
v 17.992094 36.079853 -0.645729
v 17.973063 36.077988 -0.776832
v 18.037027 36.173058 -0.699281
v 17.953777 36.176781 -0.645729
v 17.978533 36.247307 -0.699281
v 17.916018 36.182365 -0.776831
v 17.895786 36.293629 -0.699280
v 17.838387 36.236347 -0.645728
v 17.862986 36.209656 -0.776831
v 17.893276 36.197418 -0.895620
v 17.946484 36.296738 -0.991695
v 17.847116 36.326015 -0.990571
v 17.975771 36.339386 -1.124524
v 18.069841 36.259007 -1.124524
v 18.026445 36.230850 -0.991695
v 17.949268 36.147831 -0.895572
v 17.954412 36.136997 -0.776831
v 17.972553 36.077930 -0.895187
v 18.065014 36.164124 -0.991829
v 18.125795 36.149181 -1.124524
v 17.834032 36.076954 -1.172755
v 17.835306 36.079102 -1.550917
v 18.135746 36.032326 -1.124524
v 18.085806 36.089020 -0.992840
v 18.080038 36.011593 -0.991829
v 17.962994 36.003143 -0.895950
v 18.055185 35.938568 -0.991696
v 18.112402 35.942440 -1.124516
v 18.069855 35.867203 -1.124523
v 17.975780 35.786812 -1.124523
v 17.916019 35.943832 -0.895623
v 17.989750 35.858490 -0.991695
v 17.862986 35.916542 -0.895622
v 17.898323 35.809433 -0.991695
v 17.846851 35.746506 -1.124518
v 17.829744 36.075665 -1.550917
v 17.716028 35.764709 -1.124516
v 17.645945 35.800941 -1.124516
v 17.795101 35.800179 -0.990574
v 17.695740 35.829456 -0.991695
v 17.748945 35.928780 -0.895620
v 17.725451 35.944733 -0.777046
v 17.687809 35.989204 -0.776830
v 17.702982 35.966698 -0.895620
v 17.615776 35.895351 -0.991695
v 17.567781 35.873642 -1.124515
v 17.529821 35.942444 -1.124516
v 17.825441 36.081360 -1.172643
v 17.825365 36.081528 -1.550917
v 17.506477 36.032326 -1.124523
v 17.567297 35.986454 -0.991695
v 17.675129 36.019096 -0.895620
v 17.669518 36.047115 -0.777048
v 17.669518 36.079082 -0.895408
v 17.556416 36.089020 -0.992839
v 17.511879 36.124607 -1.124516
v 17.538975 36.206779 -1.124523
v 17.615416 36.303806 -1.124523
v 17.587036 36.187630 -0.991695
v 17.726202 36.182365 -0.895623
v 17.652468 36.267708 -0.991696
v 17.723511 36.364319 -1.124524
v 17.831879 36.085426 -1.172619
v 17.832033 36.085434 -1.550917
v 17.852329 36.378773 -1.124524
v 17.743896 36.316765 -0.991695
v 17.837692 36.214638 -0.895832
v 17.779236 36.209656 -0.895622
v 17.804527 36.214638 -0.776620
v 17.748941 36.197418 -0.776834
v 17.702982 36.159504 -0.776834
v 17.687809 36.136997 -0.895622
v 17.804527 35.911560 -0.895833
v 17.893278 35.928780 -0.776834
v 17.939241 35.966698 -0.776834
v 17.966358 36.017685 -0.777045
v 8.644523 14.718441 -1.166243
v 8.644524 35.195328 -1.166245
v 8.644523 14.718441 -1.381823
v 8.644524 35.195328 -1.381825
v 26.309309 14.718440 -1.166243
v 26.309309 35.195324 -1.166245
v 26.309309 14.718440 -1.381823
v 26.309309 35.195324 -1.381826
v 8.644522 35.185699 -1.083443
v 8.644522 35.185699 -1.382061
v 8.644524 36.837860 -1.083443
v 26.309309 35.185699 -1.083443
v 26.309309 35.185699 -1.382061
v 26.309309 36.837864 -1.083442
v 26.309309 36.837864 -1.382060
v 8.644524 36.837860 -1.382061
v -46.817783 -12.880463 53.503517
v -46.817783 -12.477278 53.503517
v -46.817780 -12.880465 1.121958
v -46.817783 -12.477283 1.121958
v -19.662306 -12.880463 53.503513
v -19.662306 -12.477278 53.503513
v -19.662308 -12.880466 1.121960
v -19.662308 -12.477282 1.121961
v -18.929089 -12.880463 53.503513
v -18.929089 -12.477279 53.503513
v -18.929089 -12.880466 1.121960
v -18.929089 -12.477283 1.121960
v 8.226387 -12.880463 53.503521
v 8.226385 -12.477278 53.503521
v 8.226387 -12.880466 1.121963
v 8.226385 -12.477283 1.121963
v 8.845081 -12.880463 53.503513
v 8.845081 -12.477279 53.503513
v 8.845079 -12.880466 1.121957
v 8.845079 -12.477283 1.121957
v 36.000561 -12.880463 53.503513
v 36.000557 -12.477278 53.503513
v 36.000557 -12.880466 1.121959
v 36.000557 -12.477282 1.121959
v 8.845083 -12.880459 105.946548
v 8.845083 -12.477275 105.946548
v 8.845081 -12.880463 53.564999
v 8.845081 -12.477279 53.564999
v 36.000561 -12.880459 105.946556
v 36.000557 -12.477274 105.946556
v 36.000561 -12.880463 53.564995
v 36.000557 -12.477278 53.564995
v -18.929087 -12.880459 105.946556
v -18.929087 -12.477275 105.946556
v -18.929089 -12.880463 53.564991
v -18.929089 -12.477279 53.564991
v 8.226389 -12.880459 105.946548
v 8.226387 -12.477275 105.946548
v 8.226387 -12.880463 53.564999
v 8.226385 -12.477278 53.564999
v -46.817780 -12.880459 105.946556
v -46.817780 -12.477272 105.946556
v -46.817783 -12.880463 53.564991
v -46.817783 -12.477278 53.564991
v -19.662306 -12.880459 105.946556
v -19.662308 -12.477274 105.946556
v -19.662306 -12.880463 53.564991
v -19.662306 -12.477278 53.564991
vn -0.0000 1.0000 -0.0000
vn -0.0000 -0.6968 0.7173
vn -0.0000 0.6968 0.7173
vn 1.0000 -0.0000 -0.0000
vn -0.0000 1.0000 0.0002
vn -1.0000 -0.0000 -0.0000
vn -0.0000 -1.0000 -0.0000
vn 0.1793 -0.0000 0.9838
vn -0.5681 -0.0000 0.8230
vn 0.5681 -0.0000 0.8230
vn -0.0000 -0.0000 1.0000
vn -0.0000 -0.9950 0.0994
vn 0.1106 -0.9939 -0.0000
vn -0.1000 -0.9950 -0.0000
vn -0.0001 0.0001 1.0000
vn -0.0001 -0.0445 0.9990
vn -0.0001 -0.0440 0.9990
vn -0.0000 -0.0433 0.9991
vn 0.9992 -0.0394 -0.0000
vn 0.9992 -0.0394 -0.0002
vn -0.0000 -0.0000 -1.0000
vn -0.9914 0.0033 0.1306
vn -0.1832 -0.0000 0.9831
vn -0.0000 -0.9651 0.2618
vn 0.9972 0.0003 0.0745
vn 0.9974 0.0001 0.0716
vn 0.9972 0.0004 0.0754
vn 0.0029 0.9999 0.0134
vn 0.0028 0.9999 0.0145
vn 0.0029 0.9999 0.0127
vn -0.9972 0.0002 0.0746
vn -0.9974 0.0001 0.0721
vn -0.9975 -0.0000 0.0708
vn -0.2339 0.0034 0.9722
vn 0.0003 0.0932 0.9956
vn 0.0002 0.0915 0.9958
vn 0.0003 0.0944 0.9955
vn -0.0020 -1.0000 -0.0076
vn 0.1396 0.0082 0.9902
vn -0.0003 -0.0885 0.9961
vn -0.0002 -0.0867 0.9962
vn -0.0003 -0.0897 0.9960
vn -0.1046 0.0071 0.9945
vn -0.0000 0.0040 1.0000
vn 0.9995 -0.0301 -0.0002
vn -0.9995 -0.0301 -0.0003
vn -0.9995 -0.0301 -0.0002
vn 0.0021 1.0000 0.0076
vn 0.2041 0.6520 -0.7302
vn 0.3403 -0.7155 -0.6101
vn -0.0521 -0.7415 -0.6689
vn 0.5408 0.6898 -0.4813
vn 0.5928 -0.7270 -0.3465
vn 0.6785 0.7088 -0.1930
vn 0.7133 -0.7009 -0.0001
vn 0.4673 0.6847 0.5593
vn 0.3034 -0.7352 0.6061
vn 0.5925 -0.7062 0.3876
vn 0.1624 0.6533 0.7395
vn -0.0435 -0.7344 0.6773
vn -0.2853 0.6040 0.7442
vn -0.3931 -0.7467 0.5366
vn -0.6752 0.5767 0.4599
vn -0.5797 -0.7629 0.2861
vn -0.7496 0.5737 -0.3301
vn -0.5647 -0.7601 -0.3214
vn -0.6522 -0.7580 0.0102
vn -0.4836 0.6146 -0.6232
vn -0.3467 -0.7625 -0.5462
vn 0.0982 0.9888 -0.1124
vn -0.1833 0.6394 -0.7467
vn -0.0371 0.9903 -0.1342
vn 0.1536 0.9879 0.0211
vn 0.7027 0.7045 0.0993
vn -0.0644 0.9900 0.1256
vn -0.1403 0.9897 -0.0266
vn 0.0722 0.9893 0.1266
vn -0.8067 0.5859 0.0769
vn 0.6410 0.7005 0.3137
vn 0.2356 0.7196 0.6533
vn -0.8130 0.0177 -0.5820
vn 0.1253 0.8549 -0.5035
vn -0.4502 -0.4275 0.7840
vn -0.4411 -0.4162 -0.7951
vn 0.2544 0.2347 0.9382
vn -0.7280 -0.6855 0.0104
vn 0.7453 0.6632 -0.0684
vn -0.1318 -0.3216 0.9377
vn 0.2651 0.2155 -0.9399
vn -0.5653 -0.5836 -0.5829
vn 0.6522 0.4791 0.5875
vn -0.6696 -0.4563 0.5859
vn -0.0388 0.1969 -0.9796
vn 0.2712 0.2703 0.9238
vn 0.2711 0.2705 0.9238
vn 0.2728 0.2680 0.9240
vn -0.8407 -0.5233 -0.1390
vn 0.0831 0.1913 -0.9780
vn 0.0836 0.1921 -0.9778
vn 0.0832 0.1916 -0.9779
vn 0.3371 0.3456 0.8757
vn 0.4502 -0.4275 -0.7840
vn 0.4391 -0.4217 0.7934
vn -0.2544 0.2347 -0.9382
vn 0.7280 -0.6855 0.0139
vn -0.7453 0.6632 0.0684
vn 0.1318 -0.3216 -0.9377
vn -0.2651 0.2155 0.9399
vn 0.5653 -0.5836 0.5829
vn -0.6522 0.4791 -0.5875
vn 0.6170 -0.5249 -0.5864
vn 0.0055 0.2303 0.9731
vn -0.2586 0.2872 -0.9223
vn 0.8539 -0.5148 0.0759
vn 0.8538 -0.5151 0.0759
vn 0.8537 -0.5151 0.0759
vn 0.6464 0.6091 -0.4596
vn -0.5541 0.8324 0.0052
vn -0.0694 0.2479 -0.9663
vn -0.2908 0.5471 0.7849
vn 0.3857 0.9085 -0.1605
vn 0.2523 0.2379 -0.9380
vn -0.1829 -0.1669 0.9689
vn -0.4516 -0.4257 -0.7841
vn 0.6104 0.5700 0.5500
vn -0.7267 -0.6869 -0.0108
vn 0.6423 0.7417 -0.1932
vn -0.7231 -0.6824 0.1068
vn -0.5749 -0.5732 0.5838
vn 0.6862 0.5251 -0.5033
vn -0.3968 -0.5228 -0.7544
vn 0.1921 0.0909 -0.9771
vn 0.2730 0.2679 0.9239
vn -0.6351 -0.7703 0.0573
vn -0.3333 0.9324 -0.1397
vn -0.5120 -0.2148 0.8317
vn 0.2247 0.2780 -0.9340
vn -0.6262 -0.5136 -0.5866
vn 0.4014 0.5515 0.7312
vn -0.6464 0.6091 0.4596
vn 0.5383 0.8427 0.0054
vn 0.8535 -0.5156 0.0759
vn 0.0808 0.3387 0.9374
vn 0.7388 0.1971 -0.6444
vn -0.1795 0.1693 0.9691
vn 0.1829 -0.1669 -0.9689
vn 0.5764 -0.5434 0.6103
vn -0.6080 0.5747 -0.5478
vn 0.7230 -0.6826 -0.1068
vn 0.5749 -0.5732 -0.5838
vn -0.6862 0.5251 0.5033
vn 0.3968 -0.5228 0.7545
vn -0.1921 0.0909 0.9771
vn -0.2730 0.2679 -0.9239
vn 0.6351 -0.7703 -0.0573
vn -0.6682 0.7400 0.0774
vn -0.2142 0.2936 0.9316
vn 0.0785 0.1833 -0.9799
vn 0.6262 -0.5136 0.5866
vn -0.6332 0.7714 -0.0629
vn -0.6674 0.2626 0.6969
vn -0.7534 -0.3971 -0.5241
vn -0.7534 -0.3971 0.5241
vn 0.4183 0.8004 -0.4295
vn 0.6674 -0.2626 -0.6969
vn 0.3081 -0.6850 -0.6602
vn 0.7534 0.3971 -0.5241
vn 0.6673 -0.2626 0.6969
vn -0.4183 -0.8004 0.4295
vn 0.3081 -0.6850 0.6602
vn -0.3081 0.6850 -0.6602
vn -0.3081 0.6850 0.6602
vn 0.0104 0.8115 -0.5843
vn 0.4183 0.8004 0.4295
vn -0.4183 -0.8003 -0.4295
vn -0.0104 -0.8114 0.5843
vn 0.0104 0.8115 0.5843
vn -0.0104 -0.8115 -0.5843
vn -0.6673 0.2626 -0.6969
vn 0.7534 0.3971 0.5241
vn -0.7176 -0.4984 0.4865
vn -0.7289 -0.3884 -0.5638
vn -0.4880 -0.7674 -0.4159
vn -0.3937 0.6266 0.6726
vn -0.3015 0.6731 -0.6753
vn -0.5944 0.3942 -0.7009
vn 0.3937 -0.6266 0.6726
vn 0.3015 -0.6731 -0.6753
vn 0.5944 -0.3942 -0.7010
vn -0.2624 -0.8261 0.4987
vn -0.4111 -0.7804 -0.4712
vn -0.0849 -0.8293 -0.5523
vn -0.3268 0.6453 0.6905
vn -0.2115 0.7263 -0.6540
vn -0.4017 0.5768 -0.7113
vn -0.0525 0.7981 0.6002
vn 0.0849 0.8293 -0.5523
vn 0.2624 0.8261 0.4987
vn 0.4111 0.7804 -0.4712
vn 0.3268 -0.6453 0.6905
vn 0.2115 -0.7263 -0.6540
vn 0.4017 -0.5768 -0.7113
vn 0.0525 -0.7981 0.6002
vn 0.8911 0.4318 0.1398
vn 0.9805 -0.1405 0.1372
vn 0.8850 -0.4451 0.1363
vn -0.1405 -0.9805 0.1372
vn -0.7644 -0.0732 -0.6406
vn -0.7428 0.0370 0.6685
vn -0.4068 -0.7873 0.4633
vn -0.6304 0.2882 0.7208
vn 0.0659 0.8438 0.5325
vn -0.0289 0.8242 -0.5655
vn 0.3822 0.8010 -0.4608
vn 0.4207 0.7810 0.4616
vn 0.6071 0.6200 -0.4970
vn 0.6109 0.6153 0.4982
vn 0.7246 0.4076 -0.5557
vn 0.7394 0.3606 0.5686
vn 0.7583 0.0581 -0.6493
vn 0.7394 -0.0479 0.6716
vn 0.6304 -0.2882 0.7208
vn -0.0813 -0.8500 0.5204
vn 0.0149 -0.8286 -0.5596
vn -0.6507 -0.5711 -0.5004
vn -0.4992 -0.7230 0.4776
vn -0.6720 -0.5350 0.5120
vn -0.7484 -0.2704 -0.6056
vn -0.7498 -0.2374 0.6176
vn -0.7262 -0.0081 -0.6875
vn -0.7249 -0.0016 0.6888
vn -0.6700 0.1935 -0.7167
vn -0.6584 0.2223 0.7191
vn -0.5463 0.4175 -0.7261
vn -0.5235 0.4474 0.7251
vn 0.6507 0.5711 -0.5004
vn 0.4992 0.7230 0.4775
vn 0.6720 0.5350 0.5120
vn 0.7484 0.2704 -0.6056
vn 0.7498 0.2374 0.6176
vn 0.7262 0.0081 -0.6875
vn 0.7249 0.0016 0.6889
vn 0.6700 -0.1935 -0.7167
vn 0.6584 -0.2223 0.7191
vn 0.5463 -0.4175 -0.7261
vn 0.5235 -0.4474 0.7251
vn 0.1227 0.9924 -0.0000
vn 0.4547 0.8877 -0.0725
vn 0.7552 0.6518 -0.0696
vn 0.9865 0.1368 0.0898
vn 0.9343 0.3291 -0.1372
vn 0.7769 -0.6151 -0.1348
vn 0.9405 -0.2722 -0.2035
vn 0.4816 -0.8732 -0.0743
vn 0.1373 -0.9898 0.0382
vn -0.4846 -0.8695 0.0957
vn -0.2496 -0.9582 -0.1398
vn -0.7428 -0.6666 -0.0619
vn -0.8934 -0.4494 -0.0000
vn -0.9880 -0.1416 -0.0619
vn -0.9924 0.1227 -0.0000
vn -0.9001 0.4312 -0.0619
vn -0.7570 0.6534 -0.0000
vn -0.4855 0.8712 -0.0725
vn -0.1416 0.9880 -0.0619
vn -0.0000 -0.7892 -0.6141
vn 0.8039 -0.0000 -0.5948
vn -0.8038 -0.0000 -0.5948
vn -0.0000 0.7961 -0.6052
vn 0.8038 -0.0000 -0.5948
vn -0.8039 -0.0000 -0.5948
vn -0.5828 -0.7897 0.1918
vn -0.8693 0.4939 0.0200
vn -0.6030 -0.7582 -0.2479
vn -0.3043 0.7381 -0.6021
vn -0.2442 -0.6755 -0.6958
vn 0.2861 0.8082 -0.5148
vn 0.4953 -0.5128 -0.7012
vn 0.5827 0.7897 -0.1918
vn 0.8693 -0.4939 -0.0200
vn 0.6030 0.7582 0.2479
vn 0.3043 -0.7381 0.6021
vn 0.2442 0.6755 0.6957
vn -0.2861 -0.8082 0.5148
vn -0.4953 0.5128 0.7012
vn 0.5260 0.7719 0.3570
vn 0.6295 -0.6972 0.3430
vn 0.6296 0.7569 0.1754
vn -0.2270 -0.7848 -0.5767
vn 0.1546 0.6653 -0.7304
vn 0.2727 -0.7779 -0.5662
vn 0.5986 0.7260 -0.3384
vn 0.7230 -0.6745 -0.1496
vn 0.6294 0.7517 0.1969
vn 0.5471 -0.5646 0.6180
vn 0.2270 0.7848 0.5767
vn -0.1546 -0.6653 0.7304
vn -0.2727 0.7779 0.5662
vn -0.5986 -0.7260 0.3384
vn -0.7230 0.6744 0.1496
vn -0.6294 -0.7517 -0.1969
vn -0.5471 0.5646 -0.6180
vn 0.6159 -0.7877 0.0153
vn 0.6678 0.7176 -0.1978
vn 0.6439 0.7018 0.3047
vn 0.4470 -0.6873 -0.5725
vn 0.2670 0.7387 -0.6189
vn -0.2356 -0.6498 -0.7227
vn -0.3469 0.8103 -0.4723
vn -0.6677 -0.7177 0.1978
vn -0.6159 0.7877 -0.0153
vn -0.6438 -0.7019 -0.3047
vn -0.2670 -0.7387 0.6189
vn -0.4470 0.6873 0.5725
vn 0.3469 -0.8103 0.4723
vn 0.2356 0.6498 0.7227
vn 0.0197 0.7660 0.6426
vn -0.1125 -0.7675 0.6311
vn -0.0211 -0.7663 0.6421
vn -0.2754 -0.7529 0.5977
vn -0.3423 0.7608 0.5513
vn -0.3692 -0.7703 0.5199
vn -0.1733 0.7397 0.6503
vn -0.4508 0.7572 0.4727
vn -0.4612 -0.7712 0.4388
vn -0.5387 0.7545 0.3749
vn -0.5356 -0.7719 0.3426
vn -0.6056 0.7520 0.2603
vn -0.5902 -0.7724 0.2348
vn -0.6475 0.7503 0.1334
vn -0.6235 -0.7727 0.1193
vn -0.6666 0.7454 -0.0083
vn -0.6361 -0.7716 -0.0088
vn -0.6630 0.7252 -0.1857
vn -0.6115 -0.7642 -0.2050
vn -0.5460 -0.7696 -0.3310
vn -0.5521 0.7477 -0.3690
vn -0.4563 -0.7687 -0.4482
vn -0.4425 0.7516 -0.4892
vn -0.3077 -0.7609 -0.5712
vn -0.3165 0.7444 -0.5879
vn -0.1635 -0.7648 -0.6232
vn -0.1158 0.7603 -0.6391
vn -0.0211 -0.7663 -0.6421
vn 0.0231 0.7668 -0.6415
vn 0.0966 -0.7555 -0.6480
vn 0.2920 -0.7246 -0.6242
vn 0.4141 0.7641 -0.4947
vn 0.4405 -0.7369 -0.5128
vn 0.2004 0.7508 -0.6294
vn 0.5658 0.7630 -0.3126
vn 0.6175 -0.7227 -0.3106
vn 0.6404 0.7631 -0.0874
vn 0.6990 -0.7138 -0.0430
vn 0.6851 -0.7210 0.1036
vn 0.4462 -0.7540 0.4820
vn 0.3525 0.7559 0.5517
vn 0.2717 -0.7359 0.6202
vn 0.1571 0.7665 0.6228
vn 0.1112 -0.7621 0.6378
vn -0.0779 0.9920 0.0993
vn 0.0999 0.9915 -0.0837
vn -0.0779 0.9920 -0.0993
vn 0.2319 0.9585 0.1661
vn -0.1737 0.9595 0.2219
vn -0.1737 0.9595 -0.2219
vn 0.2319 0.9585 -0.1661
vn 0.0999 0.9915 0.0837
vn 0.3149 0.9234 -0.2195
vn 0.3149 0.9234 0.2195
vn -0.2379 0.9243 0.2984
vn -0.2379 0.9243 -0.2984
vn 0.2922 0.9157 0.2758
vn -0.3206 0.9145 0.2466
vn -0.3206 0.9145 -0.2466
vn 0.2922 0.9157 -0.2758
vn -0.0001 -0.0000 1.0000
vn 0.0001 -0.0000 1.0000
vn 0.3001 0.7219 -0.6235
vn 0.4504 -0.7429 -0.4953
vn -0.1147 -0.7588 -0.6411
vn 0.6615 0.7415 -0.1119
vn 0.6700 -0.7418 -0.0285
vn 0.6252 0.7354 0.2613
vn 0.5216 -0.7499 0.4070
vn 0.0377 0.7049 0.7083
vn -0.2911 -0.7730 0.5637
vn 0.1222 -0.7643 0.6332
vn -0.3710 0.6721 0.6408
vn -0.5707 -0.7708 0.2831
vn -0.7834 0.6214 -0.0148
vn -0.6311 -0.7737 -0.0553
vn -0.1397 0.6756 -0.7239
vn -0.5158 -0.7680 -0.3796
vn -0.3593 0.7477 0.5584
vn -0.3890 0.8935 0.2244
vn -0.2270 0.8716 0.4345
vn 0.2539 0.7644 -0.5926
vn -0.0728 0.8578 -0.5088
vn -0.3801 0.7312 -0.5665
vn 0.6060 0.7666 -0.2123
vn 0.2278 0.8612 -0.4544
vn 0.5947 0.7707 0.2289
vn 0.3799 0.8604 0.3398
vn 0.4972 0.8607 -0.1092
vn 0.5343 0.7405 -0.4076
vn -0.6238 0.6311 -0.4611
vn 0.3800 0.7289 0.5695
vn -0.6626 0.6531 0.3665
vn -0.2915 0.8727 -0.3918
vn -0.6866 0.7253 0.0495
vn -0.4222 0.8813 -0.2124
vn -0.4394 0.8983 -0.0023
vn 0.2634 0.7603 0.5938
vn 0.0488 0.8610 0.5062
vn -0.2449 -0.5424 0.8036
vn -0.2450 -0.5424 0.8036
vn 0.3172 -0.6852 0.6556
vn -0.3140 -0.9399 0.1342
vn 0.2652 -0.9444 -0.1943
vn -0.0000 -1.0000 0.0001
vn 0.0001 -1.0000 -0.0000
vn 0.0001 -1.0000 -0.0001
vn -0.0744 -0.9424 0.3261
vn -0.0001 -1.0000 0.0001
vn 0.0943 -0.9459 -0.3104
vn 0.0942 -0.9460 -0.3101
vn 0.0947 -0.9458 -0.3106
vn -0.1977 -0.9398 -0.2788
vn -0.1971 -0.9391 -0.2816
vn -0.1961 -0.9383 -0.2849
vn 0.0005 -1.0000 -0.0006
vn 0.0003 -1.0000 -0.0004
vn -0.2911 -0.0000 0.9567
vn -0.2910 -0.0000 0.9567
vn -0.2914 -0.0002 0.9566
vn 0.2915 -0.0000 -0.9566
vn -0.9569 -0.0001 -0.2903
vn -0.9570 -0.0000 -0.2901
vn -0.9566 -0.0006 -0.2913
vn 0.9566 -0.0000 0.2915
vn -0.1468 -0.8643 0.4810
vn -0.1471 -0.8659 0.4781
vn -0.1470 -0.8654 0.4790
vn 0.1441 -0.8666 -0.4777
vn 0.1461 -0.8649 -0.4802
vn 0.1446 -0.8661 -0.4784
vn 0.5149 0.8110 -0.2778
vn -0.5144 0.8115 0.2775
vn -0.1649 0.8274 0.5368
vn -0.1645 0.8261 0.5389
vn -0.1644 0.8259 0.5394
vn -0.2724 0.8111 -0.5175
vn 0.2722 0.8113 0.5173
vn 0.1638 0.8268 -0.5382
vn 0.1622 0.8281 -0.5366
vn 0.1642 0.8264 -0.5386
vn -0.6353 0.7425 0.2126
vn -0.2450 0.5698 0.7844
vn -0.2419 0.5621 0.7909
vn -0.2445 0.5684 0.7856
vn -0.2414 0.5608 0.7920
vn -0.7731 0.4779 0.4171
vn 0.7745 0.4751 -0.4178
vn 0.1762 0.8058 -0.5654
vn -0.2744 0.8543 0.4415
vn 0.2284 0.8600 0.4564
vn 0.6471 0.7298 0.2207
vn -0.5742 0.7815 -0.2441
vn 0.3455 0.8296 0.4387
vn -0.1116 -0.0600 0.9919
vn 0.9468 -0.2446 0.2089
vn 0.8911 -0.3755 -0.2547
vn 0.4873 -0.4476 -0.7498
vn -0.1588 -0.4926 -0.8556
vn -0.9678 -0.2048 -0.1464
vn -0.8759 -0.3389 0.3434
vn -0.0144 -0.3446 0.9386
vn 0.6316 -0.3483 0.6927
vn 0.2833 0.9399 0.1905
vn 0.0767 0.9131 0.4005
vn -0.1831 0.9438 0.2752
vn -0.4121 0.9073 0.0834
vn -0.2833 0.9399 -0.1905
vn -0.0767 0.9131 -0.4005
vn 0.1831 0.9438 -0.2752
vn 0.4121 0.9073 -0.0834
vn 0.9750 -0.0551 0.2151
vn 0.9599 -0.0569 -0.2744
vn 0.5424 -0.0970 -0.8345
vn -0.9877 -0.0457 -0.1494
vn -0.0152 -0.0970 0.9952
vn 0.6716 -0.0813 0.7365
vn 0.7046 0.7087 0.0353
vn 0.6063 0.7595 -0.2355
vn 0.4886 0.7362 -0.4682
vn 0.2497 0.7312 -0.6348
vn -0.4013 0.7122 -0.5759
vn -0.7047 0.7087 -0.0353
vn -0.6063 0.7595 0.2355
vn -0.4751 0.7312 0.4896
vn -0.1536 0.7009 0.6965
vn 0.4013 0.7122 0.5759
vn -0.8566 0.0409 -0.5143
vn -0.5230 0.0426 -0.8513
vn 0.0152 -0.0800 -0.9967
vn 0.1411 0.0406 -0.9892
vn 0.9985 0.0540 -0.0076
vn -0.4346 0.0406 0.8997
vn -0.9089 0.0426 0.4149
vn -0.9984 0.0238 -0.0509
vn -0.7930 -0.5592 -0.2416
vn -0.4627 -0.5739 -0.6757
vn -0.7565 -0.6023 0.2549
vn 0.2410 -0.5626 -0.7908
vn 0.4863 -0.4892 0.7240
vn -0.7279 -0.5620 0.3927
vn -0.3854 0.8812 0.2738
vn 0.1678 0.8174 -0.5511
vn 0.6688 -0.6500 -0.3608
vn 0.7492 -0.6216 0.2286
vn 0.2109 -0.9344 0.2870
vn 0.2080 -0.9354 0.2860
vn 0.2118 -0.9341 0.2874
vn 0.7383 -0.6344 0.2291
vn -0.1981 -0.9398 -0.2784
vn 0.4005 -0.9077 0.1255
vn 0.4070 -0.9049 0.1250
vn 0.3992 -0.9082 0.1255
vn -0.3077 -0.9448 0.1128
vn 0.3252 -0.9380 -0.1200
vn 0.3251 -0.9380 -0.1200
vn 0.3255 -0.9379 -0.1199
vn -0.4449 -0.8853 -0.1355
vn 0.0940 -0.9461 -0.3100
vn -0.0001 -1.0000 -0.0000
vn -0.0002 -1.0000 0.0003
vn -0.0945 -0.9463 0.3091
vn -0.0943 -0.9463 0.3091
vn -0.0941 -0.9464 0.3089
vn 0.2916 -0.0000 -0.9566
vn 0.4658 -0.0000 0.8849
vn 0.4661 0.0001 0.8847
vn 0.4662 0.0001 0.8847
vn -0.4657 -0.0000 -0.8850
vn -0.4657 -0.0000 -0.8849
vn -0.9511 0.0004 0.3088
vn -0.9499 0.0010 0.3125
vn -0.9493 0.0014 0.3144
vn -0.2915 -0.0002 0.9566
vn 0.9546 -0.0000 -0.2977
vn -0.6263 -0.0000 -0.7796
vn -0.9566 -0.0007 -0.2915
vn -0.8801 -0.0000 0.4748
vn 0.6186 -0.0000 0.7857
vn 0.6188 -0.0000 0.7856
vn 0.8801 -0.0000 -0.4748
vn 0.5663 -0.8059 0.1726
vn 0.1465 -0.8645 -0.4808
vn 0.2461 -0.8489 0.4677
vn -0.2463 -0.8487 -0.4680
vn -0.1468 -0.8639 0.4817
vn -0.5024 -0.8493 0.1620
vn 0.5048 -0.8487 -0.1575
vn -0.5663 -0.8059 -0.1726
vn -0.3312 -0.8487 -0.4123
vn 0.3267 -0.8493 0.4146
vn -0.4649 -0.8491 0.2508
vn 0.3423 0.8331 0.4345
vn 0.4657 -0.8485 -0.2512
vn -0.3281 0.8286 -0.4536
vn -0.6233 0.7585 -0.1900
vn 0.5250 0.8288 -0.1937
vn -0.5242 0.8283 0.1978
vn 0.6233 0.7585 0.1900
vn 0.6471 0.7283 -0.2255
vn 0.1617 0.8285 -0.5361
vn -0.1650 0.8278 0.5362
vn 0.4059 0.7304 0.5493
vn 0.6262 0.7669 0.1402
vn -0.6321 0.7499 -0.1951
vn -0.4159 0.7235 -0.5510
vn -0.1521 0.8445 0.5134
vn 0.6471 0.7365 0.1972
vn 0.1342 0.8281 -0.5443
vn -0.0883 0.8327 0.5467
vn 0.2437 0.5637 -0.7892
vn 0.2421 0.5596 -0.7926
vn 0.2418 0.5586 -0.7934
vn 0.8442 0.4702 0.2573
vn 0.4102 0.4734 0.7795
vn -0.4099 0.4748 -0.7788
vn -0.8362 0.4776 0.2696
vn 0.8394 0.4762 -0.2618
vn -0.8441 0.4703 -0.2573
vn -0.8444 0.4699 -0.2572
vn -0.8445 0.4698 -0.2571
vn -0.5123 0.5067 -0.6934
vn 0.5328 0.5087 0.6763
vn 0.4657 -0.0000 0.8850
vn 0.4657 -0.0000 0.8849
vn 0.6188 -0.0000 0.7855
vn -0.2915 -0.0000 0.9566
vn -0.9518 -0.0000 0.3069
vn -0.9566 -0.0000 -0.2915
vn 0.9546 -0.0000 -0.2978
vn 0.8671 0.0434 0.4962
vn -0.5140 0.8481 0.1287
vn -0.6216 0.7667 -0.1604
vn 0.1218 0.8341 -0.5380
vn -0.4582 0.8128 -0.3598
vn 0.4518 0.8608 -0.2344
vn -0.2278 0.7455 0.6263
vn 0.6528 0.7375 0.1729
vn 0.9985 -0.0000 0.0556
vn -0.8462 -0.0382 -0.5315
vn 0.3507 -0.0000 -0.9365
vn 0.8876 -0.0000 -0.4606
vn -0.9873 0.0600 -0.1470
vn 0.3244 -0.0425 0.9450
vn -0.5695 0.0394 -0.8211
vn -0.6806 0.0912 0.7270
vn -0.8564 0.0467 -0.5142
vn 0.0146 -0.0512 -0.9986
vn -0.9681 -0.0634 0.2424
vn 0.9773 0.2116 -0.0075
vn 0.7043 0.3415 -0.6224
vn 0.1320 0.3540 -0.9259
vn -0.5038 0.2712 -0.8201
vn -0.7296 0.2280 0.6448
vn -0.9748 0.2231 0.0075
vn -0.1392 0.1666 0.9761
vn 0.5153 0.1751 0.8389
vn 0.8452 0.1678 0.5075
vn -0.0018 1.0000 -0.0000
vn 0.1833 0.9651 0.1870
vn -0.1828 0.9655 0.1855
vn -0.1833 0.9651 -0.1870
vn 0.1828 0.9655 -0.1854
vn 0.0001 -1.0000 0.0001
vn 0.0003 -1.0000 0.0002
vn -0.0004 -1.0000 0.0004
vn -0.0016 -1.0000 -0.0005
vn -0.0017 -1.0000 -0.0006
vn -0.1777 -0.0543 -0.9826
vn -0.1778 -0.0538 -0.9826
vn -0.1772 -0.0541 -0.9827
vn 0.9985 0.0209 0.0507
vn 0.9322 0.0018 -0.3620
vn 0.7218 0.0242 -0.6917
vn 0.3655 0.0261 -0.9304
vn -0.8527 -0.1034 -0.5121
vn -0.5713 0.0416 -0.8197
vn -0.9317 -0.0237 0.3623
vn -0.9309 -0.0222 0.3646
vn -0.9308 -0.0220 0.3649
vn -0.9986 0.0147 -0.0508
vn -0.6506 0.0009 0.7594
vn -0.1038 0.8150 -0.5701
vn -0.1068 0.8118 -0.5741
vn -0.1076 0.8110 -0.5751
vn -0.2156 0.0261 0.9761
vn 0.2134 0.0242 0.9767
vn 0.5718 0.0018 0.8204
vn 0.8566 0.0375 0.5146
vn 0.5175 0.8490 -0.1066
vn 0.2926 0.8459 -0.4460
vn -0.4557 0.8337 -0.3118
vn 0.1174 0.8351 0.5375
vn -0.5175 0.8490 0.1066
vn -0.2856 0.8539 0.4350
vn 0.4557 0.8337 0.3118
vn 0.6500 -0.0446 -0.7587
vn -0.6716 -0.0810 -0.7365
vn 0.7836 -0.0369 0.6202
vn 0.9282 -0.0784 -0.3639
vn 0.9878 -0.0446 0.1494
vn 0.1823 -0.0542 0.9818
vn -0.5432 -0.0800 0.8358
vn -0.9600 -0.0559 0.2744
vn -0.9751 -0.0542 -0.2151
vn 0.7989 -0.0000 0.6015
vn 0.7989 -0.0000 0.6014
vn -0.0000 -0.8364 0.5480
vn -0.0000 0.8365 0.5480
vn -0.0000 0.8364 0.5480
vn -0.7989 -0.0000 0.6015
vn -0.8009 0.5988 -0.0002
vn -0.8009 0.5988 -0.0000
vn -0.4894 0.8721 -0.0000
vn -0.1146 -0.9934 -0.0000
vn -0.8009 -0.5988 -0.0000
vn -0.4894 -0.8721 -0.0000
vn -0.1146 0.9934 -0.0000
vn 0.5015 -0.8652 -0.0000
vn 0.8101 -0.5864 -0.0000
vn 0.5015 0.8652 -0.0000
vn 0.1183 -0.9930 -0.0000
vn 0.8101 0.5864 -0.0000
vn 0.8101 0.5863 -0.0000
vn 0.1183 0.9930 -0.0000
vn -0.8009 -0.5988 0.0001
vn 0.5014 -0.8652 -0.0000
vn -0.8266 0.3282 -0.4572
vn -0.5804 0.4503 -0.6785
vn -0.2984 0.3936 -0.8695
vn 0.4192 0.5666 -0.7094
vn 0.8877 0.4484 -0.1044
vn 0.8331 0.5521 0.0324
vn -0.4965 -0.2008 -0.8445
vn -0.2070 -0.7159 -0.6668
vn -0.6318 -0.7198 -0.2875
vn -0.9279 -0.2403 -0.2852
vn -0.6534 -0.7285 0.2058
vn -0.8611 -0.2189 0.4589
vn -0.3225 -0.7059 0.6306
vn -0.2241 -0.2185 0.9498
vn 0.2645 -0.8366 0.4797
vn 0.7257 -0.6868 -0.0421
vn 0.9767 -0.0984 0.1909
vn 0.3764 -0.7106 -0.5944
vn 0.7585 -0.1288 -0.6388
vn 0.1760 -0.1489 -0.9731
vn -0.1656 -0.9844 -0.0594
vn -0.8811 0.4688 0.0628
vn -0.5013 0.5386 0.6772
vn 0.5401 0.5285 0.6550
vn 0.5299 -0.1741 0.8300
vn 0.1513 0.4571 0.8765
vn -0.7961 0.4857 0.3611
vn 0.7208 -0.1673 0.6726
vn -0.1033 0.6195 0.7782
vn -0.4805 -0.0852 0.8729
vn 0.0084 -0.1736 -0.9848
vn 0.1568 0.6666 -0.7287
vn 0.8784 -0.1777 -0.4436
vn 0.6289 0.7308 -0.2653
vn 0.0804 0.9504 -0.3003
vn 0.2370 0.9594 -0.1530
vn 0.0409 0.9636 -0.2643
vn 0.1254 0.9477 0.2936
vn 0.1330 0.9594 0.2488
vn 0.2666 0.9584 0.1015
vn -0.0626 0.9612 0.2686
vn -0.2370 0.9622 0.1339
vn -0.2931 0.9559 0.0171
vn -0.2524 0.9657 -0.0613
vn -0.1371 0.9621 -0.2356
vn 0.4199 0.8491 -0.3205
vn -0.2035 0.4162 -0.8862
vn -0.0707 0.8083 -0.5845
vn 0.1908 0.4400 -0.8775
vn -0.6827 0.4246 -0.5946
vn -0.3912 0.7017 -0.5955
vn -0.3956 0.3921 -0.8305
vn -0.8648 0.4239 -0.2690
vn -0.6530 0.7106 -0.2620
vn -0.8195 0.4130 0.3974
vn -0.7057 0.6959 0.1329
vn -0.9087 0.4124 0.0648
vn -0.6345 0.4097 0.6554
vn -0.4645 0.8086 0.3612
vn 0.2122 0.8067 0.5516
vn 0.2857 0.4477 0.8473
vn 0.5815 0.4641 0.6682
vn 0.4646 0.8017 0.3760
vn 0.7323 0.4461 0.5145
vn 0.6897 0.7157 -0.1100
vn 0.8857 0.4638 0.0214
vn 0.8491 0.4439 -0.2862
vn 0.2972 0.6932 -0.6566
vn 0.5670 0.4181 -0.7097
vn -0.0518 -0.6701 -0.7405
vn 0.3546 -0.6308 -0.6902
vn 0.6881 -0.5598 -0.4617
vn 0.7803 -0.6225 -0.0604
vn -0.3838 0.8627 -0.3293
vn -0.5018 0.8650 -0.0072
vn -0.1935 0.8624 0.4678
vn -0.3906 0.5224 0.7580
vn -0.0462 0.7143 0.6983
vn 0.5043 0.8602 0.0756
vn 0.6770 0.7053 0.2104
vn 0.6230 0.6213 -0.4753
vn 0.4722 0.8574 -0.2045
vn 0.2629 0.8618 -0.4338
vn 0.2455 0.8693 0.4289
vn -0.2804 -0.9599 -0.0053
vn -0.0655 -0.9916 0.1112
vn -0.1243 -0.9591 0.2542
vn -0.1053 -0.9934 0.0462
vn 0.1725 -0.9636 -0.2044
vn -0.0049 -0.9929 -0.1187
vn -0.1040 -0.9591 -0.2634
vn 0.1265 -0.3708 0.9201
vn -0.0859 -0.7131 0.6957
vn 0.1435 -0.8054 0.5751
vn 0.3577 -0.9328 0.0436
vn 0.5555 -0.8075 0.1985
vn 0.7214 -0.6895 -0.0645
vn -0.6950 -0.7005 -0.1621
vn -0.4466 -0.8586 -0.2516
vn -0.4570 -0.8011 -0.3866
vn -0.2848 -0.8106 0.5117
vn -0.5701 -0.4239 0.7038
vn -0.5079 -0.7949 0.3318
vn -0.2621 -0.3849 0.8849
vn -0.0396 -0.8811 0.4713
vn -0.2273 -0.8676 0.4423
vn -0.4011 -0.8707 0.2846
vn -0.2777 -0.3251 -0.9040
vn -0.2350 -0.9058 -0.3525
vn 0.0389 -0.9103 -0.4121
vn 0.4989 -0.8621 -0.0893
vn 0.8341 -0.3239 -0.4465
vn 0.2829 -0.9263 -0.2488
vn 0.2706 -0.9226 0.2748
vn 0.8661 -0.2161 0.4508
vn 0.1587 -0.9202 0.3579
vn 0.5208 -0.8072 -0.2779
vn 0.1756 -0.8683 -0.4639
vn 0.3837 -0.6809 -0.6238
vn -0.1764 -0.7922 -0.5843
vn 0.0883 -0.6718 -0.7355
vn -0.7067 -0.6829 0.1850
vn -0.5179 -0.8554 0.0051
vn 0.1317 -0.9627 0.2363
vn 0.3973 -0.7794 0.4844
vn 0.2757 -0.9608 0.0300
vn 0.8031 0.4480 -0.3928
vn 0.0044 0.4303 0.9027
vn -0.9537 -0.1220 -0.2748
vn 0.0950 0.4884 -0.8674
vn 0.6239 0.7251 0.2915
vn -0.0790 0.4195 0.9043
vn 0.7395 -0.5735 0.3526
vn 0.8662 0.4461 0.2252
vn -0.5714 -0.7323 0.3703
vn -0.0899 -0.9925 -0.0823
vn 0.0955 -0.9930 -0.0692
vn 0.1180 -0.9925 0.0321
vn 0.0395 -0.9930 0.1115
vn 0.2084 -0.9005 -0.3816
vn -0.4784 -0.8774 -0.0355
vn -0.8348 0.4945 -0.2419
vn -0.1289 -0.7147 0.6874
vn 0.4445 -0.6544 0.6117
vn 0.1598 -0.6663 0.7283
vn -0.3468 -0.7073 0.6160
vn -0.6699 -0.7382 0.0794
vn -0.6488 -0.7419 -0.1694
vn -0.5557 -0.7290 -0.3997
vn -0.3650 -0.7234 -0.5861
vn -0.4568 -0.8726 0.1730
vn 0.5714 0.7395 -0.3559
vn -0.1395 0.9281 -0.3451
vn 0.1048 0.9944 -0.0126
vn -0.2338 -0.8431 -0.4842
vn 0.0204 -0.7380 -0.6745
vn -0.0339 -0.9820 -0.1859
vn 0.1859 -0.9770 0.1041
vn 0.8456 -0.1695 -0.5061
vn 0.4275 -0.8055 0.4103
vn 0.7028 -0.2410 0.6693
vn 0.6629 0.5424 0.5161
vn 0.3723 0.8889 0.2669
vn -0.0713 0.8858 0.4586
vn 0.0049 0.9455 0.3255
vn -0.0225 0.9908 0.1334
vn -0.1357 0.6373 0.7586
vn 0.0104 0.7573 0.6530
vn -0.1831 0.2000 0.9625
vn 0.0079 0.4533 0.8913
vn 0.0046 -0.6527 -0.7576
vn 0.0472 -0.7431 -0.6675
vn 0.0563 -0.4418 -0.8954
vn 0.0005 -0.3165 -0.9486
vn 0.0633 -0.0824 -0.9946
vn 0.0091 0.9175 -0.3976
vn -0.0080 0.7295 -0.6839
vn 0.1481 0.8095 -0.5681
vn 0.1441 0.9321 -0.3323
vn -0.1703 0.7327 -0.6589
vn 0.1936 0.5137 -0.8358
vn 0.4405 0.1269 -0.8887
vn 0.2273 -0.1828 -0.9565
vn 0.3253 -0.6655 -0.6718
vn 0.1439 -0.8301 -0.5388
vn 0.0694 -0.9673 -0.2440
vn -0.2975 -0.5939 0.7475
vn -0.6680 -0.5049 0.5467
vn -0.3138 -0.9291 0.1957
vn -0.3595 0.1667 0.9181
vn -0.6431 0.4591 0.6129
vn -0.2302 0.7580 0.6103
vn -0.2129 0.9693 0.1231
vn 0.1763 0.8646 0.4706
vn 0.0457 0.9526 0.3007
vn 0.1045 0.7727 0.6261
vn 0.3209 0.5147 0.7951
vn 0.1685 0.4845 0.8584
vn 0.3615 0.0079 0.9323
vn 0.1918 0.0993 0.9764
vn 0.1688 -0.3081 0.9363
vn 0.1194 -0.6436 0.7560
vn 0.3030 -0.5036 0.8091
vn 0.0615 -0.8934 0.4450
vn 0.1850 -0.8116 0.5541
vn 0.0163 -0.9766 0.2146
vn 0.0435 -0.9816 0.1857
vn -0.0492 -0.7034 -0.7091
vn -0.1447 -0.7314 -0.6665
vn -0.0800 -0.9751 -0.2067
vn -0.0629 -0.4068 -0.9113
vn -0.1980 -0.4461 -0.8728
vn -0.0665 -0.0748 -0.9950
vn -0.2301 -0.1528 -0.9611
vn -0.0657 0.2413 -0.9682
vn -0.2360 0.1655 -0.9576
vn 0.0085 0.3659 -0.9306
vn -0.1994 0.5473 -0.8128
vn -0.1192 0.9242 -0.3629
vn -0.0005 0.0162 -0.9999
vn 0.0054 -0.9017 -0.4322
vn -0.0008 -0.9968 -0.0793
vn -0.0165 -0.8651 0.5013
vn -0.0012 0.9996 -0.0282
vn 0.0698 0.3487 -0.9346
vn 0.2219 0.1820 -0.9579
vn 0.1997 -0.5340 -0.8216
vn 0.0556 -0.9888 -0.1382
vn -0.8908 -0.2131 -0.4013
vn -0.4781 -0.7982 -0.3665
vn 0.2554 -0.3163 -0.9136
vn 0.0063 0.9974 0.0718
vn -0.2997 -0.1381 -0.9440
vn 0.2994 0.0901 0.9499
vn 0.6217 -0.0148 0.7831
vn 0.4392 0.4100 0.7994
vn 0.0235 -0.2914 0.9563
vn -0.2297 -0.5527 0.8011
vn 0.0481 -0.5968 0.8010
vn -0.5386 -0.2106 0.8158
vn -0.3221 0.0215 0.9465
vn -0.4375 0.4216 0.7943
vn -0.1850 0.5768 0.7957
vn -0.0102 0.3190 0.9477
vn 0.1167 0.5926 0.7970
vn -0.8229 0.4279 -0.3737
vn -0.1413 0.9533 -0.2669
vn -0.9187 -0.2996 -0.2572
vn -0.5704 -0.8121 -0.1226
vn -0.1346 -0.9694 -0.2054
vn 0.2512 -0.9205 -0.2994
vn 0.8615 -0.3600 -0.3581
vn 0.3670 -0.4918 0.7896
vn 0.7867 0.5949 -0.1651
vn 0.3785 0.9147 -0.1417
vn -0.0071 0.3134 0.9496
vn 0.3713 0.4979 0.7838
vn 0.0599 0.6016 0.7966
vn 0.3133 0.0325 0.9491
vn 0.6344 0.0686 0.7700
vn 0.4166 -0.4201 0.8062
vn -0.0533 -0.3058 0.9506
vn 0.0351 -0.5837 0.8112
vn -0.5790 -0.1036 0.8087
vn -0.2879 0.0703 0.9551
vn -0.4677 0.3961 0.7902
vn -0.1611 0.5804 0.7982
vn -0.4790 0.8050 -0.3500
vn -0.0240 0.9687 -0.2470
vn -0.9211 0.1553 -0.3571
vn -0.7711 -0.6166 -0.1586
vn -0.3589 -0.4980 0.7894
vn -0.3117 -0.9378 -0.1529
vn 0.8173 -0.4300 -0.3837
vn 0.2396 -0.9278 -0.2860
vn 0.8273 0.5359 -0.1685
vn 0.3921 0.9083 -0.1456
vn 0.0033 0.0945 0.9955
vn -0.0234 -0.9826 0.1840
vn 0.0540 0.9913 -0.1204
vn -0.0983 -0.9445 0.3134
vn -0.0728 -0.8802 0.4689
vn -0.1313 -0.6578 0.7417
vn -0.1835 -0.2905 0.9391
vn 0.1010 0.7656 -0.6354
vn -0.1338 0.9370 -0.3228
vn 0.2392 0.9619 0.1324
vn -0.1319 -0.9376 -0.3216
vn 0.2909 -0.6978 -0.6546
vn 0.2565 -0.9494 0.1811
vn 0.6959 -0.3303 0.6377
vn 0.7538 0.5782 -0.3121
vn 0.6215 0.5960 0.5084
vn -0.0714 0.8862 0.4577
vn 0.0036 0.9443 0.3291
vn -0.0241 0.9893 0.1442
vn -0.1348 0.6309 0.7641
vn 0.0101 0.7571 0.6532
vn -0.1845 0.1834 0.9656
vn 0.0078 0.4532 0.8914
vn -0.0048 -0.2110 -0.9775
vn 0.0533 -0.4451 -0.8939
vn 0.0621 -0.0930 -0.9937
vn 0.1371 0.9336 -0.3312
vn 0.1508 0.7064 -0.6915
vn -0.1505 0.7221 -0.6752
vn 0.2246 0.2253 -0.9481
vn 0.2165 -0.2030 -0.9549
vn 0.2236 -0.3707 -0.9014
vn 0.1773 -0.7343 -0.6553
vn 0.1368 -0.9254 -0.3534
vn 0.0630 -0.9858 -0.1558
vn -0.1561 -0.9864 0.0517
vn -0.0928 -0.9468 0.3082
vn -0.5707 -0.6974 0.4336
vn -0.3651 0.1405 0.9203
vn -0.6691 0.3877 0.6340
vn -0.2095 0.7804 0.5891
vn -0.2128 0.9690 0.1252
vn 0.2513 0.7333 0.6318
vn 0.0466 0.9450 0.3238
vn 0.1066 0.7741 0.6240
vn 0.1663 0.4808 0.8609
vn 0.3644 0.0245 0.9309
vn 0.1695 -0.3075 0.9363
vn 0.1137 -0.6614 0.7414
vn 0.2366 -0.7084 0.6650
vn 0.0467 -0.9341 0.3540
vn -0.0597 -0.4079 -0.9111
vn -0.1791 -0.4721 -0.8632
vn -0.0507 -0.7080 -0.7044
vn -0.0503 -0.0381 -0.9980
vn -0.2253 -0.0095 -0.9742
vn 0.0006 0.2290 -0.9734
vn -0.0005 0.6068 -0.7949
vn -0.2170 0.5542 -0.8036
vn -0.0048 -0.6528 -0.7575
vn 0.0072 -0.9969 -0.0789
vn -0.0154 -0.9750 0.2218
vn -0.0005 0.9996 -0.0288
vn 0.0702 0.2666 -0.9613
vn 0.0043 -0.9086 -0.4176
vn -0.8941 -0.2004 -0.4005
vn -0.4773 -0.7932 -0.3782
vn -0.1191 -0.8681 -0.4818
vn 0.0235 -0.9910 0.1315
vn -0.1206 0.9147 -0.3857
vn 0.0361 0.9877 0.1524
vn -0.8217 0.4278 -0.3765
vn -0.4152 0.4526 0.7891
vn -0.1343 0.9563 -0.2596
vn -0.9243 -0.3118 -0.2199
vn -0.3570 0.0263 0.9337
vn 0.8972 -0.2779 -0.3433
vn 0.4072 -0.5009 0.7638
vn 0.0152 -0.9742 -0.2250
vn 0.3556 -0.0207 0.9344
vn 0.8053 0.5711 -0.1592
vn 0.3639 0.4808 0.7978
vn 0.3702 0.9175 -0.1454
vn -0.0400 0.5900 0.8064
vn -0.8392 0.3962 -0.3725
vn -0.4166 0.4528 0.7883
vn -0.1344 0.9563 -0.2597
vn -0.8175 -0.5535 -0.1593
vn -0.3580 0.0392 0.9329
vn -0.3865 -0.5442 0.7446
vn -0.2473 -0.9540 -0.1697
vn 0.4510 -0.8289 -0.3310
vn 0.0339 -0.6085 0.7928
vn 0.9465 -0.0614 -0.3168
vn 0.4502 -0.4179 0.7891
vn 0.3479 -0.0267 0.9372
vn 0.7982 0.5813 -0.1580
vn 0.3638 0.4810 0.7977
vn 0.6001 0.6955 -0.3951
vn -0.1349 0.9333 -0.3329
vn 0.2530 0.9588 0.1288
vn -0.2094 0.5724 -0.7928
vn -0.2810 -0.7525 -0.5956
vn 0.6170 -0.5070 -0.6019
vn -0.0477 -0.9794 -0.1963
vn 0.2650 -0.9441 0.1959
vn 0.7312 -0.2751 0.6243
vn 0.6657 0.5811 0.4681
vn 0.0621 -0.0931 -0.9937
vn 0.0629 -0.9858 -0.1557
vn -0.0928 -0.9468 0.3083
vn 0.2512 0.7333 0.6318
vn 0.1138 -0.6614 0.7414
vn -0.0597 -0.4080 -0.9110
vn -0.1829 -0.4705 -0.8632
vn -0.0503 -0.0377 -0.9980
vn -0.2137 -0.0080 -0.9769
vn -0.0013 0.6063 -0.7952
vn 0.0073 -0.9968 -0.0790
vn -0.0005 0.9996 -0.0287
vn 0.0702 0.2666 -0.9612
vn -0.8941 -0.2005 -0.4005
vn -0.1244 -0.8721 -0.4733
vn 0.0234 -0.9910 0.1318
vn -0.1180 0.9209 -0.3716
vn -0.8282 0.4320 -0.3570
vn -0.3508 0.5277 0.7736
vn -0.1084 0.9610 -0.2544
vn -0.9298 -0.2764 -0.2430
vn -0.3606 -0.0808 0.9292
vn -0.4449 -0.4218 0.7900
vn -0.5400 -0.8327 -0.1221
vn -0.0232 -0.5906 0.8066
vn 0.0351 -0.9719 -0.2327
vn 0.8219 -0.4305 -0.3731
vn 0.4267 -0.4327 0.7942
vn 0.7985 0.5831 -0.1495
vn 0.5319 0.2469 0.8100
vn 0.0430 0.3228 0.9455
vn 0.3871 0.5467 0.7425
vn -0.0347 0.6092 0.7923
vn 0.3608 -0.0180 0.9325
vn 0.4254 -0.4223 0.8005
vn -0.0181 -0.3191 0.9476
vn 0.0221 -0.5864 0.8097
vn -0.4510 0.8289 -0.3309
vn 0.2473 0.9540 -0.1696
vn -0.9465 0.0614 -0.3167
vn -0.4486 0.4175 0.7902
vn -0.3472 0.0255 0.9375
vn -0.7768 -0.6109 -0.1528
vn -0.3750 -0.5093 0.7746
vn -0.2817 -0.9456 -0.1628
vn 0.8515 -0.3724 -0.3691
vn 0.2530 -0.9235 -0.2884
vn 0.8182 0.5524 -0.1595
vn 0.6001 0.6956 -0.3950
vn -0.1351 0.9331 -0.3332
vn 0.2524 0.9592 0.1278
vn -0.2810 -0.7526 -0.5955
vn -0.0476 -0.9794 -0.1963
vn 0.2650 -0.9441 0.1960
vn 0.6654 0.5818 0.4677
vn -0.0049 -0.4534 0.8913
vn -0.1848 -0.1893 0.9644
vn -0.1368 -0.6382 0.7576
vn -0.0139 -0.7578 0.6524
vn -0.0655 -0.8903 0.4507
vn 0.0071 -0.9520 0.3060
vn -0.0885 -0.9400 0.3294
vn 0.1370 0.9336 -0.3312
vn 0.0629 -0.9852 -0.1594
vn -0.1551 -0.9864 0.0549
vn -0.5699 -0.6976 0.4342
vn -0.3663 0.1409 0.9198
vn -0.2128 0.9690 0.1253
vn 0.2523 0.7347 0.6297
vn 0.0467 0.9520 0.3026
vn 0.1071 0.7770 0.6203
vn 0.1708 0.4529 0.8751
vn 0.3640 0.0241 0.9311
vn 0.1894 -0.1033 0.9764
vn 0.1273 -0.6201 0.7741
vn 0.2360 -0.7082 0.6654
vn 0.0630 -0.8980 0.4354
vn 0.0230 -0.9909 0.1323
vn -0.0598 -0.4080 -0.9110
vn 0.0346 0.9875 0.1541
vn -0.0041 0.9830 -0.1833
vn 0.0001 0.9903 0.1388
vn -0.0035 -0.0951 0.9955
vn 0.0004 0.2723 0.9622
vn 0.0038 0.6158 0.7879
vn 0.0038 0.8700 0.4931
vn -0.1289 0.6464 0.7520
vn -0.1160 0.9215 -0.3707
vn -0.9243 -0.3119 -0.2199
vn -0.0430 -0.3228 0.9455
vn -0.3871 -0.5467 0.7425
vn 0.0347 -0.6092 0.7923
vn -0.3608 0.0180 0.9325
vn -0.4254 0.4223 0.8005
vn 0.0181 0.3191 0.9476
vn -0.0221 0.5864 0.8097
vn -0.8515 0.3724 -0.3691
vn -0.2530 0.9235 -0.2884
vn -0.8182 -0.5524 -0.1595
vn -0.2473 -0.9540 -0.1696
vn 0.4509 -0.8289 -0.3310
vn 0.9465 -0.0614 -0.3167
vn 0.4486 -0.4175 0.7902
vn 0.3472 -0.0255 0.9375
vn 0.7768 0.6109 -0.1528
vn 0.3750 0.5093 0.7746
vn 0.2817 0.9456 -0.1628
vn 0.5273 0.7538 -0.3920
vn -0.1310 0.9365 -0.3252
vn 0.2551 0.9585 0.1274
vn -0.1244 -0.9441 -0.3052
vn 0.0116 -0.7360 -0.6769
vn 0.2498 -0.9513 0.1808
vn 0.8577 -0.1316 -0.4971
vn 0.6857 -0.3087 0.6592
vn 0.6419 0.5999 0.4776
vn 0.0078 0.4533 0.8913
vn 0.2246 0.2253 -0.9480
vn -0.3652 0.1405 0.9203
vn -0.6691 0.3878 0.6340
vn 0.1066 0.7741 0.6241
vn 0.2365 -0.7083 0.6651
vn 0.0467 -0.9341 0.3539
vn -0.1798 -0.4734 -0.8623
vn -0.0507 -0.7081 -0.7043
vn -0.2257 -0.0001 -0.9742
vn -0.0014 0.6062 -0.7953
vn -0.2093 0.5739 -0.7917
vn -0.1185 -0.8677 -0.4827
vn 0.0235 -0.9910 0.1314
vn -0.1155 0.9246 -0.3631
vn 0.3044 0.0981 0.9475
vn 0.5343 0.2609 0.8041
vn 0.1207 0.5789 0.8064
vn 0.4269 -0.4587 0.7794
vn 0.0530 -0.3074 0.9501
vn -0.0178 -0.5894 0.8077
vn -0.8282 0.4321 -0.3569
vn -0.3512 0.5292 0.7724
vn -0.1086 0.9611 -0.2538
vn -0.9298 -0.2765 -0.2430
vn -0.3624 -0.0810 0.9285
vn -0.4445 -0.4229 0.7896
vn -0.5393 -0.8332 -0.1218
vn 0.0369 -0.9718 -0.2329
vn 0.8820 -0.3249 -0.3413
vn 0.7622 0.6315 -0.1425
vn 0.0808 0.3163 0.9452
vn 0.5526 0.2689 0.7889
vn 0.1165 0.5802 0.8061
vn 0.2922 -0.0921 0.9519
vn 0.4242 -0.4726 0.7725
vn -0.0401 -0.3255 0.9447
vn -0.4501 -0.4072 0.7947
vn -0.0241 -0.5974 0.8016
vn -0.3389 0.5400 0.7704
vn -0.8277 0.4285 -0.3624
vn -0.1086 0.9609 -0.2545
vn -0.9321 -0.2728 -0.2382
vn -0.3405 0.0596 0.9384
vn -0.5403 -0.8325 -0.1225
vn 0.0412 -0.9713 -0.2342
vn 0.8830 -0.3250 -0.3387
vn 0.7583 0.6361 -0.1428
vn 0.1053 -0.9943 -0.0183
vn 0.4606 -0.5301 -0.7120
vn 0.7566 0.3777 0.5337
vn 0.5467 0.7018 -0.4568
vn 0.2068 0.9760 0.0676
vn -0.1881 0.1956 0.9625
vn 0.0182 0.6083 0.7935
vn -0.1071 0.7832 0.6125
vn -0.0751 0.9966 -0.0349
vn 0.1427 0.6949 -0.7048
vn -0.4638 0.5077 -0.7260
vn 0.2193 0.1899 -0.9570
vn 0.1877 -0.4253 -0.8854
vn -0.5418 -0.7164 -0.4396
vn 0.0108 -0.9987 0.0493
vn -0.2441 -0.9628 0.1163
vn -0.2784 -0.6519 0.7053
vn -0.7884 -0.2429 0.5652
vn -0.0854 0.9618 0.2599
vn 0.2244 0.7998 0.5567
vn 0.0911 0.8669 0.4900
vn 0.1769 0.3078 0.9349
vn 0.1526 -0.4791 0.8644
vn 0.3623 0.0340 0.9314
vn 0.0650 -0.8962 0.4389
vn 0.2460 -0.7071 0.6630
vn -0.0012 -0.9938 0.1116
vn -0.0028 -0.9990 0.0448
vn 0.0078 0.2638 -0.9645
vn -0.2121 -0.0564 -0.9756
vn -0.0005 -0.2344 -0.9721
vn 0.0021 0.8006 -0.5992
vn -0.1987 0.6347 -0.7468
vn -0.0093 -0.6195 -0.7849
vn -0.1371 -0.6742 -0.7257
vn 0.0057 -0.9093 -0.4162
vn -0.0125 -0.7305 0.6828
vn 0.0037 0.9997 -0.0250
vn -0.0154 0.9470 0.3208
vn -0.3491 0.2595 0.9004
vn -0.0380 0.9978 -0.0543
vn -0.9657 -0.0690 -0.2505
vn -0.0586 0.6451 0.7619
vn 0.2007 0.9676 -0.1531
vn -0.4265 -0.1114 0.8976
vn -0.3915 -0.9125 -0.1186
vn 0.8546 -0.4154 -0.3116
vn 0.0079 -0.6109 0.7917
vn 0.3803 0.1730 0.9085
vn 0.7278 0.6746 -0.1235
vn -0.6058 0.7426 -0.2854
vn 0.1415 0.5931 0.7926
vn 0.2875 0.9456 -0.1525
vn -0.1933 -0.3271 0.9250
vn -0.8360 -0.5333 -0.1292
vn -0.2543 -0.9555 -0.1495
vn 0.8072 -0.4841 -0.3378
vn 0.0950 -0.6320 0.7691
vn 0.7954 0.5911 -0.1336
vn 0.3698 0.0606 0.9271
vn -0.1873 -0.5232 0.8314
vn -0.0013 -0.1009 0.9949
vn -0.0773 -0.8963 0.4367
vn -0.1936 0.2322 0.9532
vn -0.1178 -0.9443 -0.3073
vn 0.4179 -0.5175 -0.7467
vn 0.3214 -0.9101 0.2615
vn 0.7667 0.3692 0.5253
vn 0.5652 0.6889 -0.4538
vn 0.2330 0.9668 0.1047
vn -0.0057 0.0993 0.9950
vn -0.1828 0.2064 0.9612
vn -0.1756 -0.5164 0.8382
vn -0.0111 -0.6436 0.7653
vn -0.0708 -0.9148 0.3977
vn -0.0729 0.9958 -0.0552
vn 0.1477 0.7026 -0.6961
vn -0.4529 0.5216 -0.7231
vn 0.2233 0.0091 -0.9747
vn 0.1680 -0.7128 -0.6810
vn -0.2369 -0.9659 0.1049
vn -0.5485 -0.7138 -0.4354
vn -0.2869 -0.6368 0.7156
vn -0.7835 -0.2600 0.5643
vn -0.2209 0.7896 0.5725
vn 0.2582 0.7325 0.6299
vn 0.0417 0.9858 0.1628
vn 0.1413 0.6518 0.7451
vn 0.3585 0.0065 0.9335
vn 0.1812 -0.1027 0.9781
vn 0.0934 -0.7858 0.6114
vn 0.2373 -0.6970 0.6767
vn 0.0060 -0.6978 -0.7163
vn -0.1395 -0.6379 -0.7573
vn -0.0179 -0.9986 0.0497
vn 0.0143 -0.2658 -0.9639
vn -0.0539 0.0570 -0.9969
vn -0.2107 -0.0093 -0.9775
vn -0.0112 0.3478 -0.9375
vn -0.2093 0.8118 -0.5452
vn -0.0085 0.8289 -0.5594
vn 0.0031 -0.9270 -0.3750
vn -0.0029 -0.9874 0.1582
vn 0.0077 0.7637 0.6456
vn 0.0047 0.9995 0.0321
vn 0.0650 -0.2466 -0.9669
vn -0.0359 -0.9849 0.1691
vn -0.3515 0.1871 0.9173
vn -0.0869 0.8062 0.5852
vn -0.4295 -0.1134 0.8959
vn -0.6891 0.6600 -0.2993
vn -0.6694 -0.7369 -0.0941
vn 0.8036 -0.4985 -0.3251
vn 0.0834 -0.5898 0.8032
vn -0.0825 -0.9785 -0.1891
vn 0.8183 0.5500 -0.1669
vn 0.3614 0.0812 0.9289
vn 0.4157 0.4759 0.7751
vn 0.2727 0.9513 -0.1437
vn -0.4295 -0.1135 0.8959
vn -0.6694 -0.7369 -0.0942
vn -0.0826 -0.9785 -0.1890
vn 0.4158 0.4759 0.7750
vn 0.2727 0.9513 -0.1436
vn -0.1187 -0.9429 -0.3113
vn 0.4078 -0.6238 -0.6668
vn 0.3218 -0.9105 0.2598
vn 0.7602 0.3567 0.5430
vn 0.5970 0.7054 -0.3821
vn 0.2254 0.9685 0.1055
vn 0.2232 0.0091 -0.9747
vn 0.1680 -0.7127 -0.6811
vn -0.5485 -0.7139 -0.4354
vn -0.2869 -0.6369 0.7156
vn -0.7835 -0.2600 0.5644
vn 0.0383 0.9862 0.1613
vn 0.1812 -0.1026 0.9781
vn 0.0934 -0.7857 0.6115
vn -0.1393 -0.6377 -0.7576
vn -0.0539 0.0566 -0.9969
vn -0.2151 -0.0141 -0.9765
vn -0.0112 0.3477 -0.9375
vn -0.2032 0.8056 -0.5565
vn -0.0085 0.8289 -0.5593
vn 0.0077 0.7636 0.6456
vn -0.0869 0.8062 0.5853
vn 0.0163 -0.3077 0.9513
vn -0.6638 -0.7432 -0.0841
vn 0.0802 -0.5962 0.7988
vn -0.2518 0.1934 0.9483
vn -0.9738 0.0146 -0.2271
vn -0.1456 0.6179 0.7726
vn 0.7999 -0.5099 -0.3165
vn -0.0897 -0.9773 -0.1917
vn 0.7708 0.6234 -0.1317
vn 0.3697 0.1934 0.9088
vn 0.1949 0.9695 -0.1488
vn 0.1035 0.2783 0.9549
vn 0.8259 0.5510 -0.1195
vn 0.1243 0.5835 0.8025
vn 0.2119 -0.2976 0.9309
vn -0.5612 0.7830 -0.2682
vn -0.3709 -0.1619 0.9144
vn -0.8532 -0.5006 -0.1468
vn -0.2581 -0.9555 -0.1427
vn 0.7969 -0.5087 -0.3258
vn -0.1181 -0.9447 -0.3061
vn 0.4216 -0.5166 -0.7452
vn 0.3235 -0.9091 0.2625
vn 0.7600 0.3828 0.5252
vn 0.5661 0.6884 -0.4535
vn 0.2222 0.9705 0.0939
vn -0.1895 0.1992 0.9615
vn 0.0229 0.6158 0.7876
vn -0.1062 0.7833 0.6125
vn -0.0713 0.9963 -0.0473
vn 0.1413 0.6880 -0.7119
vn 0.1680 -0.7127 -0.6810
vn -0.2870 -0.6368 0.7156
vn -0.7828 -0.2584 0.5661
vn -0.0896 0.9590 0.2688
vn 0.2204 0.7961 0.5636
vn 0.0254 0.9697 0.2429
vn 0.1418 0.6479 0.7484
vn 0.3599 0.0362 0.9323
vn 0.1742 -0.1040 0.9792
vn 0.0898 -0.7940 0.6013
vn 0.2337 -0.7048 0.6698
vn 0.0026 -0.9944 0.1054
vn -0.0192 -0.9990 0.0403
vn 0.0056 -0.6977 -0.7164
vn -0.1390 -0.6288 -0.7651
vn -0.0553 0.0499 -0.9972
vn -0.2161 -0.0428 -0.9754
vn -0.0124 0.3189 -0.9477
vn -0.2066 0.6091 -0.7657
vn 0.0039 0.6919 -0.7220
vn -0.0451 0.9959 -0.0789
vn -0.0063 0.9468 -0.3218
vn 0.0105 -0.9196 -0.3928
vn -0.0103 -0.7405 0.6720
vn -0.0361 -0.9850 0.1688
vn -0.3494 0.2546 0.9017
vn 0.0722 0.1953 0.9781
vn 0.9476 -0.2215 -0.2301
vn 0.6639 0.7425 -0.0890
vn -0.0757 -0.1752 0.9816
vn 0.1278 -0.6173 0.7763
vn -0.5081 -0.6326 0.5845
vn -0.9261 -0.3309 -0.1811
vn -0.7761 0.5733 -0.2627
vn -0.0008 0.5886 0.8084
vn 0.1597 0.2641 0.9512
vn 0.9474 -0.2123 -0.2395
vn 0.6699 0.7367 -0.0925
vn 0.1013 -0.2905 0.9515
vn 0.0811 -0.6028 0.7937
vn -0.3213 -0.4887 0.8111
vn -0.6567 -0.7464 -0.1078
vn -0.4157 0.0171 0.9093
vn -0.7057 0.6460 -0.2911
vn -0.1178 -0.9443 -0.3074
vn 0.7667 0.3691 0.5253
vn -0.0056 0.0992 0.9951
vn -0.1832 0.2071 0.9610
vn -0.0730 0.9957 -0.0578
vn 0.1455 0.7130 -0.6859
vn -0.4531 0.5212 -0.7232
vn -0.7834 -0.2600 0.5645
vn -0.2210 0.7909 0.5707
vn -0.1395 -0.6379 -0.7574
vn -0.0539 0.0569 -0.9969
vn -0.0113 0.3482 -0.9374
vn -0.2093 0.8118 -0.5451
vn -0.0081 0.8284 -0.5601
vn 0.0032 -0.9270 -0.3750
vn 0.0073 0.7634 0.6459
vn 0.0042 0.9995 0.0317
vn -0.3514 0.1872 0.9173
vn -0.0867 0.8060 0.5855
vn -0.8532 -0.5005 -0.1468
vn -0.2580 -0.9555 -0.1427
vn 0.3214 -0.9101 0.2614
vn 0.2330 0.9668 0.1048
vn -0.1756 -0.5163 0.8382
vn -0.0708 -0.9148 0.3976
vn -0.7834 -0.2599 0.5645
vn 0.3586 0.0065 0.9335
vn 0.2373 -0.6969 0.6767
vn 0.0143 -0.2657 -0.9639
vn -0.0081 0.8285 -0.5600
vn -0.0359 -0.9850 0.1690
vn -0.2581 -0.9555 -0.1428
vn -0.3716 0.0069 0.9284
vn -0.1317 0.3579 0.9244
vn 0.1143 0.5803 0.8064
vn -0.5355 0.7907 -0.2968
vn 0.3047 0.9416 -0.1434
vn -0.8600 -0.4791 -0.1754
vn -0.4393 -0.5609 0.7017
vn -0.1792 -0.9683 -0.1742
vn 0.7941 -0.5063 -0.3362
vn 0.1328 -0.3573 0.9245
vn 0.8018 0.5821 -0.1354
vn 0.3787 0.1044 0.9196
vn 0.5512 0.7015 -0.4518
vn -0.2066 0.8089 -0.5504
vn 0.2285 0.9693 0.0908
vn 0.1210 -0.9926 0.0052
vn 0.4698 -0.5161 -0.7162
vn 0.7586 0.3552 0.5462
vn -0.0111 -0.6437 0.7652
vn 0.1478 0.7026 -0.6961
vn -0.2869 -0.6368 0.7157
vn 0.2588 0.7359 0.6257
vn 0.0394 0.9857 0.1639
vn 0.3579 0.0065 0.9337
vn 0.2461 -0.7008 0.6696
vn -0.1340 -0.6355 -0.7604
vn -0.0096 -0.9996 0.0270
vn -0.0538 0.0571 -0.9969
vn -0.2114 -0.0122 -0.9773
vn -0.0111 0.3478 -0.9375
vn -0.0087 0.8289 -0.5593
vn 0.0031 -0.9270 -0.3751
vn -0.0029 -0.9874 0.1581
vn 0.0047 0.9995 0.0320
vn -0.0869 0.8061 0.5853
vn 0.1540 0.2673 0.9512
vn 0.9490 -0.2065 -0.2383
vn 0.6649 0.7414 -0.0913
vn 0.1032 -0.2892 0.9517
vn -0.3211 -0.4891 0.8110
vn -0.6558 -0.7472 -0.1077
vn -0.4113 0.0123 0.9114
vn -0.7274 0.6200 -0.2942
vn 0.6649 0.7413 -0.0913
vn -0.3210 -0.4892 0.8110
vn -0.7274 0.6199 -0.2942
vn -0.8654 0.3950 -0.3084
vn -0.0724 0.5591 0.8260
vn -0.0333 0.9751 -0.2191
vn -0.3759 -0.1763 0.9097
vn -0.7300 -0.6723 -0.1231
vn -0.1990 -0.9685 -0.1498
vn 0.9555 -0.1287 -0.2655
vn 0.0780 -0.6338 0.7696
vn 0.6138 0.7841 -0.0917
vn 0.8010 -0.5059 -0.3201
vn 0.0862 -0.5869 0.8051
vn -0.0826 -0.9785 -0.1891
vn 0.7929 0.5936 -0.1377
vn 0.3767 0.1705 0.9105
vn 0.3100 0.9420 -0.1286
vn 0.0036 0.0951 0.9955
vn -0.0680 -0.8936 0.4436
vn 0.0001 -0.8618 0.5073
vn 0.0105 0.8734 -0.4868
vn 0.0098 0.9987 0.0503
vn -0.2953 -0.6183 0.7283
vn -0.1316 -0.6577 0.7417
vn -0.1839 -0.2997 0.9361
vn 0.0124 -0.6187 0.7855
vn -0.3208 -0.2115 -0.9232
vn 0.0097 0.8737 -0.4864
vn 0.1244 0.5799 0.8051
vn 0.4313 0.8944 -0.1184
vn -0.0006 -0.9981 -0.0611
vn 0.0010 0.8675 -0.4975
vn -0.0174 0.9921 0.1243
vn 0.0099 0.9987 0.0503
vn -0.2973 -0.6389 0.7095
vn -0.1786 0.3068 0.9349
vn -0.0680 0.8853 0.4600
vn -0.3108 -0.0312 -0.9500
vn 0.0095 0.8737 -0.4863
vn -0.2953 -0.6184 0.7283
vn -0.0485 0.3009 0.9524
vn 0.4130 0.9023 -0.1234
vn 0.4147 0.9018 -0.1220
vn -0.0579 0.2943 0.9540
vn 0.0978 -0.3524 0.9307
vn 0.0098 0.9994 0.0337
vn -0.0606 0.5431 0.8375
vn -0.2975 0.1268 -0.9463
vn -0.0812 -0.6683 0.7394
vn -0.1754 -0.5177 0.8374
vn 0.0141 -0.0932 0.9955
vn -0.0018 0.9684 0.2496
vn -0.0698 -0.9198 0.3862
vn -0.2094 0.3809 -0.9006
vn 0.0133 0.5883 0.8085
vn 0.0758 0.9759 -0.2047
vn -0.2246 -0.9576 -0.1805
vn 0.1009 0.9746 -0.1999
vn 0.0060 0.9989 0.0471
vn -0.0812 -0.6682 0.7395
vn -0.0812 -0.6683 0.7395
vn 0.1155 -0.6118 0.7825
vn 0.0894 0.9756 -0.2003
vn -0.0014 0.5910 0.8067
vn 0.0893 0.9756 -0.2003
vn -0.0014 0.5911 0.8066
vn -0.0037 -0.2715 0.9624
vn 0.3445 0.0836 0.9350
vn -0.0560 0.5589 0.8273
vn -0.0059 -0.6159 0.7878
vn -0.0758 0.9684 0.2376
vn -0.2913 0.0598 -0.9548
vn -0.0029 -0.2719 0.9623
vn -0.0034 -0.6170 0.7869
vn -0.0274 -0.3223 0.9462
vn 0.0308 0.3216 0.9464
vn -0.3711 -0.4975 0.7841
vn -0.5440 -0.8303 -0.1211
vn -0.0353 -0.3211 0.9464
vn 0.0321 0.3228 0.9459
vn -0.0034 -0.6170 0.7870
vn -0.0178 0.3151 0.9489
vn 0.3013 0.0875 0.9495
vn 0.0700 -0.3019 0.9508
vn -0.0949 0.3204 0.9425
vn 0.1214 -0.3270 0.9372
vn 0.3046 0.9417 -0.1431
vn 0.0083 -0.9766 -0.2148
vn 0.0082 -0.9766 -0.2147
vn -0.1633 0.3271 0.9308
vn 0.1582 -0.2970 0.9417
vn -0.1362 0.2863 0.9484
vn 0.1442 -0.3240 0.9350
vn -0.7296 -0.0000 -0.6838
vn -0.7296 -0.0000 0.6838
vn 0.7296 -0.0000 0.6838
vn 0.7296 -0.0000 -0.6838
vn -0.9691 -0.0000 0.2466
vn -0.9690 -0.0000 0.2471
vn 0.7804 -0.0000 -0.6252
vn -0.7805 -0.0000 -0.6252
vn -0.7804 -0.0000 -0.6252
vn 0.9691 -0.0000 0.2466
vn 0.2338 0.7014 0.6733
vn 0.7805 -0.0000 -0.6252
vn -0.7034 -0.0000 -0.7108
vn -0.7034 -0.0000 0.7108
vn 0.7034 -0.0000 0.7108
vn 0.7034 -0.0000 -0.7108
vn -0.3196 0.9270 0.1964
vn -0.3195 0.9270 0.1963
vn -0.3196 0.9270 0.1963
vn -0.9643 -0.0000 0.2646
vn -0.9644 -0.0000 0.2646
vn 0.7568 -0.0000 -0.6537
vn -0.7568 -0.0000 -0.6537
vn -0.7567 -0.0000 -0.6537
vn 0.9644 -0.0000 0.2646
vn 0.0043 0.0067 -1.0000
vn -0.4140 0.2648 -0.8709
vn 0.7567 -0.0000 -0.6537
vn 0.9643 -0.0000 0.2647
vn 0.0581 0.5716 -0.8185
vn 0.0582 0.5716 -0.8185
vn -0.9691 -0.0000 0.2465
vn 0.9691 -0.0000 0.2467
vn 0.1010 0.6552 -0.7487
vn 0.1011 0.6552 -0.7487
vn 0.0016 0.0024 -1.0000
vn -0.0041 -0.0064 -1.0000
vn 0.3241 0.5068 0.7988
vn 0.3242 0.5068 0.7988
vn 0.0041 0.0064 -1.0000
vn 0.0050 0.0079 -1.0000
vn 0.1709 0.5131 0.8411
vn 0.1710 0.5131 0.8411
vn 0.0844 0.8294 0.5522
vn 0.1662 0.8790 -0.4469
vn 0.1662 0.8790 -0.4468
vn -0.9691 -0.0000 0.2467
vn -0.9422 0.3351 -0.0000
vn -0.6875 0.2445 -0.6838
vn 0.9422 -0.3351 -0.0000
vn -0.6875 0.2445 0.6838
vn -0.3351 -0.9422 -0.0000
vn 0.3351 0.9422 -0.0000
vn 0.6875 -0.2445 0.6838
vn 0.6875 -0.2445 -0.6838
vn -0.9131 0.3247 0.2466
vn 0.7353 -0.2615 -0.6252
vn -0.0003 -0.0004 -1.0000
vn -0.0006 -0.0009 -1.0000
vn -0.7353 0.2615 -0.6252
vn 0.9131 -0.3247 0.2466
vn 0.9131 -0.3247 0.2467
vn -0.8172 0.5228 0.2424
vn -0.8173 0.5227 0.2425
vn -0.8173 0.5228 0.2425
vn -0.9690 -0.0000 0.2470
vn -0.3480 0.2226 -0.9107
vn -0.3479 0.2226 -0.9107
vn -0.5631 0.3604 -0.7437
vn -0.5632 0.3603 -0.7436
vn -0.9643 -0.0000 0.2647
vn -0.9642 -0.0000 0.2651
vn 0.9644 -0.0000 0.2645
vn -0.9644 -0.0000 0.2643
vn 0.0562 0.5520 0.8319
vn 0.0938 0.6084 0.7881
vn 0.1009 0.5557 0.8253
vn 0.1009 0.5556 0.8253
vn 0.0966 0.9491 -0.2998
vn 0.0965 0.9491 -0.2997
vn 0.1367 0.7226 0.6776
vn 0.1366 0.7227 0.6775
vn 0.0008 0.0013 -1.0000
vn -0.1894 0.8416 -0.5059
vn 0.9691 -0.0000 0.2465
vn 0.7297 -0.0000 -0.6838
vn -0.7916 0.5066 -0.3416
vn -0.3852 0.2464 -0.8893
vn -0.6412 0.4103 -0.6485
vn -0.6412 0.4102 -0.6485
vn 0.2393 0.3740 0.8960
vn 0.2394 0.3740 0.8960
vn -0.3642 0.2330 -0.9017
vn -0.3641 0.2330 -0.9017
vn -0.3505 0.2243 -0.9093
vn -0.3506 0.2243 -0.9093
vn 0.9644 -0.0000 0.2643
vn 0.0695 0.6833 0.7268
vn 0.0696 0.6833 0.7268
vn 0.0719 0.7064 0.7041
vn 0.0718 0.7064 0.7041
vn 0.1833 0.5504 0.8145
vn 0.1834 0.5504 0.8145
vn 0.0764 0.9893 -0.1239
vn 0.0764 0.9893 -0.1240
vn 0.0009 0.0015 -1.0000
vn 0.0006 0.0010 -1.0000
vn 0.4160 0.6504 0.6356
vn 0.3485 0.5447 0.7628
vn 0.3484 0.5447 0.7629
vn 0.3484 0.5447 0.7628
vn -0.0004 -0.0006 -1.0000
vn 0.9643 -0.0000 0.2646
vn 0.4613 0.7210 0.5171
vn 0.4612 0.7210 0.5172
vn 0.4612 0.7210 0.5171
vn 0.5390 0.8423 -0.0000
vn 0.5389 0.8424 -0.0001
vn 0.3475 0.5433 -0.7642
vn 0.3475 0.5433 -0.7643
vn -0.0026 -0.0040 -1.0000
vn 0.4934 0.7714 0.4019
vn 0.4715 0.7372 -0.4839
vn 0.4716 0.7372 -0.4839
vn -0.0037 -0.0058 -1.0000
vn 0.5389 0.8424 -0.0000
vn 0.5389 0.8423 -0.0000
vn -0.0005 -0.0008 -1.0000
vn -0.0005 -0.0007 -1.0000
vn 0.0029 0.0046 -1.0000
vn -0.9911 0.1331 -0.0000
vn -0.7232 0.0971 -0.6838
vn -0.7231 0.0971 -0.6838
vn 0.9911 -0.1331 -0.0000
vn -0.7231 0.0971 0.6838
vn -0.1331 -0.9911 -0.0000
vn 0.1331 0.9911 -0.0000
vn 0.7232 -0.0971 0.6838
vn 0.7231 -0.0971 0.6838
vn 0.7232 -0.0971 -0.6838
vn -0.9605 0.1290 0.2466
vn 0.7735 -0.1039 -0.6252
vn 0.0010 0.0016 -1.0000
vn 0.0015 0.0024 -1.0000
vn -0.7735 0.1039 -0.6252
vn 0.9605 -0.1290 0.2466
vn -0.0950 0.6599 -0.7453
vn 0.0906 0.6301 0.7712
vn -0.1525 0.5331 0.8322
vn -0.4847 0.3157 0.8157
vn -0.6585 0.1652 -0.7343
vn -0.5831 0.0648 0.8098
vn 0.0523 0.6464 -0.7612
vn -0.5083 -0.4004 0.7624
vn -0.0907 -0.6301 0.7712
vn 0.0950 -0.6599 -0.7454
vn 0.1525 -0.5331 0.8322
vn 0.4848 -0.3157 0.8157
vn 0.5830 -0.0648 0.8099
vn 0.5083 0.4005 0.7624
vn 0.4574 0.8889 0.0251
vn 0.7631 0.6457 0.0258
vn 0.8922 0.2419 0.3814
vn 0.6283 -0.2124 0.7484
vn 0.8188 -0.4631 0.3392
vn 0.1345 -0.0760 -0.9880
vn 0.1520 -0.0396 -0.9876
vn 0.0990 -0.1159 -0.9883
vn 0.6147 -0.7193 0.3236
vn 0.2828 -0.9046 0.3190
vn 0.0445 -0.1426 -0.9888
vn -0.2643 -0.8822 0.3897
vn -0.7630 -0.6459 0.0249
vn -0.9170 -0.0930 0.3878
vn -0.9533 -0.3011 0.0260
vn -0.9412 0.0551 0.3332
vn -0.1451 0.0478 -0.9883
vn -0.1505 0.0089 -0.9886
vn -0.1233 0.0972 -0.9876
vn -0.0183 0.1630 -0.9865
vn -0.2959 0.9549 0.0229
vn -0.3289 0.5875 -0.7394
vn -0.6362 0.7712 0.0241
vn -0.5287 0.4166 -0.7395
vn -0.8828 0.4692 0.0239
vn 0.0850 0.9961 0.0236
vn -0.9953 0.0930 0.0251
vn -0.0854 -0.9961 0.0239
vn 0.2959 -0.9549 0.0229
vn 0.3289 -0.5874 -0.7394
vn 0.6361 -0.7712 0.0241
vn 0.5288 -0.4165 -0.7395
vn 0.8825 -0.4692 0.0324
vn 0.6579 -0.1650 -0.7348
vn -0.0867 0.6025 0.7934
vn -0.6119 -0.2419 0.7530
vn -0.3106 0.5548 0.7718
vn -0.4868 0.3835 0.7849
vn -0.6165 0.1547 0.7720
vn -0.5666 0.3011 -0.7670
vn -0.6383 0.0625 -0.7673
vn -0.2614 -0.5064 0.8217
vn -0.0554 -0.6459 -0.7614
vn 0.6375 0.1599 -0.7536
vn 0.0867 -0.6025 0.7934
vn 0.1871 -0.6135 -0.7672
vn 0.3106 -0.5548 0.7718
vn 0.4867 -0.3835 0.7849
vn 0.6165 -0.1547 0.7720
vn 0.6384 -0.0683 -0.7667
vn 0.6119 0.2419 0.7530
vn 0.5151 0.4058 -0.7550
vn 0.2993 0.5816 -0.7564
vn 0.2614 0.5063 0.8218
vn 0.1916 0.6265 0.7555
vn 0.1930 0.6266 0.7551
vn 0.1932 0.6267 0.7549
vn 0.2956 0.9550 -0.0229
vn 0.2848 0.8926 0.3494
vn 0.0505 0.1582 -0.9861
vn 0.6058 0.7090 0.3612
vn 0.1075 0.1258 -0.9862
vn 0.4173 0.5064 0.7546
vn 0.6176 0.1606 0.7699
vn 0.6627 0.7482 -0.0321
vn 0.5754 0.3311 0.7479
vn 0.9487 0.3160 -0.0123
vn 0.8309 0.4233 0.3612
vn 0.1498 0.0540 -0.9872
vn 0.8883 0.4592 0.0056
vn 0.6350 -0.0890 0.7673
vn 0.1598 0.0136 -0.9871
vn 0.9237 -0.0639 0.3778
vn 0.9430 0.0803 0.3230
vn 0.8796 -0.2987 0.3702
vn 0.5065 -0.4139 0.7564
vn 0.7125 -0.5822 0.3915
vn 0.3031 -0.5842 0.7529
vn 0.3085 -0.5774 0.7560
vn 0.3093 -0.5764 0.7564
vn -0.1916 -0.6266 0.7554
vn -0.1929 -0.6268 0.7549
vn -0.1932 -0.6267 0.7549
vn 0.4350 -0.8107 0.3917
vn 0.5256 -0.8507 -0.0031
vn -0.0202 -0.1452 -0.9892
vn -0.1303 -0.9367 0.3250
vn 0.0862 -0.9129 0.3991
vn -0.0661 -0.1279 -0.9896
vn -0.0727 -0.1235 -0.9897
vn -0.0683 -0.1264 -0.9896
vn -0.4317 -0.8350 0.3411
vn -0.3053 -0.5805 -0.7549
vn -0.4729 -0.8808 0.0248
vn -0.2959 -0.9549 -0.0254
vn -0.5160 -0.4065 -0.7540
vn -0.6362 -0.7712 -0.0223
vn -0.4174 -0.5062 0.7547
vn -0.4173 -0.5063 0.7546
vn -0.4173 -0.5064 0.7546
vn -0.6396 -0.6877 0.3435
vn -0.8143 -0.4492 0.3677
vn -0.1279 -0.0706 -0.9893
vn -0.0990 -0.1064 -0.9894
vn -0.8012 -0.5983 0.0111
vn -0.6539 -0.0612 0.7541
vn -0.6544 -0.0633 0.7535
vn -0.6537 -0.0609 0.7543
vn -0.1434 -0.0373 -0.9890
vn -0.9117 -0.2368 0.3357
vn -0.5792 -0.3080 0.7547
vn -0.5793 -0.3078 0.7548
vn -0.5792 -0.3082 0.7547
vn -0.6376 -0.1599 -0.7536
vn -0.8827 -0.4692 -0.0238
vn -0.6219 0.1992 0.7574
vn -0.9954 -0.0930 -0.0251
vn -0.8851 0.2919 0.3624
vn -0.7219 0.5899 0.3617
vn -0.5037 0.4235 0.7529
vn -0.5061 0.4151 0.7560
vn -0.5065 0.4139 0.7564
vn -0.3031 0.5842 0.7529
vn -0.3085 0.5774 0.7560
vn -0.3093 0.5764 0.7564
vn -0.4555 0.8137 0.3612
vn -0.0809 0.1372 -0.9872
vn -0.0791 0.1390 -0.9871
vn -0.0822 0.1360 -0.9873
vn -0.5048 0.8632 0.0005
vn -0.1040 0.9268 0.3609
vn -0.0665 0.6497 0.7572
vn 0.0665 -0.6497 0.7572
vn -0.0850 0.9961 -0.0237
vn -0.1871 0.6135 -0.7672
vn -0.4574 0.8889 -0.0251
vn -0.4082 0.4949 -0.7671
vn -0.7631 0.6458 -0.0249
vn -0.9533 0.3009 -0.0260
vn 0.9919 -0.1266 -0.0126
vn 0.0850 -0.9961 -0.0236
vn 0.4574 -0.8889 -0.0251
vn 0.4082 -0.4949 -0.7671
vn 0.7834 -0.6206 -0.0337
vn 0.5657 -0.3041 -0.7665
vn -0.7762 -0.0000 0.6305
vn 0.5397 -0.0000 0.8419
vn 0.0026 -0.2202 0.9754
vn 0.0026 0.2202 0.9754
vn 0.0545 0.0851 0.9949
vn 0.0545 0.0852 0.9949
vn -0.0000 0.7228 0.6910
vn -0.0000 -0.7228 0.6910
vn 0.0002 0.0004 1.0000
vn -0.0000 0.0003 1.0000
vn 0.0002 0.0003 1.0000
vn 0.0004 0.0006 1.0000
vn 0.0002 -0.0000 1.0000
vn 0.0001 -0.0003 1.0000
vn 0.0014 -0.0021 1.0000
vn 0.0367 -0.0000 0.9993
vn -0.0286 -0.0021 0.9996
vn -0.0000 -0.0428 0.9991
vn 1.0000 -0.0000 0.0001
vn 0.9975 -0.0000 0.0701
vn 0.0027 0.9999 0.0153
vn -0.9972 0.0003 0.0754
vn 0.0002 0.0903 0.9959
vn 0.1584 0.0027 0.9874
vn 0.1092 0.0034 0.9940
vn -0.0002 -0.0855 0.9963
vn -0.1324 0.0034 0.9912
vn 0.7241 0.6762 -0.1360
vn 0.1799 0.1669 -0.9694
vn 0.7177 0.6826 0.1375
vn 0.6779 0.7312 -0.0763
vn -0.3784 0.9227 -0.0735
vn -0.7241 0.6762 0.1360
vn -0.2533 0.2363 0.9381
vn -0.7241 0.6762 -0.1360
vn 0.1416 0.9880 0.0619
vn 0.4855 0.8712 0.0725
vn 0.7583 0.6449 -0.0957
vn 0.9943 0.0583 -0.0898
vn 0.7428 -0.6666 0.0619
vn 0.4598 -0.8872 0.0381
vn 0.0890 -0.9882 -0.1248
vn -0.4920 -0.8678 0.0696
vn -0.7570 -0.6534 -0.0000
vn -0.9001 -0.4312 0.0619
vn -0.9924 -0.1227 -0.0000
vn -0.9880 0.1416 0.0619
vn -0.8934 0.4494 -0.0000
vn -0.7428 0.6666 0.0619
vn -0.4547 0.8877 0.0725
vn -0.1227 0.9924 -0.0000
vn -0.0000 0.7960 -0.6052
vn -0.8038 -0.0000 -0.5949
vn 0.4585 0.7698 0.4441
vn -1.0000 -0.0000 -0.0001
vn 0.5258 -0.5279 0.6670
vn -0.7858 -0.5718 -0.2357
vn -0.5086 -0.5100 -0.6937
vn 0.7904 -0.5109 -0.3380
vn 0.1666 -0.6317 -0.7571
vn -0.7469 -0.6200 0.2401
vn -0.1963 -0.7122 0.6740
vn 0.2083 0.8337 -0.5114
vn 0.8308 -0.4926 -0.2591
vn 0.2043 -0.9366 0.2846
vn 0.4094 -0.9038 0.1248
vn 0.3248 -0.9381 -0.1201
vn -0.4562 -0.8782 -0.1436
vn 0.0944 -0.9461 -0.3098
vn -0.0949 -0.9462 0.3093
vn -0.4637 -0.8685 0.1750
vn 0.4640 -0.8691 -0.1712
vn -0.2900 -0.8690 -0.4010
vn 0.2870 -0.8687 0.4038
vn 0.3413 0.8080 0.4802
vn -0.3688 0.8082 -0.4591
vn 0.5622 0.8082 -0.1753
vn -0.5595 0.8089 0.1804
vn 0.6381 0.7446 -0.1959
vn 0.4136 0.7437 0.5252
vn -0.2133 0.7895 0.5756
vn 0.5934 0.7677 0.2419
vn 0.2442 0.5647 -0.7884
vn -0.8121 0.5028 0.2961
vn 0.8130 0.5043 -0.2912
vn -0.8441 0.4705 -0.2573
vn -0.5499 0.4787 -0.6844
vn 0.5177 0.4723 0.7134
vn 0.8545 0.0247 0.5189
vn -0.5844 0.8097 0.0528
vn -0.2485 0.8838 -0.3965
vn 0.4657 0.8730 -0.1445
vn 0.9974 -0.0111 0.0714
vn 0.4761 0.1039 -0.8732
vn -0.9849 0.0712 -0.1579
vn 0.4596 0.1180 0.8802
vn -0.5289 0.0892 -0.8440
vn -0.7196 0.0478 0.6927
vn -0.7560 -0.2652 -0.5984
vn -0.6369 -0.2047 0.7433
vn 0.0001 1.0000 -0.0000
vn -0.0001 1.0000 0.0001
vn 0.0002 1.0000 0.0002
vn -0.0001 1.0000 -0.0000
vn 0.0018 1.0000 -0.0000
vn -0.0000 -1.0000 -0.0001
vn -0.0001 -1.0000 -0.0001
vn -0.0000 -1.0000 -0.0002
vn -0.1822 -0.0587 -0.9815
vn -0.7838 0.0290 -0.6203
vn -0.9319 -0.0240 0.3619
vn -0.6951 -0.0540 0.7168
vn -0.1029 0.8160 -0.5688
vn -0.5231 0.7920 -0.3149
vn 0.1066 0.8153 0.5692
vn 0.5231 0.7920 0.3148
vn 0.7482 0.0553 -0.6612
vn 0.8255 0.0218 0.5640
vn 0.2526 0.0186 0.9674
vn -0.5388 -0.8424 0.0001
vn -0.5389 -0.8424 0.0001
vn -0.5388 -0.8424 -0.0000
vn -0.5389 -0.8424 -0.0000
vn 0.8424 -0.5389 -0.0000
vn 0.8424 -0.5388 -0.0000
vn -0.5389 -0.8423 -0.0001
vn -0.5389 -0.8424 -0.0001
vn 0.1055 -0.0675 0.9921
vn 0.0562 -0.2682 0.9617
vn -0.0183 -0.0285 0.9994
vn -0.3476 -0.6775 0.6482
vn -0.3476 -0.6775 0.6481
vn -0.3477 -0.6775 0.6481
vn -0.4291 -0.4238 0.7977
vn -0.4291 -0.4237 0.7977
vn -0.0934 -0.9956 -0.0000
vn 0.0219 0.0343 -0.9992
vn 0.1415 0.2212 -0.9649
vn -0.4955 0.4514 -0.7421
vn -0.4956 0.4514 -0.7421
vn -0.4956 0.4514 -0.7420
vn 0.3426 -0.2192 0.9135
vn 0.3525 0.5509 0.7565
vn 0.3524 0.5509 0.7565
vn 0.0052 0.0082 -1.0000
vn 0.0074 0.0116 -0.9999
vn 0.8424 -0.5389 -0.0001
vn -0.6224 0.5064 0.5968
vn -0.6225 0.5064 0.5967
vn -0.0270 -0.6614 -0.7495
vn -0.0269 -0.6615 -0.7495
vn 0.8423 -0.5389 -0.0000
vn 0.0162 0.0254 0.9995
vn 0.0162 0.0253 0.9995
vn 0.1311 0.7451 -0.6539
vn 0.1310 0.7451 -0.6540
vn 0.1310 0.7451 -0.6539
vn 0.0088 0.0137 -0.9999
vn -0.1403 -0.2193 -0.9655
vn 0.2669 -0.1707 0.9485
vn 0.2668 -0.1707 0.9485
vn 0.0014 0.0021 -1.0000
vn 0.0027 0.0042 -1.0000
vn 0.9690 -0.0000 0.2470
vn -0.0028 -0.0057 -1.0000
vn -0.0071 -0.0111 -0.9999
vn 0.0107 0.0168 0.9998
vn 0.1506 -0.0367 -0.9879
vn 0.1507 -0.0368 -0.9879
vn -0.0205 -0.0321 -0.9993
vn -0.0000 0.7071 -0.7071
vn -0.7071 -0.0000 -0.7071
vn 0.5388 0.8424 -0.0000
vn -0.0407 -0.0636 0.9971
vn -0.0323 -0.0505 0.9982
vn -0.9692 -0.0000 0.2463
vn 0.0059 0.0092 0.9999
vn 0.0059 0.0093 0.9999
vn 0.0071 0.0112 -0.9999
vn -0.2027 -0.2556 -0.9453
vn -0.2026 -0.2557 -0.9453
vn -0.0611 -0.4021 -0.9135
vn 0.2244 0.3390 -0.9136
vn 0.2244 0.3391 -0.9136
vn -0.0079 -0.0123 -0.9999
vn 0.0219 0.0342 -0.9992
vn -0.0933 -0.9956 -0.0000
vn 0.5100 0.6918 0.5111
vn 0.5101 0.6918 0.5111
vn 0.5100 0.6919 0.5111
vn 0.0087 0.0136 -0.9999
vn -0.0156 -0.0243 0.9996
vn -0.1354 -0.6661 -0.7335
vn 0.0169 0.0264 -0.9995
vn -0.0185 -0.0289 -0.9994
vn -0.2583 0.9661 -0.0000
vn -0.3560 -0.5543 -0.7523
vn -0.3524 -0.5509 -0.7565
vn -0.0003 -0.0007 -1.0000
vn 0.4168 0.6516 -0.6338
vn 0.4167 0.6516 -0.6338
vn 0.0367 0.0573 -0.9977
vn 0.2584 -0.9660 -0.0000
vn 0.2583 -0.9661 -0.0000
vn -0.0260 -0.0405 -0.9988
vn -0.4412 -0.2093 -0.8726
vn -0.4413 -0.2093 -0.8726
vn 0.0392 0.9614 -0.2724
vn -0.5389 -0.8423 -0.0000
vn 0.0083 0.0130 0.9999
vn -0.1020 0.8054 0.5839
vn 0.8423 -0.5390 -0.0000
vn 0.0236 -0.9997 -0.0000
vn -0.0000 0.0001 -1.0000
vn -0.0073 -0.0114 0.9999
vn -0.0702 -0.1097 -0.9915
vn -0.3043 0.2772 0.9114
vn -0.3044 0.2772 0.9113
vn 0.0102 0.0160 -0.9998
vn 0.0123 0.0193 -0.9997
vn 0.6211 0.1173 0.7749
vn 0.6210 0.1173 0.7750
vn -0.0049 -0.0077 -1.0000
vn -0.0858 -0.3284 0.9406
vn -0.0859 -0.3284 0.9406
vn -0.0623 -0.0974 0.9933
vn -0.0623 -0.0973 0.9933
vn -0.5390 -0.8423 -0.0000
vn -0.0202 -0.0315 -0.9993
vn -0.0202 -0.0314 -0.9993
vn 0.3781 0.2196 -0.8993
vn 0.3781 0.2196 -0.8994
vn -0.0131 -0.0205 -0.9997
vn 0.0578 -0.6721 -0.7382
vn 0.0577 -0.6722 -0.7381
vn -0.0408 -0.4354 -0.8993
vn -0.0409 -0.4354 -0.8993
vn 0.7949 0.6067 -0.0000
vn 0.7949 0.6067 -0.0001
vn 0.0010 0.0015 -1.0000
vn 0.0014 0.0022 -1.0000
vn -0.3101 -0.4847 0.8178
vn -0.0937 -0.1465 -0.9848
vn -0.0937 -0.1464 -0.9848
vn 0.9101 -0.4144 -0.0000
vn 0.9101 -0.4144 -0.0001
vn -0.9175 -0.3977 -0.0000
vn -0.9175 -0.3978 -0.0001
vn -0.0157 -0.0246 0.9996
vn -0.0311 -0.0487 -0.9983
vn 0.8900 0.4560 -0.0000
vn 0.8900 0.4559 -0.0000
vn -0.0000 -0.0001 1.0000
vn 0.0086 0.0135 -0.9999
vn 0.6825 -0.4185 -0.5993
vn 0.6824 -0.4185 -0.5992
vn -0.4453 0.8954 0.0001
vn -0.4453 0.8954 -0.0000
vn -0.4454 0.8953 -0.0000
vn 0.4591 0.7177 0.5236
vn -0.2243 -0.3505 -0.9093
vn -0.2243 -0.3506 -0.9093
vn 0.1007 -0.3544 -0.9297
vn 0.1008 -0.3544 -0.9297
vn 0.1008 -0.3544 -0.9296
vn 0.1723 -0.4533 -0.8745
vn 0.1722 -0.4533 -0.8746
vn -0.0408 -0.4353 -0.8993
vn 0.3903 -0.9207 -0.0000
vn -0.0035 -0.0054 -1.0000
vn -0.0022 -0.0038 -1.0000
vn -0.0049 -0.0076 -1.0000
vn -0.0146 -0.0228 0.9996
vn -0.4018 -0.6281 -0.6664
vn -0.4018 -0.6281 -0.6663
vn -0.4018 -0.6282 -0.6663
vn 0.0106 0.0166 -0.9998
vn 0.0105 0.0166 -0.9998
vn 0.0146 0.0228 -0.9996
vn 0.5389 0.8423 0.0001
vn -0.0076 -0.0118 -0.9999
vn -0.7444 -0.0654 -0.6646
vn -0.7444 -0.0654 -0.6645
vn -0.0620 -0.0969 -0.9934
vn 0.0311 0.0487 0.9983
vn 0.8574 -0.5146 0.0001
vn 0.8574 -0.5146 -0.0000
vn -0.2289 0.9734 -0.0000
vn -0.2290 0.9734 -0.0000
vn -0.0069 -0.0107 -0.9999
vn -0.0408 -0.4355 -0.8993
vn -0.1090 -0.1703 0.9794
vn -0.0157 -0.0246 -0.9996
vn -0.8424 0.5389 -0.0000
vn -0.8424 0.5388 -0.0000
vn 0.8461 -0.4597 -0.2697
vn 0.8461 -0.4598 -0.2697
vn 0.8461 -0.4598 -0.2696
vn -0.0371 -0.0579 0.9976
vn 0.7345 -0.4699 -0.4896
vn 0.0165 0.0259 -0.9995
vn -0.0274 -0.0428 -0.9987
vn -0.2807 -0.4387 0.8536
vn -0.2807 -0.4388 0.8536
vn -0.4410 -0.6894 0.5747
vn -0.4409 -0.6894 0.5747
vn 0.0003 1.0000 -0.0000
vn 0.7019 -0.4213 -0.5743
vn 0.7019 -0.4212 -0.5743
vn 0.7020 -0.4213 -0.5743
vn -0.3525 -0.5509 -0.7565
vn 0.1807 0.2824 -0.9421
vn 0.1807 0.2825 -0.9421
vn -0.6764 0.6876 -0.2640
vn -0.6764 0.6876 -0.2639
vn 0.0286 0.0448 0.9986
vn 0.7231 -0.6771 -0.1366
vn 0.7231 -0.6771 -0.1367
vn 0.7230 -0.6772 -0.1367
vn -0.0365 -0.0571 -0.9977
vn -0.6015 0.7566 -0.2566
vn -0.6015 0.7565 -0.2567
vn -0.6014 0.7566 -0.2567
vn 0.1074 0.1679 0.9799
vn -0.0194 -0.0303 -0.9994
vn 0.0182 0.0284 -0.9994
vn -0.0077 -0.0122 -0.9999
vn 0.2124 -0.9029 -0.3737
vn -0.0032 -0.0050 -1.0000
vn -0.0045 -0.0070 -1.0000
vn -0.0372 -0.0581 0.9976
vn -0.7506 0.6463 -0.1376
vn -0.7506 0.6462 -0.1377
vn -0.0118 -0.0184 -0.9998
vn -0.0031 -0.0050 -1.0000
vn -0.0064 -0.0100 -0.9999
vn 0.4499 -0.7733 0.4468
vn 0.0001 -0.0001 -1.0000
vn -0.0000 -0.0001 -1.0000
vn 0.0177 0.0276 -0.9995
vn 0.0178 0.0276 -0.9995
vn -0.0275 -0.0428 -0.9987
vn -0.8975 0.4188 -0.1378
vn -0.8976 0.4188 -0.1377
vn 0.1074 0.1679 -0.9799
vn 0.1058 0.1654 -0.9805
vn 0.0726 0.1135 -0.9909
vn -0.0314 -0.0492 -0.9983
vn -0.0312 -0.0489 -0.9983
vn 0.0437 0.0683 -0.9967
vn 0.0438 0.0683 -0.9967
vn -0.0003 -0.0005 -1.0000
vn -0.0311 -0.0486 -0.9983
vn 0.8701 -0.4729 -0.1386
vn 0.8701 -0.4729 -0.1387
vn 0.8701 -0.4730 -0.1387
vn -0.0314 -0.0491 -0.9983
vn -0.0339 -0.0530 -0.9980
vn 0.0724 0.1132 0.9909
vn -0.0007 -0.0011 -1.0000
vn -0.0363 -0.0567 -0.9977
vn 0.0416 0.0651 -0.9970
vn -0.0583 -0.0911 -0.9941
vn 0.0407 0.0636 -0.9971
vn 0.0125 0.0196 -0.9997
vn 0.0486 0.0761 -0.9959
vn -0.3813 -0.5961 -0.7066
vn -0.7315 0.6662 0.1454
vn -0.7314 0.6662 0.1454
vn -0.0173 -0.0270 -0.9995
vn -0.0322 -0.0504 -0.9982
vn -0.0684 -0.1068 -0.9919
vn -0.0352 -0.0550 -0.9979
vn 0.8299 -0.5562 -0.0438
vn 0.8299 -0.5562 -0.0437
vn 0.8300 -0.5561 -0.0438
vn 0.0363 0.0567 -0.9977
vn 0.0112 0.0175 -0.9998
vn -0.0726 -0.1135 -0.9909
vn 0.8574 -0.5146 -0.0001
vn 0.8575 -0.5145 -0.0001
vn -0.0009 -0.0013 -1.0000
vn -0.8010 0.5621 -0.2060
vn -0.8010 0.5621 -0.2059
vn -0.8011 0.5621 -0.2059
vn -0.3222 -0.5035 -0.8016
vn -0.3222 -0.5035 -0.8017
vn 0.0025 0.0040 -1.0000
vn 0.0015 0.0027 -1.0000
vn 0.0062 0.0098 -0.9999
vn 0.0151 0.0236 0.9996
vn -0.0545 -0.0852 -0.9949
vn -0.0194 -0.0302 -0.9994
vn -0.4729 -0.7393 -0.4793
vn -0.4729 -0.7393 -0.4794
vn 0.0365 0.0570 -0.9977
vn 0.8760 -0.4366 -0.2049
vn 0.0015 0.0023 -1.0000
vn -0.0482 -0.0754 -0.9960
vn 0.0943 0.6553 -0.7495
vn -0.5403 -0.1356 0.8305
vn -0.2873 -0.5132 0.8087
vn -0.0942 -0.6545 -0.7501
vn 0.6518 0.2061 -0.7299
vn 0.5403 0.1356 0.8305
vn 0.5101 0.4317 -0.7440
vn 0.3246 0.5799 -0.7473
vn 0.2873 0.5133 0.8087
vn 0.1912 0.6266 0.7556
vn 0.2672 0.8930 0.3621
vn 0.5962 0.7235 0.3481
vn 0.4285 0.4846 0.7626
vn 0.6261 0.2127 0.7502
vn 0.9535 0.3014 -0.0042
vn 0.8199 0.4733 0.3223
vn 0.1454 0.0741 -0.9866
vn 0.9691 0.2465 0.0004
vn 0.6547 -0.0389 0.7549
vn 0.9086 -0.2359 0.3446
vn 0.5104 -0.4000 0.7612
vn 0.3016 -0.5861 0.7521
vn -0.1912 -0.6265 0.7556
vn -0.3242 -0.5792 -0.7480
vn -0.5114 -0.4293 -0.7444
vn -0.4174 -0.5061 0.7548
vn -0.5896 -0.7155 0.3747
vn -0.8183 -0.4355 0.3751
vn -0.0753 -0.1217 -0.9897
vn -0.4560 -0.8900 -0.0003
vn -0.6545 -0.0639 0.7534
vn -0.5793 -0.3079 0.7547
vn -0.6526 -0.2089 -0.7283
vn -0.6316 0.1874 0.7523
vn -0.8872 0.2711 0.3734
vn -0.7359 0.5798 0.3499
vn -0.5031 0.4258 0.7521
vn -0.3016 0.5860 0.7521
vn -0.4432 0.8260 0.3481
vn -0.0783 0.1398 -0.9871
vn -0.5341 0.8454 -0.0002
vn -0.0874 0.9335 0.3477
vn -0.0533 0.6570 0.7520
vn 0.0533 -0.6570 0.7520
vn 0.9939 -0.1105 -0.0042
vt 0.000000 0.000000
vt 0.500000 0.238264
vt 0.577301 0.250000
vt 0.529597 0.238264
vt 0.502856 0.271680
vt 0.500000 0.500000
vt 0.502856 0.473481
vt 0.577153 0.500000
vt 0.571169 0.473481
vt 0.500000 0.500005
vt 0.375000 0.510702
vt 0.500000 0.510702
vt 0.125000 0.500000
vt 0.125000 0.511736
vt 0.875000 0.500000
vt 0.625000 0.510702
vt 0.875000 0.511736
vt 0.625000 0.500000
vt 0.375000 0.250000
vt 0.500000 0.250000
vt 0.375000 0.238264
vt 0.625000 0.228729
vt 0.375000 0.228729
vt 0.375000 0.500000
vt 0.625000 0.250000
vt 0.625000 0.521271
vt 0.125000 0.521271
vt 0.375000 0.521271
vt 0.875000 0.521271
vt 0.625000 0.238264
vt 0.625000 0.000000
vt 0.375000 0.000000
vt 0.375000 0.750000
vt 0.625000 1.000000
vt 0.375000 1.000000
vt 0.125000 0.750000
vt 0.625000 0.750000
vt 0.964838 1.000000
vt 0.910348 0.500000
vt 0.987183 0.500000
vt 0.871088 1.000000
vt 0.830933 0.500000
vt 0.794068 1.000000
vt 0.753903 0.500000
vt 0.606568 1.000000
vt 0.580933 0.500000
vt 0.660348 0.500000
vt 0.527338 1.000000
vt 0.503903 0.500000
vt 0.433587 1.000000
vt 0.410348 0.500000
vt 0.339838 1.000000
vt 0.330933 0.500000
vt 0.183588 1.000000
vt 0.160348 0.500000
vt 0.253903 0.500000
vt 0.106568 1.000000
vt 0.080933 0.500000
vt 0.895534 1.000000
vt 0.044068 1.000000
vt 0.011857 0.500000
vt 0.051418 1.000000
vt 0.723240 1.000000
vt 0.731568 1.000000
vt 0.416966 1.000000
vt 0.219103 1.000000
vt 0.578092 1.000000
vt 0.262818 1.000000
vt 0.000000 1.000000
vt 0.669068 1.000000
vt 0.730667 1.000000
vt 0.768729 1.000000
vt 0.542374 1.000000
vt 0.108680 1.000000
vt 0.235687 1.000000
vt 0.037429 1.000000
vt 0.827892 1.000000
vt 0.942962 1.000000
vt 0.473184 1.000000
vt 0.281255 1.000000
vt 0.321476 1.000000
vt 0.178524 1.000000
vt 0.175497 1.000000
vt 0.045531 1.000000
vt 0.639725 1.000000
vt 0.552353 1.000000
vt 0.242319 1.000000
vt 0.679235 1.000000
vt 0.823147 1.000000
vt 0.743402 1.000000
vt 0.443884 1.000000
vt 0.884236 1.000000
vt 0.974816 1.000000
vt 0.239425 1.000000
vt 0.071193 1.000000
vt 1.000000 1.000000
vt 0.672108 1.000000
vt 0.625808 1.000000
vt 0.361522 1.000000
vt 0.108678 1.000000
vt 0.267091 1.000000
vt 0.473181 1.000000
vt 0.281256 1.000000
vt 0.254685 1.000000
vt 0.175526 1.000000
vt 0.045532 1.000000
vt 0.552352 1.000000
vt 0.704179 1.000000
vt 0.823150 1.000000
vt 0.884238 1.000000
vt 0.974815 1.000000
vt 0.260574 1.000000
vt 0.071192 1.000000
vt 0.772045 1.000000
vt 0.512923 0.244152
vt 0.876418 0.450248
vt 0.866318 0.041351
vt 0.860276 1.000000
vt 0.022928 0.276708
vt 0.473376 0.278818
vt 0.240035 0.463166
vt 0.985250 1.000000
vt 0.984316 1.000000
vt 0.033209 1.000000
vt 0.737725 1.000000
vt 0.809554 1.000000
vt 0.455701 0.326869
vt 0.023018 0.223550
vt 0.392284 0.125283
vt 0.984318 1.000000
vt 0.985252 1.000000
vt 0.033211 1.000000
vt 0.625000 0.437500
vt 0.375000 0.437500
vt 0.375000 0.937500
vt 0.312500 0.750000
vt 0.312500 0.500000
vt 0.812500 0.500000
vt 0.875000 0.750000
vt 0.812500 0.750000
vt 0.750000 0.500000
vt 0.687500 0.750000
vt 0.687500 0.500000
vt 0.187500 0.500000
vt 0.250000 0.750000
vt 0.187500 0.750000
vt 0.375000 0.812500
vt 0.625000 0.875000
vt 0.375000 0.875000
vt 0.625000 0.312500
vt 0.375000 0.375000
vt 0.375000 0.312500
vt 0.750000 0.750000
vt 0.625000 0.937500
vt 0.625000 0.812500
vt 0.250000 0.500000
vt 0.625000 0.375000
vt 0.839652 1.000000
vt 0.589652 1.000000
vt 0.089652 1.000000
vt 0.950317 1.000000
vt 0.924683 0.500000
vt 0.575317 1.000000
vt 0.549683 0.500000
vt 0.593750 0.500000
vt 0.512817 1.000000
vt 0.487183 0.500000
vt 0.450317 1.000000
vt 0.424683 0.500000
vt 0.075317 1.000000
vt 0.049683 0.500000
vt 0.093750 0.500000
vt 0.012817 1.000000
vt 0.000000 0.500000
vt 0.830933 1.000000
vt 0.843750 0.874248
vt 0.796875 0.874248
vt 0.734375 1.000000
vt 0.750000 0.874248
vt 0.700317 0.874248
vt 0.674683 1.000000
vt 0.656250 0.874248
vt 0.484375 1.000000
vt 0.500000 0.874248
vt 0.450317 0.874248
vt 0.746097 1.000000
vt 0.919067 1.000000
vt 0.669067 1.000000
vt 0.496097 1.000000
vt 0.419067 1.000000
vt 0.325317 1.000000
vt 0.246097 1.000000
vt 0.169067 1.000000
vt 0.487077 0.244152
vt 0.123582 0.450248
vt 0.080294 0.080294
vt 0.988143 1.000000
vt 0.862183 0.500000
vt 0.906250 1.000000
vt 0.856567 1.000000
vt 0.641137 0.037366
vt 0.549752 0.376418
vt 0.958649 0.366318
vt 0.799683 0.500000
vt 0.794067 1.000000
vt 0.750000 1.000000
vt 0.705933 0.500000
vt 0.700317 1.000000
vt 0.643433 0.500000
vt 0.637817 1.000000
vt 0.362183 0.500000
vt 0.406250 1.000000
vt 0.356567 1.000000
vt 0.299683 0.500000
vt 0.294067 1.000000
vt 0.250000 1.000000
vt 0.205933 0.500000
vt 0.200317 1.000000
vt 0.143433 0.500000
vt 0.137817 1.000000
vt 0.269204 0.011891
vt 0.323378 0.477333
vt 0.022667 0.323378
vt 0.883337 0.050447
vt 0.922539 0.134713
vt 0.990000 0.250000
vt 1.000000 0.874248
vt 0.955933 1.000000
vt 0.616663 0.449553
vt 0.577461 0.365287
vt 0.510000 0.250000
vt 0.950317 0.874248
vt 0.893433 1.000000
vt 0.887817 0.874248
vt 0.781250 1.000000
vt 0.612183 1.000000
vt 0.606567 0.874248
vt 0.546875 1.000000
vt 0.546875 0.874248
vt 0.387817 0.874248
vt 0.437500 1.000000
vt 0.343750 1.000000
vt 0.393433 1.000000
vt 0.343750 0.874248
vt 0.299683 1.000000
vt 0.294067 0.874248
vt 0.250000 0.874248
vt 0.205933 1.000000
vt 0.200317 0.874248
vt 0.156250 1.000000
vt 0.156250 0.874248
vt 0.112183 1.000000
vt 0.106567 0.874248
vt 0.049683 1.000000
vt 0.022667 0.176622
vt 0.398254 0.437311
vt 0.462634 0.141137
vt 0.044067 0.874248
vt 0.972951 0.500000
vt 0.909012 1.000000
vt 0.854008 0.500000
vt 0.740745 1.000000
vt 0.699840 0.500000
vt 0.594170 1.000000
vt 0.546609 0.500000
vt 0.478747 1.000000
vt 0.409012 0.500000
vt 0.354008 1.000000
vt 0.240745 0.500000
vt 0.199840 1.000000
vt 0.094170 0.500000
vt 0.046609 1.000000
vt 0.012582 0.500000
vt 0.381953 0.053652
vt 0.374946 0.444282
vt 0.034545 0.320288
vt 0.156250 0.500000
vt 1.000000 0.500000
vt 0.976779 1.000000
vt 0.916757 0.500000
vt 0.847420 1.000000
vt 0.791923 0.500000
vt 0.677188 1.000000
vt 0.636116 0.500000
vt 0.531536 1.000000
vt 0.484225 0.500000
vt 0.416757 1.000000
vt 0.347420 0.500000
vt 0.291922 1.000000
vt 0.177188 0.500000
vt 0.136115 1.000000
vt 0.031535 0.500000
vt 0.853627 0.500000
vt 0.783880 1.000000
vt 0.921536 1.000000
vt 0.728990 0.500000
vt 0.615989 1.000000
vt 0.575056 0.500000
vt 0.469157 1.000000
vt 0.283880 0.500000
vt 0.353627 1.000000
vt 0.421536 0.500000
vt 0.115989 0.500000
vt 0.228991 1.000000
vt 0.075056 1.000000
vt 0.968750 1.000000
vt 0.625054 0.055718
vt 0.618047 0.446348
vt 0.936116 0.392447
vt 0.937500 1.000000
vt 0.906250 0.500000
vt 0.955933 0.500000
vt 0.875000 1.000000
vt 0.843750 0.500000
vt 0.843750 1.000000
vt 0.812500 1.000000
vt 0.781250 0.500000
vt 0.656250 1.000000
vt 0.656250 0.500000
vt 0.531250 1.000000
vt 0.531250 0.500000
vt 0.500000 1.000000
vt 0.468750 1.000000
vt 0.393433 0.500000
vt 0.387817 1.000000
vt 0.455933 0.500000
vt 0.268433 0.500000
vt 0.262817 1.000000
vt 0.218750 1.000000
vt 0.125000 1.000000
vt 0.031250 0.500000
vt 0.031250 1.000000
vt 0.080294 0.419706
vt 0.449553 0.383337
vt 0.296822 0.014612
vt 0.949553 0.116663
vt 0.815288 0.479787
vt 0.541351 0.133682
vt 0.079010 0.398743
vt 0.132917 0.047051
vt 0.453842 0.149750
vt 0.015683 1.000000
vt 0.560987 0.117225
vt 0.703428 0.481945
vt 0.976269 0.310967
vt 0.969158 0.500000
vt 0.147075 0.451898
vt 0.475776 0.298840
vt 0.204447 0.017860
vt 0.936402 0.391950
vt 0.598564 0.419428
vt 0.638932 0.043320
vt 0.382854 0.000000
vt 0.382854 1.000000
vt 0.375000 0.562085
vt 0.125000 0.567340
vt 0.375000 0.567340
vt 0.382854 0.500000
vt 0.382854 0.750000
vt 0.382854 0.250000
vt 0.375000 0.624805
vt 0.125000 0.630060
vt 0.375000 0.630060
vt 0.389600 0.735400
vt 0.610400 0.514600
vt 0.389600 0.514600
vt 0.610400 0.735400
vt 0.133302 0.500000
vt 0.375000 0.991698
vt 0.625000 0.991698
vt 0.375000 0.258302
vt 0.625000 0.258302
vt 0.866698 0.750000
vt 0.625000 0.764686
vt 0.375000 0.764686
vt 0.360314 0.750000
vt 0.360314 0.500000
vt 0.499167 0.051803
vt 0.476878 0.051803
vt 0.476878 0.215432
vt 0.625000 0.485314
vt 0.499026 0.535592
vt 0.477558 0.696708
vt 0.477558 0.535592
vt 0.375000 0.263944
vt 0.625000 0.263944
vt 0.138944 0.500000
vt 0.861056 0.750000
vt 0.375000 0.986056
vt 0.625000 0.986056
vt 0.639686 0.500000
vt 0.639686 0.750000
vt 0.499167 0.213574
vt 0.476878 0.049945
vt 0.499026 0.696708
vt 0.861056 0.500000
vt 0.125000 0.624805
vt 0.937419 1.000000
vt 0.863969 0.500000
vt 0.972848 0.500000
vt 0.785155 1.000000
vt 0.753905 0.500000
vt 0.676419 1.000000
vt 0.656133 0.500000
vt 0.441403 0.500000
vt 0.546855 0.500000
vt 0.402347 1.000000
vt 0.332669 0.500000
vt 0.249919 1.000000
vt 0.234375 0.500000
vt 0.046908 1.000000
vt 0.020533 0.500000
vt 0.140645 0.500000
vt 0.886081 0.500000
vt 0.843867 0.903258
vt 0.937581 0.903258
vt 0.457669 0.500000
vt 0.512817 0.903258
vt 0.614656 0.500000
vt 0.312195 0.500000
vt 0.417331 0.903258
vt 0.183595 0.500000
vt 0.140592 0.903258
vt 0.281077 0.903258
vt 0.862183 1.000000
vt 0.160155 1.000000
vt 0.578125 1.000000
vt 0.340781 0.468848
vt 0.182048 0.473771
vt 0.330166 0.443817
vt 0.267000 0.039214
vt 0.244152 0.012924
vt 0.362123 0.072872
vt 0.765605 0.500000
vt 0.669067 0.903258
vt 0.746095 0.903258
vt 0.512306 0.273411
vt 0.986734 0.255851
vt 0.818077 0.025404
vt 0.984375 0.500000
vt 1.000000 0.903258
vt 0.589845 0.903258
vt 0.048452 0.500000
vt 0.027347 0.903258
vt 0.690287 0.468653
vt 0.537091 0.162299
vt 0.899653 0.079767
vt 0.375000 0.562391
vt 0.339844 0.605469
vt 0.339426 0.580297
vt 0.313164 0.551150
vt 0.618079 0.311878
vt 0.625000 0.193873
vt 0.618079 0.187500
vt 0.618079 0.732101
vt 0.625000 0.693746
vt 0.618079 0.687500
vt 0.686689 0.750000
vt 0.875000 0.694528
vt 0.621094 0.107422
vt 0.625000 0.055472
vt 0.618079 0.050991
vt 0.625000 0.556755
vt 0.613281 0.605469
vt 0.618079 0.507609
vt 0.618079 0.562500
vt 0.875000 0.556127
vt 0.812523 0.500000
vt 0.500000 0.687500
vt 0.375000 0.687500
vt 0.500000 0.062500
vt 0.375000 0.125000
vt 0.375000 0.062500
vt 0.500000 0.937500
vt 0.375000 0.810758
vt 0.500000 0.312500
vt 0.375000 0.438334
vt 0.562500 0.687500
vt 0.531250 0.692968
vt 0.531250 0.557767
vt 0.531250 0.056651
vt 0.562500 0.062500
vt 0.531250 0.192542
vt 0.500000 0.187500
vt 0.500000 0.750000
vt 0.500000 0.562500
vt 0.500000 0.000000
vt 0.593756 0.635195
vt 0.593750 0.730151
vt 0.593750 0.666184
vt 0.593750 0.687500
vt 0.593750 0.539258
vt 0.593750 0.562500
vt 0.593750 0.750000
vt 0.593750 0.296871
vt 0.593750 0.250000
vt 0.593750 0.187500
vt 0.593750 0.449761
vt 0.593750 0.398099
vt 0.593750 0.398226
vt 0.593750 0.573836
vt 0.593750 0.634171
vt 0.593750 0.523052
vt 0.593750 0.506802
vt 0.593750 0.523084
vt 0.593750 0.461042
vt 0.593750 0.500427
vt 0.593750 0.630576
vt 0.593750 0.595809
vt 0.593750 0.768775
vt 0.593750 0.554042
vt 0.330777 0.750000
vt 0.049039 0.500000
vt 0.101339 0.750000
vt 0.141885 0.500000
vt 0.217949 0.750000
vt 0.266178 0.500000
vt 0.389613 0.500000
vt 0.335333 0.750000
vt 0.499876 0.750000
vt 0.484611 0.500000
vt 0.564903 0.500000
vt 0.601339 0.750000
vt 0.642493 0.500000
vt 0.858115 0.500000
vt 0.835333 0.750000
vt 0.733822 0.500000
vt 0.969609 0.500000
vt 0.925605 0.750000
vt 0.976699 1.000000
vt 0.889870 0.875000
vt 0.984527 0.875000
vt 0.800022 1.000000
vt 0.765882 0.875000
vt 0.641484 0.875000
vt 0.542253 1.000000
vt 0.515017 0.875000
vt 0.389870 0.875000
vt 0.300022 1.000000
vt 0.265882 0.875000
vt 0.141484 0.875000
vt 0.059067 1.000000
vt 0.023088 0.875000
vt 0.010231 0.750000
vt 0.049037 0.500000
vt 0.074495 0.750000
vt 0.141877 0.500000
vt 0.199922 0.750000
vt 0.266180 0.500000
vt 0.499877 0.750000
vt 0.484612 0.500000
vt 0.564898 0.500000
vt 0.858123 0.500000
vt 0.800078 0.750000
vt 0.733820 0.500000
vt 0.969612 0.500000
vt 0.925505 0.750000
vt 0.137012 0.750000
vt 0.281984 0.750000
vt 0.362988 0.750000
vt 0.425505 0.750000
vt 0.574495 0.750000
vt 0.637012 0.750000
vt 0.718016 0.750000
vt 0.862988 0.750000
vt 0.074392 0.703573
vt 0.030388 0.500000
vt 0.010216 0.703573
vt 0.164661 0.703573
vt 0.282052 0.703573
vt 0.435102 0.500000
vt 0.398669 0.703573
vt 0.500124 0.703573
vt 0.717948 0.703573
vt 0.835339 0.703573
vt 0.925608 0.703573
vt 0.950963 0.500000
vt 0.984637 0.703573
vt 0.314241 0.750000
vt 0.203442 0.712806
vt 0.295948 0.714406
vt 0.125000 0.687500
vt 0.335114 0.678368
vt 0.125000 0.562500
vt 0.160615 0.580297
vt 0.160156 0.644531
vt 0.125000 0.625000
vt 0.325341 0.562500
vt 0.339426 0.669703
vt 0.593750 0.344042
vt 0.187761 0.550869
vt 0.313334 0.500000
vt 0.618079 1.000000
vt 0.295304 0.535595
vt 0.618079 0.477660
vt 0.625000 0.438311
vt 0.618079 0.941601
vt 0.625000 0.811689
vt 0.618079 0.810788
vt 0.625000 0.312477
vt 0.686689 0.500000
vt 0.375000 0.187500
vt 0.500000 0.811689
vt 0.500000 0.438311
vt 0.531250 0.312500
vt 0.562500 0.438311
vt 0.531250 0.438311
vt 0.562500 0.187500
vt 0.562500 0.500000
vt 0.562500 0.562500
vt 0.562500 0.000000
vt 0.531250 0.811689
vt 0.562500 0.750000
vt 0.562500 0.811688
vt 0.562500 0.250000
vt 0.562500 0.312500
vt 0.531250 0.937500
vt 0.562500 0.937500
vt 0.562500 1.000000
vt 0.593750 0.360948
vt 0.593750 0.469369
vt 0.593750 0.409397
vt 0.593750 0.540506
vt 0.593750 0.062500
vt 0.593750 0.312500
vt 0.593750 0.438311
vt 0.593750 1.000000
vt 0.593750 0.811689
vt 0.593750 0.937500
vt 0.593750 0.000000
vt 0.593750 0.512525
vt 0.593750 0.648152
vt 0.593750 0.634195
vt 0.593750 0.543072
vt 0.593750 0.397916
vt 0.593750 0.514411
vt 0.593750 0.611212
vt 0.593750 0.640151
vt 0.593750 0.541390
vt 0.425605 0.750000
vt 0.717949 0.750000
vt 0.121691 0.703573
vt 0.546875 0.703573
vt 0.733822 0.703573
vt 0.043295 0.182549
vt 0.456705 0.317451
vt 0.193744 0.458364
vt 0.600244 0.069836
vt 0.632968 0.091581
vt 0.749844 0.050889
vt 0.840440 0.429219
vt 0.677553 0.477615
vt 0.932227 0.397171
vt 0.389622 0.500000
vt 0.642491 0.500000
vt 0.984606 0.750000
vt 0.822447 0.477615
vt 0.563589 0.100650
vt 0.773056 0.012271
vt 0.357510 0.500000
vt 0.515388 0.500000
vt 0.601331 0.703573
vt 0.610378 0.500000
vt 0.625000 0.125000
vt 0.375000 0.625000
vt 0.592592 0.794702
vt 0.407408 0.955298
vt 0.407408 0.794702
vt 0.875000 0.625000
vt 0.625000 0.625000
vt 0.625000 0.244641
vt 0.375000 0.244641
vt 0.485986 0.426535
vt 0.520513 0.454232
vt 0.512057 0.426535
vt 0.488011 0.358020
vt 0.511866 0.329729
vt 0.485986 0.326777
vt 0.388646 0.358020
vt 0.390671 0.326777
vt 0.609397 0.358020
vt 0.559715 0.394266
vt 0.609397 0.394266
vt 0.625000 0.505359
vt 0.875000 0.505359
vt 0.125000 0.505359
vt 0.375000 0.505359
vt 0.500000 0.437500
vt 0.584498 0.406250
vt 0.595212 0.425023
vt 0.318406 0.511813
vt 0.312500 0.511813
vt 0.625000 0.511813
vt 0.375000 0.511813
vt 0.500000 0.511813
vt 0.281250 0.511813
vt 0.500000 0.425023
vt 0.406432 0.425023
vt 0.718750 0.511813
vt 0.750000 0.511813
vt 0.687500 0.511813
vt 0.718750 0.500000
vt 0.416972 0.406250
vt 0.418947 0.388190
vt 0.281250 0.500000
vt 0.250000 0.511813
vt 0.500000 0.388190
vt 0.582487 0.388190
vt 0.500000 0.375000
vt 0.500000 0.386813
vt 0.500000 0.238187
vt 0.781250 0.511813
vt 0.812500 0.511813
vt 0.500000 0.322998
vt 0.596398 0.322998
vt 0.875000 0.511813
vt 0.218750 0.500000
vt 0.187500 0.511813
vt 0.218750 0.511813
vt 0.416924 0.343750
vt 0.405162 0.322998
vt 0.375000 0.238187
vt 0.500000 0.361233
vt 0.418836 0.361233
vt 0.125000 0.511813
vt 0.221703 0.511813
vt 0.584451 0.343750
vt 0.582507 0.361233
vt 0.584451 0.406250
vt 0.595159 0.425023
vt 0.406379 0.425023
vt 0.645742 0.511813
vt 0.416924 0.406250
vt 0.418901 0.388190
vt 0.582440 0.388190
vt 0.596452 0.322998
vt 0.416972 0.343750
vt 0.405216 0.322998
vt 0.418882 0.361233
vt 0.584498 0.343750
vt 0.582553 0.361233
vt 0.375000 0.218488
vt 0.501026 0.218488
vt 0.625000 0.531512
vt 0.501026 0.531512
vt 0.251163 0.531512
vt 0.125000 0.531512
vt 0.875000 0.531512
vt 0.748837 0.531512
vt 0.257125 0.531512
vt 0.742875 0.531512
vt 0.501097 0.218488
vt 0.501097 0.531512
vt 0.251162 0.531512
vt 0.748838 0.531512
vt 0.183594 0.875000
vt 0.151516 1.000000
vt 0.059021 0.875000
vt 0.921255 0.921445
vt 0.767257 1.000000
vt 0.738795 0.909584
vt 0.078649 0.750000
vt 0.040476 0.625000
vt 0.176415 0.625000
vt 0.200857 0.750000
vt 0.301415 0.625000
vt 0.326325 0.750000
vt 0.441727 0.625000
vt 0.466202 0.750000
vt 0.598359 0.572419
vt 0.760538 0.625000
vt 0.721030 0.750000
vt 0.905385 0.625000
vt 0.863918 0.750000
vt 0.971153 0.750000
vt 0.986340 0.625000
vt 0.921078 0.500000
vt 0.133858 0.500000
vt 0.000000 0.750000
vt 0.262652 0.922779
vt 0.387827 0.934725
vt 0.606085 0.914010
vt 0.591895 0.750000
vt 0.519459 1.000000
vt 0.314352 1.000000
vt 0.630635 1.000000
vt 0.457412 1.000000
vt 0.428143 1.000000
vt 0.974803 1.000000
vt 0.967467 1.000000
vt 0.812505 1.000000
vt 0.823581 1.000000
vt 0.922266 1.000000
vt 0.848293 0.937500
vt 0.972655 0.937500
vt 0.576123 1.000000
vt 0.566415 0.937500
vt 0.692043 0.937500
vt 0.453231 0.937500
vt 0.324153 0.937500
vt 0.260432 1.000000
vt 0.215161 0.937500
vt 0.094105 0.937500
vt 0.096809 1.000000
vt 0.057897 1.000000
vt 0.000000 0.937500
vt 0.031250 0.625000
vt 0.024744 0.822773
vt 0.000000 0.625000
vt 0.137818 0.625000
vt 0.095047 0.750000
vt 0.076193 0.625000
vt 0.201660 0.625000
vt 0.189239 0.750000
vt 0.325318 0.625000
vt 0.282547 0.750000
vt 0.263693 0.625000
vt 0.350158 0.819408
vt 0.551466 0.827877
vt 0.549682 0.625000
vt 0.612182 0.625000
vt 0.640019 0.815232
vt 0.656250 0.625000
vt 0.777325 0.750000
vt 0.750000 0.625000
vt 0.799682 0.625000
vt 0.966996 0.625000
vt 0.933598 0.750000
vt 0.892557 0.625000
vt 0.988480 0.500000
vt 0.919067 0.500000
vt 0.839653 0.500000
vt 0.762817 0.500000
vt 0.138261 0.875000
vt 0.248035 0.875000
vt 0.435535 0.875000
vt 0.420746 0.661677
vt 0.484375 0.750000
vt 0.720715 0.875000
vt 0.700321 0.750000
vt 0.850464 0.690456
vt 0.814465 0.875000
vt 0.925130 0.875000
vt 1.000000 0.822773
vt 0.476945 1.000000
vt 0.891398 1.000000
vt 0.749542 0.937500
vt 0.921782 1.000000
vt 0.937736 0.937500
vt 0.781347 1.000000
vt 0.386274 0.937500
vt 0.500338 1.000000
vt 0.547538 0.937500
vt 0.015625 0.625000
vt 0.039379 0.815983
vt 0.224382 0.573409
vt 0.196715 0.820961
vt 0.266863 0.750000
vt 0.714698 0.750000
vt 0.669987 0.572605
vt 0.634076 0.824453
vt 0.922292 0.827910
vt 0.893432 0.625000
vt 0.843583 0.810048
vt 0.983570 0.750000
vt 0.955932 0.625000
vt 1.000000 0.625000
vt 0.984375 0.562346
vt 0.919067 0.562346
vt 0.853953 0.575125
vt 0.593855 0.573589
vt 0.497035 0.575224
vt 0.292759 0.585880
vt 0.326194 0.625000
vt 0.366348 0.582709
vt 0.122385 0.580631
vt 0.170409 0.625000
vt 0.000000 0.562346
vt 0.052360 0.575434
vt 0.327038 0.824631
vt 0.407872 0.750000
vt 0.537528 0.814560
vt 0.482358 0.750000
vt 0.794071 0.750000
vt 0.751965 0.875000
vt 1.000000 0.875000
vt 0.089084 0.937500
vt 0.109891 0.817884
vt 0.229837 0.937500
vt 0.827550 0.875000
vt 0.484406 0.875000
vt 0.220209 1.000000
vt 0.961457 1.000000
vt 0.021354 1.000000
vt 0.671862 1.000000
vt 0.484375 0.625000
vt 0.683597 0.500000
vt 0.705932 0.625000
vt 0.347653 0.500000
vt 0.018433 0.500000
vt 0.656588 1.000000
vt 0.344088 1.000000
vt 0.203124 1.000000
vt 0.078126 1.000000
vt 0.424240 0.570466
vt 0.732737 0.575401
vt 0.272256 0.474737
vt 0.192968 0.041251
vt 0.450688 0.142757
vt 0.208312 1.000000
vt 0.031574 1.000000
vt 0.769756 0.450590
vt 0.749824 0.486583
vt 0.848161 0.426079
vt 0.726589 0.012306
vt 0.658131 0.070558
vt 0.750102 0.050055
vt 0.606567 0.500000
vt 0.544067 0.500000
vt 0.484375 0.500000
vt 0.795459 0.577880
vt 0.996760 1.000000
vt 0.956413 0.937500
vt 1.000000 0.937500
vt 0.572714 0.937500
vt 0.501522 1.000014
vt 0.517335 0.937500
vt 0.466812 0.937500
vt 0.383973 1.000000
vt 0.398947 0.937500
vt 0.305645 0.937500
vt 0.164956 0.937500
vt 0.011826 1.000000
vt 0.073411 0.937500
vt 0.003843 0.937500
vt 0.075383 0.687500
vt 0.049035 0.750000
vt 0.008639 0.687500
vt 0.138350 0.687500
vt 0.111255 0.750000
vt 0.217655 0.687500
vt 0.174084 0.750000
vt 0.637776 0.750000
vt 0.609358 0.687500
vt 0.672362 0.687500
vt 0.700524 0.750000
vt 0.733901 0.687500
vt 0.937500 0.748590
vt 0.882354 0.752685
vt 0.900681 0.625599
vt 0.962768 0.562500
vt 0.985325 0.500018
vt 0.839948 0.625000
vt 0.774566 0.562500
vt 0.689392 0.625000
vt 0.636373 0.562500
vt 0.550032 0.625000
vt 0.537147 0.562500
vt 0.344156 0.625000
vt 0.314527 0.562500
vt 0.466450 0.562500
vt 0.189426 0.625000
vt 0.172779 0.562500
vt 0.064459 0.625000
vt 0.021280 0.562500
vt 0.040885 0.875000
vt 0.044917 0.812500
vt 0.111819 0.812500
vt 0.128369 0.875000
vt 0.173488 0.812500
vt 0.226688 0.875000
vt 0.235649 0.812500
vt 0.299311 0.812500
vt 0.361244 0.812500
vt 0.329381 0.875000
vt 0.427162 0.812500
vt 0.393490 0.875000
vt 0.468750 0.755168
vt 0.457959 0.875000
vt 0.618165 0.812500
vt 0.570566 0.875000
vt 0.514656 0.874873
vt 0.681159 0.812500
vt 0.636128 0.875000
vt 0.736947 0.812500
vt 0.701441 0.875000
vt 0.791513 0.812500
vt 0.770195 0.875000
vt 0.807708 0.761621
vt 0.846343 0.874609
vt 0.922334 0.875000
vt 0.571033 0.747942
vt 0.508284 0.750461
vt 0.419972 0.750000
vt 0.000000 0.756865
vt 0.809482 0.687500
vt 0.769402 0.625000
vt 0.614396 0.625000
vt 0.506078 0.631132
vt 0.249994 0.500000
vt 0.011825 0.500000
vt 0.501443 0.500000
vt 0.638141 0.500000
vt 0.000000 0.875000
vt 0.686142 0.999972
vt 0.981865 0.875000
vt 0.820720 1.000000
vt 0.733211 0.750000
vt 0.871226 0.750000
vt 0.511161 1.000000
vt 0.456055 0.750000
vt 0.502936 0.750000
vt 0.304051 0.750000
vt 0.219721 1.000000
vt 0.128774 0.750000
vt 0.036645 0.750000
vt -0.000034 1.000000
vt 0.157836 0.500000
vt 0.013369 0.500000
vt 0.283368 0.500000
vt 0.416277 0.500000
vt 0.494604 0.500000
vt 0.539413 0.500000
vt 0.674907 0.500000
vt 0.591589 0.750000
vt 0.842164 0.500000
vt 0.960588 0.500000
vt 0.992069 0.750000
vt 0.991060 1.000000
vt 0.908411 0.750000
vt 0.997064 0.750000
vt 0.780280 1.000000
vt 0.766789 0.750000
vt 0.628774 0.750000
vt 0.490723 1.000000
vt 0.522389 0.750000
vt 0.266789 0.750000
vt 0.179281 1.000000
vt 0.083723 0.500000
vt 0.005389 0.500000
vt 0.216632 0.500000
vt 0.342164 0.500000
vt 0.408411 0.750000
vt 0.486634 0.500000
vt 0.657836 0.500000
vt 0.825093 0.500000
vt 0.234218 0.750000
vt 0.468750 0.687500
vt 0.950956 0.625000
vt 0.448778 0.625000
vt 0.991093 0.755568
vt 0.426039 0.687500
vt 0.362689 0.687500
vt 0.299566 0.687500
vt 1.000000 0.562500
vt 0.993226 0.999930
vt 0.956414 0.937500
vt 0.537883 0.937500
vt 0.500989 0.999987
vt 0.467963 0.937500
vt 0.116024 1.000000
vt 0.164957 0.937500
vt 0.016375 0.937500
vt 0.075385 0.687500
vt 0.049034 0.750000
vt 0.008642 0.687500
vt 0.111254 0.750000
vt 0.222437 0.687500
vt 0.174085 0.750000
vt 0.723009 0.750000
vt 0.672363 0.687500
vt 0.962769 0.562500
vt 0.880240 0.625397
vt 0.769399 0.625034
vt 0.638072 0.502420
vt 0.570547 0.625000
vt 0.559480 0.562500
vt 0.506077 0.631131
vt 0.497914 0.562500
vt 0.448781 0.625000
vt 0.372732 0.562500
vt 0.193273 0.625000
vt 0.062705 0.625000
vt 0.022642 0.562500
vt 0.072624 0.875000
vt 0.055013 0.812500
vt 0.111818 0.812500
vt 0.173490 0.812500
vt 0.299312 0.812500
vt 0.361243 0.812500
vt 0.375639 0.875000
vt 0.448985 0.812500
vt 0.681160 0.812500
vt 0.636129 0.875000
vt 0.615105 0.812500
vt 0.733971 0.875000
vt 0.797688 0.764039
vt 0.858821 0.741585
vt 0.846482 0.875000
vt 0.636843 0.747949
vt 0.508286 0.750461
vt 0.468750 0.746647
vt 0.000000 0.756867
vt 0.794667 0.687500
vt 0.571034 0.747942
vt 0.011828 0.500000
vt 0.501447 0.500000
vt 0.537734 0.874431
vt 0.480752 0.875193
vt 0.922333 0.875000
vt 0.128773 0.750000
vt 0.010782 0.500000
vt 0.283367 0.500000
vt 0.186759 0.978634
vt 0.628775 0.750000
vt 0.511894 0.500000
vt 0.686152 0.980368
vt 0.842163 0.500000
vt 0.997067 0.750000
vt 0.128775 0.750000
vt 0.010784 0.500000
vt 0.325093 0.500000
vt 0.184077 0.986299
vt 0.408410 0.750000
vt 0.497745 0.500000
vt 0.583725 0.500000
vt 0.506588 0.750000
vt 0.716632 0.500000
vt 0.628773 0.750000
vt 0.686305 0.979934
vt 0.908412 0.750000
vt 0.960587 0.500000
vt 0.997061 0.750000
vt 0.990631 1.000000
vt 0.956411 0.937500
vt 0.846304 0.874498
vt 0.620797 0.937500
vt 0.490578 1.000000
vt 0.517337 0.937500
vt 0.467718 0.937500
vt 0.305644 0.937500
vt 0.003239 1.000000
vt 0.012871 0.937500
vt 0.008636 0.687500
vt 0.723010 0.750000
vt 0.672361 0.687500
vt 0.962767 0.562500
vt 0.985327 0.500018
vt 0.689393 0.625000
vt 0.638072 0.502419
vt 0.570548 0.625000
vt 0.497913 0.562500
vt 0.372730 0.562500
vt 0.193271 0.625000
vt 0.172778 0.562500
vt 0.062706 0.625000
vt 0.072625 0.875000
vt 0.055012 0.812500
vt 0.173489 0.812500
vt 0.448989 0.812500
vt 0.681158 0.812500
vt 0.615106 0.812500
vt 0.736948 0.812500
vt 0.733333 0.875000
vt 0.797687 0.764039
vt 0.858822 0.741585
vt 0.508286 0.750462
vt 0.468750 0.746645
vt 0.571032 0.747941
vt 0.250005 0.500000
vt 0.011821 0.500000
vt 0.501441 0.500000
vt 0.537732 0.874431
vt 0.480757 0.875192
vt 0.981860 0.875000
vt 0.157837 0.500000
vt 0.091590 0.750000
vt 0.008773 0.500000
vt 0.314693 0.982786
vt 0.371228 0.750000
vt 0.416276 0.500000
vt 0.515278 0.750000
vt 0.511758 0.500000
vt 0.657837 0.500000
vt 0.628772 0.750000
vt 0.825092 0.500000
vt 0.805880 0.750000
vt 0.997476 1.000000
vt 0.908410 0.750000
vt 0.997065 0.750000
vt 0.698252 0.977236
vt 0.494223 1.000000
vt 0.514407 0.750000
vt 0.008856 0.750000
vt 0.216633 0.500000
vt 0.186473 0.979456
vt 0.408409 0.750000
vt 0.491221 0.500000
vt 0.657835 0.500000
vt 0.993277 0.500000
vt 0.990624 1.000000
vt 0.846306 0.874498
vt 0.620795 0.937500
vt 0.490576 1.000000
vt 0.517332 0.937500
vt 0.467713 0.937500
vt 0.003243 1.000000
vt 0.012403 0.937500
vt 0.325917 0.750000
vt 0.277505 0.687500
vt 0.362688 0.687500
vt 0.388747 0.750000
vt 0.426038 0.687500
vt 0.451930 0.753395
vt 0.452741 0.637408
vt 0.723011 0.750000
vt 0.962766 0.562500
vt 0.880236 0.625397
vt 0.985323 0.500018
vt 0.638073 0.502420
vt 0.570546 0.625000
vt 0.559474 0.562500
vt 0.506077 0.631128
vt 0.497918 0.562500
vt 0.193272 0.625000
vt 0.172780 0.562500
vt 0.022647 0.562500
vt 0.072175 0.875000
vt 0.047514 0.812500
vt 0.111816 0.812500
vt 0.173491 0.812500
vt 0.267410 0.812500
vt 0.375636 0.875000
vt 0.427163 0.812500
vt 0.480755 0.875192
vt 0.636132 0.875000
vt 0.797689 0.764040
vt 0.858822 0.741586
vt 0.978443 0.886773
vt 0.968750 0.752315
vt 1.000000 0.750000
vt 0.636844 0.747948
vt 0.265781 0.750000
vt 0.205550 0.750000
vt 0.142635 0.750000
vt 0.080030 0.750000
vt 0.571034 0.747943
vt 0.138349 0.687500
vt 0.011834 0.500000
vt 0.922335 0.875000
vt 0.010780 0.500000
vt 0.186761 0.978635
vt 0.674908 0.500000
vt 0.511895 0.500000
vt 0.686152 0.980370
vt 0.842162 0.500000
vt 0.960590 0.500000
vt 0.488629 1.000000
vt 0.408406 0.750000
vt 0.506633 0.750000
vt 0.198250 0.977236
vt 0.003473 1.000000
vt 0.016051 0.750000
vt 0.039411 0.500000
vt 0.583726 0.500000
vt 0.716633 0.500000
vt 0.686473 0.979455
vt 0.908409 0.750000
vt 0.991223 0.500000
vt 0.997061 1.000000
vt 0.956409 0.937500
vt 0.535385 0.937500
vt 0.501520 1.000014
vt 0.467552 0.937500
vt 0.383970 1.000000
vt 0.305643 0.937500
vt 0.011570 1.000000
vt 0.013344 0.937500
vt 0.075379 0.687500
vt 0.049037 0.750000
vt 0.008637 0.687500
vt 0.138354 0.687500
vt 0.174082 0.750000
vt 0.962763 0.562500
vt 0.880243 0.625397
vt 0.769400 0.625034
vt 0.638069 0.502420
vt 0.570544 0.625000
vt 0.559476 0.562500
vt 0.506077 0.631129
vt 0.497911 0.562500
vt 0.448785 0.625000
vt 0.372731 0.562500
vt 0.062707 0.625000
vt 0.022639 0.562500
vt 0.072622 0.875000
vt 0.055015 0.812500
vt 0.111820 0.812500
vt 0.173487 0.812500
vt 0.361246 0.812500
vt 0.375637 0.875000
vt 0.448992 0.812500
vt 0.681161 0.812500
vt 0.636126 0.875000
vt 0.615103 0.812500
vt 0.858822 0.741588
vt 0.846230 0.874293
vt 0.636841 0.747948
vt 0.508289 0.750460
vt 0.468750 0.746648
vt 0.000000 0.756869
vt 0.794666 0.687500
vt 0.571037 0.747943
vt 0.249996 0.500000
vt 0.501442 0.500000
vt 0.537736 0.874431
vt 0.480753 0.875193
vt 0.922325 0.875000
vt 0.981864 0.875000
vt 0.820724 1.000000
vt 0.809313 0.750000
vt 0.973913 0.750000
vt 0.508913 1.000000
vt 0.520294 0.750000
vt 0.091584 0.750000
vt 0.008768 0.500000
vt 0.314879 0.983310
vt 0.371227 0.750000
vt 0.416278 0.500000
vt 0.511962 0.500000
vt 0.986917 1.000000
vt 0.815006 0.750000
vt 0.979188 0.750000
vt 0.679276 1.000000
vt 0.496575 1.000000
vt 0.516177 0.750000
vt 0.002520 1.000000
vt 0.002922 0.750000
vt 0.157835 0.500000
vt 0.008766 0.500000
vt 0.179937 0.996961
vt 0.416275 0.500000
vt 0.511961 0.500000
vt 0.674906 0.500000
vt 0.842166 0.500000
vt 0.496776 0.937500
vt 0.495820 1.000013
vt 0.227105 0.937500
vt 0.007344 0.937500
vt 0.143317 0.750000
vt 0.107056 0.687500
vt 0.994832 0.562500
vt 0.878904 0.625384
vt 0.985316 0.500019
vt 0.769398 0.625043
vt 0.643712 0.625000
vt 0.509589 0.500156
vt 0.507214 0.628757
vt 0.507434 0.562500
vt 0.236745 0.562500
vt -0.030874 0.625000
vt 0.018809 0.562500
vt 0.052759 0.875000
vt 0.075571 0.812500
vt 0.201960 0.812500
vt 0.338162 0.812500
vt 0.373579 0.875000
vt 0.486649 0.751585
vt 0.507627 0.874889
vt 0.786892 0.779607
vt 0.733972 0.875000
vt 0.711081 0.757108
vt 0.902101 0.750752
vt 0.846185 0.874160
vt 0.649317 0.725207
vt 0.583814 0.875482
vt 0.383186 0.750000
vt 0.044536 0.743039
vt 0.185879 0.625000
vt 0.017511 0.500000
vt 0.199563 0.500000
vt 0.034082 0.750000
vt 0.226256 0.980625
vt 0.498070 0.500000
vt 0.536385 0.750000
vt 0.824827 0.974893
vt 0.988370 0.500000
vt 0.086338 0.514513
vt 0.006870 0.750000
vt 0.494889 0.976698
vt 0.296332 0.500000
vt 0.503066 0.500000
vt 0.526223 0.750000
vt 0.780280 0.999991
vt 0.985352 0.750000
vt 0.989361 0.500000
vt 0.339179 0.687500
vt 0.266842 0.750000
vt 0.962636 0.625000
vt 1.000000 0.687500
vt 0.992548 0.755780
vt 0.990143 0.999991
vt 0.994143 0.937500
vt 0.952906 0.875000
vt 0.034421 0.998795
vt 0.534107 0.937500
vt 0.494583 0.999997
vt 0.452914 0.937500
vt 0.229666 0.937500
vt 0.008145 1.000000
vt 0.017869 0.937500
vt 0.234545 0.750000
vt 0.217648 0.687500
vt 0.334749 0.687500
vt 0.361406 0.750000
vt 0.446144 0.687500
vt 0.986671 0.562500
vt 0.882570 0.625420
vt 0.983843 0.500024
vt 0.729378 0.624831
vt 0.574113 0.625000
vt 0.514986 0.562500
vt 0.508801 0.500067
vt 0.344150 0.625000
vt 0.239077 0.562500
vt 0.064457 0.625000
vt 0.028753 0.562500
vt 0.082125 0.875000
vt 0.027385 0.857828
vt 0.138958 0.812500
vt 0.226687 0.875000
vt 0.267034 0.812500
vt 0.392942 0.812500
vt 0.373575 0.875000
vt 0.637366 0.749926
vt 0.591559 0.875000
vt 0.506454 0.873504
vt 0.709189 0.765677
vt 0.764108 0.812500
vt 0.737412 0.875000
vt 0.807882 0.753951
vt 0.893098 0.875000
vt 0.900349 0.750745
vt 0.571026 0.747946
vt 0.480746 0.750241
vt 0.109823 0.750000
vt 0.018231 0.750000
vt 0.704553 0.687500
vt 0.493721 0.629814
vt 0.185882 0.625000
vt 0.099000 0.687500
vt 0.011359 0.500000
vt 0.993858 0.937500
vt 0.992404 0.838672
vt 0.316943 0.989218
vt 0.095384 0.500000
vt 0.338307 0.466817
vt 0.657838 0.500000
vt 0.538867 0.750000
vt 0.500223 0.500000
vt 0.825096 0.500000
vt 0.817392 0.990481
vt 0.993336 0.500000
vt 0.316942 0.989219
vt 0.095386 0.500000
vt 0.338308 0.466804
vt 0.538868 0.750000
vt 0.500224 0.500000
vt 0.993344 0.500000
vt 0.534121 0.937500
vt 0.507814 0.999980
vt 0.452922 0.937500
vt 0.229684 0.937500
vt 0.009670 1.000000
vt 0.234554 0.750000
vt 0.217653 0.687500
vt 0.361410 0.750000
vt 0.446150 0.687500
vt 0.986661 0.562500
vt 0.882569 0.625420
vt 0.729377 0.624831
vt 0.574116 0.625000
vt 0.514988 0.562500
vt 0.508803 0.500067
vt 0.344154 0.625000
vt 0.239078 0.562500
vt 0.028757 0.562500
vt 0.082131 0.875000
vt 0.027376 0.857824
vt 0.138953 0.812500
vt 0.267031 0.812500
vt 0.392944 0.812500
vt 0.637371 0.749928
vt 0.591561 0.875000
vt 0.506457 0.873504
vt 0.709189 0.765679
vt 0.764104 0.812500
vt 0.737414 0.875000
vt 0.807885 0.753957
vt 0.890875 0.875000
vt 0.900356 0.750739
vt 0.571033 0.747947
vt 0.480749 0.750239
vt 0.109833 0.750000
vt 0.018238 0.750000
vt 0.704546 0.687500
vt 0.493731 0.629810
vt 0.185880 0.625000
vt 0.099027 0.687500
vt 0.011395 0.500000
vt 0.993843 0.937500
vt 0.992401 0.838681
vt 0.496268 1.000000
vt 0.338788 0.470942
vt 0.522013 0.750000
vt 0.042423 1.000000
vt 0.218349 0.525897
vt 0.079978 0.750000
vt 0.497007 0.500000
vt 0.825094 0.500000
vt 0.825885 0.960627
vt 0.993343 0.500000
vt 0.974959 1.000000
vt 0.823324 0.521014
vt 0.995930 0.750000
vt 0.509565 0.982513
vt 0.083854 0.504200
vt 0.003482 1.000000
vt 0.002914 0.750000
vt 0.321850 0.958948
vt 0.284927 0.500000
vt 0.495219 0.500000
vt 0.534118 0.937500
vt 0.494658 0.999997
vt 0.452935 0.937500
vt 0.225991 0.937500
vt 0.008114 1.000000
vt 0.017864 0.937500
vt 0.217656 0.687500
vt 0.139783 0.750000
vt 0.105664 0.687500
vt 0.986654 0.562500
vt 0.983855 0.500024
vt 0.574120 0.625000
vt 0.508862 0.500067
vt 0.344151 0.625000
vt 0.239075 0.562500
vt -0.029440 0.625000
vt 0.028762 0.562500
vt 0.054193 0.875000
vt 0.026063 0.789138
vt 0.140380 0.812500
vt 0.267029 0.812500
vt 0.401551 0.812500
vt 0.373582 0.875000
vt 0.488142 0.752860
vt 0.507420 0.874885
vt 0.637374 0.749927
vt 0.591568 0.875000
vt 0.709186 0.765682
vt 0.764106 0.812500
vt 0.807887 0.753960
vt 0.846488 0.875000
vt 0.863102 0.750556
vt 0.953639 0.875000
vt 0.946306 0.751537
vt 1.000000 0.756863
vt 0.571040 0.747930
vt 0.384251 0.750000
vt 0.704543 0.687500
vt 0.493742 0.629815
vt 0.185878 0.625000
vt 0.011428 0.500000
vt 0.989942 0.999983
vt 0.973254 1.000000
vt 0.676154 0.514804
vt 0.838399 0.467607
vt 0.478130 1.000000
vt 0.495815 0.750000
vt 0.408417 0.750000
vt 0.281239 0.532084
vt 0.159887 0.482340
vt 0.003449 1.000000
vt 0.007931 0.750000
vt 0.971859 1.000000
vt 0.676003 0.512959
vt 0.838722 0.470384
vt 0.496296 1.000000
vt 0.495835 0.750000
vt 0.403895 0.500000
vt 0.219930 0.998854
vt 0.161164 0.471355
vt 0.534122 0.937500
vt 0.494593 0.999997
vt 0.452927 0.937500
vt 0.229671 0.937500
vt 0.008126 1.000000
vt 0.017870 0.937500
vt 0.234552 0.750000
vt 0.334756 0.687500
vt 0.446148 0.687500
vt 0.981839 0.562500
vt 0.882568 0.625420
vt 0.574118 0.625000
vt 0.514992 0.562500
vt 0.508804 0.500067
vt 0.344159 0.625000
vt 0.239080 0.562500
vt 0.064463 0.625000
vt 0.028763 0.562500
vt 0.082134 0.875000
vt 0.027373 0.857820
vt 0.138951 0.812500
vt 0.226689 0.875000
vt 0.267030 0.812500
vt 0.392947 0.812500
vt 0.373581 0.875000
vt 0.637370 0.749930
vt 0.506460 0.873502
vt 0.709188 0.765681
vt 0.737416 0.875000
vt 0.807884 0.753955
vt 0.893106 0.875000
vt 0.900377 0.750742
vt 0.571027 0.747945
vt 0.480741 0.750239
vt 0.109837 0.750000
vt 0.018260 0.750000
vt 0.704545 0.687500
vt 0.493734 0.629808
vt 0.100075 0.687500
vt 0.011401 0.500000
vt 0.993853 0.937500
vt 0.992399 0.838693
vt 0.974954 1.000000
vt 0.823325 0.521014
vt 0.509581 0.982513
vt 0.083855 0.504202
vt 0.003491 1.000000
vt 0.321850 0.958946
vt 0.284925 0.500000
vt 0.495220 0.500000
vt 0.974976 1.000000
vt 0.823323 0.521014
vt 0.995948 0.750000
vt 0.509583 0.982512
vt 0.083858 0.504199
vt 0.002937 0.750000
vt 0.321860 0.958945
vt 0.534125 0.937500
vt 0.494582 0.999997
vt 0.452932 0.937500
vt 0.229672 0.937500
vt 0.008121 1.000000
vt 0.017872 0.937500
vt 0.217654 0.687500
vt 0.334757 0.687500
vt 0.361407 0.750000
vt 0.446155 0.687500
vt 0.981827 0.562500
vt 0.882565 0.625420
vt 0.983845 0.500024
vt 0.515002 0.562500
vt 0.508814 0.500067
vt 0.064455 0.625000
vt 0.028766 0.562500
vt 0.027378 0.857819
vt 0.138959 0.812500
vt 0.392945 0.812500
vt 0.373572 0.875000
vt 0.637370 0.749931
vt 0.591563 0.875000
vt 0.506461 0.873502
vt 0.764102 0.812500
vt 0.807886 0.753959
vt 0.893104 0.875000
vt 0.900382 0.750743
vt 0.480739 0.750239
vt 0.109834 0.750000
vt 0.018256 0.750000
vt 0.493735 0.629808
vt 0.100069 0.687500
vt 0.992400 0.838692
vt 0.974961 1.000000
vt 0.823323 0.521012
vt 0.995943 0.750000
vt 0.083856 0.504200
vt 0.321855 0.958943
vt 0.495221 0.500000
vt 0.295551 0.949568
vt 0.003471 1.000000
vt 0.026381 0.750000
vt 0.083721 0.500000
vt 0.005385 0.500000
vt 0.300438 0.500000
vt 0.371225 0.750000
vt 0.500961 0.500000
vt 0.508218 0.985144
vt 0.819784 0.995649
vt 0.992872 0.750000
vt 0.993340 0.500000
vt 0.993080 0.999999
vt 0.888969 0.874833
vt 0.988797 0.937500
vt 0.496787 0.937500
vt 0.488174 1.000013
vt 0.230298 0.937500
vt 0.014304 1.000000
vt 0.234556 0.750000
vt 0.334754 0.687500
vt 0.361408 0.750000
vt 0.446160 0.687500
vt 0.986659 0.562500
vt 0.882569 0.625421
vt 0.983858 0.500024
vt 0.729376 0.624830
vt 0.574122 0.625000
vt 0.514980 0.562500
vt 0.508827 0.500067
vt 0.344152 0.625000
vt 0.064462 0.625000
vt 0.082137 0.875000
vt 0.027370 0.857823
vt 0.138955 0.812500
vt 0.392935 0.812500
vt 0.373585 0.875000
vt 0.637375 0.749927
vt 0.506456 0.873504
vt 0.709186 0.765683
vt 0.737415 0.875000
vt 0.807885 0.753952
vt 0.900335 0.750744
vt 0.571039 0.747944
vt 0.480758 0.750241
vt 0.109838 0.750000
vt 0.018264 0.750000
vt 0.704540 0.687500
vt 0.493743 0.629809
vt 0.099029 0.687500
vt 0.011397 0.500000
vt 0.992398 0.838695
vt 0.977798 1.000000
vt 0.675998 0.512958
vt 0.838436 0.467916
vt 0.496263 1.000000
vt 0.495801 0.750000
vt 0.408414 0.750000
vt 0.403894 0.500000
vt 0.220300 0.996945
vt 0.160766 0.474768
vt 0.977804 1.000000
vt 0.676002 0.512972
vt 0.838433 0.467924
vt 0.496290 1.000000
vt 0.495803 0.750000
vt 0.403897 0.500000
vt 0.220300 0.996947
vt 0.160766 0.474770
vt 0.494650 0.999997
vt 0.452928 0.937500
vt 0.008144 1.000000
vt 0.217657 0.687500
vt 0.446166 0.687500
vt 0.983841 0.500024
vt 0.729380 0.624830
vt 0.574123 0.625000
vt 0.514973 0.562500
vt 0.508858 0.500067
vt 0.239073 0.562500
vt 0.064458 0.625000
vt 0.082124 0.875000
vt 0.138956 0.812500
vt 0.373571 0.875000
vt 0.637368 0.749931
vt 0.591567 0.875000
vt 0.506450 0.873507
vt 0.709192 0.765674
vt 0.764105 0.812500
vt 0.807883 0.753959
vt 0.900345 0.750744
vt 0.571031 0.747944
vt 0.480756 0.750240
vt 0.109828 0.750000
vt 0.704549 0.687500
vt 0.493735 0.629810
vt 0.099013 0.687500
vt 0.011360 0.500000
vt 0.992405 0.838672
vt 0.174904 0.500000
vt 0.032504 0.750000
vt 0.006674 0.500000
vt 0.324691 0.968546
vt 0.342167 0.500000
vt 0.500234 0.500000
vt 0.708176 0.500000
vt 0.538884 0.750000
vt 0.993132 0.750000
vt 0.914103 0.512068
vt 0.994608 0.500000
vt 0.316943 0.989223
vt 0.338307 0.466814
vt 0.657840 0.500000
vt 0.538886 0.750000
vt 0.500229 0.500000
vt 0.824527 0.958610
vt 0.993342 0.500000
vt 0.006070 1.000000
vt 0.426037 0.687500
vt 0.419971 0.750000
vt 0.923305 0.751650
vt 0.960381 0.625000
vt -0.020825 0.625000
vt 0.352822 0.625000
vt -0.005501 0.875000
vt 0.992109 0.755717
vt 0.008507 0.750000
vt 0.514091 0.750000
vt 0.914729 0.106170
vt 0.522541 0.249993
vt 0.760115 0.485135
vt 0.008511 0.750000
vt 0.672941 0.999988
vt 0.234219 0.750000
vt 0.923305 0.751651
vt 0.960386 0.625000
vt -0.020829 0.625000
vt -0.005500 0.875000
vt 0.992111 0.755717
vt 0.362690 0.687500
vt 0.299565 0.687500
vt 0.631965 0.046084
vt 0.553875 0.378477
vt 0.808431 0.481460
vt 0.672940 0.999988
vt 0.923304 0.751651
vt 0.960379 0.625000
vt -0.020826 0.625000
vt 0.352821 0.625000
vt -0.006356 0.874060
vt 0.018257 0.750000
vt 0.199725 0.687500
vt 0.075388 0.687500
vt 0.514101 0.750000
vt 0.106395 0.084465
vt 0.458052 0.161036
vt 0.238656 0.486870
vt 0.426033 0.687500
vt 0.419966 0.750000
vt 0.923309 0.751651
vt 0.960385 0.625000
vt -0.020832 0.625000
vt -0.005502 0.875000
vt 0.992107 0.755718
vt 0.686437 0.999603
vt 0.997499 1.000000
vt 0.002928 0.750000
vt 0.631968 0.046082
vt 0.808432 0.481460
vt 0.631964 0.046085
vt 0.553877 0.378479
vt 0.808434 0.481459
vt 0.496267 1.000000
vt 0.441216 0.288788
vt 0.224142 0.460790
vt 0.255006 0.009270
vt 0.966437 0.632362
vt -0.017376 0.632362
vt 0.988799 0.750830
vt 0.989962 0.999983
vt 0.083621 0.750000
vt 0.083627 0.750000
vt 0.993133 0.750000
vt 0.437865 0.351437
vt 0.244668 0.485931
vt 0.261269 0.016965
vt 0.966418 0.632366
vt -0.017352 0.632366
vt 0.988794 0.750833
vt 0.995190 1.000015
vt 0.993138 0.750000
vt 0.479780 0.750000
vt 0.334365 0.687500
vt 0.266220 0.750000
vt 0.043488 0.741410
vt 0.446153 0.687500
vt 0.875789 1.000000
vt 0.961914 0.625000
vt 0.994739 0.937500
vt -0.000028 1.000000
vt 0.007930 0.750000
vt 0.497333 0.500000
vt 0.976884 0.750000
vt 0.986448 0.500000
vt 0.976578 0.750000
vt 0.967069 0.632414
vt -0.017323 0.632415
vt 0.988720 0.750834
vt 0.989961 0.999983
vt 0.479785 0.750000
vt 0.967056 0.632413
vt -0.017325 0.632413
vt 0.988723 0.750835
vt 0.989956 0.999983
vt 0.479784 0.750000
vt 0.997515 1.000000
vt 0.491062 0.750000
vt 0.966423 0.632365
vt -0.017358 0.632365
vt 0.988785 0.750829
vt 0.013871 0.750000
vt 0.992073 0.750000
vt 0.989297 0.500000
vt 0.013370 0.500000
vt 0.013872 0.750000
vt 0.992067 0.750000
vt 0.989295 0.500000
vt 0.989964 0.999983
vt 0.294449 0.750000
vt 0.960245 0.192795
vt 0.553879 0.121518
vt 0.746816 0.487893
vt 0.817241 0.990041
vt 0.083623 0.750000
vt 0.993130 0.750000
vt 0.415028 0.417024
vt 0.106398 0.084462
vt 0.252199 0.012275
vt 0.914728 0.106170
vt 0.522540 0.250008
vt 0.760113 0.485134
vt 0.357365 0.750000
vt -0.020828 0.625000
vt 0.443259 0.343842
vt 0.058783 0.288787
vt 0.265731 0.016142
vt 0.730327 0.486455
vt 0.808433 0.018540
vt 0.631966 0.046084
vt 0.056741 0.343841
vt 0.263358 0.488187
vt 0.954627 0.354823
vt 0.553876 0.121522
vt 0.631966 0.453916
vt 0.106402 0.415540
vt 0.458049 0.338971
vt 0.252194 0.487725
vt 0.914730 0.106170
vt 0.522540 0.250009
vt 0.760111 0.485135
vt 0.812645 0.999014
vt 0.493564 1.000000
vt 0.990802 1.000000
vt 0.002537 1.000000
vt 0.443258 0.156158
vt 0.056742 0.343841
vt 0.240788 0.013173
vt 0.518660 0.200749
vt 0.734087 0.487346
vt 0.946125 0.378477
vt 0.493575 1.000000
vt 0.990806 1.000000
vt 0.002533 1.000000
vt 0.443261 0.156160
vt 0.056738 0.343841
vt 0.240803 0.013172
vt 0.545373 0.145178
vt 0.734084 0.487346
vt 0.946124 0.378478
vt 0.257861 0.487825
vt 0.238207 0.017348
vt 0.437869 0.148573
vt 0.996562 1.000000
vt 0.980774 0.750000
vt 0.808612 1.000000
vt 0.498475 1.000000
vt 0.241485 0.486257
vt 0.246501 0.016005
vt 0.461129 0.331942
vt 0.009593 1.000000
vt 0.008955 1.000000
vt 0.461129 0.168056
vt 0.056740 0.343839
vt 0.241744 0.013676
vt 0.914730 0.106171
vt 0.760110 0.485134
vt 0.631966 0.453917
vt 0.257862 0.487824
vt 0.238203 0.017348
vt 0.437868 0.148572
vt 0.008646 0.687500
vt 0.493574 1.000000
vt 0.990811 1.000000
vt 0.002534 1.000000
vt 0.443259 0.156160
vt 0.240802 0.013171
vt 0.518660 0.200750
vt 0.734090 0.487347
vt 0.946126 0.378476
vt 0.990558 1.000000
vt 0.038873 0.331948
vt 0.443260 0.156160
vt 0.258241 0.486326
vt 0.868037 0.046085
vt 0.545373 0.145177
vt 0.691570 0.481461
vt 0.914724 0.106167
vt 0.522540 0.250006
vt 0.760116 0.485137
vt 0.357368 0.750000
vt 0.262651 0.014327
vt 0.235959 0.485202
vt 0.056743 0.156156
vt 0.012509 1.000000
vt 0.443257 0.156152
vt 0.056740 0.343840
vt 0.244965 0.011758
vt 0.960586 0.500000
vt 0.245059 0.009273
vt 0.753375 0.484981
vt 0.954627 0.145177
vt 0.747331 0.013483
vt 0.946124 0.121522
vt 0.541018 0.186412
vt 0.759878 0.487114
vt 0.997500 1.000000
vt 0.500617 1.000000
vt 0.248859 0.489583
vt 0.251141 0.010426
vt 0.443258 0.343847
vt 0.003503 1.000000
vt 0.005383 0.500000
vt 0.997512 1.000000
vt 0.750440 0.014833
vt 0.622026 0.440347
vt 0.954625 0.354826
vt 0.500570 1.000000
vt 0.248866 0.489582
vt 0.251074 0.010423
vt 0.443255 0.343847
vt 0.003484 1.000000
vt 0.005387 0.500000
vt 0.750441 0.014831
vt 0.622024 0.440345
vt 0.825220 0.998731
vt 0.991063 1.000000
vt 0.223819 0.449673
vt 0.245059 0.009276
vt 0.443257 0.343848
vt 0.745461 0.015094
vt 0.518661 0.299252
vt 0.954626 0.354824
vt 0.011850 0.500000
vt 0.056731 0.156166
vt 0.251117 0.010419
vt 0.273684 0.471013
vt 0.946125 0.121523
vt 0.537819 0.202559
vt 0.753167 0.487897
vt 0.954627 0.145179
vt 0.518660 0.200751
vt 0.757184 0.484738
vt 0.058796 0.288792
vt 0.245100 0.009278
vt 0.283616 0.471899
vt 0.954630 0.145184
vt 0.621411 0.060492
vt 0.502185 0.500000
vt 0.056733 0.156166
vt 0.251140 0.010422
vt 0.273681 0.471013
vt 0.946124 0.121521
vt 0.537818 0.202563
vt 0.753168 0.487897
vt 0.056743 0.156151
vt 0.251143 0.010421
vt 0.273658 0.471008
vt 0.005386 0.500000
vt 0.946125 0.121522
vt 0.537818 0.202561
vt 0.753169 0.487897
vt 0.056745 0.156160
vt 0.273684 0.471010
vt 0.537819 0.202562
vt 0.248878 0.489588
vt 0.251121 0.010414
vt 0.542171 0.180598
vt -0.000024 1.000000
vt 0.058788 0.288781
vt 0.245050 0.009269
vt 0.277346 0.476946
vt 0.954627 0.145178
vt 0.621409 0.060493
vt 0.751538 0.485098
vt 0.502192 0.500000
vt -0.000044 1.000000
vt 0.245090 0.009270
vt 0.277374 0.476954
vt 0.954628 0.145182
vt 0.621412 0.060490
vt 0.751540 0.485098
vt 0.502189 0.500000
vt 0.248857 0.489583
vt 0.251159 0.010417
vt 0.443247 0.343848
vt 0.500629 1.000000
vt 0.003505 1.000000
vt 0.251159 0.010416
vt 0.750448 0.014830
vt 0.622023 0.440345
vt 0.625000 0.463489
vt 0.375000 0.463489
vt 0.341571 0.720886
vt 0.841572 0.720886
vt 0.704215 0.732129
vt 0.204214 0.732129
vt 0.250000 0.732129
vt 0.658429 0.720886
vt 0.295785 0.732129
vt 0.375000 0.286511
vt 0.158428 0.720886
vt 0.750000 0.732129
vt 0.795786 0.732129
vt 0.625000 0.495792
vt 0.375000 0.495792
vt 0.625000 0.960315
vt 0.625000 0.874999
vt 0.375000 0.874999
vt 0.625000 0.789684
vt 0.375000 0.254209
vt 0.625000 0.254209
vt 0.375000 0.960315
vt 0.375000 0.789684
vt 0.982608 1.000000
vt 0.950028 0.500000
vt 0.023421 0.500000
vt 0.049972 0.500000
vt 0.893150 0.500000
vt 0.984260 0.500000
vt 0.824780 0.500000
vt 0.799320 0.500000
vt 0.796468 1.000000
vt 0.750105 0.500000
vt 0.734506 0.500000
vt 0.044374 1.000000
vt 0.612748 0.500000
vt 0.638200 0.500000
vt 0.675220 0.500000
vt 0.515989 0.500000
vt 0.549971 0.500000
vt 0.482607 1.000000
vt 0.450028 0.500000
vt 0.393149 0.500000
vt 0.324780 0.500000
vt 0.299319 0.500000
vt 0.249895 0.500000
vt 0.234506 0.500000
vt 0.112746 0.500000
vt 0.138199 0.500000
vt 0.175220 0.500000
vt 0.107145 1.000000
vt 0.078625 1.000000
vt 0.169596 1.000000
vt 0.157150 1.000000
vt 0.234522 1.000000
vt 0.206312 1.000000
vt 0.187500 1.000000
vt 0.311875 1.000000
vt 0.327639 1.000000
vt 0.281250 1.000000
vt 0.355964 1.000000
vt 0.312500 1.000000
vt 0.261297 1.000000
vt 0.265479 1.000000
vt 0.418611 1.000000
vt 0.390101 1.000000
vt 0.452875 1.000000
vt 0.487068 1.000000
vt 0.578536 1.000000
vt 0.554000 1.000000
vt 0.515715 1.000000
vt 0.669597 1.000000
vt 0.641269 1.000000
vt 0.608325 1.000000
vt 0.765478 1.000000
vt 0.734521 1.000000
vt 0.703447 1.000000
vt 0.733319 1.000000
vt 0.703532 1.000000
vt 0.824778 1.000000
vt 0.756538 1.000000
vt 0.887258 1.000000
vt 0.950017 1.000000
vt 0.955625 1.000000
vt 0.921372 1.000000
vt 0.887253 0.500000
vt 0.892854 1.000000
vt 0.858732 1.000000
vt 0.830405 1.000000
vt 0.017390 1.000000
vt 0.766680 1.000000
vt 0.546025 1.000000
vt 0.517391 1.000000
vt 0.455625 1.000000
vt 0.421373 1.000000
vt 0.387252 0.500000
vt 0.392853 1.000000
vt 0.358731 1.000000
vt 0.298135 1.000000
vt 0.987714 0.226786
vt 0.522509 0.177146
vt 0.571190 0.401383
vt 0.234506 1.000000
vt 0.015712 1.000000
vt 0.078537 1.000000
vt 0.015729 1.000000
vt 0.081384 1.000000
vt 0.064532 1.000000
vt 0.144027 1.000000
vt 0.141178 1.000000
vt 0.234498 1.000000
vt 0.067245 1.000000
vt 0.294479 1.000000
vt 0.578625 1.000000
vt 0.475271 1.000000
vt 0.575979 1.000000
vt 0.641180 1.000000
vt 0.647987 1.000000
vt 0.687500 1.000000
vt 0.827639 1.000000
vt 0.890100 1.000000
vt 0.952873 1.000000
vt 0.977161 1.000000
vt 0.776174 1.000000
vt 0.571169 0.271680
vt 0.755848 0.012924
vt 0.623582 0.049752
vt 0.633682 0.458649
vt 0.744152 0.487077
vt 0.987076 0.255848
vt 0.950248 0.123582
vt 0.376418 0.049752
vt 0.458649 0.133682
vt 0.450248 0.376418
vt 0.366318 0.458649
vt 0.255848 0.487077
vt 0.041351 0.366318
vt 0.012924 0.255848
vt 0.037366 0.141137
vt 0.133682 0.041351
vt 0.580294 0.080294
vt 0.020213 0.184712
vt 0.062689 0.101746
vt 0.116663 0.050447
vt 0.176622 0.022667
vt 0.358863 0.037365
vt 0.431948 0.095211
vt 0.477333 0.176622
vt 0.490000 0.250000
vt 0.479787 0.315288
vt 0.437311 0.398254
vt 0.383337 0.449553
vt 0.230796 0.488109
vt 0.141137 0.462635
vt 0.068052 0.404789
vt 0.010000 0.250000
vt 0.979787 0.184712
vt 0.937311 0.101746
vt 0.823378 0.022667
vt 0.730796 0.011891
vt 0.641137 0.037365
vt 0.616165 0.092682
vt 0.686555 0.053441
vt 0.931948 0.404789
vt 0.977333 0.323378
vt 0.883835 0.407317
vt 0.858863 0.462635
vt 0.922539 0.365287
vt 0.750000 0.042489
vt 0.809947 0.052380
vt 0.947620 0.309947
vt 0.878184 0.088045
vt 0.957511 0.250000
vt 0.946559 0.186555
vt 0.520213 0.315288
vt 0.562689 0.398254
vt 0.676622 0.477333
vt 0.769204 0.488109
vt 0.813445 0.446559
vt 0.568052 0.095211
vt 0.522667 0.176622
vt 0.577461 0.134713
vt 0.750000 0.457511
vt 0.693550 0.448681
vt 0.551319 0.193550
vt 0.621815 0.411955
vt 0.542489 0.250000
vt 0.553441 0.313445
vt 0.404789 0.068052
vt 0.319333 0.021440
vt 0.226589 0.012306
vt 0.158156 0.028269
vt 0.101746 0.062689
vt 0.050447 0.116663
vt 0.020213 0.315288
vt 0.050447 0.383337
vt 0.095211 0.431948
vt 0.176622 0.477333
vt 0.250000 0.490000
vt 0.315288 0.479787
vt 0.458649 0.366318
vt 0.485388 0.296822
vt 0.487694 0.226589
vt 0.000000 0.874248
vt 0.063884 0.107553
vt 0.218744 0.017798
vt 0.476861 0.236922
vt 0.182288 0.474653
vt 0.965455 0.179712
vt 0.817712 0.025347
vt 0.523139 0.263078
vt 0.781256 0.482202
vt 0.014612 0.296822
vt 0.141137 0.462634
vt 0.203178 0.485388
vt 0.296822 0.485388
vt 0.341844 0.471731
vt 0.419706 0.419706
vt 0.471731 0.341844
vt 0.449553 0.116663
vt 0.419706 0.080294
vt 0.358863 0.037366
vt 0.250000 0.010000
vt 0.203178 0.014612
vt 0.095211 0.068052
vt 0.011891 0.230796
vt 0.601746 0.062689
vt 0.684712 0.020213
vt 0.750000 0.010000
vt 0.796822 0.014612
vt 0.919706 0.080294
vt 0.985388 0.296822
vt 0.971731 0.341844
vt 0.949553 0.383337
vt 0.919706 0.419706
vt 0.883337 0.449553
vt 0.750000 0.490000
vt 0.703178 0.485388
vt 0.580294 0.419706
vt 0.550447 0.383337
vt 0.512720 0.222382
vt 0.439013 0.382775
vt 0.273244 0.483504
vt 0.023731 0.189035
vt 0.296573 0.018055
vt 0.920990 0.101258
vt 0.726756 0.016496
vt 0.546158 0.350249
vt 0.867083 0.452949
vt 0.063598 0.108051
vt 0.017667 0.280905
vt 0.361068 0.456679
vt 0.401436 0.080573
vt 0.852924 0.048102
vt 0.982333 0.219095
vt 0.795553 0.482140
vt 0.524224 0.201160
vt 0.125000 0.562085
vt 0.133302 0.750000
vt 0.866698 0.500000
vt 0.499167 0.215432
vt 0.375000 0.485314
vt 0.138944 0.750000
vt 0.499167 0.049945
vt 0.476878 0.213574
vt 0.362590 0.039358
vt 0.459729 0.145534
vt 0.481043 0.301923
vt 0.431948 0.404789
vt 0.013070 0.250121
vt 0.037365 0.141138
vt 0.113425 0.056127
vt 0.147006 0.069958
vt 0.049119 0.210234
vt 0.434707 0.147029
vt 0.459568 0.244820
vt 0.049913 0.376657
vt 0.090006 0.381383
vt 0.424052 0.366485
vt 0.214133 0.456849
vt 0.664678 0.028732
vt 0.546620 0.133655
vt 0.568552 0.398844
vt 0.743240 0.480883
vt 0.926736 0.403905
vt 0.946614 0.118416
vt 0.983562 0.272952
vt 0.903786 0.426774
vt 0.533526 0.346000
vt 0.688457 0.023921
vt 0.176083 0.690891
vt 0.163568 0.673434
vt 0.618079 0.438311
vt 0.859032 0.703573
vt 0.953125 0.703573
vt 0.015625 0.703573
vt 0.266179 0.703573
vt 0.359375 0.703573
vt 0.441240 0.703573
vt 0.635615 0.703573
vt 0.306256 0.041636
vt 0.983380 0.226164
vt 0.936411 0.100650
vt 0.843934 0.032612
vt 0.726944 0.012271
vt 0.749844 0.449113
vt 0.659560 0.429219
vt 0.580789 0.350646
vt 0.919211 0.350646
vt 0.944750 0.210233
vt 0.567773 0.397171
vt 0.555250 0.210233
vt 0.867032 0.091581
vt 0.516620 0.226164
vt 0.794896 0.482325
vt 0.899756 0.069836
vt 0.932227 0.397172
vt 0.705104 0.482325
vt 0.567773 0.397172
vt 0.656066 0.032611
vt 0.592592 0.955298
vt 0.465120 0.471284
vt 0.438329 0.471284
vt 0.411537 0.471284
vt 0.400300 0.455843
vt 0.590625 0.465625
vt 0.586506 0.471284
vt 0.559715 0.471284
vt 0.532923 0.471284
vt 0.477530 0.454232
vt 0.510032 0.394266
vt 0.488011 0.394266
vt 0.510032 0.358020
vt 0.411537 0.283451
vt 0.438329 0.283451
vt 0.465120 0.283451
vt 0.477530 0.299961
vt 0.512057 0.326777
vt 0.520513 0.299961
vt 0.532923 0.283451
vt 0.559715 0.283451
vt 0.586506 0.283451
vt 0.598916 0.454232
vt 0.399127 0.454232
vt 0.390671 0.426535
vt 0.607372 0.426535
vt 0.388646 0.394266
vt 0.438329 0.394266
vt 0.559715 0.358020
vt 0.607372 0.326777
vt 0.598916 0.299961
vt 0.438329 0.358020
vt 0.399127 0.299961
vt 0.625000 0.406250
vt 0.375000 0.406250
vt 0.625000 0.238187
vt 0.625000 0.343750
vt 0.375000 0.343750
vt 0.625000 0.218488
vt 0.375000 0.531512
vt 0.459729 0.354466
vt 0.040888 0.305968
vt 0.035153 1.000000
vt 0.688076 0.441846
vt 0.866318 0.458649
vt 0.908071 0.375111
vt 0.950248 0.376418
vt 0.988109 0.269204
vt 0.966792 0.153872
vt 0.898254 0.062689
vt 0.815288 0.020213
vt 0.556127 0.113425
vt 0.512720 0.222383
vt 0.605040 0.387980
vt 0.943917 0.305097
vt 0.552813 0.284191
vt 0.950240 0.226694
vt 0.926079 0.151839
vt 0.558154 0.188077
vt 0.857049 0.080907
vt 0.596455 0.119374
vt 0.752434 0.012294
vt 0.954628 0.354821
vt 0.767380 0.013762
vt 0.518661 0.200748
vt 0.737007 0.488039
vt 0.252196 0.012277
vt 0.767682 0.013796
vt 0.518661 0.200747
vt 0.737014 0.488039
vt 0.946123 0.378480
vt 0.954626 0.145177
vt 0.767682 0.013795
vt 0.737017 0.488040
vt 0.868033 0.453917
vt 0.750457 0.014829
vt 0.545375 0.354826
vt 0.458050 0.161031
vt 0.238740 0.486540
vt 0.752438 0.012293
vt 0.518661 0.200749
vt 0.553876 0.378478
vt 0.946125 0.378478
vt 0.741916 0.010796
vt 0.236886 0.015289
vt 0.741925 0.489205
vt 0.730331 0.013543
vt 0.518661 0.299251
vt 0.250410 0.012568
vt 0.752443 0.012292
vt 0.259240 0.486812
vt 0.767581 0.013784
vt 0.631966 0.046083
vt 0.259239 0.486814
vt 0.981340 0.200749
vt 0.868036 0.046085
vt 0.746727 0.012117
vt 0.808433 0.481460
vt 0.056739 0.156160
vt 0.240231 0.486646
vt 0.752434 0.012295
vt 0.736998 0.011962
vt 0.518660 0.299251
vt 0.753270 0.487884
vt 0.259232 0.486813
vt 0.954628 0.145179
vt 0.767582 0.013785
vt 0.631967 0.046083
vt 0.553874 0.378476
vt 0.808428 0.481461
vt 0.233541 0.013357
vt 0.762999 0.488038
vt 0.746727 0.012118
vt 0.553874 0.378477
vt 0.752436 0.012297
vt 0.443255 0.343846
vt 0.264833 0.484920
vt 0.542170 0.319400
vt 0.754647 0.015099
vt 0.056741 0.156162
vt 0.946126 0.121525
vt 0.753179 0.487896
vt 0.056732 0.156162
vt 0.553877 0.121520
vt 0.753160 0.487897
vt 0.553876 0.121521
vt 0.743162 0.485092
vt 0.742815 0.015263
vt 0.631967 0.453917
vt 0.746323 0.014025
vt 0.553877 0.378480
vt 0.753168 0.012106
vt 0.954625 0.354824
vt 0.742817 0.015263
vt 0.954627 0.354821
vt 0.631963 0.453914
vt 0.742818 0.015263
vt 0.631964 0.453916
vt 0.056739 0.156155
vt 0.751532 0.014900
vt 0.631969 0.453918
vt 0.753179 0.012107
vt 0.553878 0.378481
vt 0.946126 0.378475
vt 0.753175 0.012106
vt 0.056733 0.156162
vt 0.056731 0.156162
vt 0.946128 0.121527
vt 0.341571 0.506627
vt 0.338489 0.500000
vt 0.312500 0.723153
vt 0.841572 0.506628
vt 0.838489 0.500000
vt 0.812500 0.723154
vt 0.687500 0.723153
vt 0.187500 0.723154
vt 0.661511 0.500000
vt 0.658429 0.506627
vt 0.625000 0.286511
vt 0.161511 0.500000
vt 0.158428 0.506628
vt 0.726444 0.483441
vt 0.895710 0.433430
vt 0.977491 0.322856
vt 0.928811 0.098618
vt 0.773557 0.016558
vt 0.604289 0.066571
vt 0.512286 0.273215
s 1
usemtl マテリアル
f 92/1/1 9/1/1 91/1/1
f 22/1/2 9/1/2 19/1/2
f 23/1/3 13/1/3 24/1/3
f 94/1/4 9/1/4 13/1/4
f 21/1/1 2/1/5 22/1/5
f 17/1/6 23/1/6 18/1/6
f 7/1/7 23/1/7 24/1/7
f 103/1/8 2/1/8 101/1/8
f 25/1/9 7/1/9 2/1/9
f 17/1/10 27/1/10 28/1/10
f 12/1/7 26/1/7 28/1/7
f 12/1/4 27/1/4 16/1/4
f 3/1/1 27/1/1 25/1/1
f 3/1/6 26/1/6 1/1/6
f 3/1/11 45/1/11 38/1/11
f 64/1/11 70/1/11 12/1/11
f 86/1/12 87/1/12 85/1/12
f 13/1/4 96/1/4 94/1/4
f 20/1/11 85/1/11 13/1/11
f 96/1/13 87/1/13 98/1/13
f 100/1/7 90/1/7 99/1/7
f 88/1/11 89/1/11 87/1/11
f 87/1/4 100/1/4 98/1/4
f 97/1/6 90/1/6 88/1/6
f 95/1/14 88/1/14 86/1/14
f 93/1/6 86/1/6 20/1/6
f 19/1/6 93/1/6 20/1/6
f 106/2/4 113/3/4 115/4/4
f 109/5/15 108/6/11 111/7/11
f 114/8/16 113/3/17 110/9/18
f 14/10/6 102/11/6 105/12/6
f 108/6/19 14/10/19 105/12/20
f 102/11/1 5/13/1 101/14/1
f 8/15/7 104/16/7 103/17/7
f 15/18/6 114/8/6 104/16/6
f 5/19/21 108/6/21 107/20/21
f 101/21/4 5/19/4 106/2/4
f 5/19/22 107/20/22 106/2/22
f 24/1/23 104/1/23 105/1/23
f 4/19/4 112/22/4 109/23/4
f 10/24/11 6/25/11 4/19/11
f 10/24/6 110/26/6 11/18/6
f 10/24/1 109/27/1 111/28/1
f 11/18/7 112/29/7 6/15/7
f 120/15/24 117/18/24 121/18/24
f 115/4/4 8/25/4 103/30/4
f 119/8/11 116/25/11 118/3/11
f 122/3/25 116/25/26 120/25/27
f 123/8/28 118/3/29 122/3/30
f 123/8/31 117/18/32 119/8/33
f 15/18/34 123/8/34 114/8/34
f 122/3/35 127/8/36 123/8/37
f 8/25/27 122/3/25 120/25/27
f 8/15/24 121/18/24 15/18/24
f 127/8/38 130/3/38 131/8/38
f 114/8/39 127/8/39 125/8/39
f 114/8/40 124/3/41 113/3/42
f 122/3/43 124/3/43 126/3/43
f 129/8/44 130/3/44 128/3/44
f 126/3/45 128/3/45 130/3/45
f 127/8/46 129/8/47 125/8/47
f 125/8/48 128/3/48 124/3/48
f 133/31/6 134/19/6 132/32/6
f 135/25/21 138/24/21 134/19/21
f 139/18/4 136/33/4 138/24/4
f 136/33/11 133/34/11 132/35/11
f 138/24/7 132/36/7 134/13/7
f 135/15/1 137/37/1 139/18/1
f 141/31/6 142/19/6 140/32/6
f 143/25/21 146/24/21 142/19/21
f 147/18/4 144/33/4 146/24/4
f 144/33/11 141/34/11 140/35/11
f 146/24/7 140/36/7 142/13/7
f 143/15/1 145/37/1 147/18/1
f 148/32/6 151/25/6 150/19/6
f 151/25/21 154/24/21 150/19/21
f 155/18/4 152/33/4 154/24/4
f 152/33/11 149/34/11 148/35/11
f 154/24/7 148/36/7 150/13/7
f 151/15/1 153/37/1 155/18/1
f 157/31/6 158/19/6 156/32/6
f 159/25/21 162/24/21 158/19/21
f 163/18/4 160/33/4 162/24/4
f 160/33/11 157/34/11 156/35/11
f 162/24/7 156/36/7 158/13/7
f 159/15/1 161/37/1 163/18/1
f 165/31/6 166/19/6 164/32/6
f 167/25/21 170/24/21 166/19/21
f 171/18/4 168/33/4 170/24/4
f 168/33/11 165/34/11 164/35/11
f 170/24/7 164/36/7 166/13/7
f 167/15/1 169/37/1 171/18/1
f 173/31/6 174/19/6 172/32/6
f 175/25/21 178/24/21 174/19/21
f 179/18/4 176/33/4 178/24/4
f 176/33/11 173/34/11 172/35/11
f 178/24/7 172/36/7 174/13/7
f 175/15/1 177/37/1 179/18/1
f 181/38/49 180/39/50 203/40/51
f 183/41/52 182/42/53 180/39/50
f 185/43/54 184/44/55 182/42/53
f 190/45/56 189/46/57 187/47/58
f 192/48/59 191/49/60 189/46/57
f 194/50/61 193/51/62 191/49/60
f 196/52/63 195/53/64 193/51/62
f 200/54/65 199/55/66 197/56/67
f 202/57/68 201/58/69 199/55/66
f 181/38/49 205/59/70 183/41/52
f 204/60/71 203/61/51 201/58/69
f 202/57/68 206/62/72 204/60/71
f 185/43/54 207/63/73 186/64/74
f 192/48/59 209/65/75 194/50/61
f 196/52/63 209/65/75 210/66/76
f 190/45/56 208/67/77 192/48/59
f 196/52/63 210/66/76 198/68/78
f 204/60/71 206/62/72 181/69/49
f 186/64/74 207/63/73 188/70/79
f 200/54/65 210/66/76 202/57/68
f 183/41/52 205/59/70 185/43/54
f 194/50/61 209/65/75 196/52/63
f 192/48/59 208/67/77 209/65/75
f 198/68/78 210/66/76 200/54/65
f 206/1/72 210/1/76 205/1/70
f 207/1/73 205/1/70 210/1/76
f 209/1/75 207/1/73 210/1/76
f 209/1/75 208/1/77 207/1/73
f 233/71/80 220/72/80 235/73/80
f 234/74/81 221/75/81 219/76/81
f 236/77/82 219/78/82 220/72/82
f 215/79/83 226/80/83 216/81/83
f 218/82/84 223/83/84 225/84/84
f 214/85/85 222/86/85 215/79/85
f 216/81/86 226/80/86 217/87/86
f 227/88/87 232/89/87 228/90/87
f 222/86/88 231/91/88 226/80/88
f 224/92/89 230/93/89 232/89/89
f 223/83/90 229/94/90 230/95/90
f 227/88/91 228/90/91 222/86/91
f 231/91/92 221/75/92 229/94/92
f 230/93/93 234/96/93 236/77/93
f 228/90/94 235/73/95 231/91/96
f 229/94/97 221/75/97 234/74/97
f 258/97/98 245/98/99 261/99/100
f 259/100/101 246/101/101 244/69/101
f 241/102/102 251/103/102 242/81/102
f 243/104/103 248/105/103 250/106/103
f 240/85/104 247/107/104 241/102/104
f 242/81/105 251/103/105 243/104/105
f 252/108/106 257/109/106 253/90/106
f 247/107/107 256/91/107 251/103/107
f 249/110/108 255/111/108 257/109/108
f 248/105/109 254/112/109 255/113/109
f 252/108/110 253/90/110 247/107/110
f 256/91/111 261/99/111 254/112/111
f 255/111/112 259/96/112 260/114/112
f 253/90/113 258/97/113 256/91/113
f 254/112/114 261/99/115 259/100/116
f 181/38/49 183/41/52 180/39/50
f 183/41/52 185/43/54 182/42/53
f 185/43/54 186/64/74 184/44/55
f 195/53/64 198/68/78 197/56/67
f 188/70/79 190/45/56 187/47/58
f 190/45/56 192/48/59 189/46/57
f 192/48/59 194/50/61 191/49/60
f 194/50/61 196/52/63 193/51/62
f 198/68/78 200/54/65 197/56/67
f 200/54/65 202/57/68 199/55/66
f 202/57/68 204/60/71 201/58/69
f 204/60/71 181/69/49 203/61/51
f 208/67/77 188/70/79 207/63/73
f 197/115/67 180/116/50 189/117/57
f 227/88/117 212/118/117 224/92/117
f 181/38/49 206/96/72 205/59/70
f 202/57/68 210/66/76 206/62/72
f 185/43/54 205/59/70 207/63/73
f 221/119/118 220/120/118 219/121/118
f 236/77/119 234/96/119 219/78/119
f 235/73/120 220/72/120 221/75/120
f 233/71/121 236/77/121 220/72/121
f 225/122/122 212/118/122 211/123/122
f 215/79/123 222/86/123 226/80/123
f 211/124/124 218/82/124 225/84/124
f 222/86/125 213/125/125 227/88/125
f 218/82/126 217/87/126 223/83/126
f 233/71/127 232/89/127 236/77/127
f 217/87/128 226/80/128 223/83/128
f 226/80/129 231/91/129 229/94/129
f 227/88/130 224/92/130 232/89/130
f 225/84/131 223/83/131 230/95/131
f 224/92/132 225/122/132 230/93/132
f 222/86/133 228/90/94 231/91/96
f 223/83/134 226/80/134 229/94/134
f 258/97/135 244/126/135 245/98/135
f 231/91/136 235/73/136 221/75/136
f 232/89/137 230/93/137 236/77/137
f 230/95/138 229/94/138 234/74/138
f 228/90/139 233/71/139 235/73/139
f 252/108/140 238/118/140 249/110/140
f 244/127/141 246/128/141 245/129/141
f 259/100/116 261/99/115 246/101/142
f 260/114/143 259/96/143 244/126/143
f 261/99/144 245/98/144 246/101/144
f 249/110/145 237/130/145 250/131/145
f 241/102/146 247/107/146 251/103/146
f 237/132/147 243/104/147 250/106/147
f 240/85/148 252/108/148 247/107/148
f 184/44/55 188/70/79 187/47/58
f 243/104/149 251/103/149 248/105/149
f 251/103/150 256/91/150 254/112/150
f 252/108/151 249/110/151 257/109/151
f 250/106/152 248/105/152 255/113/152
f 249/110/153 250/131/153 255/111/153
f 247/107/154 253/90/154 256/91/154
f 248/105/155 251/103/155 254/112/155
f 253/90/156 257/109/156 260/114/156
f 257/109/157 255/111/157 260/114/157
f 256/91/158 258/97/98 261/99/100
f 255/113/159 254/112/159 259/100/159
f 253/90/160 260/114/160 258/97/160
f 263/31/161 264/19/162 262/32/163
f 278/133/164 268/24/165 280/134/166
f 269/18/167 266/33/168 268/24/165
f 277/135/169 263/34/161 262/35/163
f 268/24/165 279/136/170 280/137/166
f 276/138/171 263/139/161 275/140/172
f 271/141/173 281/142/174 278/143/164
f 274/144/175 272/145/176 277/146/169
f 279/147/170 273/148/177 272/149/176
f 276/150/171 270/151/178 274/152/175
f 265/25/179 274/152/175 264/19/162
f 274/144/175 262/36/163 264/13/162
f 276/138/171 273/153/177 271/141/173
f 272/149/176 275/154/172 277/135/169
f 266/33/168 281/155/174 279/147/170
f 269/18/167 281/142/174 267/37/180
f 280/137/166 272/145/176 270/156/178
f 271/157/173 280/134/166 270/151/178
f 285/158/181 286/42/182 283/39/183
f 291/159/184 292/46/185 289/47/186
f 305/160/187 306/58/188 303/55/189
f 311/161/190 313/162/191 308/40/192
f 332/163/193 333/164/194 331/165/195
f 335/166/196 336/167/197 333/164/194
f 338/168/198 339/169/199 336/167/197
f 360/170/200 361/171/201 359/172/202
f 309/173/203 308/174/192 361/171/201
f 318/175/204 367/176/204 366/177/204
f 324/178/205 371/179/205 370/180/205
f 327/181/206 370/180/206 372/182/206
f 337/183/207 377/184/207 376/185/207
f 287/44/208 285/158/181 288/186/209
f 284/187/210 285/158/181 283/39/183
f 287/44/208 290/188/211 289/47/186
f 292/46/185 294/189/212 293/49/213
f 290/188/211 291/159/184 289/47/186
f 295/169/214 294/189/212 296/190/215
f 297/24/216 296/190/215 298/35/217
f 299/53/218 298/35/217 300/191/219
f 301/56/220 300/191/219 302/192/221
f 301/56/220 304/193/222 303/55/189
f 304/193/222 305/160/187 303/55/189
f 306/58/188 282/173/223 307/61/224
f 288/194/209 305/195/187 298/196/217
f 283/39/183 282/197/223 284/187/210
f 316/198/225 314/199/226 317/200/227
f 295/201/214 303/202/189 286/203/182
f 309/96/203 311/161/190 308/40/192
f 311/161/190 314/199/226 313/162/191
f 319/204/228 317/200/227 320/205/229
f 322/141/230 320/205/229 323/206/231
f 325/207/232 323/206/231 326/208/233
f 328/209/234 326/208/233 329/210/235
f 331/165/195 329/210/235 332/163/193
f 343/211/236 341/212/237 344/213/238
f 332/163/193 335/166/196 333/164/194
f 335/166/196 338/168/198 336/167/197
f 338/168/198 341/212/237 339/169/199
f 346/214/239 344/213/238 347/215/240
f 349/156/241 347/215/240 350/216/242
f 352/217/243 350/216/242 353/218/244
f 355/219/245 353/218/244 356/220/246
f 359/172/202 356/220/246 360/170/200
f 335/221/196 311/222/190 353/223/244
f 360/170/200 309/173/203 361/171/201
f 331/224/195 372/225/21 322/226/230
f 363/227/247 312/228/247 310/96/247
f 359/229/202 382/230/21 349/231/241
f 364/232/248 315/233/248 312/228/248
f 367/176/249 315/233/249 365/234/249
f 371/179/250 321/235/250 366/177/250
f 321/235/251 318/175/251 366/177/251
f 372/182/252 330/236/252 327/181/252
f 327/181/253 324/178/253 370/180/253
f 369/237/254 334/238/254 330/236/254
f 377/184/255 334/238/255 368/239/255
f 374/240/256 340/241/256 376/185/256
f 340/241/257 337/183/257 376/185/257
f 374/240/258 345/242/258 342/243/258
f 375/244/259 348/245/259 345/242/259
f 373/246/260 351/216/260 348/245/260
f 378/247/261 354/248/261 351/216/261
f 379/249/262 357/250/262 354/248/262
f 382/251/263 358/252/263 357/250/263
f 380/253/264 362/254/264 358/252/264
f 348/255/21 315/256/21 327/257/21
f 381/258/265 310/69/265 362/254/265
f 384/31/6 385/19/6 383/32/6
f 386/25/21 389/24/21 385/19/21
f 390/18/4 387/33/4 389/24/4
f 387/33/11 384/34/11 383/35/11
f 389/24/7 383/36/7 385/13/7
f 386/15/1 388/37/1 390/18/1
f 392/31/6 393/19/6 391/32/6
f 394/25/21 397/24/21 393/19/21
f 398/18/4 395/33/4 397/24/4
f 395/33/11 392/34/11 391/35/11
f 397/24/7 391/36/7 393/13/7
f 394/15/1 396/37/1 398/18/1
f 400/31/6 401/19/6 399/32/6
f 402/25/21 405/24/21 401/19/21
f 406/18/4 403/33/4 405/24/4
f 403/33/11 400/34/11 399/35/11
f 405/24/7 399/36/7 401/13/7
f 402/15/1 404/37/1 406/18/1
f 408/31/6 409/19/6 407/32/6
f 410/25/21 413/24/21 409/19/21
f 414/18/4 411/33/4 413/24/4
f 411/33/11 408/34/11 407/35/11
f 409/13/7 411/33/7 407/36/7
f 410/15/1 412/37/1 414/18/1
f 416/31/6 417/19/6 415/32/6
f 418/25/21 421/24/21 417/19/21
f 422/18/4 419/33/4 421/24/4
f 419/33/11 416/34/11 415/35/11
f 421/24/7 415/36/7 417/13/7
f 418/15/1 420/37/1 422/18/1
f 424/31/6 425/19/6 423/32/6
f 426/25/21 429/24/21 425/19/21
f 430/18/4 427/33/4 429/24/4
f 427/33/11 424/34/11 423/35/11
f 429/24/7 423/36/7 425/13/7
f 426/15/1 428/37/1 430/18/1
f 432/31/6 433/19/6 431/32/6
f 434/25/21 437/24/21 433/19/21
f 438/18/4 435/33/4 437/24/4
f 435/33/11 432/34/11 431/35/11
f 433/13/7 435/33/7 431/36/7
f 434/15/1 436/37/1 438/18/1
f 440/31/6 441/19/6 439/32/6
f 442/25/21 445/24/21 441/19/21
f 446/18/4 443/33/4 445/24/4
f 443/33/11 440/34/11 439/35/11
f 445/24/7 439/36/7 441/13/7
f 442/15/1 444/37/1 446/18/1
f 448/31/6 449/19/6 447/32/6
f 450/25/21 453/24/21 449/19/21
f 454/18/4 451/33/4 453/24/4
f 451/33/11 448/34/11 447/35/11
f 453/24/7 447/36/7 449/13/7
f 450/15/1 452/37/1 454/18/1
f 456/31/6 457/19/6 455/32/6
f 458/25/21 461/24/21 457/19/21
f 462/18/4 459/33/4 461/24/4
f 459/33/11 456/34/11 455/35/11
f 457/13/7 459/33/7 455/36/7
f 458/15/1 460/37/1 462/18/1
f 464/31/6 465/19/6 463/32/6
f 466/25/21 469/24/21 465/19/21
f 470/18/4 467/33/4 469/24/4
f 467/33/11 464/34/11 463/35/11
f 469/24/7 463/36/7 465/13/7
f 470/18/1 464/139/1 468/37/1
f 472/31/6 473/19/6 471/32/6
f 474/25/21 477/24/21 473/19/21
f 478/18/4 475/33/4 477/24/4
f 475/33/11 472/34/11 471/35/11
f 477/24/7 471/36/7 473/13/7
f 474/15/1 476/37/1 478/18/1
f 479/32/6 482/25/6 481/19/6
f 482/25/21 485/24/21 481/19/21
f 486/18/4 483/33/4 485/24/4
f 483/33/11 480/34/11 479/35/11
f 481/13/7 483/33/7 479/36/7
f 482/15/1 484/37/1 486/18/1
f 488/31/6 489/19/6 487/32/6
f 490/25/21 493/24/21 489/19/21
f 494/18/4 491/33/4 493/24/4
f 491/33/11 488/34/11 487/35/11
f 493/24/7 487/36/7 489/13/7
f 490/15/1 492/37/1 494/18/1
f 496/31/6 497/19/6 495/32/6
f 498/25/21 501/24/21 497/19/21
f 502/18/4 499/33/4 501/24/4
f 499/33/11 496/34/11 495/35/11
f 501/24/7 495/36/7 497/13/7
f 498/15/1 500/37/1 502/18/1
f 504/31/6 505/19/6 503/32/6
f 506/25/21 509/24/21 505/19/21
f 510/18/4 507/33/4 509/24/4
f 507/33/11 504/34/11 503/35/11
f 505/13/7 507/33/7 503/36/7
f 506/15/1 508/37/1 510/18/1
f 512/31/6 513/19/6 511/32/6
f 514/25/21 517/24/21 513/19/21
f 518/18/4 515/33/4 517/24/4
f 515/33/11 512/34/11 511/35/11
f 517/24/7 511/36/7 513/13/7
f 518/18/1 512/139/1 516/37/1
f 520/31/6 521/19/6 519/32/6
f 522/25/21 525/24/21 521/19/21
f 526/18/4 523/33/4 525/24/4
f 523/33/11 520/34/11 519/35/11
f 525/24/7 519/36/7 521/13/7
f 526/18/1 520/139/1 524/37/1
f 528/31/6 529/19/6 527/32/6
f 530/25/21 533/24/21 529/19/21
f 534/18/4 531/33/4 533/24/4
f 531/33/11 528/34/11 527/35/11
f 533/24/7 527/36/7 529/13/7
f 534/18/1 528/139/1 532/37/1
f 536/31/6 537/19/6 535/32/6
f 538/25/21 541/24/21 537/19/21
f 542/18/4 539/33/4 541/24/4
f 539/33/11 536/34/11 535/35/11
f 541/24/7 535/36/7 537/13/7
f 538/15/1 540/37/1 542/18/1
f 544/31/6 545/19/6 543/32/6
f 546/25/21 549/24/21 545/19/21
f 550/18/4 547/33/4 549/24/4
f 547/33/11 544/34/11 543/35/11
f 549/24/7 543/36/7 545/13/7
f 546/15/1 548/37/1 550/18/1
f 552/31/6 553/19/6 551/32/6
f 554/25/21 557/24/21 553/19/21
f 558/18/4 555/33/4 557/24/4
f 555/33/11 552/34/11 551/35/11
f 557/24/7 551/36/7 553/13/7
f 554/15/1 556/37/1 558/18/1
f 560/31/6 561/19/6 559/32/6
f 562/25/21 565/24/21 561/19/21
f 566/18/4 563/33/4 565/24/4
f 563/33/11 560/34/11 559/35/11
f 565/24/7 559/36/7 561/13/7
f 562/15/1 564/37/1 566/18/1
f 568/31/6 569/19/6 567/32/6
f 570/25/21 573/24/21 569/19/21
f 574/18/4 571/33/4 573/24/4
f 571/33/11 568/34/11 567/35/11
f 573/24/7 567/36/7 569/13/7
f 570/15/1 572/37/1 574/18/1
f 576/31/6 577/19/6 575/32/6
f 578/25/21 581/24/21 577/19/21
f 582/18/4 579/33/4 581/24/4
f 579/33/11 576/34/11 575/35/11
f 581/24/7 575/36/7 577/13/7
f 578/15/1 580/37/1 582/18/1
f 583/32/6 586/25/6 585/19/6
f 586/25/21 589/24/21 585/19/21
f 590/18/4 587/33/4 589/24/4
f 587/33/11 584/34/11 583/35/11
f 589/24/7 583/36/7 585/13/7
f 586/15/1 588/37/1 590/18/1
f 592/31/6 593/19/6 591/32/6
f 594/25/21 597/24/21 593/19/21
f 598/18/4 595/33/4 597/24/4
f 595/33/11 592/34/11 591/35/11
f 597/24/7 591/36/7 593/13/7
f 594/15/1 596/37/1 598/18/1
f 600/31/6 601/19/6 599/32/6
f 602/25/21 605/24/21 601/19/21
f 606/18/4 603/33/4 605/24/4
f 603/33/11 600/34/11 599/35/11
f 605/24/7 599/36/7 601/13/7
f 602/15/1 604/37/1 606/18/1
f 608/31/6 609/19/6 607/32/6
f 610/25/21 613/24/21 609/19/21
f 614/18/4 611/33/4 613/24/4
f 611/33/11 608/34/11 607/35/11
f 609/13/7 611/33/7 607/36/7
f 610/15/1 612/37/1 614/18/1
f 616/31/6 617/19/6 615/32/6
f 618/25/21 621/24/21 617/19/21
f 622/18/4 619/33/4 621/24/4
f 619/33/11 616/34/11 615/35/11
f 621/24/7 615/36/7 617/13/7
f 618/15/1 620/37/1 622/18/1
f 624/31/6 625/19/6 623/32/6
f 626/25/21 629/24/21 625/19/21
f 630/18/4 627/33/4 629/24/4
f 627/33/11 624/34/11 623/35/11
f 629/24/7 623/36/7 625/13/7
f 626/15/1 628/37/1 630/18/1
f 632/31/6 633/19/6 631/32/6
f 634/25/21 637/24/21 633/19/21
f 638/18/4 635/33/4 637/24/4
f 635/33/11 632/34/11 631/35/11
f 637/24/7 631/36/7 633/13/7
f 634/15/1 636/37/1 638/18/1
f 640/31/6 641/19/6 639/32/6
f 642/25/21 645/24/21 641/19/21
f 646/18/4 643/33/4 645/24/4
f 643/33/11 640/34/11 639/35/11
f 645/24/7 639/36/7 641/13/7
f 642/15/1 644/37/1 646/18/1
f 648/31/6 649/19/6 647/32/6
f 650/25/21 653/24/21 649/19/21
f 654/18/4 651/33/4 653/24/4
f 651/33/11 648/34/11 647/35/11
f 649/13/7 651/33/7 647/36/7
f 650/15/1 652/37/1 654/18/1
f 656/31/6 657/19/6 655/32/6
f 658/25/21 661/24/21 657/19/21
f 662/18/4 659/33/4 661/24/4
f 659/33/11 656/34/11 655/35/11
f 657/13/7 659/33/7 655/36/7
f 658/15/1 660/37/1 662/18/1
f 663/32/6 666/25/6 665/19/6
f 666/25/21 669/24/21 665/19/21
f 670/18/4 667/33/4 669/24/4
f 667/33/11 664/34/11 663/35/11
f 669/24/7 663/36/7 665/13/7
f 666/15/1 668/37/1 670/18/1
f 672/31/6 673/19/6 671/32/6
f 674/25/21 677/24/21 673/19/21
f 678/18/4 675/33/4 677/24/4
f 675/33/11 672/34/11 671/35/11
f 673/13/7 675/33/7 671/36/7
f 674/15/1 676/37/1 678/18/1
f 680/31/6 681/19/6 679/32/6
f 682/25/21 685/24/21 681/19/21
f 685/24/4 684/37/4 683/33/4
f 683/33/11 680/34/11 679/35/11
f 685/24/7 679/36/7 681/13/7
f 686/18/1 680/139/1 684/37/1
f 688/31/6 689/19/6 687/32/6
f 690/25/21 693/24/21 689/19/21
f 694/18/4 691/33/4 693/24/4
f 691/33/11 688/34/11 687/35/11
f 693/24/7 687/36/7 689/13/7
f 690/15/1 692/37/1 694/18/1
f 696/31/6 697/19/6 695/32/6
f 698/25/21 701/24/21 697/19/21
f 702/18/4 699/33/4 701/24/4
f 699/33/11 696/34/11 695/35/11
f 701/24/7 695/36/7 697/13/7
f 698/15/1 700/37/1 702/18/1
f 704/31/6 705/19/6 703/32/6
f 706/25/21 709/24/21 705/19/21
f 710/18/4 707/33/4 709/24/4
f 707/33/11 704/34/11 703/35/11
f 709/24/7 703/36/7 705/13/7
f 706/15/1 708/37/1 710/18/1
f 712/31/6 713/19/6 711/32/6
f 714/25/21 717/24/21 713/19/21
f 718/18/4 715/33/4 717/24/4
f 715/33/11 712/34/11 711/35/11
f 717/24/7 711/36/7 713/13/7
f 714/15/1 716/37/1 718/18/1
f 720/31/6 721/19/6 719/32/6
f 722/25/21 725/24/21 721/19/21
f 726/18/4 723/33/4 725/24/4
f 723/33/11 720/34/11 719/35/11
f 725/24/7 719/36/7 721/13/7
f 722/15/1 724/37/1 726/18/1
f 728/31/6 729/19/6 727/32/6
f 730/25/21 733/24/21 729/19/21
f 734/18/4 731/33/4 733/24/4
f 731/33/11 728/34/11 727/35/11
f 733/24/7 727/36/7 729/13/7
f 730/15/1 732/37/1 734/18/1
f 736/31/6 737/19/6 735/32/6
f 738/25/21 741/24/21 737/19/21
f 742/18/4 739/33/4 741/24/4
f 739/33/11 736/34/11 735/35/11
f 741/24/7 735/36/7 737/13/7
f 738/15/1 740/37/1 742/18/1
f 743/32/6 746/25/6 745/19/6
f 746/25/21 749/24/21 745/19/21
f 750/18/4 747/33/4 749/24/4
f 747/33/11 744/34/11 743/35/11
f 749/24/7 743/36/7 745/13/7
f 746/15/1 748/37/1 750/18/1
f 752/31/6 753/19/6 751/32/6
f 754/25/21 757/24/21 753/19/21
f 758/18/4 755/33/4 757/24/4
f 755/33/11 752/34/11 751/35/11
f 757/24/7 751/36/7 753/13/7
f 754/15/1 756/37/1 758/18/1
f 760/31/6 761/19/6 759/32/6
f 762/25/21 765/24/21 761/19/21
f 766/18/4 763/33/4 765/24/4
f 763/33/11 760/34/11 759/35/11
f 761/13/7 763/33/7 759/36/7
f 762/15/1 764/37/1 766/18/1
f 768/31/6 769/19/6 767/32/6
f 770/25/21 773/24/21 769/19/21
f 774/18/4 771/33/4 773/24/4
f 771/33/11 768/34/11 767/35/11
f 773/24/7 767/36/7 769/13/7
f 770/15/1 772/37/1 774/18/1
f 776/31/6 777/19/6 775/32/6
f 778/25/21 781/24/21 777/19/21
f 782/18/4 779/33/4 781/24/4
f 779/33/11 776/34/11 775/35/11
f 781/24/7 775/36/7 777/13/7
f 778/15/1 780/37/1 782/18/1
f 784/31/4 785/19/4 783/32/4
f 786/15/266 794/18/266 791/15/266
f 790/18/6 787/33/6 789/24/6
f 787/33/11 784/34/11 783/35/11
f 789/24/1 783/36/1 785/13/1
f 786/15/7 788/37/7 790/18/7
f 791/25/21 793/24/21 792/19/21
f 786/25/267 792/19/267 785/19/267
f 789/24/268 794/18/268 790/18/268
f 789/24/269 792/13/269 793/24/269
f 796/31/4 797/19/4 795/32/4
f 798/15/266 806/18/266 803/15/266
f 802/18/6 799/33/6 801/24/6
f 799/33/11 796/34/11 795/35/11
f 801/24/1 795/36/1 797/13/1
f 798/15/7 800/37/7 802/18/7
f 803/25/21 805/24/21 804/19/21
f 798/25/270 804/19/270 797/19/270
f 801/24/268 806/18/268 802/18/268
f 801/24/269 804/13/269 805/24/269
f 808/31/4 809/19/4 807/32/4
f 810/15/266 818/18/266 815/15/266
f 814/18/6 811/33/6 813/24/6
f 811/33/11 808/34/11 807/35/11
f 809/13/1 811/33/1 807/36/1
f 810/15/7 812/37/7 814/18/7
f 815/25/21 817/24/21 816/19/21
f 810/25/270 816/19/270 809/19/270
f 813/24/268 818/18/268 814/18/268
f 813/24/269 816/13/269 817/24/269
f 820/31/4 821/19/4 819/32/4
f 822/15/266 830/18/266 827/15/266
f 826/18/6 823/33/6 825/24/6
f 823/33/11 820/34/11 819/35/11
f 821/13/1 823/33/1 819/36/1
f 822/15/7 824/37/7 826/18/7
f 827/25/21 829/24/21 828/19/21
f 822/25/270 828/19/270 821/19/270
f 825/24/268 830/18/268 826/18/268
f 825/24/269 828/13/269 829/24/269
f 832/31/4 833/19/4 831/32/4
f 834/15/266 842/18/266 839/15/266
f 838/18/6 835/33/6 837/24/6
f 835/33/11 832/34/11 831/35/11
f 833/13/1 835/33/1 831/36/1
f 834/15/7 836/37/7 838/18/7
f 839/25/21 841/24/21 840/19/21
f 834/25/270 840/19/270 833/19/270
f 837/24/268 842/18/268 838/18/268
f 837/24/269 840/13/269 841/24/269
f 844/31/4 845/19/4 843/32/4
f 846/15/266 854/18/266 851/15/266
f 850/18/6 847/33/6 849/24/6
f 847/33/11 844/34/11 843/35/11
f 849/24/1 843/36/1 845/13/1
f 846/15/7 848/37/7 850/18/7
f 851/25/21 853/24/21 852/19/21
f 846/25/270 852/19/270 845/19/270
f 849/24/271 854/18/268 850/18/268
f 849/24/269 852/13/269 853/24/269
f 856/31/4 857/19/4 855/32/4
f 858/15/266 866/18/266 863/15/266
f 862/18/6 859/33/6 861/24/6
f 859/33/11 856/34/11 855/35/11
f 861/24/1 855/36/1 857/13/1
f 862/18/7 856/139/7 860/37/7
f 863/25/21 865/24/21 864/19/21
f 858/25/267 864/19/267 857/19/267
f 861/24/268 866/18/268 862/18/268
f 861/24/269 864/13/269 865/24/269
f 868/1/21 869/1/21 867/1/21
f 870/1/4 873/1/4 869/1/4
f 874/1/11 871/1/11 873/1/11
f 872/1/6 867/1/6 871/1/6
f 867/1/7 878/1/7 877/1/7
f 873/1/7 871/1/7 876/1/7
f 872/1/1 882/1/1 881/1/1
f 870/1/1 868/1/1 880/1/1
f 877/1/11 880/1/11 879/1/11
f 878/1/6 882/1/6 880/1/6
f 875/1/21 882/1/21 876/1/21
f 877/1/4 881/1/4 875/1/4
f 868/1/21 870/1/21 869/1/21
f 870/1/4 874/1/4 873/1/4
f 874/1/11 872/1/11 871/1/11
f 872/1/6 868/1/6 867/1/6
f 867/1/7 869/1/7 878/1/7
f 876/1/7 878/1/7 869/1/7
f 871/1/7 867/1/7 877/1/7
f 871/1/7 877/1/7 875/1/7
f 876/1/7 869/1/7 873/1/7
f 871/1/7 875/1/7 876/1/7
f 872/1/1 874/1/1 882/1/1
f 880/1/1 882/1/1 874/1/1
f 868/1/1 872/1/1 881/1/1
f 868/1/1 881/1/1 879/1/1
f 880/1/1 874/1/1 870/1/1
f 868/1/1 879/1/1 880/1/1
f 877/1/11 878/1/11 880/1/11
f 878/1/6 876/1/6 882/1/6
f 875/1/21 881/1/21 882/1/21
f 877/1/4 879/1/4 881/1/4
f 884/1/21 885/1/21 883/1/21
f 886/1/4 889/1/4 885/1/4
f 890/1/11 887/1/11 889/1/11
f 888/1/6 883/1/6 887/1/6
f 883/1/7 894/1/7 893/1/7
f 889/1/7 887/1/7 892/1/7
f 888/1/1 898/1/1 897/1/1
f 886/1/1 884/1/1 896/1/1
f 893/1/11 896/1/11 895/1/11
f 894/1/6 898/1/6 896/1/6
f 891/1/21 898/1/21 892/1/21
f 893/1/4 897/1/4 891/1/4
f 884/1/21 886/1/21 885/1/21
f 886/1/4 890/1/4 889/1/4
f 890/1/11 888/1/11 887/1/11
f 888/1/6 884/1/6 883/1/6
f 883/1/7 885/1/7 894/1/7
f 892/1/7 894/1/7 885/1/7
f 887/1/7 883/1/7 893/1/7
f 887/1/7 893/1/7 891/1/7
f 892/1/7 885/1/7 889/1/7
f 887/1/7 891/1/7 892/1/7
f 888/1/1 890/1/1 898/1/1
f 896/1/1 898/1/1 890/1/1
f 884/1/1 888/1/1 897/1/1
f 884/1/1 897/1/1 895/1/1
f 896/1/1 890/1/1 886/1/1
f 884/1/1 895/1/1 896/1/1
f 893/1/11 894/1/11 896/1/11
f 894/1/6 892/1/6 898/1/6
f 891/1/21 897/1/21 898/1/21
f 893/1/4 895/1/4 897/1/4
f 900/1/21 901/1/21 899/1/21
f 902/1/4 905/1/4 901/1/4
f 906/1/11 903/1/11 905/1/11
f 904/1/6 899/1/6 903/1/6
f 899/1/7 910/1/7 909/1/7
f 905/1/7 903/1/7 908/1/7
f 904/1/1 914/1/1 913/1/1
f 902/1/1 900/1/1 912/1/1
f 909/1/11 912/1/11 911/1/11
f 910/1/6 914/1/6 912/1/6
f 907/1/21 914/1/21 908/1/21
f 909/1/4 913/1/4 907/1/4
f 900/1/21 902/1/21 901/1/21
f 902/1/4 906/1/4 905/1/4
f 906/1/11 904/1/11 903/1/11
f 904/1/6 900/1/6 899/1/6
f 899/1/7 901/1/7 910/1/7
f 908/1/7 910/1/7 901/1/7
f 903/1/7 899/1/7 909/1/7
f 903/1/7 909/1/7 907/1/7
f 908/1/7 901/1/7 905/1/7
f 903/1/7 907/1/7 908/1/7
f 904/1/1 906/1/1 914/1/1
f 912/1/1 914/1/1 906/1/1
f 900/1/1 904/1/1 913/1/1
f 900/1/1 913/1/1 911/1/1
f 912/1/1 906/1/1 902/1/1
f 900/1/1 911/1/1 912/1/1
f 909/1/11 910/1/11 912/1/11
f 910/1/6 908/1/6 914/1/6
f 907/1/21 913/1/21 914/1/21
f 909/1/4 911/1/4 913/1/4
f 916/1/21 917/1/21 915/1/21
f 918/1/4 921/1/4 917/1/4
f 922/1/11 919/1/11 921/1/11
f 920/1/6 915/1/6 919/1/6
f 915/1/7 926/1/7 925/1/7
f 921/1/7 919/1/7 924/1/7
f 920/1/1 930/1/1 929/1/1
f 918/1/1 916/1/1 928/1/1
f 925/1/11 928/1/11 927/1/11
f 926/1/6 930/1/6 928/1/6
f 923/1/21 930/1/21 924/1/21
f 925/1/4 929/1/4 923/1/4
f 916/1/21 918/1/21 917/1/21
f 918/1/4 922/1/4 921/1/4
f 922/1/11 920/1/11 919/1/11
f 920/1/6 916/1/6 915/1/6
f 915/1/7 917/1/7 926/1/7
f 924/1/7 926/1/7 917/1/7
f 919/1/7 915/1/7 925/1/7
f 919/1/7 925/1/7 923/1/7
f 924/1/7 917/1/7 921/1/7
f 919/1/7 923/1/7 924/1/7
f 920/1/1 922/1/1 930/1/1
f 928/1/1 930/1/1 922/1/1
f 916/1/1 920/1/1 929/1/1
f 916/1/1 929/1/1 927/1/1
f 928/1/1 922/1/1 918/1/1
f 916/1/1 927/1/1 928/1/1
f 925/1/11 926/1/11 928/1/11
f 926/1/6 924/1/6 930/1/6
f 923/1/21 929/1/21 930/1/21
f 925/1/4 927/1/4 929/1/4
f 932/1/21 933/1/21 931/1/21
f 934/1/4 937/1/4 933/1/4
f 938/1/11 935/1/11 937/1/11
f 936/1/6 931/1/6 935/1/6
f 931/1/7 942/1/7 941/1/7
f 937/1/7 935/1/7 940/1/7
f 936/1/1 946/1/1 945/1/1
f 934/1/1 932/1/1 944/1/1
f 941/1/11 944/1/11 943/1/11
f 942/1/6 946/1/6 944/1/6
f 939/1/21 946/1/21 940/1/21
f 941/1/4 945/1/4 939/1/4
f 932/1/21 934/1/21 933/1/21
f 934/1/4 938/1/4 937/1/4
f 938/1/11 936/1/11 935/1/11
f 936/1/6 932/1/6 931/1/6
f 931/1/7 933/1/7 942/1/7
f 940/1/7 942/1/7 933/1/7
f 935/1/7 931/1/7 941/1/7
f 935/1/7 941/1/7 939/1/7
f 940/1/7 933/1/7 937/1/7
f 935/1/7 939/1/7 940/1/7
f 936/1/1 938/1/1 946/1/1
f 944/1/1 946/1/1 938/1/1
f 932/1/1 936/1/1 945/1/1
f 932/1/1 945/1/1 943/1/1
f 944/1/1 938/1/1 934/1/1
f 932/1/1 943/1/1 944/1/1
f 941/1/11 942/1/11 944/1/11
f 942/1/6 940/1/6 946/1/6
f 939/1/21 945/1/21 946/1/21
f 941/1/4 943/1/4 945/1/4
f 948/1/21 949/1/21 947/1/21
f 950/1/4 953/1/4 949/1/4
f 954/1/11 951/1/11 953/1/11
f 952/1/6 947/1/6 951/1/6
f 947/1/7 958/1/7 957/1/7
f 953/1/7 951/1/7 956/1/7
f 952/1/1 962/1/1 961/1/1
f 950/1/1 948/1/1 960/1/1
f 957/1/11 960/1/11 959/1/11
f 958/1/6 962/1/6 960/1/6
f 955/1/21 962/1/21 956/1/21
f 957/1/4 961/1/4 955/1/4
f 948/1/21 950/1/21 949/1/21
f 950/1/4 954/1/4 953/1/4
f 954/1/11 952/1/11 951/1/11
f 952/1/6 948/1/6 947/1/6
f 947/1/7 949/1/7 958/1/7
f 956/1/7 958/1/7 949/1/7
f 951/1/7 947/1/7 957/1/7
f 951/1/7 957/1/7 955/1/7
f 956/1/7 949/1/7 953/1/7
f 951/1/7 955/1/7 956/1/7
f 952/1/1 954/1/1 962/1/1
f 960/1/1 962/1/1 954/1/1
f 948/1/1 952/1/1 961/1/1
f 948/1/1 961/1/1 959/1/1
f 960/1/1 954/1/1 950/1/1
f 948/1/1 959/1/1 960/1/1
f 957/1/11 958/1/11 960/1/11
f 958/1/6 956/1/6 962/1/6
f 955/1/21 961/1/21 962/1/21
f 957/1/4 959/1/4 961/1/4
f 963/259/272 965/260/273 964/261/274
f 964/261/274 966/262/275 967/263/276
f 967/263/276 968/264/277 969/265/278
f 970/266/279 971/267/280 969/265/278
f 973/268/281 972/269/282 971/267/280
f 974/270/283 975/271/284 972/269/282
f 975/271/284 976/272/285 963/273/272
f 968/274/277 965/275/273 974/276/283
f 1017/277/286 1018/193/287 1015/217/288
f 1038/278/289 1025/279/290 1026/280/291
f 1026/280/291 1027/281/292 1028/282/293
f 1028/282/293 1030/283/294 1029/284/295
f 1029/284/295 1031/285/296 1032/286/297
f 1034/287/298 1033/288/299 1032/286/297
f 1036/289/300 1035/290/301 1033/288/299
f 1037/291/302 1038/292/289 1035/290/301
f 1040/293/303 1043/294/304 1041/295/305
f 1042/296/306 1045/297/307 1043/294/304
f 1044/298/308 1046/299/309 1045/297/307
f 1048/300/310 1049/301/311 1047/302/312
f 1050/303/313 1051/304/314 1048/300/310
f 1039/174/315 1052/305/316 1050/303/313
f 963/259/272 976/96/285 965/260/273
f 964/261/274 965/260/273 966/262/275
f 967/263/276 966/262/275 968/264/277
f 968/264/277 970/266/279 969/265/278
f 970/266/279 973/268/281 971/267/280
f 973/268/281 974/270/283 972/269/282
f 974/270/283 976/272/285 975/271/284
f 977/278/317 980/306/318 978/96/319
f 971/307/280 975/308/284 964/309/274
f 981/310/320 982/311/321 983/199/322
f 979/312/323 981/310/320 980/306/318
f 983/199/322 984/15/324 985/313/325
f 985/313/325 986/314/326 987/315/327
f 987/315/327 988/138/328 989/316/329
f 989/316/329 990/317/330 991/235/331
f 991/235/331 992/141/332 993/206/333
f 993/206/333 994/207/334 995/208/335
f 994/207/334 997/318/336 995/208/335
f 996/319/337 999/34/338 997/318/336
f 998/18/339 1001/163/340 999/34/338
f 1000/46/341 1003/320/342 1001/163/340
f 1002/321/343 1005/322/344 1003/320/342
f 1004/6/345 1007/323/346 1005/322/344
f 1008/241/347 1009/324/348 1010/325/349
f 1006/326/350 1008/241/347 1007/323/346
f 1010/325/349 1011/53/351 1012/191/352
f 1012/191/352 1013/327/353 1014/328/354
f 1013/327/353 1016/329/355 1014/328/354
f 1017/277/286 1020/330/356 1018/193/287
f 1015/217/288 1018/193/287 1016/329/355
f 1020/330/356 1021/58/357 1022/170/358
f 1022/170/358 1023/331/359 1024/332/360
f 1020/333/356 987/334/327 1003/335/342
f 1024/332/360 977/174/317 978/69/319
f 996/336/337 979/337/323 1011/338/351
f 1026/280/291 1025/279/290 1027/281/292
f 1028/282/293 1027/281/292 1030/283/294
f 1029/284/295 1030/283/294 1031/285/296
f 1031/285/296 1034/287/298 1032/286/297
f 1034/287/298 1036/289/300 1033/288/299
f 1036/289/300 1037/291/302 1035/290/301
f 1037/339/302 1034/340/298 1030/341/294
f 1037/291/302 1025/342/290 1038/292/289
f 1033/343/299 1038/344/289 1028/345/293
f 1039/346/315 1041/295/305 1052/96/316
f 1039/346/315 1040/293/303 1041/295/305
f 1040/293/303 1042/296/306 1043/294/304
f 1042/296/306 1044/298/308 1045/297/307
f 1044/298/308 1047/302/312 1046/299/309
f 1047/302/312 1049/301/311 1046/299/309
f 1048/300/310 1051/304/314 1049/301/311
f 1050/303/313 1052/305/316 1051/304/314
f 1052/347/316 1043/348/304 1046/349/309
f 1040/350/303 1050/351/313 1047/352/312
f 1054/31/6 1055/19/6 1053/32/6
f 1056/25/21 1059/24/21 1055/19/21
f 1060/18/4 1057/33/4 1059/24/4
f 1057/33/11 1054/34/11 1053/35/11
f 1059/24/7 1053/36/7 1055/13/7
f 1056/15/1 1058/37/1 1060/18/1
f 1066/34/361 1067/18/362 1065/25/363
f 1070/37/364 1066/34/361 1072/34/365
f 1072/31/365 1065/25/363 1071/25/366
f 1069/18/367 1068/37/368 1070/37/364
f 1069/18/367 1065/25/363 1067/18/362
f 1073/18/369 1071/25/366 1069/18/367
f 1074/37/370 1069/18/367 1070/37/364
f 1076/31/371 1071/25/366 1075/25/372
f 1074/37/370 1072/34/365 1076/34/371
f 1061/37/373 1076/34/371 1064/34/374
f 1062/25/375 1076/31/371 1075/25/372
f 1061/37/373 1073/18/369 1074/37/370
f 1063/18/376 1075/25/372 1073/18/369
f 1078/31/6 1079/19/6 1077/32/6
f 1080/25/21 1083/24/21 1079/19/21
f 1083/24/4 1082/37/4 1081/33/4
f 1081/33/11 1078/34/11 1077/35/11
f 1083/24/7 1077/36/7 1079/13/7
f 1080/15/1 1082/37/1 1084/18/1
f 1086/31/6 1087/19/6 1085/32/6
f 1088/25/21 1091/24/21 1087/19/21
f 1092/18/4 1089/33/4 1091/24/4
f 1089/33/11 1086/34/11 1085/35/11
f 1087/13/7 1089/33/7 1085/36/7
f 1092/18/1 1086/139/1 1090/37/1
f 1094/31/6 1095/19/6 1093/32/6
f 1096/25/21 1099/24/21 1095/19/21
f 1100/18/4 1097/33/4 1099/24/4
f 1097/33/11 1094/34/11 1093/35/11
f 1099/24/7 1093/36/7 1095/13/7
f 1096/15/1 1098/37/1 1100/18/1
f 1102/31/6 1103/19/6 1101/32/6
f 1104/25/21 1107/24/21 1103/19/21
f 1107/24/4 1106/37/4 1105/33/4
f 1105/33/11 1102/34/11 1101/35/11
f 1107/24/7 1101/36/7 1103/13/7
f 1104/15/1 1106/37/1 1108/18/1
f 1110/31/6 1111/19/6 1109/32/6
f 1112/25/21 1115/24/21 1111/19/21
f 1116/18/4 1113/33/4 1115/24/4
f 1113/33/11 1110/34/11 1109/35/11
f 1115/24/7 1109/36/7 1111/13/7
f 1112/15/1 1114/37/1 1116/18/1
f 1118/31/6 1119/19/6 1117/32/6
f 1120/25/21 1123/24/21 1119/19/21
f 1124/18/4 1121/33/4 1123/24/4
f 1121/33/11 1118/34/11 1117/35/11
f 1123/24/7 1117/36/7 1119/13/7
f 1120/15/1 1122/37/1 1124/18/1
f 1126/31/6 1127/19/6 1125/32/6
f 1128/25/21 1131/24/21 1127/19/21
f 1132/18/4 1129/33/4 1131/24/4
f 1129/33/11 1126/34/11 1125/35/11
f 1131/24/7 1125/36/7 1127/13/7
f 1128/15/1 1130/37/1 1132/18/1
f 1134/31/6 1135/19/6 1133/32/6
f 1136/25/21 1139/24/21 1135/19/21
f 1140/18/4 1137/33/4 1139/24/4
f 1137/33/11 1134/34/11 1133/35/11
f 1139/24/7 1133/36/7 1135/13/7
f 1136/15/1 1138/37/1 1140/18/1
f 1142/31/6 1143/19/6 1141/32/6
f 1144/25/21 1147/24/21 1143/19/21
f 1148/18/4 1145/33/4 1147/24/4
f 1145/33/11 1142/34/11 1141/35/11
f 1147/24/7 1141/36/7 1143/13/7
f 1144/15/1 1146/37/1 1148/18/1
f 1150/31/6 1151/19/6 1149/32/6
f 1152/25/21 1155/24/21 1151/19/21
f 1156/18/4 1153/33/4 1155/24/4
f 1153/33/11 1150/34/11 1149/35/11
f 1155/24/7 1149/36/7 1151/13/7
f 1156/18/1 1150/139/1 1154/37/1
f 1158/31/6 1159/19/6 1157/32/6
f 1160/25/21 1163/24/21 1159/19/21
f 1164/18/4 1161/33/4 1163/24/4
f 1161/33/11 1158/34/11 1157/35/11
f 1163/24/7 1157/36/7 1159/13/7
f 1164/18/1 1158/139/1 1162/37/1
f 1166/31/6 1167/19/6 1165/32/6
f 1168/25/21 1171/24/21 1167/19/21
f 1172/18/4 1169/33/4 1171/24/4
f 1169/33/11 1166/34/11 1165/35/11
f 1171/24/7 1165/36/7 1167/13/7
f 1172/18/1 1166/139/1 1170/37/1
f 1173/32/11 1176/25/11 1175/19/11
f 1176/25/6 1179/24/6 1175/19/6
f 1180/18/21 1177/33/21 1179/24/21
f 1177/33/4 1174/34/4 1173/35/4
f 1179/24/7 1173/36/7 1175/13/7
f 1176/15/1 1178/37/1 1180/18/1
f 1185/24/1 1181/36/1 1182/13/1
f 1181/32/4 1188/25/4 1182/19/4
f 1184/33/11 1183/34/11 1181/35/11
f 1187/18/6 1184/33/6 1185/24/6
f 1188/15/7 1186/37/7 1187/18/7
f 1188/25/21 1185/24/21 1182/19/21
f 1191/31/4 1190/19/4 1189/32/4
f 1193/24/1 1189/36/1 1190/13/1
f 1192/33/11 1191/34/11 1189/35/11
f 1195/18/6 1192/33/6 1193/24/6
f 1196/15/7 1194/37/7 1195/18/7
f 1196/25/21 1193/24/21 1190/19/21
f 1197/32/4 1204/25/4 1198/19/4
f 1201/24/1 1197/36/1 1198/13/1
f 1200/33/11 1199/34/11 1197/35/11
f 1203/18/6 1200/33/6 1201/24/6
f 1204/15/7 1202/37/7 1203/18/7
f 1204/25/21 1201/24/21 1198/19/21
f 1207/31/4 1206/19/4 1205/32/4
f 1209/24/1 1205/36/1 1206/13/1
f 1208/33/11 1207/34/11 1205/35/11
f 1211/18/6 1208/33/6 1209/24/6
f 1212/15/7 1210/37/7 1211/18/7
f 1212/25/21 1209/24/21 1206/19/21
f 1213/32/4 1220/25/4 1214/19/4
f 1217/24/1 1213/36/1 1214/13/1
f 1216/33/11 1215/34/11 1213/35/11
f 1219/18/6 1216/33/6 1217/24/6
f 1220/15/7 1218/37/7 1219/18/7
f 1220/25/21 1217/24/21 1214/19/21
f 1222/19/4 1224/353/4 1221/32/4
f 1221/36/1 1228/24/1 1222/13/1
f 1224/354/21 1223/33/21 1221/35/21
f 1226/355/7 1225/356/7 1227/357/7
f 1227/358/6 1223/33/6 1226/359/6
f 1228/24/11 1225/360/11 1222/19/11
f 1233/360/4 1229/32/4 1230/19/4
f 1229/36/1 1236/24/1 1230/13/1
f 1232/354/21 1231/33/21 1229/35/21
f 1234/361/7 1233/362/7 1235/363/7
f 1235/358/6 1231/33/6 1234/359/6
f 1236/24/11 1233/360/11 1230/19/11
f 1241/360/4 1237/32/4 1238/19/4
f 1238/13/1 1239/33/1 1244/24/1
f 1240/354/21 1239/33/21 1237/35/21
f 1242/361/7 1241/362/7 1243/363/7
f 1242/359/6 1244/24/6 1239/33/6
f 1244/24/11 1241/360/11 1238/19/11
f 1248/31/4 1246/19/4 1245/32/4
f 1252/24/1 1245/36/1 1246/13/1
f 1247/33/11 1248/34/11 1245/35/11
f 1249/15/7 1250/37/7 1251/18/7
f 1251/18/6 1247/33/6 1252/24/6
f 1249/25/21 1252/24/21 1246/19/21
f 1257/24/1 1269/145/1 1272/156/1
f 1255/37/4 1268/364/4 1253/33/4
f 1279/365/4 1280/18/4 1254/24/4
f 1260/366/6 1257/24/6 1267/18/6
f 1256/33/6 1261/367/6 1258/37/6
f 1262/36/7 1260/368/7 1264/13/7
f 1259/369/21 1263/34/21 1261/370/21
f 1262/32/6 1265/25/6 1263/31/6
f 1265/25/11 1260/371/11 1266/372/11
f 1265/15/1 1261/373/1 1263/139/1
f 1274/370/21 1275/35/21 1268/369/21
f 1271/157/21 1257/24/21 1272/151/21
f 1273/368/7 1275/36/7 1277/13/7
f 1267/18/7 1270/153/7 1258/37/7
f 1272/156/1 1253/33/1 1254/24/1
f 1256/33/11 1270/148/11 1269/149/11
f 1275/32/4 1278/25/4 1277/19/4
f 1279/372/11 1277/19/11 1278/25/11
f 1274/373/1 1278/15/1 1276/139/1
f 1272/151/21 1280/18/21 1271/157/21
f 1255/37/7 1271/141/7 1280/18/7
f 1269/149/11 1255/37/11 1253/33/11
f 1283/24/4 1282/37/4 1281/33/4
f 1281/33/11 1286/374/11 1284/375/11
f 1283/24/7 1284/376/7 1287/377/7
f 1291/31/4 1292/25/4 1288/378/4
f 1285/19/4 1287/379/4 1284/380/4
f 1283/24/21 1288/381/21 1304/18/21
f 1295/24/1 1289/36/1 1285/13/1
f 1290/33/11 1291/34/11 1289/35/11
f 1292/15/7 1293/37/7 1294/18/7
f 1297/382/6 1294/18/6 1293/37/6
f 1292/25/21 1295/24/21 1285/19/21
f 1298/383/6 1295/24/6 1296/384/6
f 1301/25/11 1296/385/11 1297/386/11
f 1300/36/7 1296/387/7 1299/13/7
f 1299/19/6 1302/31/6 1300/32/6
f 1301/15/1 1303/388/1 1302/139/1
f 1298/389/21 1302/34/21 1303/390/21
f 1282/37/1 1288/391/1 1286/392/1
f 1306/19/4 1307/31/4 1305/32/4
f 1305/36/1 1309/24/1 1306/13/1
f 1308/33/21 1307/34/21 1310/37/21
f 1308/33/6 1311/18/6 1309/24/6
f 1310/37/7 1312/15/7 1311/18/7
f 1309/24/11 1312/25/11 1306/19/11
f 1322/18/4 1313/33/4 1314/24/4
f 1319/377/7 1313/33/7 1316/376/7
f 1317/374/11 1313/33/11 1315/37/11
f 1321/393/4 1324/25/4 1325/31/4
f 1320/19/4 1316/394/4 1318/32/4
f 1314/24/21 1321/381/21 1322/18/21
f 1317/392/1 1322/18/1 1321/391/1
f 1318/36/1 1323/24/1 1320/13/1
f 1323/24/11 1324/25/11 1320/19/11
f 1327/37/7 1324/15/7 1326/18/7
f 1330/395/6 1327/37/6 1326/18/6
f 1328/33/21 1325/34/21 1327/37/21
f 1329/383/6 1323/24/6 1328/33/6
f 1329/389/11 1333/34/11 1332/35/11
f 1331/387/7 1332/36/7 1334/13/7
f 1333/31/6 1334/19/6 1332/32/6
f 1331/385/21 1335/25/21 1336/386/21
f 1333/139/1 1336/396/1 1335/15/1
f 1353/145/1 1341/24/1 1356/156/1
f 1339/37/4 1352/364/4 1358/367/4
f 1357/366/4 1338/24/4 1364/18/4
f 1350/365/6 1351/18/6 1341/24/6
f 1345/367/6 1340/33/6 1342/37/6
f 1344/368/7 1346/36/7 1348/13/7
f 1343/369/11 1347/34/11 1346/35/11
f 1347/31/6 1348/19/6 1346/32/6
f 1344/371/21 1349/25/21 1350/372/21
f 1345/373/1 1349/15/1 1347/139/1
f 1359/35/11 1358/370/11 1352/369/11
f 1341/24/11 1355/157/11 1356/151/11
f 1359/36/7 1357/368/7 1361/13/7
f 1342/37/7 1355/141/7 1351/18/7
f 1338/24/1 1353/145/1 1356/156/1
f 1340/33/21 1354/148/21 1342/37/21
f 1359/32/4 1362/25/4 1360/31/4
f 1363/372/21 1361/19/21 1357/371/21
f 1362/15/1 1358/373/1 1360/139/1
f 1356/151/11 1364/18/11 1338/24/11
f 1355/141/7 1339/37/7 1364/18/7
f 1339/37/21 1353/149/21 1337/33/21
f 1366/19/4 1368/31/4 1365/32/4
f 1366/13/1 1367/33/1 1372/24/1
f 1367/33/21 1368/34/21 1370/37/21
f 1370/37/7 1369/15/7 1371/18/7
f 1367/33/6 1371/18/6 1372/24/6
f 1372/24/11 1369/25/11 1366/19/11
f 1373/32/4 1380/25/4 1374/19/4
f 1377/24/1 1373/36/1 1374/13/1
f 1376/33/11 1375/34/11 1373/35/11
f 1379/18/6 1376/33/6 1377/24/6
f 1379/18/7 1375/139/7 1378/37/7
f 1380/25/21 1377/24/21 1374/19/21
f 1381/32/4 1388/25/4 1382/19/4
f 1385/24/1 1381/36/1 1382/13/1
f 1384/33/11 1383/34/11 1381/35/11
f 1387/18/6 1384/33/6 1385/24/6
f 1387/18/7 1383/139/7 1386/37/7
f 1388/25/21 1385/24/21 1382/19/21
f 1389/32/4 1396/25/4 1390/19/4
f 1393/24/1 1389/36/1 1390/13/1
f 1392/33/11 1391/34/11 1389/35/11
f 1395/18/6 1392/33/6 1393/24/6
f 1396/15/7 1394/37/7 1395/18/7
f 1396/25/21 1393/24/21 1390/19/21
f 1399/31/4 1398/19/4 1397/32/4
f 1401/24/1 1397/36/1 1398/13/1
f 1400/33/11 1399/34/11 1397/35/11
f 1403/18/6 1400/33/6 1401/24/6
f 1403/18/7 1399/139/7 1402/37/7
f 1404/25/21 1401/24/21 1398/19/21
f 1409/360/4 1405/32/4 1406/19/4
f 1405/36/1 1412/24/1 1406/13/1
f 1408/354/21 1407/33/21 1405/35/21
f 1410/355/7 1409/356/7 1411/357/7
f 1411/358/6 1407/33/6 1410/359/6
f 1412/24/11 1409/360/11 1406/19/11
f 1417/360/4 1413/32/4 1414/19/4
f 1413/36/1 1420/24/1 1414/13/1
f 1416/354/21 1415/33/21 1413/35/21
f 1418/361/7 1417/362/7 1419/363/7
f 1419/358/6 1415/33/6 1418/359/6
f 1420/24/11 1417/360/11 1414/19/11
f 1425/360/4 1421/32/4 1422/19/4
f 1421/36/1 1428/24/1 1422/13/1
f 1424/354/21 1423/33/21 1421/35/21
f 1426/361/7 1425/362/7 1427/363/7
f 1427/358/6 1423/33/6 1426/359/6
f 1428/24/11 1425/360/11 1422/19/11
f 1433/24/7 1429/36/7 1430/13/7
f 1429/32/6 1436/25/6 1430/19/6
f 1432/33/11 1431/34/11 1429/35/11
f 1435/18/4 1432/33/4 1433/24/4
f 1436/15/1 1434/37/1 1435/18/1
f 1436/25/21 1433/24/21 1430/19/21
f 1441/24/1 1437/36/1 1438/13/1
f 1437/32/4 1444/25/4 1438/19/4
f 1440/33/11 1439/34/11 1437/35/11
f 1443/18/6 1440/33/6 1441/24/6
f 1444/15/7 1442/37/7 1443/18/7
f 1444/25/21 1441/24/21 1438/19/21
f 1445/32/4 1452/25/4 1446/19/4
f 1449/24/1 1445/36/1 1446/13/1
f 1448/33/11 1447/34/11 1445/35/11
f 1451/18/6 1448/33/6 1449/24/6
f 1451/18/7 1447/139/7 1450/37/7
f 1452/25/21 1449/24/21 1446/19/21
f 1453/32/4 1460/25/4 1454/19/4
f 1457/24/1 1453/36/1 1454/13/1
f 1456/33/11 1455/34/11 1453/35/11
f 1459/18/6 1456/33/6 1457/24/6
f 1459/18/7 1455/139/7 1458/37/7
f 1460/25/21 1457/24/21 1454/19/21
f 1463/31/4 1462/19/4 1461/32/4
f 1465/24/1 1461/36/1 1462/13/1
f 1464/33/11 1463/34/11 1461/35/11
f 1467/18/6 1464/33/6 1465/24/6
f 1467/18/7 1463/139/7 1466/37/7
f 1468/25/21 1465/24/21 1462/19/21
f 1469/32/4 1476/25/4 1470/19/4
f 1473/24/1 1469/36/1 1470/13/1
f 1472/33/11 1471/34/11 1469/35/11
f 1475/18/6 1472/33/6 1473/24/6
f 1475/18/7 1471/139/7 1474/37/7
f 1476/25/21 1473/24/21 1470/19/21
f 1481/360/4 1477/32/4 1478/19/4
f 1477/36/1 1484/24/1 1478/13/1
f 1480/354/21 1479/33/21 1477/35/21
f 1482/355/7 1481/356/7 1483/357/7
f 1483/358/6 1479/33/6 1482/359/6
f 1484/24/11 1481/360/11 1478/19/11
f 1489/360/4 1485/32/4 1486/19/4
f 1485/36/1 1492/24/1 1486/13/1
f 1488/354/21 1487/33/21 1485/35/21
f 1490/361/7 1489/362/7 1491/363/7
f 1491/358/6 1487/33/6 1490/359/6
f 1492/24/11 1489/360/11 1486/19/11
f 1497/360/4 1493/32/4 1494/19/4
f 1493/36/1 1500/24/1 1494/13/1
f 1496/354/21 1495/33/21 1493/35/21
f 1498/361/7 1497/362/7 1499/363/7
f 1499/358/6 1495/33/6 1498/359/6
f 1500/24/11 1497/360/11 1494/19/11
f 1502/19/4 1504/31/4 1501/32/4
f 1501/36/1 1508/24/1 1502/13/1
f 1503/33/21 1504/34/21 1506/37/21
f 1507/18/7 1504/139/7 1505/15/7
f 1503/33/6 1507/18/6 1508/24/6
f 1508/24/11 1505/25/11 1502/19/11
f 1525/145/1 1513/24/1 1528/156/1
f 1509/33/4 1530/367/4 1511/37/4
f 1529/366/4 1510/24/4 1536/18/4
f 1522/365/6 1523/18/6 1513/24/6
f 1517/367/6 1512/33/6 1514/37/6
f 1516/368/7 1518/36/7 1520/13/7
f 1515/369/377 1519/34/11 1518/35/377
f 1519/31/6 1520/19/6 1518/32/6
f 1516/371/21 1521/25/21 1522/372/21
f 1517/373/1 1521/15/1 1519/139/1
f 1531/35/11 1530/370/11 1524/369/11
f 1513/24/11 1527/157/11 1528/151/11
f 1531/36/7 1529/368/7 1533/13/7
f 1514/37/7 1527/141/7 1523/18/7
f 1510/24/1 1525/145/1 1528/156/1
f 1512/33/21 1526/148/21 1514/37/21
f 1533/19/4 1532/31/4 1531/32/4
f 1535/372/21 1533/19/21 1529/371/21
f 1534/15/1 1530/373/1 1532/139/1
f 1528/151/11 1536/18/11 1510/24/11
f 1527/141/7 1511/37/7 1536/18/7
f 1511/37/21 1525/149/21 1509/33/21
f 1538/24/4 1539/37/4 1537/33/4
f 1543/377/7 1537/33/7 1540/376/7
f 1541/374/11 1537/33/11 1539/37/11
f 1545/393/4 1548/25/4 1549/31/4
f 1544/19/4 1540/394/4 1542/32/4
f 1538/24/21 1545/381/21 1546/18/21
f 1545/391/1 1539/37/1 1546/18/1
f 1542/36/1 1547/24/1 1544/13/1
f 1547/24/11 1548/25/11 1544/19/11
f 1551/37/7 1548/15/7 1550/18/7
f 1554/395/6 1551/37/6 1550/18/6
f 1552/33/21 1549/34/21 1551/37/21
f 1553/383/6 1547/24/6 1552/33/6
f 1553/389/11 1557/34/11 1556/35/11
f 1555/387/7 1556/36/7 1558/13/7
f 1557/31/6 1558/19/6 1556/32/6
f 1555/385/21 1559/25/21 1560/386/21
f 1554/388/1 1559/15/1 1557/139/1
f 1564/31/4 1562/19/4 1561/32/4
f 1568/24/1 1561/36/1 1562/13/1
f 1563/33/11 1564/34/11 1561/35/11
f 1567/18/7 1564/139/7 1566/37/7
f 1567/18/6 1563/33/6 1568/24/6
f 1565/25/21 1568/24/21 1562/19/21
f 1573/24/1 1585/145/1 1588/156/1
f 1590/367/4 1569/33/4 1571/37/4
f 1595/365/4 1596/18/4 1570/24/4
f 1576/366/6 1573/24/6 1583/18/6
f 1572/33/6 1577/367/6 1574/37/6
f 1578/36/7 1576/368/7 1580/13/7
f 1575/369/21 1579/34/21 1577/370/21
f 1578/32/6 1581/25/6 1579/31/6
f 1581/25/378 1576/371/11 1582/372/378
f 1581/15/1 1577/373/1 1579/139/1
f 1590/370/21 1591/35/21 1584/369/21
f 1587/157/21 1573/24/21 1588/151/21
f 1589/368/7 1591/36/7 1593/13/7
f 1587/141/7 1574/37/7 1583/18/7
f 1585/145/1 1570/24/1 1588/156/1
f 1572/33/11 1586/148/11 1585/149/11
f 1591/32/4 1594/25/4 1593/19/4
f 1595/372/377 1593/19/11 1594/25/377
f 1590/373/1 1594/15/1 1592/139/1
f 1588/151/21 1596/18/21 1587/157/21
f 1571/37/7 1587/141/7 1596/18/7
f 1585/149/11 1571/37/11 1569/33/11
f 1599/24/4 1598/37/4 1597/33/4
f 1597/33/11 1602/374/11 1600/375/11
f 1599/24/7 1600/376/7 1603/377/7
f 1607/31/4 1608/25/4 1604/378/4
f 1601/19/4 1603/379/4 1600/380/4
f 1599/24/21 1604/381/21 1620/18/21
f 1611/24/1 1605/36/1 1601/13/1
f 1606/33/11 1607/34/11 1605/35/11
f 1610/18/7 1607/139/7 1609/37/7
f 1613/382/6 1610/18/6 1609/37/6
f 1608/25/21 1611/24/21 1601/19/21
f 1614/383/6 1611/24/6 1612/384/6
f 1617/25/11 1612/385/11 1613/386/11
f 1616/36/7 1612/387/7 1615/13/7
f 1615/19/6 1618/31/6 1616/32/6
f 1617/15/1 1619/388/1 1618/139/1
f 1614/389/21 1618/34/21 1619/390/21
f 1598/37/1 1604/391/1 1602/392/1
f 1621/32/4 1628/25/4 1622/19/4
f 1625/24/1 1621/36/1 1622/13/1
f 1624/33/11 1623/34/11 1621/35/11
f 1625/24/6 1626/37/6 1624/33/6
f 1628/15/7 1626/37/7 1627/18/7
f 1628/25/21 1625/24/21 1622/19/21
f 1631/31/4 1630/19/4 1629/32/4
f 1633/24/1 1629/36/1 1630/13/1
f 1632/33/11 1631/34/11 1629/35/11
f 1635/18/6 1632/33/6 1633/24/6
f 1636/15/7 1634/37/7 1635/18/7
f 1636/25/21 1633/24/21 1630/19/21
f 1637/32/4 1644/25/4 1638/19/4
f 1641/24/1 1637/36/1 1638/13/1
f 1640/33/11 1639/34/11 1637/35/11
f 1643/18/6 1640/33/6 1641/24/6
f 1644/15/7 1642/37/7 1643/18/7
f 1644/25/21 1641/24/21 1638/19/21
f 1647/31/4 1646/19/4 1645/32/4
f 1649/24/1 1645/36/1 1646/13/1
f 1648/33/11 1647/34/11 1645/35/11
f 1651/18/6 1648/33/6 1649/24/6
f 1651/18/7 1647/139/7 1650/37/7
f 1652/25/21 1649/24/21 1646/19/21
f 1657/360/4 1653/32/4 1654/19/4
f 1653/36/1 1660/24/1 1654/13/1
f 1656/354/21 1655/33/21 1653/35/21
f 1658/355/7 1657/356/7 1659/357/7
f 1659/358/6 1655/33/6 1658/359/6
f 1660/24/11 1657/360/11 1654/19/11
f 1665/360/4 1661/32/4 1662/19/4
f 1661/36/1 1668/24/1 1662/13/1
f 1664/354/21 1663/33/21 1661/35/21
f 1666/361/7 1665/362/7 1667/363/7
f 1667/358/6 1663/33/6 1666/359/6
f 1668/24/11 1665/360/11 1662/19/11
f 1670/19/4 1672/353/4 1669/32/4
f 1670/13/1 1671/33/1 1676/24/1
f 1672/354/21 1671/33/21 1669/35/21
f 1675/363/7 1672/397/7 1673/362/7
f 1675/358/6 1671/33/6 1674/359/6
f 1676/24/11 1673/360/11 1670/19/11
f 1681/24/7 1677/36/7 1678/13/7
f 1679/31/6 1678/19/6 1677/32/6
f 1680/33/11 1679/34/11 1677/35/11
f 1683/18/4 1680/33/4 1681/24/4
f 1684/15/1 1682/37/1 1683/18/1
f 1684/25/21 1681/24/21 1678/19/21
f 1686/31/6 1687/19/6 1685/32/6
f 1688/25/21 1691/24/21 1687/19/21
f 1692/18/4 1689/33/4 1691/24/4
f 1689/33/11 1686/34/11 1685/35/11
f 1691/24/7 1685/36/7 1687/13/7
f 1688/15/1 1690/37/1 1692/18/1
f 1696/1/21 1694/1/21 1693/1/21
f 1694/1/4 1695/1/4 1693/1/4
f 1698/1/7 1693/1/7 1695/1/7
f 1696/1/21 1693/1/21 1697/1/21
f 1698/1/7 1697/1/7 1693/1/7
f 1699/1/11 1698/1/11 1695/1/11
f 1699/1/11 1700/1/11 1698/1/11
f 1700/1/6 1697/1/6 1698/1/6
f 1699/1/1 1696/1/1 1700/1/1
f 1700/1/6 1696/1/6 1697/1/6
f 1699/1/1 1694/1/1 1696/1/1
f 1694/1/4 1699/1/4 1695/1/4
f 1704/1/21 1702/1/21 1701/1/21
f 1702/1/4 1703/1/4 1701/1/4
f 1706/1/7 1701/1/7 1703/1/7
f 1704/1/21 1701/1/21 1705/1/21
f 1706/1/7 1705/1/7 1701/1/7
f 1707/1/11 1706/1/11 1703/1/11
f 1707/1/11 1708/1/11 1706/1/11
f 1708/1/6 1705/1/6 1706/1/6
f 1707/1/1 1704/1/1 1708/1/1
f 1708/1/6 1704/1/6 1705/1/6
f 1707/1/1 1702/1/1 1704/1/1
f 1702/1/4 1707/1/4 1703/1/4
f 1712/1/6 1710/1/6 1709/1/6
f 1710/1/21 1711/1/21 1709/1/21
f 1714/1/7 1709/1/7 1711/1/7
f 1712/1/6 1709/1/6 1713/1/6
f 1714/1/7 1713/1/7 1709/1/7
f 1715/1/4 1714/1/4 1711/1/4
f 1715/1/4 1716/1/4 1714/1/4
f 1716/1/11 1713/1/11 1714/1/11
f 1715/1/1 1712/1/1 1716/1/1
f 1716/1/11 1712/1/11 1713/1/11
f 1715/1/1 1710/1/1 1712/1/1
f 1710/1/21 1715/1/21 1711/1/21
f 1720/1/21 1718/1/21 1717/1/21
f 1718/1/4 1719/1/4 1717/1/4
f 1722/1/7 1717/1/7 1719/1/7
f 1720/1/21 1717/1/21 1721/1/21
f 1722/1/7 1721/1/7 1717/1/7
f 1723/1/11 1722/1/11 1719/1/11
f 1723/1/11 1724/1/11 1722/1/11
f 1724/1/6 1721/1/6 1722/1/6
f 1723/1/1 1720/1/1 1724/1/1
f 1724/1/6 1720/1/6 1721/1/6
f 1723/1/1 1718/1/1 1720/1/1
f 1718/1/4 1723/1/4 1719/1/4
f 1728/1/21 1726/1/21 1725/1/21
f 1726/1/4 1727/1/4 1725/1/4
f 1730/1/7 1725/1/7 1727/1/7
f 1728/1/21 1725/1/21 1729/1/21
f 1730/1/7 1729/1/7 1725/1/7
f 1731/1/11 1730/1/11 1727/1/11
f 1731/1/11 1732/1/11 1730/1/11
f 1732/1/6 1729/1/6 1730/1/6
f 1731/1/1 1728/1/1 1732/1/1
f 1732/1/6 1728/1/6 1729/1/6
f 1731/1/1 1726/1/1 1728/1/1
f 1726/1/4 1731/1/4 1727/1/4
f 1736/1/21 1734/1/21 1733/1/21
f 1734/1/4 1735/1/4 1733/1/4
f 1738/1/7 1733/1/7 1735/1/7
f 1736/1/21 1733/1/21 1737/1/21
f 1738/1/7 1737/1/7 1733/1/7
f 1739/1/11 1738/1/11 1735/1/11
f 1739/1/11 1740/1/11 1738/1/11
f 1740/1/6 1737/1/6 1738/1/6
f 1739/1/1 1736/1/1 1740/1/1
f 1740/1/6 1736/1/6 1737/1/6
f 1739/1/1 1734/1/1 1736/1/1
f 1734/1/4 1739/1/4 1735/1/4
f 1744/1/21 1742/1/21 1741/1/21
f 1742/1/4 1743/1/4 1741/1/4
f 1746/1/7 1741/1/7 1743/1/7
f 1744/1/21 1741/1/21 1745/1/21
f 1746/1/7 1745/1/7 1741/1/7
f 1747/1/11 1746/1/11 1743/1/11
f 1747/1/11 1748/1/11 1746/1/11
f 1748/1/6 1745/1/6 1746/1/6
f 1747/1/1 1744/1/1 1748/1/1
f 1748/1/6 1744/1/6 1745/1/6
f 1747/1/1 1742/1/1 1744/1/1
f 1742/1/4 1747/1/4 1743/1/4
f 1752/1/21 1750/1/21 1749/1/21
f 1750/1/4 1751/1/4 1749/1/4
f 1754/1/7 1749/1/7 1751/1/7
f 1752/1/21 1749/1/21 1753/1/21
f 1754/1/7 1753/1/7 1749/1/7
f 1755/1/11 1754/1/11 1751/1/11
f 1755/1/11 1756/1/11 1754/1/11
f 1756/1/6 1753/1/6 1754/1/6
f 1755/1/1 1752/1/1 1756/1/1
f 1756/1/6 1752/1/6 1753/1/6
f 1755/1/1 1750/1/1 1752/1/1
f 1750/1/4 1755/1/4 1751/1/4
f 1760/1/21 1758/1/21 1757/1/21
f 1758/1/4 1759/1/4 1757/1/4
f 1762/1/7 1757/1/7 1759/1/7
f 1760/1/21 1757/1/21 1761/1/21
f 1762/1/7 1761/1/7 1757/1/7
f 1763/1/11 1762/1/11 1759/1/11
f 1763/1/11 1764/1/11 1762/1/11
f 1764/1/6 1761/1/6 1762/1/6
f 1763/1/1 1760/1/1 1764/1/1
f 1764/1/6 1760/1/6 1761/1/6
f 1763/1/1 1758/1/1 1760/1/1
f 1758/1/4 1763/1/4 1759/1/4
f 1768/1/6 1766/1/6 1765/1/6
f 1766/1/21 1767/1/21 1765/1/21
f 1770/1/7 1765/1/7 1767/1/7
f 1768/1/6 1765/1/6 1769/1/6
f 1770/1/7 1769/1/7 1765/1/7
f 1771/1/4 1770/1/4 1767/1/4
f 1771/1/4 1772/1/4 1770/1/4
f 1772/1/11 1769/1/11 1770/1/11
f 1771/1/1 1768/1/1 1772/1/1
f 1772/1/11 1768/1/11 1769/1/11
f 1771/1/1 1766/1/1 1768/1/1
f 1766/1/21 1771/1/21 1767/1/21
f 1776/1/21 1774/1/21 1773/1/21
f 1774/1/4 1775/1/4 1773/1/4
f 1778/1/7 1773/1/7 1775/1/7
f 1776/1/21 1773/1/21 1777/1/21
f 1778/1/7 1777/1/7 1773/1/7
f 1779/1/11 1778/1/11 1775/1/11
f 1779/1/11 1780/1/11 1778/1/11
f 1780/1/6 1777/1/6 1778/1/6
f 1780/1/1 1779/1/1 1774/1/1
f 1780/1/1 1774/1/1 1776/1/1
f 1780/1/6 1776/1/6 1777/1/6
f 1774/1/4 1779/1/4 1775/1/4
f 1784/1/21 1782/1/21 1781/1/21
f 1782/1/4 1783/1/4 1781/1/4
f 1786/1/7 1781/1/7 1783/1/7
f 1784/1/21 1781/1/21 1785/1/21
f 1786/1/7 1785/1/7 1781/1/7
f 1787/1/11 1786/1/11 1783/1/11
f 1787/1/11 1788/1/11 1786/1/11
f 1788/1/6 1785/1/6 1786/1/6
f 1788/1/1 1787/1/1 1782/1/1
f 1788/1/1 1782/1/1 1784/1/1
f 1788/1/6 1784/1/6 1785/1/6
f 1782/1/4 1787/1/4 1783/1/4
f 1792/1/21 1790/1/21 1789/1/21
f 1790/1/4 1791/1/4 1789/1/4
f 1794/1/7 1789/1/7 1791/1/7
f 1792/1/21 1789/1/21 1793/1/21
f 1794/1/7 1793/1/7 1789/1/7
f 1795/1/11 1794/1/11 1791/1/11
f 1795/1/11 1796/1/11 1794/1/11
f 1796/1/6 1793/1/6 1794/1/6
f 1796/1/1 1795/1/1 1790/1/1
f 1796/1/1 1790/1/1 1792/1/1
f 1796/1/6 1792/1/6 1793/1/6
f 1790/1/4 1795/1/4 1791/1/4
f 1800/1/21 1798/1/21 1797/1/21
f 1798/1/4 1799/1/4 1797/1/4
f 1802/1/7 1797/1/7 1799/1/7
f 1800/1/21 1797/1/21 1801/1/21
f 1802/1/7 1801/1/7 1797/1/7
f 1803/1/11 1802/1/11 1799/1/11
f 1803/1/11 1804/1/11 1802/1/11
f 1804/1/6 1801/1/6 1802/1/6
f 1803/1/1 1800/1/1 1804/1/1
f 1804/1/6 1800/1/6 1801/1/6
f 1803/1/1 1798/1/1 1800/1/1
f 1798/1/4 1803/1/4 1799/1/4
f 1808/1/21 1806/1/21 1805/1/21
f 1806/1/4 1807/1/4 1805/1/4
f 1810/1/7 1805/1/7 1807/1/7
f 1808/1/21 1805/1/21 1809/1/21
f 1810/1/7 1809/1/7 1805/1/7
f 1811/1/11 1810/1/11 1807/1/11
f 1811/1/11 1812/1/11 1810/1/11
f 1812/1/6 1809/1/6 1810/1/6
f 1811/1/1 1808/1/1 1812/1/1
f 1812/1/6 1808/1/6 1809/1/6
f 1811/1/1 1806/1/1 1808/1/1
f 1806/1/4 1811/1/4 1807/1/4
f 1816/1/21 1814/1/21 1813/1/21
f 1814/1/4 1815/1/4 1813/1/4
f 1818/1/7 1813/1/7 1815/1/7
f 1816/1/21 1813/1/21 1817/1/21
f 1818/1/7 1817/1/7 1813/1/7
f 1819/1/11 1818/1/11 1815/1/11
f 1819/1/11 1820/1/11 1818/1/11
f 1820/1/6 1817/1/6 1818/1/6
f 1819/1/1 1816/1/1 1820/1/1
f 1820/1/6 1816/1/6 1817/1/6
f 1819/1/1 1814/1/1 1816/1/1
f 1814/1/4 1819/1/4 1815/1/4
f 1824/1/21 1822/1/21 1821/1/21
f 1822/1/4 1823/1/4 1821/1/4
f 1826/1/7 1821/1/7 1823/1/7
f 1824/1/21 1821/1/21 1825/1/21
f 1826/1/7 1825/1/7 1821/1/7
f 1827/1/11 1826/1/11 1823/1/11
f 1827/1/11 1828/1/11 1826/1/11
f 1828/1/6 1825/1/6 1826/1/6
f 1827/1/1 1824/1/1 1828/1/1
f 1828/1/6 1824/1/6 1825/1/6
f 1827/1/1 1822/1/1 1824/1/1
f 1822/1/4 1827/1/4 1823/1/4
f 1832/1/21 1830/1/21 1829/1/21
f 1830/1/4 1831/1/4 1829/1/4
f 1834/1/7 1829/1/7 1831/1/7
f 1832/1/21 1829/1/21 1833/1/21
f 1834/1/7 1833/1/7 1829/1/7
f 1835/1/11 1834/1/11 1831/1/11
f 1835/1/11 1836/1/11 1834/1/11
f 1836/1/6 1833/1/6 1834/1/6
f 1836/1/1 1835/1/1 1830/1/1
f 1836/1/1 1830/1/1 1832/1/1
f 1836/1/6 1832/1/6 1833/1/6
f 1830/1/4 1835/1/4 1831/1/4
f 1840/1/6 1838/1/6 1837/1/6
f 1838/1/21 1839/1/21 1837/1/21
f 1842/1/7 1837/1/7 1839/1/7
f 1840/1/6 1837/1/6 1841/1/6
f 1842/1/7 1841/1/7 1837/1/7
f 1843/1/4 1842/1/4 1839/1/4
f 1843/1/4 1844/1/4 1842/1/4
f 1844/1/11 1841/1/11 1842/1/11
f 1843/1/1 1840/1/1 1844/1/1
f 1844/1/11 1840/1/11 1841/1/11
f 1843/1/1 1838/1/1 1840/1/1
f 1838/1/21 1843/1/21 1839/1/21
f 1848/1/21 1846/1/21 1845/1/21
f 1846/1/4 1847/1/4 1845/1/4
f 1850/1/7 1845/1/7 1847/1/7
f 1848/1/21 1845/1/21 1849/1/21
f 1850/1/7 1849/1/7 1845/1/7
f 1851/1/11 1850/1/11 1847/1/11
f 1851/1/11 1852/1/11 1850/1/11
f 1852/1/6 1849/1/6 1850/1/6
f 1851/1/1 1848/1/1 1852/1/1
f 1852/1/6 1848/1/6 1849/1/6
f 1851/1/1 1846/1/1 1848/1/1
f 1846/1/4 1851/1/4 1847/1/4
f 1856/1/21 1854/1/21 1853/1/21
f 1854/1/4 1855/1/4 1853/1/4
f 1858/1/7 1853/1/7 1855/1/7
f 1856/1/21 1853/1/21 1857/1/21
f 1858/1/7 1857/1/7 1853/1/7
f 1859/1/11 1858/1/11 1855/1/11
f 1859/1/11 1860/1/11 1858/1/11
f 1860/1/6 1857/1/6 1858/1/6
f 1859/1/1 1856/1/1 1860/1/1
f 1860/1/6 1856/1/6 1857/1/6
f 1859/1/1 1854/1/1 1856/1/1
f 1854/1/4 1859/1/4 1855/1/4
f 1864/1/21 1862/1/21 1861/1/21
f 1862/1/4 1863/1/4 1861/1/4
f 1866/1/7 1861/1/7 1863/1/7
f 1864/1/21 1861/1/21 1865/1/21
f 1866/1/7 1865/1/7 1861/1/7
f 1867/1/11 1866/1/11 1863/1/11
f 1867/1/11 1868/1/11 1866/1/11
f 1868/1/6 1865/1/6 1866/1/6
f 1867/1/1 1864/1/1 1868/1/1
f 1868/1/6 1864/1/6 1865/1/6
f 1867/1/1 1862/1/1 1864/1/1
f 1862/1/4 1867/1/4 1863/1/4
f 1872/1/21 1870/1/21 1869/1/21
f 1870/1/4 1871/1/4 1869/1/4
f 1874/1/7 1869/1/7 1871/1/7
f 1872/1/21 1869/1/21 1873/1/21
f 1874/1/7 1873/1/7 1869/1/7
f 1875/1/11 1874/1/11 1871/1/11
f 1875/1/11 1876/1/11 1874/1/11
f 1876/1/6 1873/1/6 1874/1/6
f 1875/1/1 1872/1/1 1876/1/1
f 1876/1/6 1872/1/6 1873/1/6
f 1875/1/1 1870/1/1 1872/1/1
f 1870/1/4 1875/1/4 1871/1/4
f 1880/1/21 1878/1/21 1877/1/21
f 1878/1/4 1879/1/4 1877/1/4
f 1882/1/7 1877/1/7 1879/1/7
f 1880/1/21 1877/1/21 1881/1/21
f 1882/1/7 1881/1/7 1877/1/7
f 1883/1/11 1882/1/11 1879/1/11
f 1883/1/11 1884/1/11 1882/1/11
f 1884/1/6 1881/1/6 1882/1/6
f 1883/1/1 1880/1/1 1884/1/1
f 1884/1/6 1880/1/6 1881/1/6
f 1883/1/1 1878/1/1 1880/1/1
f 1878/1/4 1883/1/4 1879/1/4
f 1888/1/21 1886/1/21 1885/1/21
f 1886/1/4 1887/1/4 1885/1/4
f 1890/1/7 1885/1/7 1887/1/7
f 1888/1/21 1885/1/21 1889/1/21
f 1890/1/7 1889/1/7 1885/1/7
f 1891/1/11 1890/1/11 1887/1/11
f 1891/1/11 1892/1/11 1890/1/11
f 1892/1/6 1889/1/6 1890/1/6
f 1891/1/1 1888/1/1 1892/1/1
f 1892/1/6 1888/1/6 1889/1/6
f 1891/1/1 1886/1/1 1888/1/1
f 1886/1/4 1891/1/4 1887/1/4
f 1896/1/21 1894/1/21 1893/1/21
f 1894/1/4 1895/1/4 1893/1/4
f 1898/1/7 1893/1/7 1895/1/7
f 1896/1/21 1893/1/21 1897/1/21
f 1898/1/7 1897/1/7 1893/1/7
f 1899/1/11 1898/1/11 1895/1/11
f 1899/1/11 1900/1/11 1898/1/11
f 1900/1/6 1897/1/6 1898/1/6
f 1899/1/1 1896/1/1 1900/1/1
f 1900/1/6 1896/1/6 1897/1/6
f 1899/1/1 1894/1/1 1896/1/1
f 1894/1/4 1899/1/4 1895/1/4
f 1904/1/21 1902/1/21 1901/1/21
f 1902/1/4 1903/1/4 1901/1/4
f 1906/1/7 1901/1/7 1903/1/7
f 1904/1/21 1901/1/21 1905/1/21
f 1906/1/7 1905/1/7 1901/1/7
f 1907/1/11 1906/1/11 1903/1/11
f 1907/1/11 1908/1/11 1906/1/11
f 1908/1/6 1905/1/6 1906/1/6
f 1907/1/1 1904/1/1 1908/1/1
f 1908/1/6 1904/1/6 1905/1/6
f 1907/1/1 1902/1/1 1904/1/1
f 1902/1/4 1907/1/4 1903/1/4
f 1912/1/6 1910/1/6 1909/1/6
f 1910/1/21 1911/1/21 1909/1/21
f 1914/1/7 1909/1/7 1911/1/7
f 1912/1/6 1909/1/6 1913/1/6
f 1914/1/7 1913/1/7 1909/1/7
f 1915/1/4 1914/1/4 1911/1/4
f 1915/1/4 1916/1/4 1914/1/4
f 1916/1/11 1913/1/11 1914/1/11
f 1915/1/1 1912/1/1 1916/1/1
f 1916/1/11 1912/1/11 1913/1/11
f 1915/1/1 1910/1/1 1912/1/1
f 1910/1/21 1915/1/21 1911/1/21
f 1920/1/21 1918/1/21 1917/1/21
f 1918/1/4 1919/1/4 1917/1/4
f 1922/1/7 1917/1/7 1919/1/7
f 1920/1/21 1917/1/21 1921/1/21
f 1922/1/7 1921/1/7 1917/1/7
f 1923/1/11 1922/1/11 1919/1/11
f 1923/1/11 1924/1/11 1922/1/11
f 1924/1/6 1921/1/6 1922/1/6
f 1923/1/1 1920/1/1 1924/1/1
f 1924/1/6 1920/1/6 1921/1/6
f 1923/1/1 1918/1/1 1920/1/1
f 1918/1/4 1923/1/4 1919/1/4
f 1928/1/21 1926/1/21 1925/1/21
f 1926/1/4 1927/1/4 1925/1/4
f 1930/1/7 1925/1/7 1927/1/7
f 1928/1/21 1925/1/21 1929/1/21
f 1930/1/7 1929/1/7 1925/1/7
f 1931/1/11 1930/1/11 1927/1/11
f 1931/1/11 1932/1/11 1930/1/11
f 1932/1/6 1929/1/6 1930/1/6
f 1931/1/1 1928/1/1 1932/1/1
f 1932/1/6 1928/1/6 1929/1/6
f 1931/1/1 1926/1/1 1928/1/1
f 1926/1/4 1931/1/4 1927/1/4
f 1936/1/21 1934/1/21 1933/1/21
f 1934/1/4 1935/1/4 1933/1/4
f 1938/1/7 1933/1/7 1935/1/7
f 1936/1/21 1933/1/21 1937/1/21
f 1938/1/7 1937/1/7 1933/1/7
f 1939/1/11 1938/1/11 1935/1/11
f 1939/1/11 1940/1/11 1938/1/11
f 1940/1/6 1937/1/6 1938/1/6
f 1939/1/1 1936/1/1 1940/1/1
f 1940/1/6 1936/1/6 1937/1/6
f 1939/1/1 1934/1/1 1936/1/1
f 1934/1/4 1939/1/4 1935/1/4
f 1944/1/21 1942/1/21 1941/1/21
f 1942/1/4 1943/1/4 1941/1/4
f 1946/1/7 1941/1/7 1943/1/7
f 1944/1/21 1941/1/21 1945/1/21
f 1946/1/7 1945/1/7 1941/1/7
f 1947/1/11 1946/1/11 1943/1/11
f 1947/1/11 1948/1/11 1946/1/11
f 1948/1/6 1945/1/6 1946/1/6
f 1948/1/1 1947/1/1 1942/1/1
f 1948/1/1 1942/1/1 1944/1/1
f 1948/1/6 1944/1/6 1945/1/6
f 1942/1/4 1947/1/4 1943/1/4
f 1952/1/21 1950/1/21 1949/1/21
f 1950/1/4 1951/1/4 1949/1/4
f 1954/1/7 1949/1/7 1951/1/7
f 1952/1/21 1949/1/21 1953/1/21
f 1954/1/7 1953/1/7 1949/1/7
f 1955/1/11 1954/1/11 1951/1/11
f 1955/1/11 1956/1/11 1954/1/11
f 1956/1/6 1953/1/6 1954/1/6
f 1956/1/1 1955/1/1 1950/1/1
f 1956/1/1 1950/1/1 1952/1/1
f 1956/1/6 1952/1/6 1953/1/6
f 1950/1/4 1955/1/4 1951/1/4
f 1960/1/21 1958/1/21 1957/1/21
f 1958/1/4 1959/1/4 1957/1/4
f 1962/1/7 1957/1/7 1959/1/7
f 1960/1/21 1957/1/21 1961/1/21
f 1962/1/7 1961/1/7 1957/1/7
f 1963/1/11 1962/1/11 1959/1/11
f 1963/1/11 1964/1/11 1962/1/11
f 1964/1/6 1961/1/6 1962/1/6
f 1964/1/1 1963/1/1 1958/1/1
f 1964/1/1 1958/1/1 1960/1/1
f 1964/1/6 1960/1/6 1961/1/6
f 1958/1/4 1963/1/4 1959/1/4
f 1968/1/21 1966/1/21 1965/1/21
f 1966/1/4 1967/1/4 1965/1/4
f 1970/1/7 1965/1/7 1967/1/7
f 1968/1/21 1965/1/21 1969/1/21
f 1970/1/7 1969/1/7 1965/1/7
f 1971/1/11 1970/1/11 1967/1/11
f 1971/1/11 1972/1/11 1970/1/11
f 1972/1/6 1969/1/6 1970/1/6
f 1971/1/1 1968/1/1 1972/1/1
f 1972/1/6 1968/1/6 1969/1/6
f 1971/1/1 1966/1/1 1968/1/1
f 1966/1/4 1971/1/4 1967/1/4
f 1976/1/6 1974/1/6 1973/1/6
f 1974/1/21 1975/1/21 1973/1/21
f 1978/1/7 1973/1/7 1975/1/7
f 1976/1/6 1973/1/6 1977/1/6
f 1978/1/7 1977/1/7 1973/1/7
f 1979/1/4 1978/1/4 1975/1/4
f 1979/1/4 1980/1/4 1978/1/4
f 1980/1/11 1977/1/11 1978/1/11
f 1979/1/1 1976/1/1 1980/1/1
f 1980/1/11 1976/1/11 1977/1/11
f 1979/1/1 1974/1/1 1976/1/1
f 1974/1/21 1979/1/21 1975/1/21
f 1984/1/21 1982/1/21 1981/1/21
f 1982/1/4 1983/1/4 1981/1/4
f 1986/1/7 1981/1/7 1983/1/7
f 1984/1/21 1981/1/21 1985/1/21
f 1986/1/7 1985/1/7 1981/1/7
f 1987/1/11 1986/1/11 1983/1/11
f 1987/1/11 1988/1/11 1986/1/11
f 1988/1/6 1985/1/6 1986/1/6
f 1987/1/1 1984/1/1 1988/1/1
f 1988/1/6 1984/1/6 1985/1/6
f 1987/1/1 1982/1/1 1984/1/1
f 1982/1/4 1987/1/4 1983/1/4
f 1992/1/21 1990/1/21 1989/1/21
f 1990/1/4 1991/1/4 1989/1/4
f 1994/1/7 1989/1/7 1991/1/7
f 1992/1/21 1989/1/21 1993/1/21
f 1994/1/7 1993/1/7 1989/1/7
f 1995/1/11 1994/1/11 1991/1/11
f 1995/1/11 1996/1/11 1994/1/11
f 1996/1/6 1993/1/6 1994/1/6
f 1995/1/1 1992/1/1 1996/1/1
f 1996/1/6 1992/1/6 1993/1/6
f 1995/1/1 1990/1/1 1992/1/1
f 1990/1/4 1995/1/4 1991/1/4
f 2000/1/21 1998/1/21 1997/1/21
f 1998/1/4 1999/1/4 1997/1/4
f 2002/1/7 1997/1/7 1999/1/7
f 2000/1/21 1997/1/21 2001/1/21
f 2002/1/7 2001/1/7 1997/1/7
f 2003/1/11 2002/1/11 1999/1/11
f 2003/1/11 2004/1/11 2002/1/11
f 2004/1/6 2001/1/6 2002/1/6
f 2003/1/1 2000/1/1 2004/1/1
f 2004/1/6 2000/1/6 2001/1/6
f 2003/1/1 1998/1/1 2000/1/1
f 1998/1/4 2003/1/4 1999/1/4
f 2008/1/21 2006/1/21 2005/1/21
f 2006/1/4 2007/1/4 2005/1/4
f 2010/1/7 2005/1/7 2007/1/7
f 2008/1/21 2005/1/21 2009/1/21
f 2010/1/7 2009/1/7 2005/1/7
f 2011/1/11 2010/1/11 2007/1/11
f 2011/1/11 2012/1/11 2010/1/11
f 2012/1/6 2009/1/6 2010/1/6
f 2011/1/1 2008/1/1 2012/1/1
f 2012/1/6 2008/1/6 2009/1/6
f 2011/1/1 2006/1/1 2008/1/1
f 2006/1/4 2011/1/4 2007/1/4
f 2016/1/21 2014/1/21 2013/1/21
f 2014/1/4 2015/1/4 2013/1/4
f 2018/1/7 2013/1/7 2015/1/7
f 2016/1/21 2013/1/21 2017/1/21
f 2018/1/7 2017/1/7 2013/1/7
f 2019/1/11 2018/1/11 2015/1/11
f 2019/1/11 2020/1/11 2018/1/11
f 2020/1/6 2017/1/6 2018/1/6
f 2019/1/1 2016/1/1 2020/1/1
f 2020/1/6 2016/1/6 2017/1/6
f 2019/1/1 2014/1/1 2016/1/1
f 2014/1/4 2019/1/4 2015/1/4
f 2024/1/21 2022/1/21 2021/1/21
f 2022/1/4 2023/1/4 2021/1/4
f 2026/1/7 2021/1/7 2023/1/7
f 2024/1/21 2021/1/21 2025/1/21
f 2026/1/7 2025/1/7 2021/1/7
f 2027/1/11 2026/1/11 2023/1/11
f 2027/1/11 2028/1/11 2026/1/11
f 2028/1/6 2025/1/6 2026/1/6
f 2027/1/1 2024/1/1 2028/1/1
f 2028/1/6 2024/1/6 2025/1/6
f 2027/1/1 2022/1/1 2024/1/1
f 2022/1/4 2027/1/4 2023/1/4
f 2032/1/21 2030/1/21 2029/1/21
f 2030/1/4 2031/1/4 2029/1/4
f 2034/1/7 2029/1/7 2031/1/7
f 2032/1/21 2029/1/21 2033/1/21
f 2034/1/7 2033/1/7 2029/1/7
f 2035/1/11 2034/1/11 2031/1/11
f 2035/1/11 2036/1/11 2034/1/11
f 2036/1/6 2033/1/6 2034/1/6
f 2035/1/1 2032/1/1 2036/1/1
f 2036/1/6 2032/1/6 2033/1/6
f 2035/1/1 2030/1/1 2032/1/1
f 2030/1/4 2035/1/4 2031/1/4
f 2040/1/6 2038/1/6 2037/1/6
f 2038/1/21 2039/1/21 2037/1/21
f 2042/1/7 2037/1/7 2039/1/7
f 2040/1/6 2037/1/6 2041/1/6
f 2042/1/7 2041/1/7 2037/1/7
f 2043/1/4 2042/1/4 2039/1/4
f 2043/1/4 2044/1/4 2042/1/4
f 2044/1/11 2041/1/11 2042/1/11
f 2043/1/1 2040/1/1 2044/1/1
f 2044/1/11 2040/1/11 2041/1/11
f 2043/1/1 2038/1/1 2040/1/1
f 2038/1/21 2043/1/21 2039/1/21
f 2048/1/21 2046/1/21 2045/1/21
f 2046/1/4 2047/1/4 2045/1/4
f 2050/1/7 2045/1/7 2047/1/7
f 2048/1/21 2045/1/21 2049/1/21
f 2050/1/7 2049/1/7 2045/1/7
f 2051/1/11 2050/1/11 2047/1/11
f 2051/1/11 2052/1/11 2050/1/11
f 2052/1/6 2049/1/6 2050/1/6
f 2052/1/1 2051/1/1 2046/1/1
f 2052/1/1 2046/1/1 2048/1/1
f 2052/1/6 2048/1/6 2049/1/6
f 2046/1/4 2051/1/4 2047/1/4
f 2056/1/21 2054/1/21 2053/1/21
f 2054/1/4 2055/1/4 2053/1/4
f 2058/1/7 2053/1/7 2055/1/7
f 2056/1/21 2053/1/21 2057/1/21
f 2058/1/7 2057/1/7 2053/1/7
f 2059/1/11 2058/1/11 2055/1/11
f 2059/1/11 2060/1/11 2058/1/11
f 2060/1/6 2057/1/6 2058/1/6
f 2060/1/1 2059/1/1 2054/1/1
f 2060/1/1 2054/1/1 2056/1/1
f 2060/1/6 2056/1/6 2057/1/6
f 2054/1/4 2059/1/4 2055/1/4
f 2064/1/21 2062/1/21 2061/1/21
f 2062/1/4 2063/1/4 2061/1/4
f 2066/1/7 2061/1/7 2063/1/7
f 2064/1/21 2061/1/21 2065/1/21
f 2066/1/7 2065/1/7 2061/1/7
f 2067/1/11 2066/1/11 2063/1/11
f 2067/1/11 2068/1/11 2066/1/11
f 2068/1/6 2065/1/6 2066/1/6
f 2068/1/1 2067/1/1 2062/1/1
f 2068/1/1 2062/1/1 2064/1/1
f 2068/1/6 2064/1/6 2065/1/6
f 2062/1/4 2067/1/4 2063/1/4
f 2072/1/21 2070/1/21 2069/1/21
f 2070/1/4 2071/1/4 2069/1/4
f 2074/1/7 2069/1/7 2071/1/7
f 2072/1/21 2069/1/21 2073/1/21
f 2074/1/7 2073/1/7 2069/1/7
f 2075/1/11 2074/1/11 2071/1/11
f 2075/1/11 2076/1/11 2074/1/11
f 2076/1/6 2073/1/6 2074/1/6
f 2075/1/1 2072/1/1 2076/1/1
f 2076/1/6 2072/1/6 2073/1/6
f 2075/1/1 2070/1/1 2072/1/1
f 2070/1/4 2075/1/4 2071/1/4
f 2080/1/21 2078/1/21 2077/1/21
f 2078/1/4 2079/1/4 2077/1/4
f 2082/1/7 2077/1/7 2079/1/7
f 2080/1/21 2077/1/21 2081/1/21
f 2082/1/7 2081/1/7 2077/1/7
f 2083/1/11 2082/1/11 2079/1/11
f 2083/1/11 2084/1/11 2082/1/11
f 2084/1/6 2081/1/6 2082/1/6
f 2083/1/1 2080/1/1 2084/1/1
f 2084/1/6 2080/1/6 2081/1/6
f 2083/1/1 2078/1/1 2080/1/1
f 2078/1/4 2083/1/4 2079/1/4
f 2088/1/21 2086/1/21 2085/1/21
f 2086/1/4 2087/1/4 2085/1/4
f 2090/1/7 2085/1/7 2087/1/7
f 2088/1/21 2085/1/21 2089/1/21
f 2090/1/7 2089/1/7 2085/1/7
f 2091/1/11 2090/1/11 2087/1/11
f 2091/1/11 2092/1/11 2090/1/11
f 2092/1/6 2089/1/6 2090/1/6
f 2091/1/1 2088/1/1 2092/1/1
f 2092/1/6 2088/1/6 2089/1/6
f 2091/1/1 2086/1/1 2088/1/1
f 2086/1/4 2091/1/4 2087/1/4
f 2096/1/21 2094/1/21 2093/1/21
f 2094/1/4 2095/1/4 2093/1/4
f 2098/1/7 2093/1/7 2095/1/7
f 2096/1/21 2093/1/21 2097/1/21
f 2098/1/7 2097/1/7 2093/1/7
f 2099/1/11 2098/1/11 2095/1/11
f 2099/1/11 2100/1/11 2098/1/11
f 2100/1/6 2097/1/6 2098/1/6
f 2100/1/1 2099/1/1 2094/1/1
f 2100/1/1 2094/1/1 2096/1/1
f 2100/1/6 2096/1/6 2097/1/6
f 2094/1/4 2099/1/4 2095/1/4
f 2104/1/6 2102/1/6 2101/1/6
f 2102/1/21 2103/1/21 2101/1/21
f 2106/1/7 2101/1/7 2103/1/7
f 2104/1/6 2101/1/6 2105/1/6
f 2106/1/7 2105/1/7 2101/1/7
f 2107/1/4 2106/1/4 2103/1/4
f 2107/1/4 2108/1/4 2106/1/4
f 2108/1/11 2105/1/11 2106/1/11
f 2107/1/1 2104/1/1 2108/1/1
f 2108/1/11 2104/1/11 2105/1/11
f 2107/1/1 2102/1/1 2104/1/1
f 2102/1/21 2107/1/21 2103/1/21
f 2112/1/21 2110/1/21 2109/1/21
f 2110/1/4 2111/1/4 2109/1/4
f 2114/1/7 2109/1/7 2111/1/7
f 2112/1/21 2109/1/21 2113/1/21
f 2114/1/7 2113/1/7 2109/1/7
f 2115/1/11 2114/1/11 2111/1/11
f 2115/1/11 2116/1/11 2114/1/11
f 2116/1/6 2113/1/6 2114/1/6
f 2115/1/1 2112/1/1 2116/1/1
f 2116/1/6 2112/1/6 2113/1/6
f 2115/1/1 2110/1/1 2112/1/1
f 2110/1/4 2115/1/4 2111/1/4
f 2120/1/21 2118/1/21 2117/1/21
f 2118/1/4 2119/1/4 2117/1/4
f 2122/1/7 2117/1/7 2119/1/7
f 2120/1/21 2117/1/21 2121/1/21
f 2122/1/7 2121/1/7 2117/1/7
f 2123/1/11 2122/1/11 2119/1/11
f 2123/1/11 2124/1/11 2122/1/11
f 2124/1/6 2121/1/6 2122/1/6
f 2123/1/1 2120/1/1 2124/1/1
f 2124/1/6 2120/1/6 2121/1/6
f 2123/1/1 2118/1/1 2120/1/1
f 2118/1/4 2123/1/4 2119/1/4
f 2128/1/21 2126/1/21 2125/1/21
f 2126/1/4 2127/1/4 2125/1/4
f 2130/1/7 2125/1/7 2127/1/7
f 2128/1/21 2125/1/21 2129/1/21
f 2130/1/7 2129/1/7 2125/1/7
f 2131/1/11 2130/1/11 2127/1/11
f 2131/1/11 2132/1/11 2130/1/11
f 2132/1/6 2129/1/6 2130/1/6
f 2131/1/1 2128/1/1 2132/1/1
f 2132/1/6 2128/1/6 2129/1/6
f 2131/1/1 2126/1/1 2128/1/1
f 2126/1/4 2131/1/4 2127/1/4
f 2136/1/21 2134/1/21 2133/1/21
f 2134/1/4 2135/1/4 2133/1/4
f 2138/1/7 2133/1/7 2135/1/7
f 2136/1/21 2133/1/21 2137/1/21
f 2138/1/7 2137/1/7 2133/1/7
f 2139/1/11 2138/1/11 2135/1/11
f 2139/1/11 2140/1/11 2138/1/11
f 2140/1/6 2137/1/6 2138/1/6
f 2139/1/1 2136/1/1 2140/1/1
f 2140/1/6 2136/1/6 2137/1/6
f 2139/1/1 2134/1/1 2136/1/1
f 2134/1/4 2139/1/4 2135/1/4
f 2144/1/21 2142/1/21 2141/1/21
f 2142/1/4 2143/1/4 2141/1/4
f 2146/1/7 2141/1/7 2143/1/7
f 2144/1/21 2141/1/21 2145/1/21
f 2146/1/7 2145/1/7 2141/1/7
f 2147/1/11 2146/1/11 2143/1/11
f 2147/1/11 2148/1/11 2146/1/11
f 2148/1/6 2145/1/6 2146/1/6
f 2147/1/1 2144/1/1 2148/1/1
f 2148/1/6 2144/1/6 2145/1/6
f 2147/1/1 2142/1/1 2144/1/1
f 2142/1/4 2147/1/4 2143/1/4
f 2152/1/21 2150/1/21 2149/1/21
f 2150/1/4 2151/1/4 2149/1/4
f 2154/1/7 2149/1/7 2151/1/7
f 2152/1/21 2149/1/21 2153/1/21
f 2154/1/7 2153/1/7 2149/1/7
f 2155/1/11 2154/1/11 2151/1/11
f 2155/1/11 2156/1/11 2154/1/11
f 2156/1/6 2153/1/6 2154/1/6
f 2155/1/1 2152/1/1 2156/1/1
f 2156/1/6 2152/1/6 2153/1/6
f 2155/1/1 2150/1/1 2152/1/1
f 2150/1/4 2155/1/4 2151/1/4
f 2160/1/21 2158/1/21 2157/1/21
f 2158/1/4 2159/1/4 2157/1/4
f 2162/1/7 2157/1/7 2159/1/7
f 2160/1/21 2157/1/21 2161/1/21
f 2162/1/7 2161/1/7 2157/1/7
f 2163/1/11 2162/1/11 2159/1/11
f 2163/1/11 2164/1/11 2162/1/11
f 2164/1/6 2161/1/6 2162/1/6
f 2163/1/1 2160/1/1 2164/1/1
f 2164/1/6 2160/1/6 2161/1/6
f 2163/1/1 2158/1/1 2160/1/1
f 2158/1/4 2163/1/4 2159/1/4
f 2168/1/21 2166/1/21 2165/1/21
f 2166/1/4 2167/1/4 2165/1/4
f 2170/1/7 2165/1/7 2167/1/7
f 2168/1/21 2165/1/21 2169/1/21
f 2170/1/7 2169/1/7 2165/1/7
f 2171/1/11 2170/1/11 2167/1/11
f 2171/1/11 2172/1/11 2170/1/11
f 2172/1/6 2169/1/6 2170/1/6
f 2171/1/1 2168/1/1 2172/1/1
f 2172/1/6 2168/1/6 2169/1/6
f 2171/1/1 2166/1/1 2168/1/1
f 2166/1/4 2171/1/4 2167/1/4
f 2176/1/6 2174/1/6 2173/1/6
f 2174/1/21 2175/1/21 2173/1/21
f 2178/1/7 2173/1/7 2175/1/7
f 2176/1/6 2173/1/6 2177/1/6
f 2178/1/7 2177/1/7 2173/1/7
f 2179/1/4 2178/1/4 2175/1/4
f 2179/1/4 2180/1/4 2178/1/4
f 2180/1/11 2177/1/11 2178/1/11
f 2179/1/1 2176/1/1 2180/1/1
f 2180/1/11 2176/1/11 2177/1/11
f 2179/1/1 2174/1/1 2176/1/1
f 2174/1/21 2179/1/21 2175/1/21
f 2184/1/21 2182/1/21 2181/1/21
f 2182/1/4 2183/1/4 2181/1/4
f 2186/1/7 2181/1/7 2183/1/7
f 2184/1/21 2181/1/21 2185/1/21
f 2186/1/7 2185/1/7 2181/1/7
f 2187/1/11 2186/1/11 2183/1/11
f 2187/1/11 2188/1/11 2186/1/11
f 2188/1/6 2185/1/6 2186/1/6
f 2188/1/1 2187/1/1 2182/1/1
f 2188/1/1 2182/1/1 2184/1/1
f 2188/1/6 2184/1/6 2185/1/6
f 2182/1/4 2187/1/4 2183/1/4
f 2192/1/21 2190/1/21 2189/1/21
f 2190/1/4 2191/1/4 2189/1/4
f 2194/1/7 2189/1/7 2191/1/7
f 2192/1/21 2189/1/21 2193/1/21
f 2194/1/7 2193/1/7 2189/1/7
f 2195/1/11 2194/1/11 2191/1/11
f 2195/1/11 2196/1/11 2194/1/11
f 2196/1/6 2193/1/6 2194/1/6
f 2195/1/1 2192/1/1 2196/1/1
f 2196/1/6 2192/1/6 2193/1/6
f 2195/1/1 2190/1/1 2192/1/1
f 2190/1/4 2195/1/4 2191/1/4
f 2200/1/21 2198/1/21 2197/1/21
f 2198/1/4 2199/1/4 2197/1/4
f 2202/1/7 2197/1/7 2199/1/7
f 2200/1/21 2197/1/21 2201/1/21
f 2202/1/7 2201/1/7 2197/1/7
f 2203/1/11 2202/1/11 2199/1/11
f 2203/1/11 2204/1/11 2202/1/11
f 2204/1/6 2201/1/6 2202/1/6
f 2203/1/1 2200/1/1 2204/1/1
f 2204/1/6 2200/1/6 2201/1/6
f 2203/1/1 2198/1/1 2200/1/1
f 2198/1/4 2203/1/4 2199/1/4
f 2208/1/21 2206/1/21 2205/1/21
f 2206/1/4 2207/1/4 2205/1/4
f 2210/1/7 2205/1/7 2207/1/7
f 2208/1/21 2205/1/21 2209/1/21
f 2210/1/7 2209/1/7 2205/1/7
f 2211/1/11 2210/1/11 2207/1/11
f 2211/1/11 2212/1/11 2210/1/11
f 2212/1/6 2209/1/6 2210/1/6
f 2211/1/1 2208/1/1 2212/1/1
f 2212/1/6 2208/1/6 2209/1/6
f 2211/1/1 2206/1/1 2208/1/1
f 2206/1/4 2211/1/4 2207/1/4
f 2216/1/21 2214/1/21 2213/1/21
f 2214/1/4 2215/1/4 2213/1/4
f 2218/1/7 2213/1/7 2215/1/7
f 2216/1/21 2213/1/21 2217/1/21
f 2218/1/7 2217/1/7 2213/1/7
f 2219/1/11 2218/1/11 2215/1/11
f 2219/1/11 2220/1/11 2218/1/11
f 2220/1/6 2217/1/6 2218/1/6
f 2219/1/1 2216/1/1 2220/1/1
f 2220/1/6 2216/1/6 2217/1/6
f 2219/1/1 2214/1/1 2216/1/1
f 2214/1/4 2219/1/4 2215/1/4
f 2224/1/21 2222/1/21 2221/1/21
f 2222/1/4 2223/1/4 2221/1/4
f 2226/1/7 2221/1/7 2223/1/7
f 2224/1/21 2221/1/21 2225/1/21
f 2226/1/7 2225/1/7 2221/1/7
f 2227/1/11 2226/1/11 2223/1/11
f 2227/1/11 2228/1/11 2226/1/11
f 2228/1/6 2225/1/6 2226/1/6
f 2228/1/1 2227/1/1 2222/1/1
f 2228/1/1 2222/1/1 2224/1/1
f 2228/1/6 2224/1/6 2225/1/6
f 2222/1/4 2227/1/4 2223/1/4
f 2232/1/21 2230/1/21 2229/1/21
f 2230/1/4 2231/1/4 2229/1/4
f 2234/1/7 2229/1/7 2231/1/7
f 2232/1/21 2229/1/21 2233/1/21
f 2234/1/7 2233/1/7 2229/1/7
f 2235/1/11 2234/1/11 2231/1/11
f 2235/1/11 2236/1/11 2234/1/11
f 2236/1/6 2233/1/6 2234/1/6
f 2235/1/1 2232/1/1 2236/1/1
f 2236/1/6 2232/1/6 2233/1/6
f 2235/1/1 2230/1/1 2232/1/1
f 2230/1/4 2235/1/4 2231/1/4
f 2240/1/21 2238/1/21 2237/1/21
f 2238/1/4 2239/1/4 2237/1/4
f 2242/1/7 2237/1/7 2239/1/7
f 2240/1/21 2237/1/21 2241/1/21
f 2242/1/7 2241/1/7 2237/1/7
f 2243/1/11 2242/1/11 2239/1/11
f 2243/1/11 2244/1/11 2242/1/11
f 2244/1/6 2241/1/6 2242/1/6
f 2243/1/1 2240/1/1 2244/1/1
f 2244/1/6 2240/1/6 2241/1/6
f 2243/1/1 2238/1/1 2240/1/1
f 2238/1/4 2243/1/4 2239/1/4
f 2248/1/21 2246/1/21 2245/1/21
f 2246/1/4 2247/1/4 2245/1/4
f 2250/1/7 2245/1/7 2247/1/7
f 2248/1/21 2245/1/21 2249/1/21
f 2250/1/7 2249/1/7 2245/1/7
f 2251/1/11 2250/1/11 2247/1/11
f 2251/1/11 2252/1/11 2250/1/11
f 2252/1/6 2249/1/6 2250/1/6
f 2252/1/1 2251/1/1 2246/1/1
f 2252/1/1 2246/1/1 2248/1/1
f 2252/1/6 2248/1/6 2249/1/6
f 2246/1/4 2251/1/4 2247/1/4
f 2256/1/21 2254/1/21 2253/1/21
f 2254/1/4 2255/1/4 2253/1/4
f 2258/1/7 2253/1/7 2255/1/7
f 2256/1/21 2253/1/21 2257/1/21
f 2258/1/7 2257/1/7 2253/1/7
f 2259/1/11 2258/1/11 2255/1/11
f 2259/1/11 2260/1/11 2258/1/11
f 2260/1/6 2257/1/6 2258/1/6
f 2259/1/1 2256/1/1 2260/1/1
f 2260/1/6 2256/1/6 2257/1/6
f 2259/1/1 2254/1/1 2256/1/1
f 2254/1/4 2259/1/4 2255/1/4
f 2264/1/21 2262/1/21 2261/1/21
f 2262/1/4 2263/1/4 2261/1/4
f 2266/1/7 2261/1/7 2263/1/7
f 2264/1/21 2261/1/21 2265/1/21
f 2266/1/7 2265/1/7 2261/1/7
f 2267/1/11 2266/1/11 2263/1/11
f 2267/1/11 2268/1/11 2266/1/11
f 2268/1/6 2265/1/6 2266/1/6
f 2267/1/1 2264/1/1 2268/1/1
f 2268/1/6 2264/1/6 2265/1/6
f 2267/1/1 2262/1/1 2264/1/1
f 2262/1/4 2267/1/4 2263/1/4
f 2272/1/21 2270/1/21 2269/1/21
f 2270/1/4 2271/1/4 2269/1/4
f 2274/1/7 2269/1/7 2271/1/7
f 2272/1/21 2269/1/21 2273/1/21
f 2274/1/7 2273/1/7 2269/1/7
f 2275/1/11 2274/1/11 2271/1/11
f 2275/1/11 2276/1/11 2274/1/11
f 2276/1/6 2273/1/6 2274/1/6
f 2275/1/1 2272/1/1 2276/1/1
f 2276/1/6 2272/1/6 2273/1/6
f 2275/1/1 2270/1/1 2272/1/1
f 2270/1/4 2275/1/4 2271/1/4
f 2280/1/21 2278/1/21 2277/1/21
f 2278/1/4 2279/1/4 2277/1/4
f 2282/1/7 2277/1/7 2279/1/7
f 2280/1/21 2277/1/21 2281/1/21
f 2282/1/7 2281/1/7 2277/1/7
f 2283/1/11 2282/1/11 2279/1/11
f 2283/1/11 2284/1/11 2282/1/11
f 2284/1/6 2281/1/6 2282/1/6
f 2283/1/1 2280/1/1 2284/1/1
f 2284/1/6 2280/1/6 2281/1/6
f 2283/1/1 2278/1/1 2280/1/1
f 2278/1/4 2283/1/4 2279/1/4
f 2288/1/21 2286/1/21 2285/1/21
f 2286/1/4 2287/1/4 2285/1/4
f 2290/1/7 2285/1/7 2287/1/7
f 2288/1/21 2285/1/21 2289/1/21
f 2290/1/7 2289/1/7 2285/1/7
f 2291/1/11 2290/1/11 2287/1/11
f 2291/1/11 2292/1/11 2290/1/11
f 2292/1/6 2289/1/6 2290/1/6
f 2291/1/1 2288/1/1 2292/1/1
f 2292/1/6 2288/1/6 2289/1/6
f 2291/1/1 2286/1/1 2288/1/1
f 2286/1/4 2291/1/4 2287/1/4
f 2296/1/21 2294/1/21 2293/1/21
f 2294/1/4 2295/1/4 2293/1/4
f 2298/1/7 2293/1/7 2295/1/7
f 2296/1/21 2293/1/21 2297/1/21
f 2298/1/7 2297/1/7 2293/1/7
f 2299/1/11 2298/1/11 2295/1/11
f 2299/1/11 2300/1/11 2298/1/11
f 2300/1/6 2297/1/6 2298/1/6
f 2299/1/1 2296/1/1 2300/1/1
f 2300/1/6 2296/1/6 2297/1/6
f 2299/1/1 2294/1/1 2296/1/1
f 2294/1/4 2299/1/4 2295/1/4
f 2304/1/21 2302/1/21 2301/1/21
f 2302/1/4 2303/1/4 2301/1/4
f 2306/1/7 2301/1/7 2303/1/7
f 2304/1/21 2301/1/21 2305/1/21
f 2306/1/7 2305/1/7 2301/1/7
f 2307/1/11 2306/1/11 2303/1/11
f 2307/1/11 2308/1/11 2306/1/11
f 2308/1/6 2305/1/6 2306/1/6
f 2307/1/1 2304/1/1 2308/1/1
f 2308/1/6 2304/1/6 2305/1/6
f 2307/1/1 2302/1/1 2304/1/1
f 2302/1/4 2307/1/4 2303/1/4
f 2312/1/21 2310/1/21 2309/1/21
f 2310/1/4 2311/1/4 2309/1/4
f 2314/1/7 2309/1/7 2311/1/7
f 2312/1/21 2309/1/21 2313/1/21
f 2314/1/7 2313/1/7 2309/1/7
f 2315/1/11 2314/1/11 2311/1/11
f 2315/1/11 2316/1/11 2314/1/11
f 2316/1/6 2313/1/6 2314/1/6
f 2315/1/1 2312/1/1 2316/1/1
f 2316/1/6 2312/1/6 2313/1/6
f 2315/1/1 2310/1/1 2312/1/1
f 2310/1/4 2315/1/4 2311/1/4
f 2320/1/21 2318/1/21 2317/1/21
f 2318/1/4 2319/1/4 2317/1/4
f 2322/1/7 2317/1/7 2319/1/7
f 2320/1/21 2317/1/21 2321/1/21
f 2322/1/7 2321/1/7 2317/1/7
f 2323/1/11 2322/1/11 2319/1/11
f 2323/1/11 2324/1/11 2322/1/11
f 2324/1/6 2321/1/6 2322/1/6
f 2323/1/1 2320/1/1 2324/1/1
f 2324/1/6 2320/1/6 2321/1/6
f 2323/1/1 2318/1/1 2320/1/1
f 2318/1/4 2323/1/4 2319/1/4
f 2328/1/21 2326/1/21 2325/1/21
f 2326/1/4 2327/1/4 2325/1/4
f 2330/1/7 2325/1/7 2327/1/7
f 2328/1/21 2325/1/21 2329/1/21
f 2330/1/7 2329/1/7 2325/1/7
f 2331/1/11 2330/1/11 2327/1/11
f 2331/1/11 2332/1/11 2330/1/11
f 2332/1/6 2329/1/6 2330/1/6
f 2331/1/1 2328/1/1 2332/1/1
f 2332/1/6 2328/1/6 2329/1/6
f 2331/1/1 2326/1/1 2328/1/1
f 2326/1/4 2331/1/4 2327/1/4
f 2336/1/21 2334/1/21 2333/1/21
f 2334/1/4 2335/1/4 2333/1/4
f 2338/1/7 2333/1/7 2335/1/7
f 2336/1/21 2333/1/21 2337/1/21
f 2338/1/7 2337/1/7 2333/1/7
f 2339/1/11 2338/1/11 2335/1/11
f 2339/1/11 2340/1/11 2338/1/11
f 2340/1/6 2337/1/6 2338/1/6
f 2339/1/1 2336/1/1 2340/1/1
f 2340/1/6 2336/1/6 2337/1/6
f 2339/1/1 2334/1/1 2336/1/1
f 2334/1/4 2339/1/4 2335/1/4
f 2344/1/21 2342/1/21 2341/1/21
f 2342/1/4 2343/1/4 2341/1/4
f 2346/1/7 2341/1/7 2343/1/7
f 2344/1/21 2341/1/21 2345/1/21
f 2346/1/7 2345/1/7 2341/1/7
f 2347/1/11 2346/1/11 2343/1/11
f 2347/1/11 2348/1/11 2346/1/11
f 2348/1/6 2345/1/6 2346/1/6
f 2347/1/1 2344/1/1 2348/1/1
f 2348/1/6 2344/1/6 2345/1/6
f 2347/1/1 2342/1/1 2344/1/1
f 2342/1/4 2347/1/4 2343/1/4
f 2352/1/21 2350/1/21 2349/1/21
f 2350/1/4 2351/1/4 2349/1/4
f 2354/1/7 2349/1/7 2351/1/7
f 2352/1/21 2349/1/21 2353/1/21
f 2354/1/7 2353/1/7 2349/1/7
f 2355/1/11 2354/1/11 2351/1/11
f 2355/1/11 2356/1/11 2354/1/11
f 2356/1/6 2353/1/6 2354/1/6
f 2355/1/1 2352/1/1 2356/1/1
f 2356/1/6 2352/1/6 2353/1/6
f 2355/1/1 2350/1/1 2352/1/1
f 2350/1/4 2355/1/4 2351/1/4
f 2360/1/21 2358/1/21 2357/1/21
f 2358/1/4 2359/1/4 2357/1/4
f 2362/1/7 2357/1/7 2359/1/7
f 2360/1/21 2357/1/21 2361/1/21
f 2362/1/7 2361/1/7 2357/1/7
f 2363/1/11 2362/1/11 2359/1/11
f 2363/1/11 2364/1/11 2362/1/11
f 2364/1/6 2361/1/6 2362/1/6
f 2363/1/1 2360/1/1 2364/1/1
f 2364/1/6 2360/1/6 2361/1/6
f 2363/1/1 2358/1/1 2360/1/1
f 2358/1/4 2363/1/4 2359/1/4
f 2368/1/21 2366/1/21 2365/1/21
f 2366/1/4 2367/1/4 2365/1/4
f 2370/1/7 2365/1/7 2367/1/7
f 2368/1/21 2365/1/21 2369/1/21
f 2370/1/7 2369/1/7 2365/1/7
f 2371/1/11 2370/1/11 2367/1/11
f 2371/1/11 2372/1/11 2370/1/11
f 2372/1/6 2369/1/6 2370/1/6
f 2371/1/1 2368/1/1 2372/1/1
f 2372/1/6 2368/1/6 2369/1/6
f 2371/1/1 2366/1/1 2368/1/1
f 2366/1/4 2371/1/4 2367/1/4
f 2376/1/21 2374/1/21 2373/1/21
f 2374/1/4 2375/1/4 2373/1/4
f 2378/1/7 2373/1/7 2375/1/7
f 2376/1/21 2373/1/21 2377/1/21
f 2378/1/7 2377/1/7 2373/1/7
f 2379/1/11 2378/1/11 2375/1/11
f 2379/1/11 2380/1/11 2378/1/11
f 2380/1/6 2377/1/6 2378/1/6
f 2379/1/1 2376/1/1 2380/1/1
f 2380/1/6 2376/1/6 2377/1/6
f 2379/1/1 2374/1/1 2376/1/1
f 2374/1/4 2379/1/4 2375/1/4
f 2382/1/4 2383/1/4 2381/1/4
f 2384/1/11 2387/1/11 2383/1/11
f 2388/1/6 2385/1/6 2387/1/6
f 2386/1/21 2381/1/21 2385/1/21
f 2387/1/7 2381/1/7 2383/1/7
f 2384/1/1 2386/1/1 2388/1/1
f 2382/1/4 2384/1/4 2383/1/4
f 2384/1/11 2388/1/11 2387/1/11
f 2388/1/6 2386/1/6 2385/1/6
f 2386/1/21 2382/1/21 2381/1/21
f 2387/1/7 2385/1/7 2381/1/7
f 2384/1/1 2382/1/1 2386/1/1
f 2392/1/21 2390/1/21 2389/1/21
f 2390/1/4 2391/1/4 2389/1/4
f 2394/1/7 2389/1/7 2391/1/7
f 2392/1/21 2389/1/21 2393/1/21
f 2394/1/7 2393/1/7 2389/1/7
f 2395/1/11 2394/1/11 2391/1/11
f 2395/1/11 2396/1/11 2394/1/11
f 2396/1/6 2393/1/6 2394/1/6
f 2395/1/1 2392/1/1 2396/1/1
f 2396/1/6 2392/1/6 2393/1/6
f 2395/1/1 2390/1/1 2392/1/1
f 2390/1/4 2395/1/4 2391/1/4
f 2400/1/6 2398/1/6 2397/1/6
f 2398/1/21 2399/1/21 2397/1/21
f 2402/1/7 2397/1/7 2399/1/7
f 2400/1/6 2397/1/6 2401/1/6
f 2402/1/7 2401/1/7 2397/1/7
f 2403/1/4 2402/1/4 2399/1/4
f 2403/1/4 2404/1/4 2402/1/4
f 2404/1/11 2401/1/11 2402/1/11
f 2403/1/1 2400/1/1 2404/1/1
f 2404/1/11 2400/1/11 2401/1/11
f 2403/1/1 2398/1/1 2400/1/1
f 2398/1/21 2403/1/21 2399/1/21
f 2408/1/21 2406/1/21 2405/1/21
f 2406/1/4 2407/1/4 2405/1/4
f 2410/1/7 2405/1/7 2407/1/7
f 2408/1/21 2405/1/21 2409/1/21
f 2410/1/7 2409/1/7 2405/1/7
f 2411/1/11 2410/1/11 2407/1/11
f 2411/1/11 2412/1/11 2410/1/11
f 2412/1/6 2409/1/6 2410/1/6
f 2411/1/1 2408/1/1 2412/1/1
f 2412/1/6 2408/1/6 2409/1/6
f 2411/1/1 2406/1/1 2408/1/1
f 2406/1/4 2411/1/4 2407/1/4
f 2416/1/21 2414/1/21 2413/1/21
f 2414/1/4 2415/1/4 2413/1/4
f 2418/1/7 2413/1/7 2415/1/7
f 2416/1/21 2413/1/21 2417/1/21
f 2418/1/7 2417/1/7 2413/1/7
f 2419/1/11 2418/1/11 2415/1/11
f 2419/1/11 2420/1/11 2418/1/11
f 2420/1/6 2417/1/6 2418/1/6
f 2419/1/1 2416/1/1 2420/1/1
f 2420/1/6 2416/1/6 2417/1/6
f 2419/1/1 2414/1/1 2416/1/1
f 2414/1/4 2419/1/4 2415/1/4
f 2424/1/21 2422/1/21 2421/1/21
f 2422/1/4 2423/1/4 2421/1/4
f 2426/1/7 2421/1/7 2423/1/7
f 2424/1/21 2421/1/21 2425/1/21
f 2426/1/7 2425/1/7 2421/1/7
f 2427/1/11 2426/1/11 2423/1/11
f 2427/1/11 2428/1/11 2426/1/11
f 2428/1/6 2425/1/6 2426/1/6
f 2427/1/1 2424/1/1 2428/1/1
f 2428/1/6 2424/1/6 2425/1/6
f 2427/1/1 2422/1/1 2424/1/1
f 2422/1/4 2427/1/4 2423/1/4
f 2432/1/21 2430/1/21 2429/1/21
f 2430/1/4 2431/1/4 2429/1/4
f 2434/1/7 2429/1/7 2431/1/7
f 2432/1/21 2429/1/21 2433/1/21
f 2434/1/7 2433/1/7 2429/1/7
f 2435/1/11 2434/1/11 2431/1/11
f 2435/1/11 2436/1/11 2434/1/11
f 2436/1/6 2433/1/6 2434/1/6
f 2435/1/1 2432/1/1 2436/1/1
f 2436/1/6 2432/1/6 2433/1/6
f 2435/1/1 2430/1/1 2432/1/1
f 2430/1/4 2435/1/4 2431/1/4
f 2440/1/21 2438/1/21 2437/1/21
f 2438/1/4 2439/1/4 2437/1/4
f 2442/1/7 2437/1/7 2439/1/7
f 2440/1/21 2437/1/21 2441/1/21
f 2442/1/7 2441/1/7 2437/1/7
f 2443/1/11 2442/1/11 2439/1/11
f 2443/1/11 2444/1/11 2442/1/11
f 2444/1/6 2441/1/6 2442/1/6
f 2443/1/1 2440/1/1 2444/1/1
f 2444/1/6 2440/1/6 2441/1/6
f 2443/1/1 2438/1/1 2440/1/1
f 2438/1/4 2443/1/4 2439/1/4
f 2448/1/21 2446/1/21 2445/1/21
f 2446/1/4 2447/1/4 2445/1/4
f 2450/1/7 2445/1/7 2447/1/7
f 2448/1/21 2445/1/21 2449/1/21
f 2450/1/7 2449/1/7 2445/1/7
f 2451/1/11 2450/1/11 2447/1/11
f 2451/1/11 2452/1/11 2450/1/11
f 2452/1/6 2449/1/6 2450/1/6
f 2452/1/1 2451/1/1 2446/1/1
f 2452/1/1 2446/1/1 2448/1/1
f 2452/1/6 2448/1/6 2449/1/6
f 2446/1/4 2451/1/4 2447/1/4
f 2456/1/21 2454/1/21 2453/1/21
f 2454/1/4 2455/1/4 2453/1/4
f 2458/1/7 2453/1/7 2455/1/7
f 2456/1/21 2453/1/21 2457/1/21
f 2458/1/7 2457/1/7 2453/1/7
f 2459/1/11 2458/1/11 2455/1/11
f 2459/1/11 2460/1/11 2458/1/11
f 2460/1/6 2457/1/6 2458/1/6
f 2459/1/1 2456/1/1 2460/1/1
f 2460/1/6 2456/1/6 2457/1/6
f 2459/1/1 2454/1/1 2456/1/1
f 2454/1/4 2459/1/4 2455/1/4
f 2464/1/21 2462/1/21 2461/1/21
f 2462/1/4 2463/1/4 2461/1/4
f 2466/1/7 2461/1/7 2463/1/7
f 2464/1/21 2461/1/21 2465/1/21
f 2466/1/7 2465/1/7 2461/1/7
f 2467/1/11 2466/1/11 2463/1/11
f 2467/1/11 2468/1/11 2466/1/11
f 2468/1/6 2465/1/6 2466/1/6
f 2467/1/1 2464/1/1 2468/1/1
f 2468/1/6 2464/1/6 2465/1/6
f 2467/1/1 2462/1/1 2464/1/1
f 2462/1/4 2467/1/4 2463/1/4
f 2472/1/21 2470/1/21 2469/1/21
f 2470/1/4 2471/1/4 2469/1/4
f 2474/1/7 2469/1/7 2471/1/7
f 2472/1/21 2469/1/21 2473/1/21
f 2474/1/7 2473/1/7 2469/1/7
f 2475/1/11 2474/1/11 2471/1/11
f 2475/1/11 2476/1/11 2474/1/11
f 2476/1/6 2473/1/6 2474/1/6
f 2475/1/1 2472/1/1 2476/1/1
f 2476/1/6 2472/1/6 2473/1/6
f 2475/1/1 2470/1/1 2472/1/1
f 2470/1/4 2475/1/4 2471/1/4
f 2480/1/21 2478/1/21 2477/1/21
f 2478/1/4 2479/1/4 2477/1/4
f 2482/1/7 2477/1/7 2479/1/7
f 2480/1/21 2477/1/21 2481/1/21
f 2482/1/7 2481/1/7 2477/1/7
f 2483/1/11 2482/1/11 2479/1/11
f 2483/1/11 2484/1/11 2482/1/11
f 2484/1/6 2481/1/6 2482/1/6
f 2483/1/1 2480/1/1 2484/1/1
f 2484/1/6 2480/1/6 2481/1/6
f 2483/1/1 2478/1/1 2480/1/1
f 2478/1/4 2483/1/4 2479/1/4
f 2488/1/21 2486/1/21 2485/1/21
f 2486/1/4 2487/1/4 2485/1/4
f 2490/1/7 2485/1/7 2487/1/7
f 2488/1/21 2485/1/21 2489/1/21
f 2490/1/7 2489/1/7 2485/1/7
f 2491/1/11 2490/1/11 2487/1/11
f 2491/1/11 2492/1/11 2490/1/11
f 2492/1/6 2489/1/6 2490/1/6
f 2491/1/1 2488/1/1 2492/1/1
f 2492/1/6 2488/1/6 2489/1/6
f 2491/1/1 2486/1/1 2488/1/1
f 2486/1/4 2491/1/4 2487/1/4
f 2496/1/21 2494/1/21 2493/1/21
f 2494/1/4 2495/1/4 2493/1/4
f 2498/1/7 2493/1/7 2495/1/7
f 2496/1/21 2493/1/21 2497/1/21
f 2498/1/7 2497/1/7 2493/1/7
f 2499/1/11 2498/1/11 2495/1/11
f 2499/1/11 2500/1/11 2498/1/11
f 2500/1/6 2497/1/6 2498/1/6
f 2499/1/1 2496/1/1 2500/1/1
f 2500/1/6 2496/1/6 2497/1/6
f 2499/1/1 2494/1/1 2496/1/1
f 2494/1/4 2499/1/4 2495/1/4
f 2504/1/21 2502/1/21 2501/1/21
f 2502/1/4 2503/1/4 2501/1/4
f 2506/1/7 2501/1/7 2503/1/7
f 2504/1/21 2501/1/21 2505/1/21
f 2506/1/7 2505/1/7 2501/1/7
f 2507/1/11 2506/1/11 2503/1/11
f 2507/1/11 2508/1/11 2506/1/11
f 2508/1/6 2505/1/6 2506/1/6
f 2507/1/1 2504/1/1 2508/1/1
f 2508/1/6 2504/1/6 2505/1/6
f 2507/1/1 2502/1/1 2504/1/1
f 2502/1/4 2507/1/4 2503/1/4
f 2512/1/21 2510/1/21 2509/1/21
f 2510/1/4 2511/1/4 2509/1/4
f 2514/1/7 2509/1/7 2511/1/7
f 2512/1/21 2509/1/21 2513/1/21
f 2514/1/7 2513/1/7 2509/1/7
f 2515/1/11 2514/1/11 2511/1/11
f 2515/1/11 2516/1/11 2514/1/11
f 2516/1/6 2513/1/6 2514/1/6
f 2515/1/1 2512/1/1 2516/1/1
f 2516/1/6 2512/1/6 2513/1/6
f 2515/1/1 2510/1/1 2512/1/1
f 2510/1/4 2515/1/4 2511/1/4
f 2520/1/21 2518/1/21 2517/1/21
f 2518/1/4 2519/1/4 2517/1/4
f 2522/1/7 2517/1/7 2519/1/7
f 2520/1/21 2517/1/21 2521/1/21
f 2522/1/7 2521/1/7 2517/1/7
f 2523/1/11 2522/1/11 2519/1/11
f 2523/1/11 2524/1/11 2522/1/11
f 2524/1/6 2521/1/6 2522/1/6
f 2523/1/1 2520/1/1 2524/1/1
f 2524/1/6 2520/1/6 2521/1/6
f 2523/1/1 2518/1/1 2520/1/1
f 2518/1/4 2523/1/4 2519/1/4
f 2528/1/21 2526/1/21 2525/1/21
f 2526/1/4 2527/1/4 2525/1/4
f 2530/1/7 2525/1/7 2527/1/7
f 2528/1/21 2525/1/21 2529/1/21
f 2530/1/7 2529/1/7 2525/1/7
f 2531/1/11 2530/1/11 2527/1/11
f 2531/1/11 2532/1/11 2530/1/11
f 2532/1/6 2529/1/6 2530/1/6
f 2531/1/1 2528/1/1 2532/1/1
f 2532/1/6 2528/1/6 2529/1/6
f 2531/1/1 2526/1/1 2528/1/1
f 2526/1/4 2531/1/4 2527/1/4
f 2536/1/21 2534/1/21 2533/1/21
f 2534/1/4 2535/1/4 2533/1/4
f 2538/1/7 2533/1/7 2535/1/7
f 2536/1/21 2533/1/21 2537/1/21
f 2538/1/7 2537/1/7 2533/1/7
f 2539/1/11 2538/1/11 2535/1/11
f 2539/1/11 2540/1/11 2538/1/11
f 2540/1/6 2537/1/6 2538/1/6
f 2539/1/1 2536/1/1 2540/1/1
f 2540/1/6 2536/1/6 2537/1/6
f 2539/1/1 2534/1/1 2536/1/1
f 2534/1/4 2539/1/4 2535/1/4
f 2544/1/21 2542/1/21 2541/1/21
f 2542/1/4 2543/1/4 2541/1/4
f 2546/1/7 2541/1/7 2543/1/7
f 2544/1/21 2541/1/21 2545/1/21
f 2546/1/7 2545/1/7 2541/1/7
f 2547/1/11 2546/1/11 2543/1/11
f 2547/1/11 2548/1/11 2546/1/11
f 2548/1/6 2545/1/6 2546/1/6
f 2547/1/1 2544/1/1 2548/1/1
f 2548/1/6 2544/1/6 2545/1/6
f 2547/1/1 2542/1/1 2544/1/1
f 2542/1/4 2547/1/4 2543/1/4
f 2552/1/21 2550/1/21 2549/1/21
f 2550/1/4 2551/1/4 2549/1/4
f 2554/1/7 2549/1/7 2551/1/7
f 2552/1/21 2549/1/21 2553/1/21
f 2554/1/7 2553/1/7 2549/1/7
f 2555/1/11 2554/1/11 2551/1/11
f 2555/1/11 2556/1/11 2554/1/11
f 2556/1/6 2553/1/6 2554/1/6
f 2555/1/1 2552/1/1 2556/1/1
f 2556/1/6 2552/1/6 2553/1/6
f 2555/1/1 2550/1/1 2552/1/1
f 2550/1/4 2555/1/4 2551/1/4
f 2560/1/21 2558/1/21 2557/1/21
f 2558/1/4 2559/1/4 2557/1/4
f 2562/1/7 2557/1/7 2559/1/7
f 2560/1/21 2557/1/21 2561/1/21
f 2562/1/7 2561/1/7 2557/1/7
f 2563/1/11 2562/1/11 2559/1/11
f 2563/1/11 2564/1/11 2562/1/11
f 2564/1/6 2561/1/6 2562/1/6
f 2563/1/1 2560/1/1 2564/1/1
f 2564/1/6 2560/1/6 2561/1/6
f 2563/1/1 2558/1/1 2560/1/1
f 2558/1/4 2563/1/4 2559/1/4
f 2568/1/21 2566/1/21 2565/1/21
f 2566/1/4 2567/1/4 2565/1/4
f 2570/1/7 2565/1/7 2567/1/7
f 2568/1/21 2565/1/21 2569/1/21
f 2570/1/7 2569/1/7 2565/1/7
f 2571/1/11 2570/1/11 2567/1/11
f 2571/1/11 2572/1/11 2570/1/11
f 2572/1/6 2569/1/6 2570/1/6
f 2571/1/1 2568/1/1 2572/1/1
f 2572/1/6 2568/1/6 2569/1/6
f 2571/1/1 2566/1/1 2568/1/1
f 2566/1/4 2571/1/4 2567/1/4
f 2576/1/21 2574/1/21 2573/1/21
f 2574/1/4 2575/1/4 2573/1/4
f 2578/1/7 2573/1/7 2575/1/7
f 2576/1/21 2573/1/21 2577/1/21
f 2578/1/7 2577/1/7 2573/1/7
f 2579/1/11 2578/1/11 2575/1/11
f 2579/1/11 2580/1/11 2578/1/11
f 2580/1/6 2577/1/6 2578/1/6
f 2579/1/1 2576/1/1 2580/1/1
f 2580/1/6 2576/1/6 2577/1/6
f 2579/1/1 2574/1/1 2576/1/1
f 2574/1/4 2579/1/4 2575/1/4
f 2584/1/21 2582/1/21 2581/1/21
f 2582/1/4 2583/1/4 2581/1/4
f 2586/1/7 2581/1/7 2583/1/7
f 2584/1/21 2581/1/21 2585/1/21
f 2586/1/7 2585/1/7 2581/1/7
f 2587/1/11 2586/1/11 2583/1/11
f 2587/1/11 2588/1/11 2586/1/11
f 2588/1/6 2585/1/6 2586/1/6
f 2587/1/1 2584/1/1 2588/1/1
f 2588/1/6 2584/1/6 2585/1/6
f 2587/1/1 2582/1/1 2584/1/1
f 2582/1/4 2587/1/4 2583/1/4
f 2592/1/21 2590/1/21 2589/1/21
f 2590/1/4 2591/1/4 2589/1/4
f 2594/1/7 2589/1/7 2591/1/7
f 2592/1/21 2589/1/21 2593/1/21
f 2594/1/7 2593/1/7 2589/1/7
f 2595/1/11 2594/1/11 2591/1/11
f 2595/1/11 2596/1/11 2594/1/11
f 2596/1/6 2593/1/6 2594/1/6
f 2595/1/1 2592/1/1 2596/1/1
f 2596/1/6 2592/1/6 2593/1/6
f 2595/1/1 2590/1/1 2592/1/1
f 2590/1/4 2595/1/4 2591/1/4
f 2600/1/21 2598/1/21 2597/1/21
f 2598/1/4 2599/1/4 2597/1/4
f 2602/1/7 2597/1/7 2599/1/7
f 2600/1/21 2597/1/21 2601/1/21
f 2602/1/7 2601/1/7 2597/1/7
f 2603/1/11 2602/1/11 2599/1/11
f 2603/1/11 2604/1/11 2602/1/11
f 2604/1/6 2601/1/6 2602/1/6
f 2603/1/1 2600/1/1 2604/1/1
f 2604/1/6 2600/1/6 2601/1/6
f 2603/1/1 2598/1/1 2600/1/1
f 2598/1/4 2603/1/4 2599/1/4
f 2608/1/21 2606/1/21 2605/1/21
f 2606/1/4 2607/1/4 2605/1/4
f 2610/1/7 2605/1/7 2607/1/7
f 2608/1/21 2605/1/21 2609/1/21
f 2610/1/7 2609/1/7 2605/1/7
f 2611/1/11 2610/1/11 2607/1/11
f 2611/1/11 2612/1/11 2610/1/11
f 2612/1/6 2609/1/6 2610/1/6
f 2611/1/1 2608/1/1 2612/1/1
f 2612/1/6 2608/1/6 2609/1/6
f 2611/1/1 2606/1/1 2608/1/1
f 2606/1/4 2611/1/4 2607/1/4
f 2616/1/21 2614/1/21 2613/1/21
f 2614/1/4 2615/1/4 2613/1/4
f 2618/1/7 2613/1/7 2615/1/7
f 2616/1/21 2613/1/21 2617/1/21
f 2618/1/7 2617/1/7 2613/1/7
f 2619/1/11 2618/1/11 2615/1/11
f 2619/1/11 2620/1/11 2618/1/11
f 2620/1/6 2617/1/6 2618/1/6
f 2619/1/1 2616/1/1 2620/1/1
f 2620/1/6 2616/1/6 2617/1/6
f 2619/1/1 2614/1/1 2616/1/1
f 2614/1/4 2619/1/4 2615/1/4
f 2624/1/21 2622/1/21 2621/1/21
f 2622/1/4 2623/1/4 2621/1/4
f 2626/1/7 2621/1/7 2623/1/7
f 2624/1/21 2621/1/21 2625/1/21
f 2626/1/7 2625/1/7 2621/1/7
f 2627/1/11 2626/1/11 2623/1/11
f 2627/1/11 2628/1/11 2626/1/11
f 2628/1/6 2625/1/6 2626/1/6
f 2627/1/1 2624/1/1 2628/1/1
f 2628/1/6 2624/1/6 2625/1/6
f 2627/1/1 2622/1/1 2624/1/1
f 2622/1/4 2627/1/4 2623/1/4
f 2632/1/21 2630/1/21 2629/1/21
f 2630/1/4 2631/1/4 2629/1/4
f 2634/1/7 2629/1/7 2631/1/7
f 2632/1/21 2629/1/21 2633/1/21
f 2634/1/7 2633/1/7 2629/1/7
f 2635/1/11 2634/1/11 2631/1/11
f 2635/1/11 2636/1/11 2634/1/11
f 2636/1/6 2633/1/6 2634/1/6
f 2635/1/1 2632/1/1 2636/1/1
f 2636/1/6 2632/1/6 2633/1/6
f 2635/1/1 2630/1/1 2632/1/1
f 2630/1/4 2635/1/4 2631/1/4
f 2640/1/21 2638/1/21 2637/1/21
f 2638/1/4 2639/1/4 2637/1/4
f 2642/1/7 2637/1/7 2639/1/7
f 2640/1/21 2637/1/21 2641/1/21
f 2642/1/7 2641/1/7 2637/1/7
f 2643/1/11 2642/1/11 2639/1/11
f 2643/1/11 2644/1/11 2642/1/11
f 2644/1/6 2641/1/6 2642/1/6
f 2643/1/1 2640/1/1 2644/1/1
f 2644/1/6 2640/1/6 2641/1/6
f 2643/1/1 2638/1/1 2640/1/1
f 2638/1/4 2643/1/4 2639/1/4
f 2648/1/21 2646/1/21 2645/1/21
f 2646/1/4 2647/1/4 2645/1/4
f 2650/1/7 2645/1/7 2647/1/7
f 2648/1/21 2645/1/21 2649/1/21
f 2650/1/7 2649/1/7 2645/1/7
f 2651/1/11 2650/1/11 2647/1/11
f 2651/1/11 2652/1/11 2650/1/11
f 2652/1/6 2649/1/6 2650/1/6
f 2651/1/1 2648/1/1 2652/1/1
f 2652/1/6 2648/1/6 2649/1/6
f 2651/1/1 2646/1/1 2648/1/1
f 2646/1/4 2651/1/4 2647/1/4
f 2656/1/21 2654/1/21 2653/1/21
f 2654/1/4 2655/1/4 2653/1/4
f 2658/1/7 2653/1/7 2655/1/7
f 2656/1/21 2653/1/21 2657/1/21
f 2658/1/7 2657/1/7 2653/1/7
f 2659/1/11 2658/1/11 2655/1/11
f 2659/1/11 2660/1/11 2658/1/11
f 2660/1/6 2657/1/6 2658/1/6
f 2659/1/1 2656/1/1 2660/1/1
f 2660/1/6 2656/1/6 2657/1/6
f 2659/1/1 2654/1/1 2656/1/1
f 2654/1/4 2659/1/4 2655/1/4
f 2664/1/21 2662/1/21 2661/1/21
f 2662/1/4 2663/1/4 2661/1/4
f 2666/1/7 2661/1/7 2663/1/7
f 2664/1/21 2661/1/21 2665/1/21
f 2666/1/7 2665/1/7 2661/1/7
f 2667/1/11 2666/1/11 2663/1/11
f 2667/1/11 2668/1/11 2666/1/11
f 2668/1/6 2665/1/6 2666/1/6
f 2668/1/1 2667/1/1 2662/1/1
f 2668/1/1 2662/1/1 2664/1/1
f 2668/1/6 2664/1/6 2665/1/6
f 2662/1/4 2667/1/4 2663/1/4
f 2672/1/21 2670/1/21 2669/1/21
f 2670/1/4 2671/1/4 2669/1/4
f 2674/1/7 2669/1/7 2671/1/7
f 2672/1/21 2669/1/21 2673/1/21
f 2674/1/7 2673/1/7 2669/1/7
f 2675/1/11 2674/1/11 2671/1/11
f 2675/1/11 2676/1/11 2674/1/11
f 2676/1/6 2673/1/6 2674/1/6
f 2675/1/1 2672/1/1 2676/1/1
f 2676/1/6 2672/1/6 2673/1/6
f 2675/1/1 2670/1/1 2672/1/1
f 2670/1/4 2675/1/4 2671/1/4
f 2680/1/21 2678/1/21 2677/1/21
f 2678/1/4 2679/1/4 2677/1/4
f 2682/1/7 2677/1/7 2679/1/7
f 2680/1/21 2677/1/21 2681/1/21
f 2682/1/7 2681/1/7 2677/1/7
f 2683/1/11 2682/1/11 2679/1/11
f 2683/1/11 2684/1/11 2682/1/11
f 2684/1/6 2681/1/6 2682/1/6
f 2683/1/1 2680/1/1 2684/1/1
f 2684/1/6 2680/1/6 2681/1/6
f 2683/1/1 2678/1/1 2680/1/1
f 2678/1/4 2683/1/4 2679/1/4
f 2688/1/21 2686/1/21 2685/1/21
f 2686/1/4 2687/1/4 2685/1/4
f 2690/1/7 2685/1/7 2687/1/7
f 2688/1/21 2685/1/21 2689/1/21
f 2690/1/7 2689/1/7 2685/1/7
f 2691/1/11 2690/1/11 2687/1/11
f 2691/1/11 2692/1/11 2690/1/11
f 2692/1/6 2689/1/6 2690/1/6
f 2691/1/1 2688/1/1 2692/1/1
f 2692/1/6 2688/1/6 2689/1/6
f 2691/1/1 2686/1/1 2688/1/1
f 2686/1/4 2691/1/4 2687/1/4
f 2696/1/21 2694/1/21 2693/1/21
f 2694/1/4 2695/1/4 2693/1/4
f 2698/1/7 2693/1/7 2695/1/7
f 2696/1/21 2693/1/21 2697/1/21
f 2698/1/7 2697/1/7 2693/1/7
f 2699/1/11 2698/1/11 2695/1/11
f 2699/1/11 2700/1/11 2698/1/11
f 2700/1/6 2697/1/6 2698/1/6
f 2699/1/1 2696/1/1 2700/1/1
f 2700/1/6 2696/1/6 2697/1/6
f 2699/1/1 2694/1/1 2696/1/1
f 2694/1/4 2699/1/4 2695/1/4
f 2704/1/6 2702/1/6 2701/1/6
f 2702/1/21 2703/1/21 2701/1/21
f 2706/1/7 2701/1/7 2703/1/7
f 2704/1/6 2701/1/6 2705/1/6
f 2706/1/7 2705/1/7 2701/1/7
f 2707/1/4 2706/1/4 2703/1/4
f 2707/1/4 2708/1/4 2706/1/4
f 2708/1/11 2705/1/11 2706/1/11
f 2707/1/1 2704/1/1 2708/1/1
f 2708/1/11 2704/1/11 2705/1/11
f 2707/1/1 2702/1/1 2704/1/1
f 2702/1/21 2707/1/21 2703/1/21
f 2712/1/21 2710/1/21 2709/1/21
f 2710/1/4 2711/1/4 2709/1/4
f 2714/1/7 2709/1/7 2711/1/7
f 2712/1/21 2709/1/21 2713/1/21
f 2714/1/7 2713/1/7 2709/1/7
f 2715/1/11 2714/1/11 2711/1/11
f 2715/1/11 2716/1/11 2714/1/11
f 2716/1/6 2713/1/6 2714/1/6
f 2715/1/1 2712/1/1 2716/1/1
f 2716/1/6 2712/1/6 2713/1/6
f 2715/1/1 2710/1/1 2712/1/1
f 2710/1/4 2715/1/4 2711/1/4
f 2720/1/21 2718/1/21 2717/1/21
f 2718/1/4 2719/1/4 2717/1/4
f 2722/1/7 2717/1/7 2719/1/7
f 2720/1/21 2717/1/21 2721/1/21
f 2722/1/7 2721/1/7 2717/1/7
f 2723/1/11 2722/1/11 2719/1/11
f 2723/1/11 2724/1/11 2722/1/11
f 2724/1/6 2721/1/6 2722/1/6
f 2723/1/1 2720/1/1 2724/1/1
f 2724/1/6 2720/1/6 2721/1/6
f 2723/1/1 2718/1/1 2720/1/1
f 2718/1/4 2723/1/4 2719/1/4
f 2728/1/21 2726/1/21 2725/1/21
f 2726/1/4 2727/1/4 2725/1/4
f 2730/1/7 2725/1/7 2727/1/7
f 2728/1/21 2725/1/21 2729/1/21
f 2730/1/7 2729/1/7 2725/1/7
f 2731/1/11 2730/1/11 2727/1/11
f 2731/1/11 2732/1/11 2730/1/11
f 2732/1/6 2729/1/6 2730/1/6
f 2731/1/1 2728/1/1 2732/1/1
f 2732/1/6 2728/1/6 2729/1/6
f 2731/1/1 2726/1/1 2728/1/1
f 2726/1/4 2731/1/4 2727/1/4
f 2736/1/21 2734/1/21 2733/1/21
f 2734/1/4 2735/1/4 2733/1/4
f 2738/1/7 2733/1/7 2735/1/7
f 2736/1/21 2733/1/21 2737/1/21
f 2738/1/7 2737/1/7 2733/1/7
f 2739/1/11 2738/1/11 2735/1/11
f 2739/1/11 2740/1/11 2738/1/11
f 2740/1/6 2737/1/6 2738/1/6
f 2739/1/1 2736/1/1 2740/1/1
f 2740/1/6 2736/1/6 2737/1/6
f 2739/1/1 2734/1/1 2736/1/1
f 2734/1/4 2739/1/4 2735/1/4
f 2744/1/21 2742/1/21 2741/1/21
f 2742/1/4 2743/1/4 2741/1/4
f 2746/1/7 2741/1/7 2743/1/7
f 2744/1/21 2741/1/21 2745/1/21
f 2746/1/7 2745/1/7 2741/1/7
f 2747/1/11 2746/1/11 2743/1/11
f 2747/1/11 2748/1/11 2746/1/11
f 2748/1/6 2745/1/6 2746/1/6
f 2747/1/1 2744/1/1 2748/1/1
f 2748/1/6 2744/1/6 2745/1/6
f 2747/1/1 2742/1/1 2744/1/1
f 2742/1/4 2747/1/4 2743/1/4
f 2752/1/21 2750/1/21 2749/1/21
f 2750/1/4 2751/1/4 2749/1/4
f 2754/1/7 2749/1/7 2751/1/7
f 2752/1/21 2749/1/21 2753/1/21
f 2754/1/7 2753/1/7 2749/1/7
f 2755/1/11 2754/1/11 2751/1/11
f 2755/1/11 2756/1/11 2754/1/11
f 2756/1/6 2753/1/6 2754/1/6
f 2755/1/1 2752/1/1 2756/1/1
f 2756/1/6 2752/1/6 2753/1/6
f 2755/1/1 2750/1/1 2752/1/1
f 2750/1/4 2755/1/4 2751/1/4
f 2760/1/21 2758/1/21 2757/1/21
f 2758/1/4 2759/1/4 2757/1/4
f 2762/1/7 2757/1/7 2759/1/7
f 2760/1/21 2757/1/21 2761/1/21
f 2762/1/7 2761/1/7 2757/1/7
f 2763/1/11 2762/1/11 2759/1/11
f 2763/1/11 2764/1/11 2762/1/11
f 2764/1/6 2761/1/6 2762/1/6
f 2763/1/1 2760/1/1 2764/1/1
f 2764/1/6 2760/1/6 2761/1/6
f 2763/1/1 2758/1/1 2760/1/1
f 2758/1/4 2763/1/4 2759/1/4
f 2768/1/21 2766/1/21 2765/1/21
f 2766/1/4 2767/1/4 2765/1/4
f 2770/1/7 2765/1/7 2767/1/7
f 2768/1/21 2765/1/21 2769/1/21
f 2770/1/7 2769/1/7 2765/1/7
f 2771/1/11 2770/1/11 2767/1/11
f 2771/1/11 2772/1/11 2770/1/11
f 2772/1/6 2769/1/6 2770/1/6
f 2771/1/1 2768/1/1 2772/1/1
f 2772/1/6 2768/1/6 2769/1/6
f 2771/1/1 2766/1/1 2768/1/1
f 2766/1/4 2771/1/4 2767/1/4
f 2776/1/21 2774/1/21 2773/1/21
f 2774/1/4 2775/1/4 2773/1/4
f 2778/1/7 2773/1/7 2775/1/7
f 2776/1/21 2773/1/21 2777/1/21
f 2778/1/7 2777/1/7 2773/1/7
f 2779/1/11 2778/1/11 2775/1/11
f 2779/1/11 2780/1/11 2778/1/11
f 2780/1/6 2777/1/6 2778/1/6
f 2779/1/1 2776/1/1 2780/1/1
f 2780/1/6 2776/1/6 2777/1/6
f 2779/1/1 2774/1/1 2776/1/1
f 2774/1/4 2779/1/4 2775/1/4
f 2784/1/21 2782/1/21 2781/1/21
f 2782/1/4 2783/1/4 2781/1/4
f 2786/1/7 2781/1/7 2783/1/7
f 2784/1/21 2781/1/21 2785/1/21
f 2786/1/7 2785/1/7 2781/1/7
f 2787/1/11 2786/1/11 2783/1/11
f 2787/1/11 2788/1/11 2786/1/11
f 2788/1/6 2785/1/6 2786/1/6
f 2787/1/1 2784/1/1 2788/1/1
f 2788/1/6 2784/1/6 2785/1/6
f 2787/1/1 2782/1/1 2784/1/1
f 2782/1/4 2787/1/4 2783/1/4
f 2792/1/6 2790/1/6 2789/1/6
f 2790/1/21 2791/1/21 2789/1/21
f 2794/1/7 2789/1/7 2791/1/7
f 2792/1/6 2789/1/6 2793/1/6
f 2794/1/7 2793/1/7 2789/1/7
f 2795/1/4 2794/1/4 2791/1/4
f 2795/1/4 2796/1/4 2794/1/4
f 2796/1/11 2793/1/11 2794/1/11
f 2795/1/1 2792/1/1 2796/1/1
f 2796/1/11 2792/1/11 2793/1/11
f 2795/1/1 2790/1/1 2792/1/1
f 2790/1/21 2795/1/21 2791/1/21
f 2800/1/21 2798/1/21 2797/1/21
f 2798/1/4 2799/1/4 2797/1/4
f 2802/1/7 2797/1/7 2799/1/7
f 2800/1/21 2797/1/21 2801/1/21
f 2802/1/7 2801/1/7 2797/1/7
f 2803/1/11 2802/1/11 2799/1/11
f 2803/1/11 2804/1/11 2802/1/11
f 2804/1/6 2801/1/6 2802/1/6
f 2803/1/1 2800/1/1 2804/1/1
f 2804/1/6 2800/1/6 2801/1/6
f 2803/1/1 2798/1/1 2800/1/1
f 2798/1/4 2803/1/4 2799/1/4
f 2808/1/21 2806/1/21 2805/1/21
f 2806/1/4 2807/1/4 2805/1/4
f 2810/1/7 2805/1/7 2807/1/7
f 2808/1/21 2805/1/21 2809/1/21
f 2810/1/7 2809/1/7 2805/1/7
f 2811/1/11 2810/1/11 2807/1/11
f 2811/1/11 2812/1/11 2810/1/11
f 2812/1/6 2809/1/6 2810/1/6
f 2812/1/1 2811/1/1 2806/1/1
f 2812/1/1 2806/1/1 2808/1/1
f 2812/1/6 2808/1/6 2809/1/6
f 2806/1/4 2811/1/4 2807/1/4
f 2816/1/21 2814/1/21 2813/1/21
f 2814/1/4 2815/1/4 2813/1/4
f 2818/1/7 2813/1/7 2815/1/7
f 2816/1/21 2813/1/21 2817/1/21
f 2818/1/7 2817/1/7 2813/1/7
f 2819/1/11 2818/1/11 2815/1/11
f 2819/1/11 2820/1/11 2818/1/11
f 2820/1/6 2817/1/6 2818/1/6
f 2819/1/1 2816/1/1 2820/1/1
f 2820/1/6 2816/1/6 2817/1/6
f 2819/1/1 2814/1/1 2816/1/1
f 2814/1/4 2819/1/4 2815/1/4
f 2824/1/21 2822/1/21 2821/1/21
f 2822/1/4 2823/1/4 2821/1/4
f 2826/1/7 2821/1/7 2823/1/7
f 2824/1/21 2821/1/21 2825/1/21
f 2826/1/7 2825/1/7 2821/1/7
f 2827/1/11 2826/1/11 2823/1/11
f 2827/1/11 2828/1/11 2826/1/11
f 2828/1/6 2825/1/6 2826/1/6
f 2827/1/1 2824/1/1 2828/1/1
f 2828/1/6 2824/1/6 2825/1/6
f 2827/1/1 2822/1/1 2824/1/1
f 2822/1/4 2827/1/4 2823/1/4
f 2832/1/21 2830/1/21 2829/1/21
f 2830/1/4 2831/1/4 2829/1/4
f 2834/1/7 2829/1/7 2831/1/7
f 2832/1/21 2829/1/21 2833/1/21
f 2834/1/7 2833/1/7 2829/1/7
f 2835/1/11 2834/1/11 2831/1/11
f 2835/1/11 2836/1/11 2834/1/11
f 2836/1/6 2833/1/6 2834/1/6
f 2835/1/1 2832/1/1 2836/1/1
f 2836/1/6 2832/1/6 2833/1/6
f 2835/1/1 2830/1/1 2832/1/1
f 2830/1/4 2835/1/4 2831/1/4
f 2840/1/21 2838/1/21 2837/1/21
f 2838/1/4 2839/1/4 2837/1/4
f 2842/1/7 2837/1/7 2839/1/7
f 2840/1/21 2837/1/21 2841/1/21
f 2842/1/7 2841/1/7 2837/1/7
f 2843/1/11 2842/1/11 2839/1/11
f 2843/1/11 2844/1/11 2842/1/11
f 2844/1/6 2841/1/6 2842/1/6
f 2843/1/1 2840/1/1 2844/1/1
f 2844/1/6 2840/1/6 2841/1/6
f 2843/1/1 2838/1/1 2840/1/1
f 2838/1/4 2843/1/4 2839/1/4
f 2848/1/21 2846/1/21 2845/1/21
f 2846/1/4 2847/1/4 2845/1/4
f 2850/1/7 2845/1/7 2847/1/7
f 2848/1/21 2845/1/21 2849/1/21
f 2850/1/7 2849/1/7 2845/1/7
f 2851/1/11 2850/1/11 2847/1/11
f 2851/1/11 2852/1/11 2850/1/11
f 2852/1/6 2849/1/6 2850/1/6
f 2852/1/1 2851/1/1 2846/1/1
f 2852/1/1 2846/1/1 2848/1/1
f 2852/1/6 2848/1/6 2849/1/6
f 2846/1/4 2851/1/4 2847/1/4
f 2856/1/21 2854/1/21 2853/1/21
f 2854/1/4 2855/1/4 2853/1/4
f 2858/1/7 2853/1/7 2855/1/7
f 2856/1/21 2853/1/21 2857/1/21
f 2858/1/7 2857/1/7 2853/1/7
f 2859/1/11 2858/1/11 2855/1/11
f 2859/1/11 2860/1/11 2858/1/11
f 2860/1/6 2857/1/6 2858/1/6
f 2860/1/1 2859/1/1 2854/1/1
f 2860/1/1 2854/1/1 2856/1/1
f 2860/1/6 2856/1/6 2857/1/6
f 2854/1/4 2859/1/4 2855/1/4
f 2864/1/21 2862/1/21 2861/1/21
f 2862/1/4 2863/1/4 2861/1/4
f 2866/1/7 2861/1/7 2863/1/7
f 2864/1/21 2861/1/21 2865/1/21
f 2866/1/7 2865/1/7 2861/1/7
f 2867/1/11 2866/1/11 2863/1/11
f 2867/1/11 2868/1/11 2866/1/11
f 2868/1/6 2865/1/6 2866/1/6
f 2868/1/1 2867/1/1 2862/1/1
f 2868/1/1 2862/1/1 2864/1/1
f 2868/1/6 2864/1/6 2865/1/6
f 2862/1/4 2867/1/4 2863/1/4
f 2872/1/21 2870/1/21 2869/1/21
f 2870/1/4 2871/1/4 2869/1/4
f 2874/1/7 2869/1/7 2871/1/7
f 2872/1/21 2869/1/21 2873/1/21
f 2874/1/7 2873/1/7 2869/1/7
f 2875/1/11 2874/1/11 2871/1/11
f 2875/1/11 2876/1/11 2874/1/11
f 2876/1/6 2873/1/6 2874/1/6
f 2875/1/1 2872/1/1 2876/1/1
f 2876/1/6 2872/1/6 2873/1/6
f 2875/1/1 2870/1/1 2872/1/1
f 2870/1/4 2875/1/4 2871/1/4
f 2880/1/21 2878/1/21 2877/1/21
f 2878/1/4 2879/1/4 2877/1/4
f 2882/1/7 2877/1/7 2879/1/7
f 2880/1/21 2877/1/21 2881/1/21
f 2882/1/7 2881/1/7 2877/1/7
f 2883/1/11 2882/1/11 2879/1/11
f 2883/1/11 2884/1/11 2882/1/11
f 2884/1/6 2881/1/6 2882/1/6
f 2883/1/1 2880/1/1 2884/1/1
f 2884/1/6 2880/1/6 2881/1/6
f 2883/1/1 2878/1/1 2880/1/1
f 2878/1/4 2883/1/4 2879/1/4
f 2888/1/21 2886/1/21 2885/1/21
f 2886/1/4 2887/1/4 2885/1/4
f 2890/1/7 2885/1/7 2887/1/7
f 2888/1/21 2885/1/21 2889/1/21
f 2890/1/7 2889/1/7 2885/1/7
f 2891/1/11 2890/1/11 2887/1/11
f 2891/1/11 2892/1/11 2890/1/11
f 2892/1/6 2889/1/6 2890/1/6
f 2891/1/1 2888/1/1 2892/1/1
f 2892/1/6 2888/1/6 2889/1/6
f 2891/1/1 2886/1/1 2888/1/1
f 2886/1/4 2891/1/4 2887/1/4
f 2896/1/21 2894/1/21 2893/1/21
f 2894/1/4 2895/1/4 2893/1/4
f 2898/1/7 2893/1/7 2895/1/7
f 2896/1/21 2893/1/21 2897/1/21
f 2898/1/7 2897/1/7 2893/1/7
f 2899/1/11 2898/1/11 2895/1/11
f 2899/1/11 2900/1/11 2898/1/11
f 2900/1/6 2897/1/6 2898/1/6
f 2899/1/1 2896/1/1 2900/1/1
f 2900/1/6 2896/1/6 2897/1/6
f 2899/1/1 2894/1/1 2896/1/1
f 2894/1/4 2899/1/4 2895/1/4
f 2904/1/6 2902/1/6 2901/1/6
f 2902/1/21 2903/1/21 2901/1/21
f 2906/1/7 2901/1/7 2903/1/7
f 2904/1/6 2901/1/6 2905/1/6
f 2906/1/7 2905/1/7 2901/1/7
f 2907/1/4 2906/1/4 2903/1/4
f 2907/1/4 2908/1/4 2906/1/4
f 2908/1/11 2905/1/11 2906/1/11
f 2907/1/1 2904/1/1 2908/1/1
f 2908/1/11 2904/1/11 2905/1/11
f 2907/1/1 2902/1/1 2904/1/1
f 2902/1/21 2907/1/21 2903/1/21
f 2912/1/21 2910/1/21 2909/1/21
f 2910/1/4 2911/1/4 2909/1/4
f 2914/1/7 2909/1/7 2911/1/7
f 2912/1/21 2909/1/21 2913/1/21
f 2914/1/7 2913/1/7 2909/1/7
f 2915/1/11 2914/1/11 2911/1/11
f 2915/1/11 2916/1/11 2914/1/11
f 2916/1/6 2913/1/6 2914/1/6
f 2915/1/1 2912/1/1 2916/1/1
f 2916/1/6 2912/1/6 2913/1/6
f 2915/1/1 2910/1/1 2912/1/1
f 2910/1/4 2915/1/4 2911/1/4
f 2920/1/21 2918/1/21 2917/1/21
f 2918/1/4 2919/1/4 2917/1/4
f 2922/1/7 2917/1/7 2919/1/7
f 2920/1/21 2917/1/21 2921/1/21
f 2922/1/7 2921/1/7 2917/1/7
f 2923/1/11 2922/1/11 2919/1/11
f 2923/1/11 2924/1/11 2922/1/11
f 2924/1/6 2921/1/6 2922/1/6
f 2923/1/1 2920/1/1 2924/1/1
f 2924/1/6 2920/1/6 2921/1/6
f 2923/1/1 2918/1/1 2920/1/1
f 2918/1/4 2923/1/4 2919/1/4
f 2928/1/21 2926/1/21 2925/1/21
f 2926/1/4 2927/1/4 2925/1/4
f 2930/1/7 2925/1/7 2927/1/7
f 2928/1/21 2925/1/21 2929/1/21
f 2930/1/7 2929/1/7 2925/1/7
f 2931/1/11 2930/1/11 2927/1/11
f 2931/1/11 2932/1/11 2930/1/11
f 2932/1/6 2929/1/6 2930/1/6
f 2931/1/1 2928/1/1 2932/1/1
f 2932/1/6 2928/1/6 2929/1/6
f 2931/1/1 2926/1/1 2928/1/1
f 2926/1/4 2931/1/4 2927/1/4
f 2936/1/21 2934/1/21 2933/1/21
f 2934/1/4 2935/1/4 2933/1/4
f 2938/1/7 2933/1/7 2935/1/7
f 2936/1/21 2933/1/21 2937/1/21
f 2938/1/7 2937/1/7 2933/1/7
f 2939/1/11 2938/1/11 2935/1/11
f 2939/1/11 2940/1/11 2938/1/11
f 2940/1/6 2937/1/6 2938/1/6
f 2939/1/1 2936/1/1 2940/1/1
f 2940/1/6 2936/1/6 2937/1/6
f 2939/1/1 2934/1/1 2936/1/1
f 2934/1/4 2939/1/4 2935/1/4
f 2942/1/7 2946/1/7 2941/1/7
f 2942/1/7 2941/1/7 2943/1/7
f 2944/1/4 2943/1/4 2941/1/4
f 2945/1/21 2944/1/21 2941/1/21
f 2945/1/21 2941/1/21 2946/1/21
f 2947/1/6 2945/1/6 2946/1/6
f 2947/1/6 2946/1/6 2942/1/6
f 2943/1/11 2947/1/11 2942/1/11
f 2948/1/1 2945/1/1 2947/1/1
f 2943/1/11 2948/1/11 2947/1/11
f 2948/1/1 2944/1/1 2945/1/1
f 2944/1/4 2948/1/4 2943/1/4
f 2952/1/21 2950/1/21 2949/1/21
f 2950/1/7 2951/1/7 2949/1/7
f 2953/1/6 2949/1/6 2951/1/6
f 2953/1/6 2952/1/6 2949/1/6
f 2954/1/11 2956/1/11 2953/1/11
f 2954/1/11 2953/1/11 2951/1/11
f 2955/1/1 2952/1/1 2953/1/1
f 2955/1/1 2953/1/1 2956/1/1
f 2950/1/4 2956/1/4 2954/1/4
f 2950/1/4 2955/1/4 2956/1/4
f 2952/1/21 2955/1/21 2950/1/21
f 2950/1/7 2954/1/7 2951/1/7
f 2958/1/7 2962/1/7 2957/1/7
f 2958/1/7 2957/1/7 2959/1/7
f 2957/1/21 2960/1/21 2959/1/21
f 2957/1/21 2963/1/21 2960/1/21
f 2961/1/6 2963/1/6 2957/1/6
f 2961/1/6 2957/1/6 2962/1/6
f 2960/1/1 2963/1/1 2961/1/1
f 2958/1/11 2961/1/11 2962/1/11
f 2958/1/11 2964/1/11 2961/1/11
f 2960/1/1 2961/1/1 2964/1/1
f 2960/1/4 2964/1/4 2958/1/4
f 2960/1/4 2958/1/4 2959/1/4
f 2966/1/7 2970/1/7 2965/1/7
f 2966/1/7 2965/1/7 2967/1/7
f 2965/1/4 2968/1/4 2967/1/4
f 2965/1/4 2971/1/4 2968/1/4
f 2969/1/21 2971/1/21 2965/1/21
f 2969/1/21 2965/1/21 2970/1/21
f 2968/1/1 2971/1/1 2969/1/1
f 2972/1/6 2969/1/6 2970/1/6
f 2972/1/6 2970/1/6 2966/1/6
f 2968/1/11 2972/1/11 2966/1/11
f 2968/1/1 2969/1/1 2972/1/1
f 2968/1/11 2966/1/11 2967/1/11
f 2974/31/6 2975/19/6 2973/32/6
f 2976/25/21 2979/24/21 2975/19/21
f 2980/18/4 2977/33/4 2979/24/4
f 2977/33/11 2974/34/11 2973/35/11
f 2979/24/7 2973/36/7 2975/13/7
f 2976/15/1 2978/37/1 2980/18/1
f 2982/398/379 2984/399/380 2981/400/381
f 2987/401/382 2988/402/383 2984/399/380
f 2989/403/384 2991/404/385 2988/402/383
f 2994/189/386 2996/405/387 2992/406/388
f 2997/407/389 3000/408/390 2996/405/387
f 3001/409/391 3002/410/392 3000/408/390
f 3007/411/393 2981/412/381 3005/413/394
f 2983/414/395 3016/415/396 3015/416/397
f 2995/417/398 3012/418/399 2990/419/400
f 2998/420/401 3011/421/402 2995/417/398
f 3003/422/403 3008/423/404 3010/424/405
f 3007/96/393 2982/398/379 2981/400/381
f 2984/399/380 2982/398/379 2985/425/406
f 2984/399/380 2985/425/406 2987/401/382
f 2988/402/383 2987/401/382 2989/403/384
f 3005/413/394 3001/409/391 3004/426/407
f 2993/427/408 2994/189/386 2992/406/388
f 2994/189/386 2997/407/389 2996/405/387
f 2997/407/389 2999/191/409 3000/408/390
f 2999/191/409 3001/409/391 3000/408/390
f 3005/413/394 3004/426/407 3007/411/393
f 2982/428/379 3007/429/393 3015/430/397
f 3012/431/399 2994/432/386 3013/433/410
f 2986/434/411 3014/435/412 3017/436/413
f 3002/437/392 2988/438/383 2992/439/388
f 3006/440/414 3015/416/397 3009/441/415
f 3006/440/414 2983/414/395 3015/416/397
f 2983/414/395 2986/434/411 3016/415/396
f 2986/434/411 3017/436/413 3016/415/396
f 2990/419/400 3013/442/410 3014/435/412
f 2990/419/400 3012/418/399 3013/442/410
f 2995/417/398 3011/421/402 3012/418/399
f 2998/420/401 3010/424/405 3011/421/402
f 2998/420/401 3003/422/403 3010/424/405
f 3003/422/403 3006/443/414 3008/423/404
f 3006/443/414 3009/444/415 3008/423/404
f 3006/445/414 2998/446/401 2990/447/400
f 2993/427/408 2991/404/385 2989/403/384
f 3019/31/6 3020/19/6 3018/32/6
f 3021/25/21 3024/24/21 3020/19/21
f 3025/18/4 3022/33/4 3024/24/4
f 3022/33/11 3019/34/11 3018/35/11
f 3024/24/7 3018/36/7 3020/13/7
f 3021/15/1 3023/37/1 3025/18/1
f 3027/31/6 3028/19/6 3026/32/6
f 3029/25/21 3032/24/21 3028/19/21
f 3033/18/4 3030/33/4 3032/24/4
f 3030/33/11 3027/34/11 3026/35/11
f 3032/24/7 3026/36/7 3028/13/7
f 3029/15/1 3031/37/1 3033/18/1
f 3050/448/416 3063/449/416 3062/450/417
f 3061/451/418 3039/24/418 3050/448/418
f 3065/452/419 3036/453/419 3059/454/419
f 3055/455/420 3038/456/420 3064/457/420
f 3043/458/421 3045/140/422 3049/459/423
f 3060/460/424 3049/461/424 3057/462/424
f 3043/458/421 3049/459/423 3051/463/425
f 3038/456/426 3063/464/427 3064/457/428
f 3051/463/429 3061/465/430 3062/466/431
f 3049/459/423 3036/467/432 3041/468/433
f 3076/469/434 3053/470/435 3050/448/436
f 3077/471/437 3048/472/437 3052/473/437
f 3073/474/438 3046/135/439 3042/475/440
f 3074/476/441 3040/477/441 3044/152/441
f 3095/478/442 3087/479/443 3088/480/444
f 3089/481/445 3085/482/446 3093/483/447
f 3093/483/448 3067/20/448 3066/484/448
f 3087/479/449 3070/485/449 3076/469/449
f 3088/480/450 3076/469/451 3075/486/452
f 3071/487/453 3089/481/453 3077/471/453
f 3069/6/454 3088/480/454 3075/486/454
f 3077/471/455 3093/483/456 3066/484/457
f 3112/488/458 3121/489/458 3099/490/458
f 3099/490/459 3113/491/460 3102/492/461
f 3102/492/461 3113/491/460 3110/493/462
f 3099/490/463 3120/494/463 3113/491/463
f 3098/495/464 3125/496/464 3107/497/464
f 3105/498/465 3127/499/465 3106/500/465
f 3111/501/466 3129/502/466 3112/488/466
f 3109/503/467 3131/504/467 3128/505/467
f 3117/506/468 3131/504/468 3118/507/468
f 3133/508/469 3134/509/469 3123/510/469
f 3118/507/470 3131/504/470 3109/503/470
f 3128/505/471 3137/511/471 3111/501/471
f 3151/512/472 3144/174/472 3150/513/472
f 3160/514/473 3150/513/473 3149/515/473
f 3159/516/474 3149/515/474 3163/517/474
f 3161/518/475 3158/519/475 3163/517/475
f 3156/520/476 3148/521/476 3147/522/476
f 3155/523/477 3147/522/477 3146/524/477
f 3145/525/478 3153/526/478 3162/527/478
f 3144/528/479 3152/529/479 3145/525/479
f 3186/530/480 3203/531/480 3202/532/480
f 3169/533/481 3204/534/481 3203/531/481
f 3204/534/482 3169/533/482 3205/535/482
f 3205/535/483 3174/536/483 3206/537/483
f 3174/536/484 3207/538/484 3206/537/484
f 3180/539/485 3208/540/485 3207/538/485
f 3208/540/486 3180/539/486 3209/541/486
f 3209/541/487 3186/542/487 3202/543/487
f 3188/544/488 3165/174/488 3187/545/488
f 3201/546/489 3187/545/489 3185/547/489
f 3199/548/490 3185/547/490 3182/549/490
f 3195/550/491 3177/551/491 3175/552/491
f 3167/553/492 3191/554/492 3170/555/492
f 3165/556/493 3189/557/493 3167/553/493
f 3201/546/494 3202/543/494 3188/544/494
f 3200/558/495 3209/541/495 3201/546/495
f 3199/548/496 3209/541/496 3200/558/496
f 3198/559/497 3208/540/497 3199/548/497
f 3207/538/498 3197/560/498 3196/561/498
f 3194/562/499 3206/537/499 3195/550/499
f 3193/563/500 3205/535/500 3194/562/500
f 3192/564/501 3205/535/501 3193/563/501
f 3204/534/502 3192/564/502 3191/554/502
f 3203/531/503 3190/565/503 3189/557/503
f 3211/566/504 3164/567/504 3210/568/504
f 3212/569/505 3184/547/505 3211/566/505
f 3184/547/506 3212/569/506 3183/549/506
f 3214/570/507 3183/549/507 3212/569/507
f 3178/571/508 3213/572/508 3218/573/508
f 3171/555/509 3219/574/509 3216/575/509
f 3168/553/510 3216/575/510 3217/576/510
f 3166/577/511 3217/576/511 3210/578/511
f 3042/579/512 3056/580/512 3058/581/512
f 3052/582/513 3056/580/513 3046/146/513
f 3058/581/514 3055/583/514 3042/579/514
f 3054/584/515 3059/585/515 3060/586/515
f 3060/586/515 3052/582/515 3048/587/515
f 3062/450/516 3061/588/516 3050/448/516
f 3037/33/517 3055/583/517 3053/470/517
f 3050/448/518 3055/583/518 3064/589/518
f 3105/498/519 3098/495/519 3103/590/519
f 3035/13/520 3065/591/520 3054/584/520
f 3044/144/521 3040/592/521 3065/591/521
f 3045/154/522 3057/593/523 3049/34/524
f 3040/592/525 3061/594/525 3065/591/525
f 3061/595/430 3051/463/429 3047/596/526
f 3056/597/527 3043/598/528 3058/599/529
f 3065/452/530 3041/600/530 3036/453/530
f 3043/598/531 3055/455/532 3058/599/533
f 3065/452/534 3047/596/534 3041/600/534
f 3051/463/535 3063/464/427 3038/456/426
f 3049/459/423 3047/601/536 3051/463/425
f 3038/456/537 3043/458/421 3051/463/425
f 3036/453/538 3060/460/539 3059/454/540
f 3054/602/541 3077/471/437 3066/484/437
f 3039/24/542 3075/486/543 3050/448/544
f 3052/473/545 3071/487/546 3077/471/546
f 3037/33/547 3072/603/548 3042/475/549
f 3075/486/550 3076/469/434 3050/448/436
f 3074/476/441 3068/604/441 3040/477/441
f 3044/152/551 3067/20/551 3074/476/551
f 3034/35/552 3073/474/552 3071/322/552
f 3072/603/553 3073/474/438 3042/475/440
f 3053/470/554 3070/485/554 3037/33/554
f 3040/477/555 3069/6/556 3039/24/555
f 3035/19/557 3066/484/557 3067/20/557
f 3092/605/558 3097/606/558 3086/607/558
f 3085/482/446 3096/608/559 3093/483/447
f 3079/609/560 3084/610/560 3088/480/560
f 3081/611/561 3085/482/561 3089/481/561
f 3088/480/444 3084/610/562 3095/478/442
f 3090/612/563 3080/613/563 3082/614/563
f 3092/605/564 3078/615/564 3083/616/564
f 3091/617/565 3082/614/565 3094/618/565
f 3081/619/566 3091/617/566 3094/618/566
f 3079/609/567 3086/607/567 3097/606/567
f 3087/479/568 3095/478/568 3080/613/568
f 3068/604/569 3088/480/569 3069/6/569
f 3093/483/570 3096/608/570 3078/615/570
f 3071/322/571 3091/617/571 3089/320/571
f 3073/474/572 3090/612/572 3091/617/572
f 3092/605/573 3067/20/573 3093/483/573
f 3090/612/574 3070/485/574 3087/479/574
f 3086/607/575 3074/476/575 3092/605/575
f 3106/500/576 3101/620/576 3098/495/576
f 3089/481/577 3093/483/456 3077/471/455
f 3076/469/451 3088/480/450 3087/479/578
f 3100/621/579 3109/503/579 3102/492/579
f 3126/622/580 3117/506/580 3101/620/580
f 3121/489/581 3133/508/581 3123/510/581
f 3115/623/582 3103/590/582 3123/510/582
f 3102/492/583 3112/488/583 3099/490/583
f 3117/506/584 3100/621/584 3101/620/584
f 3115/623/585 3105/498/585 3103/590/585
f 3109/505/586 3111/501/586 3102/492/586
f 3103/590/587 3107/497/588 3104/624/589
f 3116/625/590 3100/621/590 3119/626/590
f 3102/492/591 3110/493/591 3108/165/591
f 3103/590/592 3104/624/592 3114/627/592
f 3120/494/593 3121/489/593 3122/628/593
f 3125/496/594 3101/620/594 3116/625/594
f 3124/629/595 3121/489/596 3123/510/597
f 3114/627/598 3123/510/598 3103/590/598
f 3119/626/599 3102/492/599 3108/165/599
f 3096/608/437 3104/624/437 3107/497/437
f 3107/497/557 3078/615/557 3096/608/557
f 3110/493/600 3079/609/601 3108/165/600
f 3108/165/602 3097/606/602 3119/626/602
f 3113/491/603 3084/610/603 3110/493/603
f 3120/494/554 3095/478/554 3113/491/554
f 3085/482/545 3114/630/545 3104/624/545
f 3124/629/552 3081/619/552 3094/618/552
f 3119/626/441 3083/616/441 3116/625/441
f 3122/628/604 3080/613/604 3120/494/604
f 3094/618/605 3122/628/605 3124/629/605
f 3083/616/606 3125/496/551 3116/625/551
f 3141/631/607 3117/506/607 3140/506/607
f 3132/632/608 3112/488/608 3129/633/608
f 3133/508/609 3121/489/609 3132/632/609
f 3105/498/610 3115/623/610 3130/634/610
f 3134/509/611 3115/623/611 3123/510/611
f 3126/622/612 3127/635/612 3135/622/612
f 3111/501/613 3109/505/613 3128/505/613
f 3141/631/1 3143/622/1 3139/636/1
f 3117/506/614 3126/622/614 3135/622/614
f 3140/506/615 3135/622/615 3143/622/615
f 3134/509/616 3133/508/616 3142/637/616
f 3127/499/617 3139/636/617 3136/499/617
f 3136/635/618 3135/622/618 3127/635/618
f 3138/638/619 3133/508/619 3132/632/619
f 3137/511/620 3131/504/620 3141/631/620
f 3130/639/621 3142/637/621 3139/636/621
f 3138/638/622 3111/501/622 3137/511/622
f 3157/640/623 3148/521/623 3156/520/623
f 3105/498/624 3130/634/624 3139/636/624
f 3132/632/625 3129/633/625 3138/638/625
f 3160/514/626 3151/512/626 3150/513/626
f 3159/516/627 3160/514/627 3149/515/627
f 3163/517/628 3158/519/628 3159/516/628
f 3161/518/629 3157/640/629 3158/519/629
f 3146/524/630 3154/641/630 3155/523/630
f 3155/523/631 3156/520/631 3147/522/631
f 3162/527/632 3153/526/632 3154/641/632
f 3145/525/633 3152/529/633 3153/526/633
f 3144/528/634 3151/512/634 3152/529/634
f 3160/514/1 3156/520/1 3154/641/1
f 3145/642/7 3148/643/7 3163/644/7
f 3180/645/1 3169/646/1 3186/647/635
f 3186/530/636 3169/533/636 3203/531/636
f 3205/535/637 3169/533/637 3174/536/637
f 3174/536/638 3180/539/638 3207/538/638
f 3209/541/639 3180/539/639 3186/542/639
f 3179/648/640 3215/649/640 3218/650/641
f 3211/651/642 3187/652/643 3167/653/644
f 3182/549/645 3197/560/646 3198/559/647
f 3201/546/648 3188/544/648 3187/545/648
f 3200/558/649 3201/546/649 3185/547/649
f 3199/548/650 3200/558/650 3185/547/650
f 3198/559/651 3199/548/651 3182/549/651
f 3179/654/652 3195/550/652 3196/561/652
f 3179/654/653 3196/561/653 3197/560/653
f 3172/655/654 3194/562/655 3175/552/656
f 3194/562/657 3195/550/657 3175/552/657
f 3170/555/658 3193/563/658 3172/655/658
f 3198/559/659 3207/538/660 3208/540/661
f 3170/555/662 3191/554/662 3192/564/662
f 3167/553/663 3190/565/663 3191/554/663
f 3167/553/664 3189/557/664 3190/565/664
f 3165/556/665 3188/656/665 3189/557/665
f 3201/546/666 3209/541/666 3202/543/666
f 3199/548/667 3208/540/667 3209/541/667
f 3196/561/668 3206/537/668 3207/538/668
f 3190/565/669 3204/534/669 3191/554/669
f 3194/562/670 3205/535/670 3206/537/670
f 3192/564/671 3204/534/671 3205/535/671
f 3189/557/672 3202/532/672 3203/531/672
f 3166/657/7 3181/658/7 3176/659/7
f 3214/570/673 3181/660/673 3183/549/673
f 3211/566/674 3184/547/674 3164/567/674
f 3176/661/675 3215/662/675 3173/663/675
f 3178/571/676 3181/660/676 3213/572/676
f 3176/661/677 3178/571/677 3218/573/677
f 3173/663/678 3219/574/678 3171/555/678
f 3168/553/679 3171/555/679 3216/575/679
f 3166/577/680 3168/553/680 3217/576/680
f 3164/278/681 3166/577/681 3210/578/681
f 3249/664/6 3222/19/6 3246/472/6
f 3227/25/21 3234/24/21 3222/19/21
f 3250/665/682 3233/37/683 3232/33/682
f 3256/666/11 3233/37/11 3221/34/11
f 3257/667/11 3232/33/11 3260/668/11
f 3250/665/684 3220/36/684 3246/587/684
f 3249/669/685 3233/37/685 3252/670/686
f 3227/15/1 3252/670/1 3240/18/1
f 3234/24/7 3246/587/7 3222/13/7
f 3234/24/4 3252/670/4 3250/665/4
f 3220/32/687 3249/664/687 3246/472/687
f 3226/19/4 3254/671/4 3257/672/4
f 3310/673/11 3311/674/11 3305/675/11
f 3334/676/11 3331/677/11 3332/678/11
f 3302/679/11 3300/680/11 3226/19/11
f 3339/681/11 3342/682/11 3338/683/11
f 3231/15/7 3256/684/7 3254/685/7
f 3238/24/1 3257/686/1 3260/687/1
f 3238/24/6 3256/684/6 3244/18/6
f 3258/688/11 3228/18/11 3251/133/11
f 3251/133/11 3345/689/11 3344/690/11
f 3320/691/688 3224/24/689 3319/692/689
f 3239/6/6 3314/693/6 3228/18/6
f 3239/6/6 3315/694/6 3313/695/6
f 3236/137/690 3307/696/690 3319/692/690
f 3224/24/11 3258/688/11 3236/134/11
f 3236/134/11 3343/697/11 3346/698/11
f 3245/141/691 3310/699/691 3304/700/691
f 3251/143/692 3314/693/692 3312/701/692
f 3263/702/693 3312/701/693 3310/699/693
f 3243/151/11 3347/703/11 3348/704/11
f 3266/705/694 3306/706/694 3307/696/694
f 3245/157/11 3349/707/11 3350/708/11
f 3262/709/4 3306/706/4 3243/156/4
f 3245/141/4 3308/710/4 3262/709/4
f 3268/25/4 3326/711/4 3271/20/4
f 3276/138/695 3337/712/695 3330/713/695
f 3276/150/11 3351/714/11 3353/715/11
f 3329/716/696 3276/138/696 3330/713/696
f 3270/717/697 3328/718/697 3333/719/697
f 3273/476/11 3268/25/11 3271/20/11
f 3267/19/11 3273/476/11 3271/20/11
f 3272/152/11 3355/720/11 3354/721/11
f 3337/712/698 3275/141/698 3339/700/698
f 3271/20/4 3325/722/4 3267/19/4
f 3274/151/11 3357/723/11 3356/724/11
f 3272/144/699 3325/725/700 3328/718/699
f 3331/726/701 3274/156/701 3333/719/701
f 3275/157/11 3352/727/11 3358/728/11
f 3274/156/6 3336/710/6 3277/709/6
f 3277/709/6 3339/700/6 3275/141/6
f 3285/688/11 3279/18/11 3284/133/11
f 3284/133/11 3361/729/11 3360/730/11
f 3278/24/689 3311/692/689 3316/694/689
f 3281/6/6 3318/693/6 3279/18/6
f 3278/24/6 3317/695/6 3281/6/6
f 3280/137/690 3305/696/690 3311/692/690
f 3278/24/11 3285/688/11 3280/134/11
f 3280/134/11 3359/697/11 3362/731/11
f 3283/141/691 3341/699/691 3338/700/691
f 3284/143/692 3318/693/692 3321/732/702
f 3287/702/693 3340/701/693 3341/699/693
f 3282/151/11 3363/733/11 3364/734/11
f 3288/705/694 3309/706/694 3305/696/694
f 3283/157/11 3365/707/11 3366/735/11
f 3282/156/4 3342/710/4 3309/706/4
f 3283/141/4 3342/710/4 3286/709/4
f 3290/25/4 3323/711/4 3293/20/4
f 3327/713/703 3291/317/703 3332/712/703
f 3298/150/11 3367/714/11 3369/736/11
f 3290/15/696 3327/713/696 3324/716/696
f 3292/717/697 3301/718/697 3300/719/697
f 3295/476/11 3290/25/11 3293/20/11
f 3289/19/11 3295/476/11 3293/20/11
f 3294/152/11 3371/737/11 3370/738/11
f 3291/317/698 3334/700/698 3332/712/698
f 3293/20/4 3322/722/4 3289/19/4
f 3296/151/11 3373/723/11 3372/739/11
f 3294/144/699 3322/725/699 3301/718/699
f 3296/156/701 3300/719/701 3302/706/701
f 3297/157/11 3368/740/11 3374/741/11
f 3296/156/6 3303/710/6 3299/709/6
f 3299/709/6 3334/700/6 3297/141/6
f 3225/25/4 3353/742/4 3351/743/4
f 3223/19/11 3230/18/11 3229/24/11
f 3229/24/6 3356/744/6 3357/745/6
f 3229/24/7 3352/746/7 3353/747/7
f 3230/18/1 3354/748/1 3355/749/1
f 3237/25/4 3366/742/4 3365/743/4
f 3235/19/11 3242/18/11 3241/24/11
f 3241/24/6 3362/744/6 3359/745/6
f 3241/24/7 3361/750/7 3366/747/7
f 3242/18/1 3364/748/1 3363/751/1
f 3248/25/4 3350/742/4 3349/752/4
f 3247/19/11 3255/18/11 3253/24/11
f 3253/24/6 3346/744/6 3343/753/6
f 3253/24/7 3345/750/7 3350/747/7
f 3255/18/1 3348/748/1 3347/751/1
f 3261/25/4 3369/742/4 3367/752/4
f 3259/19/11 3265/18/11 3264/24/11
f 3264/24/6 3372/744/6 3373/753/6
f 3264/24/7 3368/754/7 3369/747/7
f 3265/18/1 3370/748/1 3371/755/1
f 3375/32/11 3378/25/11 3377/19/11
f 3378/25/6 3381/24/6 3377/19/6
f 3382/18/21 3379/33/21 3381/24/21
f 3380/37/4 3375/35/4 3379/33/4
f 3381/24/7 3375/36/7 3377/13/7
f 3378/15/1 3380/37/1 3382/18/1
f 3383/32/11 3386/25/11 3385/19/11
f 3386/25/6 3389/24/6 3385/19/6
f 3390/18/21 3387/33/21 3389/24/21
f 3388/37/4 3383/35/4 3387/33/4
f 3389/24/7 3383/36/7 3385/13/7
f 3386/15/1 3388/37/1 3390/18/1
f 3414/756/704 3420/757/705 3415/758/706
f 3392/759/707 3417/760/708 3393/761/709
f 3404/762/710 3411/763/711 3410/764/712
f 3403/765/713 3410/764/712 3409/766/714
f 3402/767/715 3409/766/714 3408/768/716
f 3401/769/717 3408/768/716 3407/770/718
f 3406/771/719 3399/772/720 3407/770/718
f 3405/773/721 3398/774/722 3406/771/719
f 3397/775/723 3405/773/721 3411/776/711
f 3406/771/719 3407/770/718 3391/777/724
f 3407/770/718 3408/768/716 3391/778/724
f 3415/758/706 3397/779/723 3404/762/710
f 3402/767/715 3396/780/725 3403/765/713
f 3395/781/726 3402/767/715 3401/769/717
f 3399/772/720 3394/782/727 3400/783/728
f 3392/759/707 3398/774/722 3397/775/723
f 3393/761/709 3417/760/708 3394/782/727
f 3395/781/726 3418/784/729 3419/785/730
f 3394/782/727 3418/784/729 3395/781/726
f 3396/780/725 3419/785/730 3420/757/705
f 3429/786/731 3424/787/732 3426/788/733
f 3428/789/734 3421/790/735 3427/791/736
f 3427/791/736 3421/790/735 3422/792/737
f 3453/793/738 3525/794/739 3523/795/740
f 3437/796/741 3528/797/742 3527/798/743
f 3437/796/741 3530/799/744 3528/797/742
f 3532/800/745 3447/801/746 3534/802/747
f 3447/801/746 3535/803/748 3534/802/747
f 3447/801/746 3538/804/749 3453/805/738
f 3453/805/738 3523/806/740 3535/803/748
f 3512/807/750 3455/808/751 3480/809/752
f 3507/810/753 3477/811/754 3509/812/755
f 3505/813/756 3476/814/757 3507/810/753
f 3500/815/758 3473/816/759 3503/817/760
f 3498/665/761 3471/818/762 3500/815/758
f 3465/819/763 3493/820/764 3492/821/765
f 3463/822/766 3492/821/765 3490/823/767
f 3460/824/768 3487/825/769 3484/826/770
f 3480/827/752 3457/828/771 3481/829/772
f 3431/830/773 3480/827/752 3433/831/774
f 3433/831/774 3481/829/772 3434/832/775
f 3434/832/775 3484/826/770 3436/833/776
f 3522/834/777 3477/811/754 3476/814/757
f 3521/835/778 3476/814/757 3473/816/759
f 3519/836/779 3469/837/780 3467/838/781
f 3460/824/768 3518/839/782 3462/840/783
f 3483/841/784 3515/842/785 3460/824/768
f 3457/828/771 3514/843/786 3483/841/784
f 3535/803/748 3455/808/751 3522/834/777
f 3534/802/747 3522/834/777 3521/835/778
f 3532/800/745 3521/835/778 3471/818/762
f 3530/799/744 3519/836/779 3465/819/763
f 3518/839/782 3527/798/743 3463/822/766
f 3514/843/786 3525/794/739 3515/842/785
f 3523/795/740 3514/843/786 3455/844/751
f 3437/796/741 3537/845/787 3447/801/746
f 3453/793/738 3538/846/749 3437/796/741
f 3526/847/788 3432/848/789 3524/849/790
f 3526/847/788 3435/850/791 3432/848/789
f 3531/851/792 3442/852/793 3529/853/794
f 3511/854/795 3456/779/796 3513/855/797
f 3504/856/798 3475/857/799 3474/858/800
f 3461/859/801 3489/860/802 3464/861/803
f 3458/862/804 3482/863/805 3516/864/806
f 3456/865/796 3479/866/807 3458/862/804
f 3479/866/807 3456/865/796 3511/867/795
f 3479/866/807 3539/868/808 3540/869/809
f 3482/863/805 3540/869/809 3541/870/810
f 3494/820/811 3491/871/812 3495/872/813
f 3502/873/814 3501/874/815 3499/875/816
f 3508/876/817 3506/877/818 3504/856/798
f 3539/878/808 3511/854/795 3510/879/819
f 3472/880/820 3474/858/800 3475/857/799
f 3520/836/821 3470/881/822 3472/880/820
f 3466/882/823 3468/883/824 3520/836/821
f 3459/884/825 3517/885/826 3516/864/806
f 3456/865/796 3458/862/804 3513/886/797
f 3513/855/797 3536/887/827 3478/888/828
f 3478/888/828 3536/887/827 3475/857/799
f 3475/857/799 3533/889/829 3472/880/820
f 3472/880/820 3531/851/792 3520/836/821
f 3464/861/803 3529/853/794 3526/847/788
f 3414/756/704 3404/762/710 3403/765/713
f 3392/759/707 3393/761/709 3412/890/830
f 3394/782/727 3395/781/726 3413/891/831
f 3414/756/704 3396/780/725 3420/757/705
f 3415/758/706 3420/757/705 3392/69/707
f 3404/762/710 3397/779/723 3411/763/711
f 3403/765/713 3404/762/710 3410/764/712
f 3402/767/715 3403/765/713 3409/766/714
f 3401/769/717 3402/767/715 3408/768/716
f 3400/783/728 3401/769/717 3407/770/718
f 3407/770/718 3399/772/720 3400/783/728
f 3406/771/719 3398/774/722 3399/772/720
f 3405/773/721 3397/775/723 3398/774/722
f 3411/776/711 3405/773/721 3391/777/724
f 3405/773/721 3406/771/719 3391/777/724
f 3391/778/724 3408/768/716 3409/766/714
f 3391/778/724 3409/766/714 3410/764/712
f 3391/778/724 3410/764/712 3411/763/711
f 3396/780/725 3414/756/704 3403/765/713
f 3395/781/726 3396/780/725 3402/767/715
f 3413/891/831 3395/781/726 3401/769/717
f 3399/772/720 3393/761/709 3394/782/727
f 3430/892/832 3420/757/705 3419/785/730
f 3392/759/707 3412/890/830 3398/774/722
f 3415/886/706 3392/759/707 3397/775/723
f 3394/782/727 3417/760/708 3418/784/729
f 3392/759/707 3416/893/833 3417/760/708
f 3396/780/725 3395/781/726 3419/785/730
f 3392/69/707 3420/757/705 3416/894/833
f 3418/784/729 3417/760/708 3429/786/731
f 3418/784/729 3429/786/731 3426/788/733
f 3419/785/730 3418/784/729 3426/788/733
f 3419/785/730 3426/788/733 3430/892/832
f 3417/760/708 3427/791/736 3429/786/731
f 3429/786/731 3423/895/834 3424/787/732
f 3447/801/746 3453/805/738 3535/803/748
f 3507/810/753 3476/814/757 3477/811/754
f 3498/665/761 3469/837/780 3471/818/762
f 3500/815/758 3471/818/762 3473/816/759
f 3469/837/780 3496/896/835 3467/838/781
f 3463/822/766 3465/819/763 3492/821/765
f 3484/826/770 3483/841/784 3460/824/768
f 3457/828/771 3483/841/784 3481/829/772
f 3455/844/751 3457/828/771 3480/827/752
f 3433/831/774 3480/827/752 3481/829/772
f 3434/832/775 3481/829/772 3483/841/784
f 3434/832/775 3483/841/784 3484/826/770
f 3436/833/776 3484/826/770 3487/825/769
f 3438/897/836 3488/898/837 3490/823/767
f 3498/665/761 3500/815/758 3446/899/838
f 3512/807/750 3480/809/752 3431/900/773
f 3522/834/777 3455/808/751 3477/811/754
f 3521/835/778 3522/834/777 3476/814/757
f 3471/818/762 3521/835/778 3473/816/759
f 3465/819/763 3519/836/779 3467/838/781
f 3463/822/766 3462/840/783 3518/839/782
f 3460/824/768 3515/842/785 3518/839/782
f 3483/841/784 3514/843/786 3515/842/785
f 3455/808/751 3535/803/748 3523/806/740
f 3534/802/747 3535/803/748 3522/834/777
f 3532/800/745 3534/802/747 3521/835/778
f 3465/819/763 3528/797/742 3530/799/744
f 3514/843/786 3523/795/740 3525/794/739
f 3447/801/746 3537/845/787 3538/804/749
f 3437/796/741 3538/846/749 3537/845/787
f 3526/847/788 3439/901/839 3435/850/791
f 3439/901/839 3526/847/788 3529/853/794
f 3529/853/794 3442/852/793 3439/901/839
f 3531/851/792 3445/902/840 3442/852/793
f 3531/851/792 3533/889/829 3445/902/840
f 3533/889/829 3449/903/841 3445/902/840
f 3533/889/829 3536/887/827 3449/903/841
f 3452/904/842 3449/903/841 3536/887/827
f 3510/879/819 3511/854/795 3513/855/797
f 3475/857/799 3504/856/798 3506/877/818
f 3502/873/814 3504/856/798 3474/858/800
f 3470/881/822 3497/905/843 3499/875/816
f 3464/861/803 3489/860/802 3491/871/812
f 3461/859/801 3486/906/844 3489/860/802
f 3516/864/806 3482/863/805 3541/870/810
f 3458/862/804 3479/866/807 3482/863/805
f 3479/866/807 3511/867/795 3539/868/808
f 3482/863/805 3479/866/807 3540/869/809
f 3520/836/821 3468/883/824 3470/881/822
f 3464/861/803 3517/885/826 3461/859/801
f 3459/884/825 3461/859/801 3517/885/826
f 3513/855/797 3524/806/790 3536/887/827
f 3475/857/799 3536/887/827 3533/889/829
f 3472/880/820 3533/889/829 3531/851/792
f 3464/861/803 3466/882/823 3529/853/794
f 3517/885/826 3464/861/803 3526/847/788
f 3516/864/806 3517/885/826 3526/847/788
f 3513/886/797 3458/862/804 3524/849/790
f 3400/783/728 3413/891/831 3401/769/717
f 3412/890/830 3399/772/720 3398/774/722
f 3430/892/832 3416/894/833 3420/757/705
f 3428/789/734 3417/760/708 3416/893/833
f 3421/907/735 3424/908/732 3423/909/834
f 3425/910/845 3428/911/734 3430/892/832
f 3427/791/736 3423/895/834 3429/786/731
f 3425/910/845 3426/788/733 3424/787/732
f 3453/793/738 3527/798/743 3525/794/739
f 3447/801/746 3530/799/744 3437/796/741
f 3539/912/808 3431/913/773 3540/914/809
f 3512/807/750 3477/811/754 3455/808/751
f 3505/813/756 3473/816/759 3476/814/757
f 3443/915/846 3497/916/843 3495/917/813
f 3467/838/781 3493/820/764 3465/819/763
f 3462/840/783 3490/823/767 3488/898/837
f 3462/840/783 3487/825/769 3460/824/768
f 3436/833/776 3488/898/837 3438/897/836
f 3492/821/765 3438/897/836 3490/823/767
f 3440/918/847 3493/820/764 3441/919/848
f 3441/919/848 3496/896/835 3443/920/846
f 3469/837/780 3443/920/846 3496/896/835
f 3498/665/761 3444/169/849 3469/837/780
f 3500/815/758 3448/327/850 3446/899/838
f 3503/817/760 3450/217/851 3448/327/850
f 3505/813/756 3451/219/852 3450/217/851
f 3507/810/753 3454/58/853 3451/219/852
f 3431/900/773 3509/812/755 3512/807/750
f 3532/800/745 3519/836/779 3530/799/744
f 3471/818/762 3469/837/780 3519/836/779
f 3514/843/786 3457/828/771 3455/844/751
f 3463/822/766 3528/797/742 3465/819/763
f 3515/842/785 3527/798/743 3518/839/782
f 3524/806/790 3452/904/842 3536/887/827
f 3510/879/819 3478/888/828 3508/876/817
f 3478/888/828 3506/877/818 3508/876/817
f 3474/858/800 3501/874/815 3502/873/814
f 3499/875/816 3472/880/820 3470/881/822
f 3495/872/813 3470/881/822 3468/883/824
f 3468/883/824 3494/820/811 3495/872/813
f 3491/871/812 3466/882/823 3464/861/803
f 3486/906/844 3459/884/825 3485/921/854
f 3516/864/806 3485/921/854 3459/884/825
f 3520/836/821 3529/853/794 3466/882/823
f 3516/864/806 3524/849/790 3458/862/804
f 3543/31/6 3544/19/6 3542/32/6
f 3545/25/21 3548/24/21 3544/19/21
f 3549/18/4 3546/33/4 3548/24/4
f 3546/33/11 3543/34/11 3542/35/11
f 3548/24/7 3542/36/7 3544/13/7
f 3545/15/1 3547/37/1 3549/18/1
f 3551/31/6 3552/19/6 3550/32/6
f 3553/25/21 3556/24/21 3552/19/21
f 3556/24/4 3555/37/4 3554/33/4
f 3554/33/11 3551/34/11 3550/35/11
f 3556/24/7 3550/36/7 3552/13/7
f 3553/15/1 3555/37/1 3557/18/1
f 3558/32/6 3561/25/6 3560/19/6
f 3561/25/21 3564/24/21 3560/19/21
f 3565/18/4 3562/33/4 3564/24/4
f 3562/33/11 3559/34/11 3558/35/11
f 3564/24/7 3558/36/7 3560/13/7
f 3561/15/1 3563/37/1 3565/18/1
f 3567/31/6 3568/19/6 3566/32/6
f 3569/25/21 3572/24/21 3568/19/21
f 3573/18/4 3570/33/4 3572/24/4
f 3570/33/11 3567/34/11 3566/35/11
f 3568/13/7 3570/33/7 3566/36/7
f 3569/15/1 3571/37/1 3573/18/1
f 3575/31/6 3576/19/6 3574/32/6
f 3577/25/21 3580/24/21 3576/19/21
f 3581/18/4 3578/33/4 3580/24/4
f 3578/33/11 3575/34/11 3574/35/11
f 3580/24/7 3574/36/7 3576/13/7
f 3577/15/1 3579/37/1 3581/18/1
f 3583/31/6 3584/19/6 3582/32/6
f 3585/25/21 3588/24/21 3584/19/21
f 3589/18/4 3586/33/4 3588/24/4
f 3586/33/11 3583/34/11 3582/35/11
f 3588/24/7 3582/36/7 3584/13/7
f 3585/15/1 3587/37/1 3589/18/1
f 3591/31/6 3592/19/6 3590/32/6
f 3593/25/21 3596/24/21 3592/19/21
f 3596/24/4 3595/37/4 3594/33/4
f 3594/33/11 3591/34/11 3590/35/11
f 3596/24/7 3590/36/7 3592/13/7
f 3597/18/1 3591/139/1 3595/37/1
f 3599/31/6 3600/19/6 3598/32/6
f 3601/25/21 3604/24/21 3600/19/21
f 3604/24/4 3603/37/4 3602/33/4
f 3602/33/11 3599/34/11 3598/35/11
f 3600/13/7 3602/33/7 3598/36/7
f 3601/15/1 3603/37/1 3605/18/1
f 3607/31/6 3608/19/6 3606/32/6
f 3609/25/21 3612/24/21 3608/19/21
f 3612/24/4 3611/37/4 3610/33/4
f 3610/33/11 3607/34/11 3606/35/11
f 3608/13/7 3610/33/7 3606/36/7
f 3609/15/1 3611/37/1 3613/18/1
f 3615/31/6 3616/19/6 3614/32/6
f 3617/25/21 3620/24/21 3616/19/21
f 3621/18/4 3618/33/4 3620/24/4
f 3618/33/11 3615/34/11 3614/35/11
f 3620/24/7 3614/36/7 3616/13/7
f 3621/18/1 3615/139/1 3619/37/1
f 3623/31/6 3624/19/6 3622/32/6
f 3625/25/21 3628/24/21 3624/19/21
f 3628/24/4 3627/37/4 3626/33/4
f 3626/33/11 3623/34/11 3622/35/11
f 3624/13/7 3626/33/7 3622/36/7
f 3625/15/1 3627/37/1 3629/18/1
f 3631/31/6 3632/19/6 3630/32/6
f 3633/25/21 3636/24/21 3632/19/21
f 3637/18/4 3634/33/4 3636/24/4
f 3634/33/11 3631/34/11 3630/35/11
f 3636/24/7 3630/36/7 3632/13/7
f 3637/18/1 3631/139/1 3635/37/1
f 3639/31/6 3640/19/6 3638/32/6
f 3641/25/21 3644/24/21 3640/19/21
f 3644/24/4 3643/37/4 3642/33/4
f 3642/33/11 3639/34/11 3638/35/11
f 3640/13/7 3642/33/7 3638/36/7
f 3641/15/1 3643/37/1 3645/18/1
f 3647/31/6 3648/19/6 3646/32/6
f 3649/25/21 3652/24/21 3648/19/21
f 3653/18/4 3650/33/4 3652/24/4
f 3650/33/11 3647/34/11 3646/35/11
f 3648/13/7 3650/33/7 3646/36/7
f 3653/18/1 3647/139/1 3651/37/1
f 3655/31/6 3656/19/6 3654/32/6
f 3657/25/21 3660/24/21 3656/19/21
f 3661/18/4 3658/33/4 3660/24/4
f 3658/33/11 3655/34/11 3654/35/11
f 3660/24/7 3654/36/7 3656/13/7
f 3661/18/1 3655/139/1 3659/37/1
f 3663/31/6 3664/19/6 3662/32/6
f 3665/25/21 3668/24/21 3664/19/21
f 3668/24/4 3667/37/4 3666/33/4
f 3666/33/11 3663/34/11 3662/35/11
f 3668/24/7 3662/36/7 3664/13/7
f 3665/15/1 3667/37/1 3669/18/1
f 3671/31/6 3672/19/6 3670/32/6
f 3673/25/21 3676/24/21 3672/19/21
f 3677/18/4 3674/33/4 3676/24/4
f 3674/33/11 3671/34/11 3670/35/11
f 3676/24/7 3670/36/7 3672/13/7
f 3673/15/1 3675/37/1 3677/18/1
f 3679/31/6 3680/19/6 3678/32/6
f 3681/25/21 3684/24/21 3680/19/21
f 3685/18/4 3682/33/4 3684/24/4
f 3682/33/11 3679/34/11 3678/35/11
f 3684/24/7 3678/36/7 3680/13/7
f 3681/15/1 3683/37/1 3685/18/1
f 3687/31/6 3688/19/6 3686/32/6
f 3689/25/21 3692/24/21 3688/19/21
f 3693/18/4 3690/33/4 3692/24/4
f 3690/33/11 3687/34/11 3686/35/11
f 3688/13/7 3690/33/7 3686/36/7
f 3689/15/1 3691/37/1 3693/18/1
f 3695/31/6 3696/19/6 3694/32/6
f 3697/25/21 3700/24/21 3696/19/21
f 3701/18/4 3698/33/4 3700/24/4
f 3698/33/11 3695/34/11 3694/35/11
f 3700/24/7 3694/36/7 3696/13/7
f 3697/15/1 3699/37/1 3701/18/1
f 3703/31/6 3704/19/6 3702/32/6
f 3705/25/21 3708/24/21 3704/19/21
f 3708/24/4 3707/37/4 3706/33/4
f 3706/33/11 3703/34/11 3702/35/11
f 3704/13/7 3706/33/7 3702/36/7
f 3705/15/1 3707/37/1 3709/18/1
f 3711/31/6 3712/19/6 3710/32/6
f 3713/25/21 3716/24/21 3712/19/21
f 3716/24/4 3715/37/4 3714/33/4
f 3714/33/11 3711/34/11 3710/35/11
f 3716/24/7 3710/36/7 3712/13/7
f 3717/18/1 3711/139/1 3715/37/1
f 3719/31/6 3720/19/6 3718/32/6
f 3721/25/21 3724/24/21 3720/19/21
f 3724/24/4 3723/37/4 3722/33/4
f 3722/33/11 3719/34/11 3718/35/11
f 3724/24/7 3718/36/7 3720/13/7
f 3721/15/1 3723/37/1 3725/18/1
f 3727/31/6 3728/19/6 3726/32/6
f 3729/25/21 3732/24/21 3728/19/21
f 3733/18/4 3730/33/4 3732/24/4
f 3730/33/11 3727/34/11 3726/35/11
f 3732/24/7 3726/36/7 3728/13/7
f 3729/15/1 3731/37/1 3733/18/1
f 3735/31/6 3736/19/6 3734/32/6
f 3737/25/21 3740/24/21 3736/19/21
f 3740/24/4 3739/37/4 3738/33/4
f 3738/33/11 3735/34/11 3734/35/11
f 3736/13/7 3738/33/7 3734/36/7
f 3737/15/1 3739/37/1 3741/18/1
f 3743/31/6 3744/19/6 3742/32/6
f 3745/25/21 3748/24/21 3744/19/21
f 3749/18/4 3746/33/4 3748/24/4
f 3746/33/11 3743/34/11 3742/35/11
f 3744/13/7 3746/33/7 3742/36/7
f 3745/15/1 3747/37/1 3749/18/1
f 3751/31/6 3752/19/6 3750/32/6
f 3753/25/21 3756/24/21 3752/19/21
f 3757/18/4 3754/33/4 3756/24/4
f 3754/33/11 3751/34/11 3750/35/11
f 3752/13/7 3754/33/7 3750/36/7
f 3753/15/1 3755/37/1 3757/18/1
f 3759/31/6 3760/19/6 3758/32/6
f 3761/25/21 3764/24/21 3760/19/21
f 3765/18/4 3762/33/4 3764/24/4
f 3762/33/11 3759/34/11 3758/35/11
f 3760/13/7 3762/33/7 3758/36/7
f 3761/15/1 3763/37/1 3765/18/1
f 3767/31/6 3768/19/6 3766/32/6
f 3769/25/21 3772/24/21 3768/19/21
f 3773/18/4 3770/33/4 3772/24/4
f 3770/33/11 3767/34/11 3766/35/11
f 3768/13/7 3770/33/7 3766/36/7
f 3773/18/1 3767/139/1 3771/37/1
f 3775/31/6 3776/19/6 3774/32/6
f 3777/25/21 3780/24/21 3776/19/21
f 3781/18/4 3778/33/4 3780/24/4
f 3778/33/11 3775/34/11 3774/35/11
f 3780/24/7 3774/36/7 3776/13/7
f 3777/15/1 3779/37/1 3781/18/1
f 3783/31/6 3784/19/6 3782/32/6
f 3785/25/21 3788/24/21 3784/19/21
f 3789/18/4 3786/33/4 3788/24/4
f 3786/33/11 3783/34/11 3782/35/11
f 3784/13/7 3786/33/7 3782/36/7
f 3785/15/1 3787/37/1 3789/18/1
f 3790/32/6 3793/25/6 3792/19/6
f 3793/25/21 3796/24/21 3792/19/21
f 3797/18/4 3794/33/4 3796/24/4
f 3794/33/11 3791/34/11 3790/35/11
f 3796/24/7 3790/36/7 3792/13/7
f 3797/18/1 3791/139/1 3795/37/1
f 3806/922/855 3882/923/856 3890/924/857
f 3883/925/858 3801/926/859 3884/927/860
f 3884/927/860 3801/926/859 3885/928/861
f 3885/928/861 3804/929/862 3886/930/863
f 3886/930/863 3804/929/862 3887/931/864
f 3887/931/864 3804/929/862 3888/932/865
f 3806/933/855 3889/934/866 3888/932/865
f 3806/933/855 3890/935/857 3889/934/866
f 3872/936/867 3819/937/868 3873/938/869
f 3871/939/870 3818/940/871 3872/936/867
f 3870/941/872 3817/942/873 3871/939/870
f 3811/943/874 3865/944/875 3864/945/876
f 3810/946/877 3864/945/876 3863/947/878
f 3846/948/879 3847/949/880 3861/950/881
f 3874/951/882 3861/950/881 3805/952/883
f 3805/952/883 3821/953/884 3875/954/885
f 3823/955/886 3876/956/887 3875/954/885
f 3825/957/888 3877/958/889 3876/956/887
f 3828/959/890 3879/960/891 3878/961/892
f 3879/960/891 3829/962/893 3880/963/894
f 3880/963/894 3830/964/895 3881/965/896
f 3845/966/897 3860/967/898 3859/968/899
f 3844/969/900 3859/968/899 3858/970/901
f 3843/971/902 3858/970/901 3857/972/903
f 3856/973/904 3843/971/902 3857/972/903
f 3855/974/905 3842/975/906 3856/973/904
f 3854/976/907 3841/977/908 3855/974/905
f 3853/978/909 3840/979/910 3854/976/907
f 3851/980/911 3838/981/912 3839/982/913
f 3850/983/914 3837/984/915 3851/980/911
f 3849/985/916 3836/986/917 3850/983/914
f 3848/987/918 3835/988/919 3849/985/916
f 3808/989/920 3834/990/921 3848/987/918
f 3847/949/880 3834/990/921 3808/989/920
f 3833/991/922 3847/949/880 3846/948/879
f 3809/153/923 3849/985/916 3810/946/877
f 3810/946/877 3850/983/914 3811/943/874
f 3811/943/874 3851/980/911 3812/992/924
f 3812/992/924 3839/982/913 3852/993/925
f 3853/978/909 3854/976/907 3813/994/926
f 3860/967/898 3807/995/927 3819/937/868
f 3862/996/928 3822/997/929 3821/953/884
f 3863/947/878 3823/955/886 3822/997/929
f 3864/945/876 3824/998/930 3823/955/886
f 3865/944/875 3825/957/888 3824/998/930
f 3812/992/924 3826/999/931 3825/957/888
f 3829/962/893 3871/939/870 3830/964/895
f 3803/1000/932 3880/963/894 3805/1001/883
f 3879/960/891 3803/1000/932 3802/1002/933
f 3805/952/883 3875/954/885 3799/1003/934
f 3890/935/857 3832/1004/935 3845/966/897
f 3888/932/865 3844/969/900 3843/971/902
f 3842/975/906 3887/931/864 3843/971/902
f 3800/1005/936 3836/986/917 3835/988/919
f 3882/923/856 3833/991/922 3832/1006/935
f 3894/1007/937 3906/1008/938 3905/1009/939
f 3896/1010/940 3909/1011/941 3908/1012/942
f 3910/1013/943 3902/1014/944 3911/1015/945
f 3912/1016/946 3903/1017/947 3904/779/948
f 3900/1018/949 3911/1015/945 3901/1019/950
f 3899/1020/951 3910/1013/943 3900/1018/949
f 3910/1013/943 3899/1020/951 3898/1021/952
f 3909/1011/941 3898/1021/952 3897/1022/953
f 3895/1023/954 3908/1012/942 3897/1022/953
f 3893/1024/955 3907/1025/956 3895/1023/954
f 3906/1008/938 3893/1024/955 3892/1026/957
f 3905/1009/939 3892/1026/957 3891/1027/958
f 3904/1028/948 3891/1027/958 3901/278/950
f 3925/1029/959 3927/1030/960 3926/1031/961
f 3916/1032/962 3928/1033/963 3927/1030/960
f 3928/1033/963 3916/1032/962 3929/1034/964
f 3929/1034/964 3920/1035/965 3930/1036/966
f 3932/1037/967 3923/1038/968 3933/1015/969
f 3934/1016/970 3925/1017/959 3926/779/961
f 3922/1039/971 3934/1016/970 3924/1040/972
f 3921/1041/973 3933/1015/969 3922/1039/971
f 3932/1037/967 3921/1041/973 3919/1042/974
f 3931/1043/975 3919/1042/974 3918/1044/976
f 3915/1045/977 3929/1034/964 3917/1023/978
f 3914/1046/979 3928/1033/963 3915/1045/977
f 3927/1030/960 3914/1046/979 3913/1027/980
f 3926/1031/961 3913/1027/980 3924/278/972
f 3885/928/861 3801/926/859 3804/929/862
f 3888/932/865 3804/929/862 3806/933/855
f 3873/938/869 3819/937/868 3807/995/927
f 3872/936/867 3818/940/871 3819/937/868
f 3871/939/870 3817/942/873 3818/940/871
f 3870/941/872 3816/1047/981 3817/942/873
f 3852/993/925 3853/978/909 3866/1048/982
f 3812/992/924 3852/993/925 3826/999/931
f 3811/943/874 3812/992/924 3865/944/875
f 3810/946/877 3811/943/874 3864/945/876
f 3809/153/923 3810/946/877 3863/947/878
f 3874/951/882 3820/1049/983 3861/950/881
f 3805/952/883 3861/950/881 3821/953/884
f 3875/954/885 3821/953/884 3822/997/929
f 3875/954/885 3822/997/929 3823/955/886
f 3823/955/886 3824/998/930 3876/956/887
f 3824/998/930 3825/957/888 3876/956/887
f 3825/957/888 3826/999/931 3877/958/889
f 3827/1050/984 3828/959/890 3878/961/892
f 3879/960/891 3828/959/890 3829/962/893
f 3880/963/894 3829/962/893 3830/964/895
f 3844/969/900 3845/966/897 3859/968/899
f 3843/971/902 3844/969/900 3858/970/901
f 3856/973/904 3842/975/906 3843/971/902
f 3855/974/905 3841/977/908 3842/975/906
f 3854/976/907 3840/979/910 3841/977/908
f 3851/980/911 3837/984/915 3838/981/912
f 3850/983/914 3836/986/917 3837/984/915
f 3849/985/916 3835/988/919 3836/986/917
f 3848/987/918 3834/990/921 3835/988/919
f 3810/946/877 3849/985/916 3850/983/914
f 3811/943/874 3850/983/914 3851/980/911
f 3812/992/924 3851/980/911 3839/982/913
f 3820/1049/983 3807/1051/927 3846/948/879
f 3820/1049/983 3846/948/879 3861/950/881
f 3862/996/928 3863/947/878 3822/997/929
f 3863/947/878 3864/945/876 3823/955/886
f 3864/945/876 3865/944/875 3824/998/930
f 3865/944/875 3812/992/924 3825/957/888
f 3866/1048/982 3867/1052/985 3827/1050/984
f 3868/1053/986 3869/1054/987 3828/959/890
f 3829/962/893 3870/941/872 3871/939/870
f 3830/964/895 3871/939/870 3872/936/867
f 3805/1001/883 3880/963/894 3881/965/896
f 3879/960/891 3880/963/894 3803/1000/932
f 3878/961/892 3879/960/891 3802/1002/933
f 3877/958/889 3878/961/892 3802/1002/933
f 3875/954/885 3876/956/887 3799/1003/934
f 3805/952/883 3881/1055/896 3874/951/882
f 3889/934/866 3890/935/857 3845/966/897
f 3887/931/864 3888/932/865 3843/971/902
f 3882/923/856 3834/990/921 3833/991/922
f 3890/924/857 3882/923/856 3832/1006/935
f 3920/1035/965 3931/1043/975 3930/1036/966
f 3901/1019/950 3912/1016/946 3904/779/948
f 3901/1019/950 3911/1015/945 3912/1016/946
f 3900/1018/949 3910/1013/943 3911/1015/945
f 3909/1011/941 3910/1013/943 3898/1021/952
f 3908/1012/942 3909/1011/941 3897/1022/953
f 3895/1023/954 3907/1025/956 3908/1012/942
f 3893/1024/955 3906/1008/938 3907/1025/956
f 3905/1009/939 3906/1008/938 3892/1026/957
f 3904/1028/948 3905/1009/939 3891/1027/958
f 3925/1029/959 3916/1032/962 3927/1030/960
f 3929/1034/964 3916/1032/962 3920/1035/965
f 3917/1023/978 3930/1036/966 3918/1044/976
f 3924/1040/972 3934/1016/970 3926/779/961
f 3922/1039/971 3933/1015/969 3934/1016/970
f 3921/1041/973 3932/1037/967 3933/1015/969
f 3931/1043/975 3932/1037/967 3919/1042/974
f 3930/1036/966 3931/1043/975 3918/1044/976
f 3917/1023/978 3929/1034/964 3930/1036/966
f 3915/1045/977 3928/1033/963 3929/1034/964
f 3927/1030/960 3928/1033/963 3914/1046/979
f 3926/1031/961 3927/1030/960 3913/1027/980
f 3935/1056/988 4005/1057/989 4010/924/990
f 4006/1058/991 3939/1059/992 4007/1060/993
f 4007/1060/993 3939/1059/992 4008/931/994
f 4008/931/994 3941/1061/995 4009/1062/996
f 3941/1061/995 4010/1063/990 4009/1062/996
f 3996/1064/997 3952/1065/998 3997/1066/999
f 3995/939/1000 3951/1067/1001 3996/1064/997
f 3994/1068/1002 3950/1069/1003 3995/939/1000
f 3943/1070/1004 3989/1071/1005 3988/947/1006
f 3998/1072/1007 3986/1073/1008 3940/952/1009
f 3940/952/1009 3986/1073/1008 3953/1074/1010
f 3954/955/1011 3999/1075/1012 3953/1074/1010
f 3955/1076/1013 4000/1077/1014 3999/1075/1012
f 3956/1078/1015 4001/1079/1016 4000/1077/1014
f 3957/1080/1017 4002/1081/1018 4001/1079/1016
f 4002/1081/1018 3959/1082/1019 4003/963/1020
f 4003/963/1020 3960/1083/1021 4004/1084/1022
f 3970/1085/1023 3985/1086/1024 3984/1087/1025
f 3970/1085/1023 3984/1087/1025 3983/1088/1026
f 3969/971/1027 3983/1088/1026 3982/972/903
f 3981/1089/1028 3969/971/1027 3982/972/903
f 3980/1090/1029 3968/1091/1030 3981/1089/1028
f 3979/1092/1031 3968/1091/1030 3980/1090/1029
f 3976/1093/1032 3965/1094/1033 3977/1095/1034
f 3975/985/1035 3964/1096/1036 3976/1093/1032
f 3974/1097/1037 3964/1096/1036 3975/985/1035
f 3973/1098/1038 3963/1099/1039 3974/1097/1037
f 3943/1070/1004 3976/1093/1032 3990/1100/1040
f 3978/1101/1041 3979/1092/1031 3945/1102/1042
f 3985/1086/1024 3942/1103/1043 3952/1065/998
f 3987/1104/1044 3953/1074/1010 3986/1073/1008
f 3988/947/1006 3954/955/1011 3953/1074/1010
f 3989/1071/1005 3955/1076/1013 3954/955/1011
f 3944/1105/1045 3956/1078/1015 3955/1076/1013
f 3959/1082/1019 3995/939/1000 3960/1083/1021
f 3938/1000/1046 4003/963/1020 3940/1106/1009
f 4002/1081/1018 3938/1000/1046 3937/1107/1047
f 3940/952/1009 3953/1074/1010 3999/1075/1012
f 4009/1062/996 3970/1085/1023 3969/971/1027
f 3968/1091/1030 4008/931/994 3969/971/1027
f 3966/1108/1048 4006/1058/991 3967/1109/1049
f 3935/1056/988 3963/1099/1039 3962/1110/1050
f 4005/1057/989 3962/1110/1050 3971/1006/1051
f 4020/1018/1052 4027/1111/1053 4021/1112/1054
f 4019/1113/1055 4022/1114/1056 4020/1018/1052
f 4014/1024/1057 4024/1115/1058 4015/1116/1059
f 4016/1117/1060 4014/1024/1057 4012/1118/1061
f 4023/1030/1062 4012/1118/1061 4011/1027/1063
f 4028/1119/1064 4011/1027/1063 4021/278/1054
f 4038/1018/1065 4045/1120/1066 4039/1121/1067
f 4036/1122/1068 4040/1123/1069 4038/1018/1065
f 4044/1124/1070 4036/1122/1068 4035/1125/1071
f 4033/1126/1072 4043/1127/1073 4035/1125/1071
f 4032/1128/1074 4042/1129/1075 4033/1126/1072
f 4034/1130/1076 4032/1128/1074 4030/1026/1077
f 4041/1131/1078 4030/1026/1077 4029/1132/1063
f 4046/1133/1064 4029/1132/1063 4039/278/1067
f 4052/1134/1079 4116/1135/1080 4122/924/1081
f 4052/1134/1079 4074/1136/1082 4116/1135/1080
f 4117/1137/1083 4048/1138/1084 4118/1139/1085
f 4118/1139/1085 4048/1138/1084 4119/1140/1086
f 4119/1140/1086 4048/1138/1084 4120/1141/1087
f 4120/1141/1087 4048/1138/1084 4121/932/1088
f 4052/1142/1079 4122/1143/1081 4121/932/1088
f 4107/1064/997 4063/1065/998 4108/1144/999
f 4106/939/1000 4062/940/1001 4107/1064/997
f 4105/1068/1002 4061/942/1003 4106/939/1000
f 4054/1145/1004 4100/1146/1005 4099/947/1089
f 4109/1147/1007 4097/1073/1008 4051/1148/1009
f 4051/1148/1009 4097/1073/1008 4064/1074/1010
f 4065/1149/1011 4110/1150/1012 4064/1074/1010
f 4066/1151/1013 4111/1077/1014 4110/1150/1012
f 4067/999/1090 4112/1152/1016 4111/1077/1014
f 4068/1050/1091 4113/1153/1018 4112/1152/1016
f 4113/1153/1018 4070/1154/1019 4114/1155/1020
f 4114/1155/1020 4071/1156/1021 4115/1084/1022
f 4081/1157/1092 4096/1158/1024 4095/1087/1025
f 4081/1157/1092 4095/1087/1025 4094/1159/1026
f 4080/971/1027 4094/1159/1026 4093/972/903
f 4092/973/1028 4080/971/1027 4093/972/903
f 4091/974/1093 4079/1091/1030 4092/973/1028
f 4090/1160/1031 4079/1091/1030 4091/974/1093
f 4087/1161/1094 4076/984/1095 4088/1162/1034
f 4086/1163/1096 4075/1164/1097 4087/1161/1094
f 4085/1165/1037 4075/1164/1097 4086/1163/1096
f 4084/1166/1098 4074/1136/1082 4085/1165/1037
f 4054/1145/1004 4087/1161/1094 4101/1100/1040
f 4089/1167/1099 4090/1160/1031 4056/1168/1042
f 4096/1158/1024 4053/995/1100 4063/1065/998
f 4098/1104/1101 4064/1074/1010 4097/1073/1008
f 4099/947/1089 4065/1149/1011 4064/1074/1010
f 4100/1146/1005 4066/1151/1013 4065/1149/1011
f 4055/1169/1045 4067/999/1090 4066/1151/1013
f 4070/1154/1019 4106/939/1000 4071/1156/1021
f 4050/1170/1102 4114/1155/1020 4051/1171/1009
f 4113/1153/1018 4050/1170/1102 4049/1172/1047
f 4051/1148/1009 4064/1074/1010 4110/1150/1012
f 4121/932/1088 4081/1157/1092 4080/971/1027
f 4079/1091/1030 4120/1141/1087 4080/971/1027
f 4077/1173/1103 4118/1139/1085 4078/1174/1104
f 4116/1135/1080 4073/1110/1105 4082/1175/1051
f 4132/1176/1106 4139/1177/1107 4134/1178/1108
f 4131/1020/1109 4133/1179/1110 4132/1176/1106
f 4138/1180/1111 4131/1020/1109 4130/1181/1112
f 4137/1182/1113 4130/1181/1112 4128/1183/1114
f 4126/1184/1115 4136/1185/1116 4128/1183/1114
f 4125/1186/1117 4135/1187/1118 4126/1184/1115
f 4143/1188/1119 4153/1189/1120 4158/1190/1121
f 4143/1188/1119 4145/1191/1122 4153/1189/1120
f 4154/1185/1123 4149/1192/1124 4155/1193/1125
f 4151/1039/1126 4158/1194/1121 4141/1040/1127
f 4150/1195/1128 4157/1111/1129 4151/1039/1126
f 4152/1196/1130 4150/1195/1128 4148/1042/1131
f 4156/1197/1132 4148/1042/1131 4147/1198/1133
f 4144/1199/1134 4154/1185/1123 4146/1023/1135
f 4142/1046/1136 4145/1191/1122 4144/1199/1134
f 4153/1189/1120 4142/1046/1136 4141/1200/1127
f 4164/1201/1137 4227/923/1138 4233/924/1139
f 4164/1201/1137 4183/1202/1082 4227/923/1138
f 4228/1203/1140 4160/1204/1084 4229/1205/1141
f 4229/1205/1141 4160/1204/1084 4230/1206/1142
f 4230/1206/1142 4160/1204/1084 4231/931/1087
f 4231/931/1087 4160/1204/1084 4232/932/1143
f 4164/1207/1137 4233/1208/1139 4232/932/1143
f 4168/1209/1144 4215/1210/1145 4214/1211/1146
f 4167/1212/1147 4214/1211/1146 4213/1213/1148
f 4199/1214/1149 4213/1213/1148 4212/1215/1150
f 4165/1216/1004 4210/1146/1005 4209/947/1089
f 4220/1217/1151 4207/1218/1008 4163/1219/1009
f 4163/1219/1009 4207/1218/1008 4174/1074/1010
f 4175/1149/1011 4221/1220/1012 4174/1074/1010
f 4176/1221/1013 4222/1222/1014 4221/1220/1012
f 4177/1223/1152 4223/1224/1153 4222/1222/1014
f 4212/1215/1150 4224/1081/1154 4223/1224/1153
f 4224/1081/1154 4179/1225/1155 4225/1226/1020
f 4225/1226/1020 4180/1083/1021 4226/1227/1156
f 4190/1228/1157 4205/1229/1158 4204/1230/1159
f 4190/1228/1157 4204/1230/1159 4203/1231/1160
f 4189/971/1161 4203/1231/1160 4202/1232/1162
f 4201/1090/1163 4188/1233/1164 4202/1232/1162
f 4200/1234/1165 4188/1233/1164 4201/1090/1163
f 4199/1214/1149 4187/1235/1166 4200/1234/1165
f 4196/1161/1167 4185/1236/1095 4197/1095/1034
f 4195/1163/1096 4184/1164/1097 4196/1161/1167
f 4194/1237/1037 4184/1164/1097 4195/1163/1096
f 4193/1238/1098 4183/1202/1082 4194/1237/1037
f 4206/1239/1168 4191/1240/1169 4173/1241/1170
f 4165/1216/1004 4196/1161/1167 4211/1242/1040
f 4199/1214/1149 4200/1234/1165 4167/1212/1147
f 4167/1212/1147 4201/1090/1163 4168/1209/1144
f 4168/1209/1144 4202/1232/1162 4169/1243/1171
f 4202/1232/1162 4170/1244/1172 4169/1243/1171
f 4203/1231/1160 4171/1245/1173 4170/1244/1172
f 4204/1230/1159 4172/1246/1174 4171/1245/1173
f 4208/1104/1101 4174/1074/1010 4207/1218/1008
f 4209/947/1089 4175/1149/1011 4174/1074/1010
f 4210/1146/1005 4176/1221/1013 4175/1149/1011
f 4166/1247/1045 4177/1223/1152 4176/1221/1013
f 4179/1225/1155 4217/1248/1175 4180/1083/1021
f 4162/1000/1102 4225/1226/1020 4163/1249/1009
f 4224/1081/1154 4162/1000/1102 4161/1172/1047
f 4163/1219/1009 4174/1074/1010 4221/1220/1012
f 4232/932/1143 4190/1228/1157 4189/971/1161
f 4188/1233/1164 4231/931/1087 4189/971/1161
f 4186/1173/1103 4229/1205/1141 4187/1235/1166
f 4227/923/1138 4182/1250/1176 4206/1239/1168
f 4243/1176/1052 4250/1120/1053 4244/1251/1054
f 4242/1113/1177 4245/1252/1056 4243/1176/1052
f 4237/1253/1057 4247/1034/1058 4238/1254/1059
f 4239/1255/1060 4237/1253/1057 4235/1256/1061
f 4246/1189/1062 4235/1256/1061 4234/1257/1063
f 4251/1031/1064 4234/1257/1063 4244/278/1054
f 4260/1258/1178 4267/1259/1179 4266/1260/1180
f 4260/1258/1178 4262/1261/1181 4267/1259/1179
f 4268/1120/1182 4254/1262/1183 4269/1263/1184
f 4261/1176/1185 4268/1120/1182 4263/1264/1186
f 4259/1122/1187 4262/1261/1181 4261/1176/1185
f 4267/1259/1179 4259/1122/1187 4258/1125/1188
f 4256/1265/1189 4266/1260/1180 4258/1125/1188
f 4255/1266/1190 4265/1034/1191 4256/1265/1189
f 4257/1267/1192 4255/1266/1190 4253/1026/1193
f 4264/1268/1194 4253/1026/1193 4252/1269/1195
f 4270/1270/1196 4340/1271/1197 4345/924/1198
f 4341/1272/1199 4272/1273/1200 4342/1274/1201
f 4342/1274/1201 4275/1275/1202 4343/1276/1203
f 4343/1276/1203 4275/1275/1202 4344/1062/1204
f 4270/1277/1196 4345/1278/1198 4344/1062/1204
f 4331/1279/997 4287/1280/998 4332/1281/999
f 4330/1282/1000 4286/940/1001 4331/1279/997
f 4329/1068/1002 4285/1283/1205 4330/1282/1000
f 4278/1070/1004 4324/1071/1005 4323/947/1089
f 4333/1284/1007 4321/1285/1008 4276/1148/1009
f 4276/1148/1009 4321/1285/1008 4288/1286/1206
f 4289/1149/1011 4334/1287/1012 4288/1286/1206
f 4290/1288/1013 4335/1289/1014 4334/1287/1012
f 4291/1290/1090 4336/1291/1016 4335/1289/1014
f 4292/1292/1017 4337/1293/1018 4336/1291/1016
f 4337/1293/1018 4294/1225/1207 4338/1155/1208
f 4338/1155/1208 4295/1294/1021 4339/1295/1022
f 4305/1296/1092 4320/1297/1024 4319/1298/1209
f 4305/1296/1092 4319/1298/1209 4318/1299/1026
f 4304/971/1027 4318/1299/1026 4317/972/903
f 4316/973/1028 4304/971/1027 4317/972/903
f 4315/1300/1029 4303/1301/1210 4316/973/1028
f 4314/1302/1211 4303/1301/1210 4315/1300/1029
f 4311/1303/1032 4300/1304/1212 4312/1305/1213
f 4310/985/1035 4299/1096/1214 4311/1303/1032
f 4309/1165/1037 4299/1096/1214 4310/985/1035
f 4308/1306/1215 4298/1307/1216 4309/1165/1037
f 4278/1070/1004 4311/1303/1032 4325/1308/1040
f 4313/1309/1041 4314/1302/1211 4280/1310/1042
f 4320/1297/1024 4277/1311/1100 4287/1280/998
f 4322/1312/1044 4288/1286/1206 4321/1285/1008
f 4323/947/1089 4289/1149/1011 4288/1286/1206
f 4324/1071/1005 4290/1288/1013 4289/1149/1011
f 4279/1313/1045 4291/1290/1090 4290/1288/1013
f 4294/1225/1207 4330/1282/1000 4295/1294/1021
f 4274/1314/1046 4338/1155/1208 4276/1171/1009
f 4337/1293/1018 4274/1314/1046 4273/1315/1047
f 4276/1148/1009 4288/1286/1206 4334/1287/1012
f 4344/1062/1204 4305/1296/1092 4304/971/1027
f 4303/1301/1210 4343/1276/1203 4304/971/1027
f 4301/1316/1217 4341/1272/1199 4302/1317/1218
f 4340/1271/1197 4297/1318/1219 4306/1319/1051
f 4349/1320/1220 4358/1321/1221 4363/1322/1222
f 4358/1321/1221 4349/1320/1220 4359/1129/1223
f 4359/1129/1223 4351/1323/1224 4360/1324/1225
f 4354/1018/1226 4362/1325/1227 4356/1326/1228
f 4353/1020/1229 4355/1327/1230 4354/1018/1226
f 4361/1328/1231 4353/1020/1229 4352/1329/1232
f 4360/1324/1225 4352/1329/1232 4350/1330/1233
f 4348/1253/1234 4359/1129/1223 4350/1330/1233
f 4358/1321/1221 4348/1253/1234 4347/1026/1235
f 4375/1331/1236 4376/1332/1237 4381/1333/1238
f 4376/1332/1237 4368/1334/1239 4377/1185/1240
f 4370/1335/1241 4379/1328/1242 4378/1336/1243
f 4380/1325/1244 4375/1337/1236 4381/1338/1238
f 4372/1339/1245 4380/1325/1244 4373/1340/1246
f 4371/1113/1247 4374/1341/1248 4372/1339/1245
f 4379/1328/1242 4371/1113/1247 4369/1342/1249
f 4378/1336/1243 4369/1342/1249 4367/1343/1250
f 4366/1344/1251 4377/1185/1240 4367/1343/1250
f 4376/1332/1237 4366/1344/1251 4365/1345/1252
f 4423/1346/1253 4383/1347/1254 4424/1348/1255
f 4382/1277/1256 4425/1349/1257 4424/1348/1255
f 4417/941/1258 4389/1350/1259 4418/1351/1260
f 4422/1352/1261 4413/1353/1262 4384/1354/1263
f 4384/1354/1263 4413/1353/1262 4391/1355/1264
f 4392/1356/1265 4419/1357/1266 4391/1355/1264
f 4393/1358/1267 4420/1359/1268 4419/1357/1266
f 4394/959/1269 4421/1360/1270 4420/1359/1268
f 4421/1360/1270 4396/1361/1271 4422/1362/1261
f 4404/1363/1272 4412/1364/1273 4411/1365/1274
f 4410/1366/1275 4403/971/1276 4411/1365/1274
f 4409/976/1277 4402/1367/1278 4410/1366/1275
f 4408/1368/1279 4401/1369/1280 4409/976/1277
f 4406/1370/1281 4399/1371/1282 4407/1372/1283
f 4405/1373/1284 4398/1374/1285 4406/1370/1281
f 4414/1375/1286 4400/1376/1287 4386/992/1288
f 4386/992/1288 4401/1369/1280 4408/1368/1279
f 4408/1368/1279 4409/976/1277 4387/1377/1289
f 4412/1364/1273 4385/995/1290 4390/1378/1291
f 4406/1370/1281 4391/1355/1264 4413/1353/1262
f 4407/1372/1283 4392/1356/1265 4391/1355/1264
f 4414/1375/1286 4393/1358/1267 4392/1356/1265
f 4395/1379/1292 4418/1351/1260 4396/1361/1271
f 4421/1360/1270 4384/1380/1263 4419/1357/1266
f 4384/1354/1263 4391/1355/1264 4419/1357/1266
f 4425/1349/1257 4397/1004/1293 4404/1363/1272
f 4424/1348/1255 4404/1363/1272 4403/971/1276
f 4402/1367/1278 4424/1348/1255 4403/971/1276
f 4401/1369/1280 4423/1346/1253 4402/1367/1278
f 4431/1381/1294 4436/1382/1295 4432/1019/1296
f 4433/1383/1297 4431/1381/1294 4429/1384/1298
f 4427/1024/1299 4435/1385/1300 4429/1384/1298
f 4428/1386/1301 4427/1024/1299 4426/1026/1302
f 4428/1386/1301 4426/1026/1302 4432/1387/1296
f 4446/1388/1303 4447/1389/1304 4437/1040/1305
f 4443/1390/1306 4442/1391/1307 4441/1392/1308
f 4439/1045/1309 4445/1393/1310 4441/1392/1308
f 4438/1046/1311 4440/1394/1312 4439/1045/1309
f 4447/1395/1304 4438/1046/1311 4437/1396/1305
f 4424/1348/1255 4383/1347/1254 4382/1277/1256
f 4416/1397/1313 4388/1398/1314 4417/941/1258
f 4418/1351/1260 4389/1350/1259 4390/1378/1291
f 4417/941/1258 4388/1398/1314 4389/1350/1259
f 4415/1052/1315 4408/1368/1279 4387/1377/1289
f 4386/992/1288 4408/1368/1279 4393/1358/1267
f 4422/1352/1261 4396/1399/1271 4413/1353/1262
f 4392/1356/1265 4393/1358/1267 4419/1357/1266
f 4393/1358/1267 4394/959/1269 4420/1359/1268
f 4421/1360/1270 4394/959/1269 4395/1379/1292
f 4421/1360/1270 4395/1379/1292 4396/1361/1271
f 4403/971/1276 4404/1363/1272 4411/1365/1274
f 4410/1366/1275 4402/1367/1278 4403/971/1276
f 4409/976/1277 4401/1369/1280 4402/1367/1278
f 4407/1372/1283 4399/1371/1282 4400/1376/1287
f 4406/1370/1281 4398/1374/1285 4399/1371/1282
f 4414/1375/1286 4407/1372/1283 4400/1376/1287
f 4386/992/1288 4400/1376/1287 4401/1369/1280
f 4411/1365/1274 4388/1398/1314 4410/1366/1275
f 4396/1399/1271 4390/1400/1291 4385/1401/1290
f 4413/1353/1262 4405/1373/1284 4406/1370/1281
f 4396/1399/1271 4385/1401/1290 4405/1373/1284
f 4396/1399/1271 4405/1373/1284 4413/1353/1262
f 4406/1370/1281 4407/1372/1283 4391/1355/1264
f 4407/1372/1283 4414/1375/1286 4392/1356/1265
f 4414/1375/1286 4386/992/1288 4393/1358/1267
f 4408/1368/1279 4415/1052/1315 4393/1358/1267
f 4395/1379/1292 4417/941/1258 4418/1351/1260
f 4384/1380/1263 4421/1360/1270 4422/1362/1261
f 4420/1359/1268 4421/1360/1270 4419/1357/1266
f 4404/1363/1272 4424/1348/1255 4425/1349/1257
f 4402/1367/1278 4423/1346/1253 4424/1348/1255
f 4399/1371/1282 4398/1374/1285 4382/1402/1256
f 4425/1403/1257 4398/1374/1285 4397/1404/1293
f 4431/1381/1294 4433/1383/1297 4436/1382/1295
f 4435/1385/1300 4433/1383/1297 4429/1384/1298
f 4427/1024/1299 4428/1386/1301 4435/1385/1300
f 4436/1028/1295 4428/1386/1301 4432/1387/1296
f 4444/1029/1316 4440/1394/1312 4447/1395/1304
f 4445/1393/1310 4440/1394/1312 4443/1390/1306
f 4442/1391/1307 4444/1405/1316 4446/1388/1303
f 4443/1390/1306 4444/1405/1316 4442/1391/1307
f 4445/1393/1310 4443/1390/1306 4441/1392/1308
f 4439/1045/1309 4440/1394/1312 4445/1393/1310
f 4447/1395/1304 4440/1394/1312 4438/1046/1311
f 4490/1406/1317 4450/1407/1318 4491/1408/1319
f 4491/1408/1319 4450/1407/1318 4492/1409/1320
f 4448/1410/1321 4493/1411/1322 4492/1409/1320
f 4454/1412/1323 4483/1413/1324 4482/1414/1325
f 4453/1415/1326 4482/1414/1325 4481/1416/1327
f 4489/1417/1328 4478/1418/1329 4449/1419/1330
f 4449/1419/1330 4478/1418/1329 4457/1420/1331
f 4458/1421/1332 4487/1422/1333 4486/1423/1334
f 4460/1424/1335 4488/1425/1336 4487/1422/1333
f 4488/1425/1336 4462/1426/1337 4489/1427/1328
f 4469/1428/1338 4477/1429/1339 4476/1430/1340
f 4468/1431/1341 4476/1430/1340 4475/1432/1342
f 4474/1433/1343 4467/1434/1344 4475/1432/1342
f 4480/1435/1345 4465/1436/1346 4466/1437/1347
f 4472/1438/1348 4465/1436/1346 4480/1435/1345
f 4471/1439/1349 4464/1440/1350 4472/1438/1348
f 4451/1441/1351 4463/1442/1352 4471/1439/1349
f 4470/1443/1353 4463/1442/1352 4451/1441/1351
f 4471/1439/1349 4472/1438/1348 4451/1441/1351
f 4452/1444/1354 4466/1437/1347 4473/1445/1355
f 4473/1445/1355 4474/1433/1343 4453/1415/1326
f 4453/1415/1326 4475/1432/1342 4454/1412/1323
f 4476/1430/1340 4455/1446/1356 4454/1412/1323
f 4477/1429/1339 4456/1447/1357 4455/1446/1356
f 4451/1441/1351 4457/1420/1331 4478/1418/1329
f 4479/1448/1358 4458/1421/1332 4457/1420/1331
f 4452/1444/1354 4459/1449/1359 4458/1421/1332
f 4461/1450/1360 4484/1451/1361 4462/1426/1337
f 4488/1425/1336 4449/1452/1330 4486/1423/1334
f 4449/1419/1330 4457/1420/1331 4486/1423/1334
f 4493/1411/1322 4477/1429/1339 4469/1428/1338
f 4492/1409/1320 4469/1428/1338 4468/1431/1341
f 4467/1434/1344 4492/1409/1320 4468/1431/1341
f 4466/1437/1347 4491/1408/1319 4467/1434/1344
f 4465/1436/1346 4490/1406/1317 4466/1437/1347
f 4493/1453/1322 4463/1442/1352 4477/1454/1339
f 4502/1455/1362 4501/1456/1363 4500/1457/1364
f 4496/1458/1365 4505/1459/1366 4498/1460/1367
f 4495/1461/1368 4497/1462/1369 4496/1458/1365
f 4504/1009/1370 4495/1461/1368 4494/1463/1371
f 4515/1464/1372 4514/1465/1363 4513/1466/1373
f 4509/1045/1365 4518/1467/1366 4511/1468/1374
f 4508/1461/1368 4510/1462/1369 4509/1045/1365
f 4517/1009/1375 4508/1461/1368 4507/1469/1376
f 4563/1470/1377 4521/1471/1378 4564/1472/1379
f 4564/1472/1379 4521/1471/1378 4565/1473/1380
f 4523/1474/1381 4566/1411/1382 4565/1473/1380
f 4527/1475/1323 4556/1476/1324 4555/1414/1325
f 4526/1477/1326 4555/1414/1325 4554/1478/1327
f 4562/1479/1328 4551/1480/1329 4522/1419/1330
f 4522/1419/1330 4551/1480/1329 4530/1481/1383
f 4531/1482/1384 4560/1483/1333 4559/1484/1385
f 4533/1485/1386 4561/1486/1387 4560/1483/1333
f 4561/1486/1387 4535/1426/1337 4562/1487/1328
f 4542/1488/1338 4550/1489/1388 4549/1490/1340
f 4541/1431/1341 4549/1490/1340 4548/1491/1389
f 4547/1492/1390 4540/1367/1344 4548/1491/1389
f 4553/1493/1345 4538/1494/1391 4539/1495/1347
f 4545/1496/1348 4538/1494/1391 4553/1493/1345
f 4544/1497/1392 4537/1498/1393 4545/1496/1348
f 4524/1499/1394 4536/1500/1395 4544/1497/1392
f 4543/1501/1396 4536/1500/1395 4524/1499/1394
f 4544/1497/1392 4545/1496/1348 4524/1499/1394
f 4525/1502/1354 4539/1495/1347 4546/1503/1355
f 4546/1503/1355 4547/1492/1390 4526/1477/1326
f 4526/1477/1326 4548/1491/1389 4527/1475/1323
f 4549/1490/1340 4528/1504/1397 4527/1475/1323
f 4550/1489/1388 4529/1505/1357 4528/1504/1397
f 4524/1499/1394 4530/1481/1383 4551/1480/1329
f 4552/1506/1358 4531/1482/1384 4530/1481/1383
f 4525/1502/1354 4532/1507/1359 4531/1482/1384
f 4534/1508/1360 4557/1509/1398 4535/1426/1337
f 4561/1486/1387 4522/1510/1330 4559/1484/1385
f 4522/1419/1330 4530/1481/1383 4559/1484/1385
f 4566/1411/1382 4550/1489/1388 4542/1488/1338
f 4565/1473/1380 4542/1488/1338 4541/1431/1341
f 4540/1367/1344 4565/1473/1380 4541/1431/1341
f 4539/1495/1347 4564/1472/1379 4540/1367/1344
f 4538/1494/1391 4563/1470/1377 4539/1495/1347
f 4566/1511/1382 4536/1500/1395 4550/1512/1388
f 4571/1513/1399 4572/1514/1400 4576/1515/1401
f 4575/1516/1402 4573/1517/1403 4572/1514/1400
f 4573/1517/1403 4575/1516/1402 4577/1518/1404
f 4568/1184/1405 4576/1515/1401 4570/1519/1406
f 4567/1520/1407 4569/1521/1408 4568/1184/1405
f 4569/1521/1408 4567/1520/1407 4574/1522/1409
f 4580/1523/1410 4585/1524/1411 4588/1525/1412
f 4585/1524/1411 4580/1523/1410 4582/1526/1413
f 4587/1527/1414 4580/1528/1410 4588/1529/1412
f 4584/1530/1415 4583/1531/1416 4581/1532/1417
f 4579/1184/1418 4582/1526/1413 4581/1532/1417
f 4632/1533/1419 4591/1534/1420 4633/1535/1421
f 4633/1535/1421 4591/1534/1420 4634/1536/1422
f 4589/1537/1423 4635/1538/1424 4634/1536/1422
f 4626/1539/1425 4598/1540/1426 4627/1541/1427
f 4631/1542/1428 4621/1480/1429 4590/1543/1330
f 4590/1543/1330 4621/1480/1429 4600/1420/1331
f 4601/1544/1430 4629/1483/1333 4628/1545/1385
f 4603/1546/1431 4630/1547/1432 4629/1483/1333
f 4630/1547/1432 4605/1548/1433 4631/1549/1428
f 4613/1550/1434 4592/1551/1435 4620/1552/1436
f 4612/1431/1437 4620/1552/1436 4619/1553/1438
f 4618/1554/1439 4611/1555/1440 4619/1553/1438
f 4617/1556/1441 4610/1557/1442 4618/1554/1439
f 4623/1558/1443 4609/1559/1444 4610/1557/1442
f 4616/1560/1348 4609/1559/1444 4623/1558/1443
f 4615/1561/1445 4608/1498/1446 4616/1560/1348
f 4594/1562/1447 4607/1563/1448 4615/1561/1445
f 4593/1564/1449 4607/1563/1448 4594/1562/1447
f 4606/1565/1450 4614/1566/1451 4592/1567/1435
f 4615/1561/1445 4616/1560/1348 4594/1562/1447
f 4595/1568/1452 4610/1557/1442 4617/1556/1441
f 4617/1556/1441 4618/1554/1439 4596/1569/1453
f 4594/1562/1447 4600/1420/1331 4621/1480/1429
f 4622/1570/1358 4601/1544/1430 4600/1420/1331
f 4595/1568/1452 4602/1571/1454 4601/1544/1430
f 4604/1572/1455 4627/1541/1427 4605/1548/1433
f 4630/1547/1432 4590/1573/1330 4628/1545/1385
f 4590/1543/1330 4600/1420/1331 4628/1545/1385
f 4635/1538/1424 4606/1004/1450 4613/1550/1434
f 4634/1536/1422 4613/1550/1434 4612/1431/1437
f 4611/1555/1440 4634/1536/1422 4612/1431/1437
f 4610/1557/1442 4633/1535/1421 4611/1555/1440
f 4609/1559/1444 4632/1533/1419 4610/1557/1442
f 4589/1574/1423 4607/1563/1448 4606/1565/1450
f 4638/1575/1456 4637/1576/1457 4636/1577/1458
f 4637/1576/1457 4640/1578/1459 4642/1579/1460
f 4640/1578/1459 4643/1580/1461 4642/1579/1460
f 4640/1578/1459 4644/1581/1462 4643/1580/1461
f 4644/1581/1462 4640/1578/1459 4645/1582/1463
f 4645/1582/1463 4638/1583/1456 4646/1584/1464
f 4649/1585/1465 4648/1586/1466 4647/1587/1467
f 4648/1586/1466 4651/1588/1468 4655/1589/1469
f 4651/1588/1468 4656/1580/1470 4655/1589/1469
f 4652/1590/1471 4654/1591/1472 4657/1592/1473
f 4701/1593/1474 4661/1594/1318 4702/1595/1319
f 4702/1595/1319 4661/1594/1318 4703/1596/1475
f 4659/1597/1321 4704/1598/1322 4703/1596/1475
f 4665/1599/1476 4694/1476/1477 4693/1600/1325
f 4664/1477/1326 4693/1600/1325 4692/1601/1327
f 4700/1602/1478 4689/1603/1479 4660/1419/1480
f 4660/1419/1480 4689/1603/1479 4668/1481/1331
f 4669/1604/1430 4698/1605/1333 4697/1606/1385
f 4671/1607/1386 4699/1608/1481 4698/1605/1333
f 4699/1608/1481 4673/1609/1482 4700/1610/1478
f 4680/1611/1338 4688/1612/1339 4687/1613/1340
f 4679/1614/1341 4687/1613/1340 4686/1615/1389
f 4685/1616/1390 4678/1617/1344 4686/1615/1389
f 4691/1618/1345 4676/1494/1483 4677/1619/1347
f 4683/1620/1348 4676/1494/1483 4691/1618/1345
f 4682/1497/1484 4675/1621/1350 4683/1620/1348
f 4662/1622/1485 4674/1623/1486 4682/1497/1484
f 4681/1624/1487 4674/1623/1486 4662/1622/1485
f 4682/1497/1484 4683/1620/1348 4662/1622/1485
f 4663/1625/1488 4677/1619/1347 4684/1626/1355
f 4684/1626/1355 4685/1616/1390 4664/1477/1326
f 4664/1477/1326 4686/1615/1389 4665/1599/1476
f 4687/1613/1340 4666/1627/1489 4665/1599/1476
f 4688/1612/1339 4667/1628/1490 4666/1627/1489
f 4662/1622/1485 4668/1481/1331 4689/1603/1479
f 4690/1629/1358 4669/1604/1430 4668/1481/1331
f 4663/1625/1488 4670/1630/1359 4669/1604/1430
f 4672/1379/1491 4695/1631/1492 4673/1609/1482
f 4699/1608/1481 4660/1632/1480 4697/1606/1385
f 4660/1419/1480 4668/1481/1331 4697/1606/1385
f 4704/1598/1322 4688/1612/1339 4680/1611/1338
f 4703/1596/1475 4680/1611/1338 4679/1614/1341
f 4678/1617/1344 4703/1596/1475 4679/1614/1341
f 4677/1619/1347 4702/1595/1319 4678/1617/1344
f 4676/1494/1483 4701/1593/1474 4677/1619/1347
f 4704/1633/1322 4674/1623/1486 4688/1634/1339
f 4707/1635/1410 4712/1636/1411 4715/1525/1412
f 4712/1636/1411 4707/1635/1410 4709/1637/1413
f 4714/1638/1414 4707/1639/1410 4715/1529/1412
f 4711/1640/1415 4710/1641/1493 4708/1642/1494
f 4706/1199/1418 4709/1637/1413 4708/1642/1494
f 4718/1643/1410 4723/1644/1411 4726/1645/1412
f 4723/1644/1411 4718/1643/1410 4719/1646/1413
f 4725/1647/1414 4718/1262/1410 4726/1648/1412
f 4722/1649/1415 4721/1641/1493 4720/1642/1417
f 4717/1045/1418 4719/1646/1413 4720/1642/1417
f 4769/1650/1474 4729/1651/1318 4770/1652/1495
f 4770/1652/1495 4729/1651/1318 4771/1653/1475
f 4727/1654/1321 4772/1655/1496 4771/1653/1475
f 4733/1475/1476 4762/1656/1477 4761/1657/1497
f 4732/1658/1326 4761/1657/1497 4760/1659/1498
f 4768/1660/1478 4757/1661/1479 4728/1662/1480
f 4728/1662/1480 4757/1661/1479 4736/1481/1331
f 4737/1604/1384 4766/1663/1333 4765/1664/1385
f 4739/1607/1386 4767/1608/1499 4766/1663/1333
f 4767/1608/1499 4741/1665/1482 4768/1666/1478
f 4748/1488/1338 4756/1667/1339 4755/1668/1340
f 4747/1614/1500 4755/1668/1340 4754/1615/1389
f 4753/1669/1390 4746/1670/1501 4754/1615/1389
f 4759/1671/1345 4744/1672/1483 4745/1673/1347
f 4751/1620/1502 4744/1672/1483 4759/1671/1345
f 4750/1674/1484 4743/1498/1350 4751/1620/1502
f 4730/1675/1485 4742/1676/1486 4750/1674/1484
f 4749/1677/1503 4742/1676/1486 4730/1675/1485
f 4750/1674/1484 4751/1620/1502 4730/1675/1485
f 4731/1625/1354 4745/1673/1347 4752/1678/1355
f 4752/1678/1355 4753/1669/1390 4732/1658/1326
f 4732/1658/1326 4754/1615/1389 4733/1475/1476
f 4755/1668/1340 4734/1679/1489 4733/1475/1476
f 4756/1667/1339 4735/1680/1490 4734/1679/1489
f 4730/1675/1485 4736/1481/1331 4757/1661/1479
f 4758/1629/1358 4737/1604/1384 4736/1481/1331
f 4731/1625/1354 4738/1681/1504 4737/1604/1384
f 4740/1450/1491 4763/1682/1492 4741/1665/1482
f 4767/1608/1499 4728/1632/1480 4765/1664/1385
f 4728/1662/1480 4736/1481/1331 4765/1664/1385
f 4772/1655/1496 4756/1667/1339 4748/1488/1338
f 4771/1653/1475 4748/1488/1338 4747/1614/1500
f 4746/1670/1501 4771/1653/1475 4747/1614/1500
f 4745/1673/1347 4770/1652/1495 4746/1670/1501
f 4744/1672/1483 4769/1650/1474 4745/1673/1347
f 4772/1633/1496 4742/1676/1486 4756/1683/1339
f 4775/1684/1410 4780/1685/1411 4783/1686/1412
f 4780/1685/1411 4775/1684/1410 4777/1646/1413
f 4782/1687/1414 4775/1262/1410 4783/1648/1412
f 4779/1688/1415 4778/1641/1493 4776/1689/1505
f 4774/1045/1418 4777/1646/1413 4776/1689/1505
f 4791/1690/1506 4793/1691/1507 4796/1692/1508
f 4792/1693/1509 4796/1692/1508 4784/1694/1510
f 4790/1695/1511 4791/1690/1506 4792/1693/1509
f 4795/1696/1512 4790/1695/1511 4788/1697/1513
f 4786/1045/1514 4789/1698/1515 4788/1697/1513
f 4785/1520/1516 4787/1699/1517 4786/1045/1514
f 4796/1700/1508 4785/1520/1516 4784/1701/1510
f 4797/1702/1518 4812/1703/1519 4841/1704/1520
f 4839/1705/1521 4799/1706/1522 4840/1707/1523
f 4797/1708/1518 4841/1655/1520 4840/1707/1523
f 4803/1709/1323 4832/1539/1324 4831/1710/1325
f 4802/1711/1524 4831/1710/1325 4830/1712/1327
f 4838/1713/1328 4827/1714/1525 4798/1715/1330
f 4798/1715/1330 4827/1714/1525 4806/1716/1331
f 4807/1717/1384 4836/1718/1333 4835/1719/1385
f 4809/1720/1526 4837/1425/1336 4836/1718/1333
f 4837/1425/1336 4811/1721/1337 4838/1549/1328
f 4818/1722/1527 4826/1723/1528 4825/1724/1340
f 4817/1614/1529 4825/1724/1340 4824/1615/1389
f 4823/1725/1390 4816/1726/1530 4824/1615/1389
f 4829/1727/1345 4814/1559/1531 4815/1728/1532
f 4821/1729/1348 4814/1559/1531 4829/1727/1345
f 4820/1497/1533 4813/1730/1534 4821/1729/1348
f 4800/1731/1535 4812/1703/1519 4820/1497/1533
f 4819/1732/1536 4812/1703/1519 4800/1731/1535
f 4820/1497/1533 4821/1729/1348 4800/1731/1535
f 4801/1733/1537 4815/1728/1532 4822/1734/1538
f 4822/1734/1538 4823/1725/1390 4802/1711/1524
f 4802/1711/1524 4824/1615/1389 4803/1709/1323
f 4825/1724/1340 4804/1735/1397 4803/1709/1323
f 4826/1723/1528 4805/1736/1539 4804/1735/1397
f 4800/1731/1535 4806/1716/1331 4827/1714/1525
f 4828/1737/1358 4807/1717/1384 4806/1716/1331
f 4801/1733/1537 4808/1738/1504 4807/1717/1384
f 4810/1572/1360 4833/1739/1540 4811/1721/1337
f 4837/1425/1336 4798/1740/1330 4835/1719/1385
f 4798/1715/1330 4806/1716/1331 4835/1719/1385
f 4841/1655/1520 4826/1723/1528 4818/1722/1527
f 4840/1707/1523 4818/1722/1527 4817/1614/1529
f 4816/1726/1530 4840/1707/1523 4817/1614/1529
f 4815/1728/1532 4839/1705/1521 4816/1726/1530
f 4814/1559/1531 4839/1705/1521 4815/1728/1532
f 4841/1704/1520 4812/1703/1519 4826/1741/1528
f 4844/1742/1541 4843/1743/1542 4842/1744/1543
f 4843/1743/1542 4846/1745/1544 4850/1746/1469
f 4846/1745/1544 4851/1747/1545 4850/1746/1469
f 4847/1748/1546 4849/1749/1547 4852/1750/1548
f 4856/1751/1541 4855/1752/1542 4854/1753/1549
f 4855/1752/1542 4858/1754/1544 4862/1755/1469
f 4858/1754/1544 4863/1580/1550 4862/1755/1469
f 4859/1756/1546 4861/1757/1547 4864/1758/1551
f 4908/1470/1474 4868/1759/1318 4909/1760/1495
f 4909/1760/1495 4868/1759/1318 4910/1409/1475
f 4866/1761/1321 4911/1411/1322 4910/1409/1475
f 4872/1599/1323 4901/1762/1324 4900/1710/1325
f 4871/1477/1524 4900/1710/1325 4899/1763/1498
f 4907/1417/1328 4896/1480/1329 4867/1764/1330
f 4867/1764/1330 4896/1480/1329 4875/1765/1331
f 4876/1766/1384 4905/1767/1333 4904/1768/1334
f 4878/1607/1386 4906/1769/1336 4905/1767/1333
f 4906/1769/1336 4880/1770/1337 4907/1427/1328
f 4887/1771/1338 4895/1429/1339 4894/1772/1340
f 4886/1431/1500 4894/1772/1340 4893/1615/1342
f 4892/1725/1390 4885/1773/1501 4893/1615/1342
f 4898/1774/1345 4883/1775/1483 4884/1776/1347
f 4890/1777/1348 4883/1775/1483 4898/1774/1345
f 4889/1778/1484 4882/1621/1350 4890/1777/1348
f 4869/1779/1351 4881/1442/1486 4889/1778/1484
f 4888/1780/1353 4881/1442/1486 4869/1779/1351
f 4889/1778/1484 4890/1777/1348 4869/1779/1351
f 4870/1781/1537 4884/1776/1347 4891/1782/1538
f 4891/1782/1538 4892/1725/1390 4871/1477/1524
f 4871/1477/1524 4893/1615/1342 4872/1599/1323
f 4894/1772/1340 4873/1783/1356 4872/1599/1323
f 4895/1429/1339 4874/1447/1357 4873/1783/1356
f 4869/1779/1351 4875/1765/1331 4896/1480/1329
f 4897/1784/1358 4876/1766/1384 4875/1765/1331
f 4870/1781/1537 4877/1785/1504 4876/1766/1384
f 4879/1450/1360 4902/1786/1398 4880/1770/1337
f 4906/1769/1336 4867/1787/1330 4904/1768/1334
f 4867/1764/1330 4875/1765/1331 4904/1768/1334
f 4911/1411/1322 4895/1429/1339 4887/1771/1338
f 4910/1409/1475 4887/1771/1338 4886/1431/1500
f 4885/1773/1501 4910/1409/1475 4886/1431/1500
f 4884/1776/1347 4909/1760/1495 4885/1773/1501
f 4883/1775/1483 4908/1470/1474 4884/1776/1347
f 4911/1453/1322 4881/1442/1486 4895/1788/1339
f 4917/1789/1552 4923/1790/1553 4919/1791/1554
f 4918/1792/1555 4917/1789/1552 4916/1793/1556
f 4918/1792/1555 4916/1793/1556 4914/1794/1557
f 4912/1795/1558 4922/1796/1559 4914/1794/1557
f 4923/1797/1553 4921/1798/1560 4919/1799/1554
f 4932/1800/1372 4931/1465/1363 4930/1801/1364
f 4926/1802/1561 4934/1803/1562 4928/1804/1563
f 4925/1520/1564 4927/1805/1565 4926/1802/1561
f 4927/1805/1565 4925/1520/1564 4924/1806/1566
f 3907/1025/956 3896/1010/940 3908/1012/942
f 3939/1059/992 3941/1061/995 4008/931/994
f 4010/1063/990 3941/1061/995 3935/1807/988
f 3997/1066/999 3952/1065/998 3942/1103/1043
f 3996/1064/997 3951/1067/1001 3952/1065/998
f 3995/939/1000 3950/1069/1003 3951/1067/1001
f 3994/1068/1002 3949/1047/1567 3950/1069/1003
f 3991/1808/1568 3945/1102/1042 3946/1809/1569
f 3944/1105/1045 3978/1101/1041 3956/1078/1015
f 3943/1070/1004 3990/1100/1040 3989/1071/1005
f 3986/1073/1008 3972/1810/1570 3973/1098/1038
f 4001/1079/1016 3956/1078/1015 3957/1080/1017
f 3998/1072/1007 3961/1811/1571 3986/1073/1008
f 3954/955/1011 3955/1076/1013 3999/1075/1012
f 3955/1076/1013 3956/1078/1015 4000/1077/1014
f 3961/1812/1571 4004/1084/1022 3960/1083/1021
f 3957/1080/1017 3958/1813/1572 4002/1081/1018
f 4002/1081/1018 3958/1813/1572 3959/1082/1019
f 4003/963/1020 3959/1082/1019 3960/1083/1021
f 3985/1086/1024 3971/1814/1051 3942/1103/1043
f 3985/1086/1024 3970/1085/1023 3971/1814/1051
f 3969/971/1027 3970/1085/1023 3983/1088/1026
f 3981/1089/1028 3968/1091/1030 3969/971/1027
f 3979/1092/1031 3967/1109/1049 3968/1091/1030
f 3966/1108/1048 3977/1095/1034 3965/1094/1033
f 3976/1093/1032 3964/1096/1036 3965/1094/1033
f 3974/1097/1037 3963/1099/1039 3964/1096/1036
f 3943/1070/1004 3974/1097/1037 3975/985/1035
f 3943/1070/1004 3975/985/1035 3976/1093/1032
f 3990/1100/1040 3976/1093/1032 3977/1095/1034
f 3944/1105/1045 3977/1095/1034 3966/1108/1048
f 3961/1811/1571 3997/1400/999 3942/1815/1043
f 3961/1811/1571 3942/1815/1043 3972/1810/1570
f 3961/1811/1571 3972/1810/1570 3986/1073/1008
f 3973/1098/1038 3987/1104/1044 3986/1073/1008
f 3987/1104/1044 3988/947/1006 3953/1074/1010
f 3988/947/1006 3989/1071/1005 3954/955/1011
f 3989/1071/1005 3990/1100/1040 3955/1076/1013
f 3990/1100/1040 3944/1105/1045 3955/1076/1013
f 3945/1102/1042 3991/1808/1568 3957/1080/1017
f 3958/1813/1572 3992/1053/1573 3993/1054/1574
f 3959/1082/1019 3994/1068/1002 3995/939/1000
f 3960/1083/1021 3995/939/1000 3996/1064/997
f 3937/1107/1047 3999/1075/1012 4000/1077/1014
f 3940/1106/1009 4003/963/1020 4004/1084/1022
f 4002/1081/1018 4003/963/1020 3938/1000/1046
f 4001/1079/1016 4002/1081/1018 3937/1107/1047
f 4000/1077/1014 4001/1079/1016 3937/1107/1047
f 3940/952/1009 4004/1055/1022 3998/1072/1007
f 3970/1085/1023 4009/1062/996 4010/1063/990
f 4008/931/994 3968/1091/1030 4007/1060/993
f 4008/931/994 4009/1062/996 3969/971/1027
f 4007/1060/993 3967/1109/1049 4006/1058/991
f 4005/1057/989 3935/1056/988 3962/1110/1050
f 4010/924/990 4005/1057/989 3971/1006/1051
f 4021/1112/1054 4027/1111/1053 4028/1816/1064
f 4020/1018/1052 4022/1114/1056 4027/1111/1053
f 4015/1116/1059 4024/1115/1058 4025/1817/1575
f 4014/1024/1057 4016/1117/1060 4024/1115/1058
f 4023/1030/1062 4016/1117/1060 4012/1118/1061
f 4028/1119/1064 4023/1030/1062 4011/1027/1063
f 4110/1818/1012 4050/1819/1102 4051/1820/1009
f 4039/1121/1067 4045/1120/1066 4046/1821/1064
f 4038/1018/1065 4040/1123/1069 4045/1120/1066
f 4044/1124/1070 4040/1123/1069 4036/1122/1068
f 4043/1127/1073 4044/1124/1070 4035/1125/1071
f 4033/1126/1072 4042/1129/1075 4043/1127/1073
f 4032/1128/1074 4034/1130/1076 4042/1129/1075
f 4041/1131/1078 4034/1130/1076 4030/1026/1077
f 4046/1133/1064 4041/1131/1078 4029/1132/1063
f 4052/1134/1079 4047/1822/1576 4074/1136/1082
f 4117/1137/1083 4047/1822/1576 4048/1138/1084
f 4121/932/1088 4048/1138/1084 4052/1142/1079
f 4108/1144/999 4063/1065/998 4053/995/1100
f 4107/1064/997 4062/940/1001 4063/1065/998
f 4106/939/1000 4061/942/1003 4062/940/1001
f 4105/1068/1002 4060/1823/1567 4061/942/1003
f 4102/1213/1568 4056/1168/1042 4057/994/1569
f 4055/1169/1045 4089/1167/1099 4067/999/1090
f 4054/1145/1004 4101/1100/1040 4100/1146/1005
f 4097/1073/1008 4083/1824/1577 4084/1166/1098
f 4112/1152/1016 4067/999/1090 4068/1050/1091
f 4109/1147/1007 4072/1825/1571 4097/1073/1008
f 4065/1149/1011 4066/1151/1013 4110/1150/1012
f 4066/1151/1013 4067/999/1090 4111/1077/1014
f 4072/1826/1571 4115/1084/1022 4071/1156/1021
f 4068/1050/1091 4069/1813/1572 4113/1153/1018
f 4113/1153/1018 4069/1813/1572 4070/1154/1019
f 4114/1155/1020 4070/1154/1019 4071/1156/1021
f 4096/1158/1024 4082/1827/1051 4053/995/1100
f 4096/1158/1024 4081/1157/1092 4082/1827/1051
f 4080/971/1027 4081/1157/1092 4094/1159/1026
f 4092/973/1028 4079/1091/1030 4080/971/1027
f 4090/1160/1031 4078/1174/1104 4079/1091/1030
f 4077/1173/1103 4088/1162/1034 4076/984/1095
f 4087/1161/1094 4075/1164/1097 4076/984/1095
f 4085/1165/1037 4074/1136/1082 4075/1164/1097
f 4054/1145/1004 4085/1165/1037 4086/1163/1096
f 4054/1145/1004 4086/1163/1096 4087/1161/1094
f 4101/1100/1040 4087/1161/1094 4088/1162/1034
f 4055/1169/1045 4088/1162/1034 4077/1173/1103
f 4072/1825/1571 4108/1400/999 4053/1828/1100
f 4072/1825/1571 4053/1828/1100 4083/1824/1577
f 4072/1825/1571 4083/1824/1577 4097/1073/1008
f 4084/1166/1098 4098/1104/1101 4097/1073/1008
f 4098/1104/1101 4099/947/1089 4064/1074/1010
f 4099/947/1089 4100/1146/1005 4065/1149/1011
f 4100/1146/1005 4101/1100/1040 4066/1151/1013
f 4101/1100/1040 4055/1169/1045 4066/1151/1013
f 4056/1168/1042 4102/1213/1568 4068/1050/1091
f 4069/1813/1572 4103/1829/1573 4104/1830/1574
f 4070/1154/1019 4105/1068/1002 4106/939/1000
f 4071/1156/1021 4106/939/1000 4107/1064/997
f 4049/1172/1047 4110/1150/1012 4111/1077/1014
f 4051/1171/1009 4114/1155/1020 4115/1084/1022
f 4113/1153/1018 4114/1155/1020 4050/1170/1102
f 4112/1152/1016 4113/1153/1018 4049/1172/1047
f 4111/1077/1014 4112/1152/1016 4049/1172/1047
f 4051/1148/1009 4115/1055/1022 4109/1147/1007
f 4081/1157/1092 4121/932/1088 4122/1143/1081
f 4120/1141/1087 4079/1091/1030 4119/1140/1086
f 4120/1141/1087 4121/932/1088 4080/971/1027
f 4119/1140/1086 4078/1174/1104 4118/1139/1085
f 4118/1139/1085 4077/1173/1103 4117/1137/1083
f 4075/1164/1097 4074/1136/1082 4047/1822/1576
f 4116/1135/1080 4074/1136/1082 4073/1110/1105
f 4122/924/1081 4116/1135/1080 4082/1175/1051
f 4140/1648/1578 4134/1178/1108 4139/1177/1107
f 4130/1831/1112 4132/1832/1106 4124/1833/1579
f 4132/1176/1106 4133/1179/1110 4139/1177/1107
f 4138/1180/1111 4133/1179/1110 4131/1020/1109
f 4137/1182/1113 4138/1180/1111 4130/1181/1112
f 4128/1183/1114 4136/1185/1116 4137/1182/1113
f 4126/1184/1115 4135/1187/1118 4136/1185/1116
f 4154/1185/1123 4145/1191/1122 4149/1192/1124
f 4147/1198/1133 4155/1193/1125 4156/1197/1132
f 4151/1039/1126 4157/1111/1129 4158/1194/1121
f 4150/1195/1128 4152/1196/1130 4157/1111/1129
f 4156/1197/1132 4152/1196/1130 4148/1042/1131
f 4146/1023/1135 4154/1185/1123 4155/1193/1125
f 4144/1199/1134 4145/1191/1122 4154/1185/1123
f 4153/1189/1120 4145/1191/1122 4142/1046/1136
f 4158/1190/1121 4153/1189/1120 4141/1200/1127
f 4164/1201/1137 4159/1834/1576 4183/1202/1082
f 4228/1203/1140 4159/1834/1576 4160/1204/1084
f 4232/932/1143 4160/1204/1084 4164/1207/1137
f 4168/1209/1144 4169/1243/1171 4215/1210/1145
f 4167/1212/1147 4168/1209/1144 4214/1211/1146
f 4199/1214/1149 4167/1212/1147 4213/1213/1148
f 4198/993/1580 4199/1214/1149 4212/1215/1150
f 4166/1247/1045 4198/993/1580 4177/1223/1152
f 4165/1216/1004 4211/1242/1040 4210/1146/1005
f 4207/1218/1008 4192/1835/1581 4193/1238/1098
f 4219/1400/1582 4173/1241/1170 4191/1240/1169
f 4223/1224/1153 4177/1223/1152 4212/1215/1150
f 4220/1217/1151 4181/1836/1583 4207/1218/1008
f 4175/1149/1011 4176/1221/1013 4221/1220/1012
f 4176/1221/1013 4177/1223/1152 4222/1222/1014
f 4181/1837/1583 4226/1227/1156 4180/1083/1021
f 4212/1215/1150 4178/1838/1584 4224/1081/1154
f 4224/1081/1154 4178/1838/1584 4179/1225/1155
f 4225/1226/1020 4179/1225/1155 4180/1083/1021
f 4205/1229/1158 4190/1228/1157 4206/1839/1168
f 4189/971/1161 4190/1228/1157 4203/1231/1160
f 4202/1232/1162 4188/1233/1164 4189/971/1161
f 4200/1234/1165 4187/1235/1166 4188/1233/1164
f 4186/1173/1103 4197/1095/1034 4185/1236/1095
f 4196/1161/1167 4184/1164/1097 4185/1236/1095
f 4194/1237/1037 4183/1202/1082 4184/1164/1097
f 4165/1216/1004 4194/1237/1037 4195/1163/1096
f 4165/1216/1004 4195/1163/1096 4196/1161/1167
f 4211/1242/1040 4196/1161/1167 4197/1095/1034
f 4166/1247/1045 4197/1095/1034 4186/1173/1103
f 4167/1212/1147 4200/1234/1165 4201/1090/1163
f 4168/1209/1144 4201/1090/1163 4202/1232/1162
f 4202/1232/1162 4203/1231/1160 4170/1244/1172
f 4203/1231/1160 4204/1230/1159 4171/1245/1173
f 4204/1230/1159 4205/1229/1158 4172/1246/1174
f 4181/1836/1583 4219/1400/1582 4191/1240/1169
f 4205/1229/1158 4206/1839/1168 4173/1840/1170
f 4181/1836/1583 4191/1240/1169 4192/1835/1581
f 4181/1836/1583 4192/1835/1581 4207/1218/1008
f 4193/1238/1098 4208/1104/1101 4207/1218/1008
f 4208/1104/1101 4209/947/1089 4174/1074/1010
f 4209/947/1089 4210/1146/1005 4175/1149/1011
f 4210/1146/1005 4211/1242/1040 4176/1221/1013
f 4211/1242/1040 4166/1247/1045 4176/1221/1013
f 4178/1838/1584 4214/1211/1146 4215/1210/1145
f 4215/1210/1145 4216/1841/1585 4179/1225/1155
f 4179/1225/1155 4216/1841/1585 4217/1248/1175
f 4180/1083/1021 4217/1248/1175 4218/1842/1586
f 4161/1172/1047 4221/1220/1012 4222/1222/1014
f 4163/1249/1009 4225/1226/1020 4226/1227/1156
f 4224/1081/1154 4225/1226/1020 4162/1000/1102
f 4223/1224/1153 4224/1081/1154 4161/1172/1047
f 4222/1222/1014 4223/1224/1153 4161/1172/1047
f 4163/1219/1009 4226/1055/1156 4220/1217/1151
f 4190/1228/1157 4232/932/1143 4233/1208/1139
f 4231/931/1087 4188/1233/1164 4230/1206/1142
f 4231/931/1087 4232/932/1143 4189/971/1161
f 4230/1206/1142 4187/1235/1166 4229/1205/1141
f 4229/1205/1141 4186/1173/1103 4228/1203/1140
f 4184/1164/1097 4183/1202/1082 4159/1834/1576
f 4227/923/1138 4183/1202/1082 4182/1250/1176
f 4233/924/1139 4227/923/1138 4206/1239/1168
f 4244/1251/1054 4250/1120/1053 4251/1816/1064
f 4243/1176/1052 4245/1252/1056 4250/1120/1053
f 4238/1254/1059 4247/1034/1058 4248/1843/1575
f 4237/1253/1057 4239/1255/1060 4247/1034/1058
f 4246/1189/1062 4239/1255/1060 4235/1256/1061
f 4251/1031/1064 4246/1189/1062 4234/1257/1063
f 4268/1120/1182 4262/1261/1181 4254/1262/1183
f 4275/1844/1202 4271/1845/1587 4270/1846/1196
f 4252/1269/1195 4269/1031/1184 4264/1268/1194
f 4263/1264/1186 4268/1120/1182 4269/1263/1184
f 4261/1176/1185 4262/1261/1181 4268/1120/1182
f 4267/1259/1179 4262/1261/1181 4259/1122/1187
f 4266/1260/1180 4267/1259/1179 4258/1125/1188
f 4256/1265/1189 4265/1034/1191 4266/1260/1180
f 4255/1266/1190 4257/1267/1192 4265/1034/1191
f 4264/1268/1194 4257/1267/1192 4253/1026/1193
f 4342/1274/1201 4272/1273/1200 4275/1275/1202
f 4344/1062/1204 4275/1275/1202 4270/1277/1196
f 4332/1281/999 4287/1280/998 4277/1311/1100
f 4331/1279/997 4286/940/1001 4287/1280/998
f 4330/1282/1000 4285/1283/1205 4286/940/1001
f 4329/1068/1002 4284/1823/1567 4285/1283/1205
f 4326/1847/1568 4280/1310/1042 4281/1848/1569
f 4279/1313/1045 4313/1309/1041 4291/1290/1090
f 4278/1070/1004 4325/1308/1040 4324/1071/1005
f 4321/1285/1008 4307/1849/1588 4308/1306/1215
f 4336/1291/1016 4291/1290/1090 4292/1292/1017
f 4333/1284/1007 4296/1850/1571 4321/1285/1008
f 4289/1149/1011 4290/1288/1013 4334/1287/1012
f 4290/1288/1013 4291/1290/1090 4335/1289/1014
f 4296/1851/1571 4339/1295/1022 4295/1294/1021
f 4292/1292/1017 4293/1838/1589 4337/1293/1018
f 4337/1293/1018 4293/1838/1589 4294/1225/1207
f 4338/1155/1208 4294/1225/1207 4295/1294/1021
f 4320/1297/1024 4306/1852/1051 4277/1311/1100
f 4320/1297/1024 4305/1296/1092 4306/1852/1051
f 4304/971/1027 4305/1296/1092 4318/1299/1026
f 4316/973/1028 4303/1301/1210 4304/971/1027
f 4314/1302/1211 4302/1317/1218 4303/1301/1210
f 4301/1316/1217 4312/1305/1213 4300/1304/1212
f 4311/1303/1032 4299/1096/1214 4300/1304/1212
f 4309/1165/1037 4298/1307/1216 4299/1096/1214
f 4278/1070/1004 4309/1165/1037 4310/985/1035
f 4278/1070/1004 4310/985/1035 4311/1303/1032
f 4325/1308/1040 4311/1303/1032 4312/1305/1213
f 4279/1313/1045 4312/1305/1213 4301/1316/1217
f 4296/1850/1571 4332/1400/999 4277/1853/1100
f 4296/1850/1571 4277/1853/1100 4307/1849/1588
f 4296/1850/1571 4307/1849/1588 4321/1285/1008
f 4308/1306/1215 4322/1312/1044 4321/1285/1008
f 4322/1312/1044 4323/947/1089 4288/1286/1206
f 4323/947/1089 4324/1071/1005 4289/1149/1011
f 4324/1071/1005 4325/1308/1040 4290/1288/1013
f 4325/1308/1040 4279/1313/1045 4290/1288/1013
f 4280/1310/1042 4326/1847/1568 4292/1292/1017
f 4293/1838/1589 4327/1829/1573 4328/1054/1574
f 4294/1225/1207 4329/1068/1002 4330/1282/1000
f 4295/1294/1021 4330/1282/1000 4331/1279/997
f 4273/1315/1047 4334/1287/1012 4335/1289/1014
f 4276/1171/1009 4338/1155/1208 4339/1295/1022
f 4337/1293/1018 4338/1155/1208 4274/1314/1046
f 4336/1291/1016 4337/1293/1018 4273/1315/1047
f 4335/1289/1014 4336/1291/1016 4273/1315/1047
f 4276/1148/1009 4339/1055/1022 4333/1284/1007
f 4305/1296/1092 4344/1062/1204 4345/1278/1198
f 4343/1276/1203 4303/1301/1210 4342/1274/1201
f 4343/1276/1203 4344/1062/1204 4304/971/1027
f 4342/1274/1201 4302/1317/1218 4341/1272/1199
f 4299/1096/1214 4298/1307/1216 4271/1854/1587
f 4340/1271/1197 4298/1307/1216 4297/1318/1219
f 4345/924/1198 4340/1271/1197 4306/1319/1051
f 4357/1855/1590 4349/1320/1220 4363/1322/1222
f 4359/1129/1223 4349/1320/1220 4351/1323/1224
f 4363/1856/1222 4356/1326/1228 4362/1325/1227
f 4352/1857/1232 4354/1832/1226 4346/1858/1591
f 4354/1018/1226 4355/1327/1230 4362/1325/1227
f 4361/1328/1231 4355/1327/1230 4353/1020/1229
f 4360/1324/1225 4361/1328/1231 4352/1329/1232
f 4350/1330/1233 4359/1129/1223 4360/1324/1225
f 4348/1253/1234 4358/1321/1221 4359/1129/1223
f 4376/1332/1237 4375/1331/1236 4368/1334/1239
f 4370/1335/1241 4374/1341/1248 4379/1328/1242
f 4380/1325/1244 4374/1341/1248 4375/1337/1236
f 4381/1338/1238 4373/1340/1246 4380/1325/1244
f 4369/1859/1249 4372/1860/1245 4364/1861/1592
f 4372/1339/1245 4374/1341/1248 4380/1325/1244
f 4379/1328/1242 4374/1341/1248 4371/1113/1247
f 4378/1336/1243 4379/1328/1242 4369/1342/1249
f 4367/1343/1250 4377/1185/1240 4378/1336/1243
f 4366/1344/1251 4376/1332/1237 4377/1185/1240
f 4387/1377/1289 4416/1397/1313 4415/1052/1315
f 4398/1374/1285 4425/1403/1257 4382/1402/1256
f 4405/1373/1284 4385/1401/1290 4397/1404/1293
f 4410/1366/1275 4388/1398/1314 4387/1377/1289
f 4389/1350/1259 4388/1398/1314 4411/1365/1274
f 4390/1378/1291 4389/1350/1259 4412/1364/1273
f 4423/1346/1253 4401/1369/1280 4400/1376/1287
f 4434/1029/1593 4428/1386/1301 4436/1028/1295
f 4430/1862/1594 4435/1385/1300 4428/1386/1301
f 4433/1383/1297 4435/1385/1300 4430/1862/1594
f 4446/1388/1303 4444/1405/1316 4447/1389/1304
f 4440/1863/1312 4444/1864/1316 4443/1865/1306
f 4450/1407/1318 4448/1410/1321 4492/1409/1320
f 4479/1448/1358 4451/1441/1351 4472/1438/1348
f 4453/1415/1326 4454/1412/1323 4482/1414/1325
f 4473/1445/1355 4453/1415/1326 4481/1416/1327
f 4452/1444/1354 4473/1445/1355 4459/1449/1359
f 4472/1438/1348 4480/1435/1345 4479/1448/1358
f 4489/1417/1328 4485/1866/1595 4478/1418/1329
f 4457/1420/1331 4458/1421/1332 4486/1423/1334
f 4458/1421/1332 4459/1449/1359 4487/1422/1333
f 4459/1449/1359 4460/1424/1335 4487/1422/1333
f 4488/1425/1336 4460/1424/1335 4461/1450/1360
f 4488/1425/1336 4461/1450/1360 4462/1426/1337
f 4489/1427/1328 4462/1426/1337 4485/1867/1595
f 4468/1431/1341 4469/1428/1338 4476/1430/1340
f 4475/1432/1342 4467/1434/1344 4468/1431/1341
f 4474/1433/1343 4466/1437/1347 4467/1434/1344
f 4472/1438/1348 4464/1440/1350 4465/1436/1346
f 4471/1439/1349 4463/1442/1352 4464/1440/1350
f 4459/1449/1359 4473/1445/1355 4481/1416/1327
f 4452/1444/1354 4480/1435/1345 4466/1437/1347
f 4473/1445/1355 4466/1437/1347 4474/1433/1343
f 4453/1415/1326 4474/1433/1343 4475/1432/1342
f 4475/1432/1342 4476/1430/1340 4454/1412/1323
f 4476/1430/1340 4477/1429/1339 4455/1446/1356
f 4485/1866/1595 4456/1868/1357 4470/1443/1353
f 4485/1866/1595 4470/1443/1353 4478/1418/1329
f 4470/1443/1353 4451/1441/1351 4478/1418/1329
f 4451/1441/1351 4479/1448/1358 4457/1420/1331
f 4479/1448/1358 4480/1435/1345 4458/1421/1332
f 4480/1435/1345 4452/1444/1354 4458/1421/1332
f 4485/1867/1595 4462/1426/1337 4484/1451/1361
f 4461/1450/1360 4483/1413/1324 4484/1451/1361
f 4449/1452/1330 4488/1425/1336 4489/1427/1328
f 4487/1422/1333 4488/1425/1336 4486/1423/1334
f 4491/1408/1319 4466/1437/1347 4490/1406/1317
f 4492/1409/1320 4493/1411/1322 4469/1428/1338
f 4467/1434/1344 4491/1408/1319 4492/1409/1320
f 4465/1436/1346 4450/1407/1318 4490/1406/1317
f 4493/1453/1322 4448/1869/1321 4463/1442/1352
f 4506/1870/1596 4501/1456/1363 4502/1455/1362
f 4505/1459/1366 4500/1457/1364 4498/1460/1367
f 4496/1458/1365 4497/1462/1369 4505/1459/1366
f 4504/1009/1370 4497/1462/1369 4495/1461/1368
f 4506/1797/1596 4504/1009/1370 4494/1463/1371
f 4519/1871/1596 4514/1465/1363 4515/1464/1372
f 4518/1467/1366 4513/1466/1373 4511/1468/1374
f 4509/1045/1365 4510/1462/1369 4518/1467/1366
f 4517/1009/1375 4510/1462/1369 4508/1461/1368
f 4519/1872/1596 4517/1009/1375 4507/1469/1376
f 4521/1471/1378 4523/1474/1381 4565/1473/1380
f 4520/1873/1597 4523/1874/1381 4521/1875/1378
f 4552/1506/1358 4524/1499/1394 4545/1496/1348
f 4526/1477/1326 4527/1475/1323 4555/1414/1325
f 4546/1503/1355 4526/1477/1326 4554/1478/1327
f 4525/1502/1354 4546/1503/1355 4532/1507/1359
f 4545/1496/1348 4553/1493/1345 4552/1506/1358
f 4562/1479/1328 4558/1876/1595 4551/1480/1329
f 4530/1481/1383 4531/1482/1384 4559/1484/1385
f 4531/1482/1384 4532/1507/1359 4560/1483/1333
f 4532/1507/1359 4533/1485/1386 4560/1483/1333
f 4561/1486/1387 4533/1485/1386 4534/1508/1360
f 4561/1486/1387 4534/1508/1360 4535/1426/1337
f 4562/1487/1328 4535/1426/1337 4558/1877/1595
f 4541/1431/1341 4542/1488/1338 4549/1490/1340
f 4548/1491/1389 4540/1367/1344 4541/1431/1341
f 4547/1492/1390 4539/1495/1347 4540/1367/1344
f 4545/1496/1348 4537/1498/1393 4538/1494/1391
f 4544/1497/1392 4536/1500/1395 4537/1498/1393
f 4532/1507/1359 4546/1503/1355 4554/1478/1327
f 4525/1502/1354 4553/1493/1345 4539/1495/1347
f 4546/1503/1355 4539/1495/1347 4547/1492/1390
f 4526/1477/1326 4547/1492/1390 4548/1491/1389
f 4548/1491/1389 4549/1490/1340 4527/1475/1323
f 4549/1490/1340 4550/1489/1388 4528/1504/1397
f 4558/1876/1595 4529/1878/1357 4543/1501/1396
f 4558/1876/1595 4543/1501/1396 4551/1480/1329
f 4543/1501/1396 4524/1499/1394 4551/1480/1329
f 4524/1499/1394 4552/1506/1358 4530/1481/1383
f 4552/1506/1358 4553/1493/1345 4531/1482/1384
f 4553/1493/1345 4525/1502/1354 4531/1482/1384
f 4558/1877/1595 4535/1426/1337 4557/1509/1398
f 4534/1508/1360 4556/1476/1324 4557/1509/1398
f 4522/1510/1330 4561/1486/1387 4562/1487/1328
f 4560/1483/1333 4561/1486/1387 4559/1484/1385
f 4564/1472/1379 4539/1495/1347 4563/1470/1377
f 4565/1473/1380 4566/1411/1382 4542/1488/1338
f 4540/1367/1344 4564/1472/1379 4565/1473/1380
f 4538/1494/1391 4521/1471/1378 4563/1470/1377
f 4566/1511/1382 4523/1879/1381 4536/1500/1395
f 4571/1513/1399 4575/1516/1402 4572/1514/1400
f 4576/1515/1401 4572/1514/1400 4570/1519/1406
f 4568/1184/1405 4569/1521/1408 4576/1515/1401
f 4577/1880/1404 4569/1521/1408 4574/1522/1409
f 4587/1527/1414 4583/1531/1416 4584/1530/1415
f 4586/1881/1598 4584/1530/1415 4581/1532/1417
f 4581/1532/1417 4582/1526/1413 4586/1881/1598
f 4579/1184/1418 4585/1524/1411 4582/1526/1413
f 4591/1534/1420 4589/1537/1423 4634/1536/1422
f 4625/1882/1599 4597/1883/1600 4626/1539/1425
f 4627/1541/1427 4598/1540/1426 4599/1884/1601
f 4626/1539/1425 4597/1883/1600 4598/1540/1426
f 4625/1882/1599 4596/1569/1453 4597/1883/1600
f 4622/1570/1358 4594/1562/1447 4616/1560/1348
f 4617/1556/1441 4596/1569/1453 4624/1885/1602
f 4595/1568/1452 4617/1556/1441 4602/1571/1454
f 4616/1560/1348 4623/1558/1443 4622/1570/1358
f 4621/1480/1429 4614/1566/1451 4593/1564/1449
f 4599/1400/1601 4592/1567/1435 4614/1566/1451
f 3798/1886/1603 3800/1005/936 3834/990/921
f 4631/1542/1428 4605/1887/1433 4621/1480/1429
f 4600/1420/1331 4601/1544/1430 4628/1545/1385
f 4601/1544/1430 4602/1571/1454 4629/1483/1333
f 4602/1571/1454 4603/1546/1431 4629/1483/1333
f 4630/1547/1432 4603/1546/1431 4604/1572/1455
f 4630/1547/1432 4604/1572/1455 4605/1548/1433
f 4612/1431/1437 4613/1550/1434 4620/1552/1436
f 4619/1553/1438 4611/1555/1440 4612/1431/1437
f 4618/1554/1439 4610/1557/1442 4611/1555/1440
f 4616/1560/1348 4608/1498/1446 4609/1559/1444
f 4615/1561/1445 4607/1563/1448 4608/1498/1446
f 4595/1568/1452 4623/1558/1443 4610/1557/1442
f 4602/1571/1454 4617/1556/1441 4624/1885/1602
f 4605/1887/1433 4599/1400/1601 4614/1566/1451
f 4605/1887/1433 4614/1566/1451 4621/1480/1429
f 4593/1564/1449 4594/1562/1447 4621/1480/1429
f 4594/1562/1447 4622/1570/1358 4600/1420/1331
f 4622/1570/1358 4623/1558/1443 4601/1544/1430
f 4623/1558/1443 4595/1568/1452 4601/1544/1430
f 4599/1884/1601 4605/1548/1433 4627/1541/1427
f 4604/1572/1455 4626/1539/1425 4627/1541/1427
f 4590/1573/1330 4630/1547/1432 4631/1549/1428
f 4629/1483/1333 4630/1547/1432 4628/1545/1385
f 4613/1550/1434 4634/1536/1422 4635/1538/1424
f 4633/1535/1421 4610/1557/1442 4632/1533/1419
f 4611/1555/1440 4633/1535/1421 4634/1536/1422
f 4609/1559/1444 4591/1534/1420 4632/1533/1419
f 4635/1888/1424 4589/1574/1423 4606/1565/1450
f 4637/1576/1457 4638/1575/1456 4640/1578/1459
f 4645/1582/1463 4640/1578/1459 4638/1583/1456
f 4657/1592/1473 4649/1889/1465 4658/1890/1604
f 4641/1019/1605 4645/1582/1463 4646/1584/1464
f 4639/1891/1606 4642/1579/1460 4643/1580/1461
f 4646/1892/1464 4636/1577/1458 4641/1893/1605
f 4648/1586/1466 4649/1585/1465 4651/1588/1468
f 4651/1588/1468 4654/1591/1472 4656/1580/1470
f 4652/1590/1471 4656/1580/1470 4654/1591/1472
f 4653/1019/1607 4657/1592/1473 4658/1890/1604
f 4658/1894/1604 4647/1587/1467 4653/1893/1607
f 4661/1594/1318 4659/1597/1321 4703/1596/1475
f 4690/1629/1358 4662/1622/1485 4683/1620/1348
f 4664/1477/1326 4665/1599/1476 4693/1600/1325
f 4684/1626/1355 4664/1477/1326 4692/1601/1327
f 4663/1625/1488 4684/1626/1355 4670/1630/1359
f 4683/1620/1348 4691/1618/1345 4690/1629/1358
f 4700/1602/1478 4696/1895/1608 4689/1603/1479
f 4668/1481/1331 4669/1604/1430 4697/1606/1385
f 4669/1604/1430 4670/1630/1359 4698/1605/1333
f 4670/1630/1359 4671/1607/1386 4698/1605/1333
f 4699/1608/1481 4671/1607/1386 4672/1379/1491
f 4699/1608/1481 4672/1379/1491 4673/1609/1482
f 4700/1610/1478 4673/1609/1482 4696/1896/1608
f 4679/1614/1341 4680/1611/1338 4687/1613/1340
f 4686/1615/1389 4678/1617/1344 4679/1614/1341
f 4685/1616/1390 4677/1619/1347 4678/1617/1344
f 4683/1620/1348 4675/1621/1350 4676/1494/1483
f 4682/1497/1484 4674/1623/1486 4675/1621/1350
f 4663/1625/1488 4691/1618/1345 4677/1619/1347
f 4684/1626/1355 4677/1619/1347 4685/1616/1390
f 4664/1477/1326 4685/1616/1390 4686/1615/1389
f 4686/1615/1389 4687/1613/1340 4665/1599/1476
f 4687/1613/1340 4688/1612/1339 4666/1627/1489
f 4670/1630/1359 4684/1626/1355 4692/1601/1327
f 4696/1895/1608 4667/1897/1490 4681/1624/1487
f 4696/1895/1608 4681/1624/1487 4689/1603/1479
f 4681/1624/1487 4662/1622/1485 4689/1603/1479
f 4662/1622/1485 4690/1629/1358 4668/1481/1331
f 4690/1629/1358 4691/1618/1345 4669/1604/1430
f 4691/1618/1345 4663/1625/1488 4669/1604/1430
f 4696/1896/1608 4673/1609/1482 4695/1631/1492
f 4672/1379/1491 4694/1476/1477 4695/1631/1492
f 4660/1632/1480 4699/1608/1481 4700/1610/1478
f 4698/1605/1333 4699/1608/1481 4697/1606/1385
f 4702/1595/1319 4677/1619/1347 4701/1593/1474
f 4703/1596/1475 4704/1598/1322 4680/1611/1338
f 4678/1617/1344 4702/1595/1319 4703/1596/1475
f 4676/1494/1483 4661/1594/1318 4701/1593/1474
f 4704/1633/1322 4659/1898/1321 4674/1623/1486
f 4714/1638/1414 4710/1641/1493 4711/1640/1415
f 4713/1899/1609 4711/1640/1415 4708/1642/1494
f 4708/1642/1494 4709/1637/1413 4713/1899/1609
f 4706/1199/1418 4712/1636/1411 4709/1637/1413
f 4725/1647/1414 4721/1641/1493 4722/1649/1415
f 4724/1899/1609 4722/1649/1415 4720/1642/1417
f 4720/1642/1417 4719/1646/1413 4724/1899/1609
f 4717/1045/1418 4723/1644/1411 4719/1646/1413
f 4729/1651/1318 4727/1654/1321 4771/1653/1475
f 4758/1629/1358 4730/1675/1485 4751/1620/1502
f 4732/1658/1326 4733/1475/1476 4761/1657/1497
f 4752/1678/1355 4732/1658/1326 4760/1659/1498
f 4731/1625/1354 4752/1678/1355 4738/1681/1504
f 4751/1620/1502 4759/1671/1345 4758/1629/1358
f 4768/1660/1478 4764/1900/1608 4757/1661/1479
f 4736/1481/1331 4737/1604/1384 4765/1664/1385
f 4737/1604/1384 4738/1681/1504 4766/1663/1333
f 4738/1681/1504 4739/1607/1386 4766/1663/1333
f 4767/1608/1499 4739/1607/1386 4740/1450/1491
f 4767/1608/1499 4740/1450/1491 4741/1665/1482
f 4768/1666/1478 4741/1665/1482 4764/1901/1608
f 4747/1614/1500 4748/1488/1338 4755/1668/1340
f 4754/1615/1389 4746/1670/1501 4747/1614/1500
f 4753/1669/1390 4745/1673/1347 4746/1670/1501
f 4751/1620/1502 4743/1498/1350 4744/1672/1483
f 4750/1674/1484 4742/1676/1486 4743/1498/1350
f 4731/1625/1354 4759/1671/1345 4745/1673/1347
f 4752/1678/1355 4745/1673/1347 4753/1669/1390
f 4732/1658/1326 4753/1669/1390 4754/1615/1389
f 4754/1615/1389 4755/1668/1340 4733/1475/1476
f 4755/1668/1340 4756/1667/1339 4734/1679/1489
f 4738/1681/1504 4752/1678/1355 4760/1659/1498
f 4764/1900/1608 4735/1902/1490 4749/1677/1503
f 4764/1900/1608 4749/1677/1503 4757/1661/1479
f 4749/1677/1503 4730/1675/1485 4757/1661/1479
f 4730/1675/1485 4758/1629/1358 4736/1481/1331
f 4758/1629/1358 4759/1671/1345 4737/1604/1384
f 4759/1671/1345 4731/1625/1354 4737/1604/1384
f 4764/1901/1608 4741/1665/1482 4763/1682/1492
f 4740/1450/1491 4762/1656/1477 4763/1682/1492
f 4728/1632/1480 4767/1608/1499 4768/1666/1478
f 4766/1663/1333 4767/1608/1499 4765/1664/1385
f 4770/1652/1495 4745/1673/1347 4769/1650/1474
f 4771/1653/1475 4772/1655/1496 4748/1488/1338
f 4746/1670/1501 4770/1652/1495 4771/1653/1475
f 4744/1672/1483 4729/1651/1318 4769/1650/1474
f 4772/1633/1496 4727/1903/1321 4742/1676/1486
f 4782/1687/1414 4778/1641/1493 4779/1688/1415
f 4781/1904/1610 4779/1688/1415 4776/1689/1505
f 4776/1689/1505 4777/1646/1413 4781/1904/1610
f 4774/1045/1418 4780/1685/1411 4777/1646/1413
f 4793/1905/1507 4787/1699/1517 4796/1700/1508
f 4792/1693/1509 4791/1690/1506 4796/1692/1508
f 4795/1696/1512 4791/1690/1506 4790/1695/1511
f 4794/1906/1611 4795/1696/1512 4788/1697/1513
f 4788/1697/1513 4789/1698/1515 4794/1906/1611
f 4786/1045/1514 4787/1699/1517 4789/1698/1515
f 4796/1700/1508 4787/1699/1517 4785/1520/1516
f 4840/1707/1523 4799/1706/1522 4797/1708/1518
f 4828/1737/1358 4800/1731/1535 4821/1729/1348
f 4802/1711/1524 4803/1709/1323 4831/1710/1325
f 4822/1734/1538 4802/1711/1524 4830/1712/1327
f 4801/1733/1537 4822/1734/1538 4808/1738/1504
f 4821/1729/1348 4829/1727/1345 4828/1737/1358
f 4838/1713/1328 4834/1907/1595 4827/1714/1525
f 4806/1716/1331 4807/1717/1384 4835/1719/1385
f 4807/1717/1384 4808/1738/1504 4836/1718/1333
f 4808/1738/1504 4809/1720/1526 4836/1718/1333
f 4837/1425/1336 4809/1720/1526 4810/1572/1360
f 4837/1425/1336 4810/1572/1360 4811/1721/1337
f 4838/1549/1328 4811/1721/1337 4834/1908/1595
f 4817/1614/1529 4818/1722/1527 4825/1724/1340
f 4824/1615/1389 4816/1726/1530 4817/1614/1529
f 4823/1725/1390 4815/1728/1532 4816/1726/1530
f 4821/1729/1348 4813/1730/1534 4814/1559/1531
f 4820/1497/1533 4812/1703/1519 4813/1730/1534
f 4808/1738/1504 4822/1734/1538 4830/1712/1327
f 4801/1733/1537 4829/1727/1345 4815/1728/1532
f 4822/1734/1538 4815/1728/1532 4823/1725/1390
f 4802/1711/1524 4823/1725/1390 4824/1615/1389
f 4824/1615/1389 4825/1724/1340 4803/1709/1323
f 4825/1724/1340 4826/1723/1528 4804/1735/1397
f 4834/1907/1595 4805/1909/1539 4819/1732/1536
f 4834/1907/1595 4819/1732/1536 4827/1714/1525
f 4819/1732/1536 4800/1731/1535 4827/1714/1525
f 4800/1731/1535 4828/1737/1358 4806/1716/1331
f 4828/1737/1358 4829/1727/1345 4807/1717/1384
f 4829/1727/1345 4801/1733/1537 4807/1717/1384
f 4834/1908/1595 4811/1721/1337 4833/1739/1540
f 4810/1572/1360 4832/1539/1324 4833/1739/1540
f 4798/1740/1330 4837/1425/1336 4838/1549/1328
f 4836/1718/1333 4837/1425/1336 4835/1719/1385
f 4840/1707/1523 4841/1655/1520 4818/1722/1527
f 4816/1726/1530 4839/1705/1521 4840/1707/1523
f 4814/1559/1531 4799/1706/1522 4839/1705/1521
f 4812/1703/1519 4797/1702/1518 4813/1730/1534
f 4843/1743/1542 4844/1742/1541 4846/1745/1544
f 4846/1745/1544 4849/1749/1547 4851/1747/1545
f 4847/1748/1546 4851/1747/1545 4849/1749/1547
f 4848/1019/1612 4852/1750/1548 4853/1910/1613
f 4853/1911/1613 4842/1744/1543 4848/1912/1612
f 4855/1752/1542 4856/1751/1541 4858/1754/1544
f 4858/1754/1544 4861/1757/1547 4863/1580/1550
f 4859/1756/1546 4863/1580/1550 4861/1757/1547
f 4860/1913/1614 4864/1758/1551 4865/1914/1615
f 4865/1915/1615 4854/1753/1549 4860/1916/1614
f 4868/1759/1318 4866/1761/1321 4910/1409/1475
f 4897/1784/1358 4869/1779/1351 4890/1777/1348
f 4871/1477/1524 4872/1599/1323 4900/1710/1325
f 4891/1782/1538 4871/1477/1524 4899/1763/1498
f 4870/1781/1537 4891/1782/1538 4877/1785/1504
f 4890/1777/1348 4898/1774/1345 4897/1784/1358
f 4907/1417/1328 4903/1866/1595 4896/1480/1329
f 4875/1765/1331 4876/1766/1384 4904/1768/1334
f 4876/1766/1384 4877/1785/1504 4905/1767/1333
f 4877/1785/1504 4878/1607/1386 4905/1767/1333
f 4906/1769/1336 4878/1607/1386 4879/1450/1360
f 4906/1769/1336 4879/1450/1360 4880/1770/1337
f 4907/1427/1328 4880/1770/1337 4903/1867/1595
f 4886/1431/1500 4887/1771/1338 4894/1772/1340
f 4893/1615/1342 4885/1773/1501 4886/1431/1500
f 4892/1725/1390 4884/1776/1347 4885/1773/1501
f 4890/1777/1348 4882/1621/1350 4883/1775/1483
f 4889/1778/1484 4881/1442/1486 4882/1621/1350
f 4877/1785/1504 4891/1782/1538 4899/1763/1498
f 4870/1781/1537 4898/1774/1345 4884/1776/1347
f 4891/1782/1538 4884/1776/1347 4892/1725/1390
f 4871/1477/1524 4892/1725/1390 4893/1615/1342
f 4893/1615/1342 4894/1772/1340 4872/1599/1323
f 4894/1772/1340 4895/1429/1339 4873/1783/1356
f 4903/1866/1595 4874/1868/1357 4888/1780/1353
f 4903/1866/1595 4888/1780/1353 4896/1480/1329
f 4888/1780/1353 4869/1779/1351 4896/1480/1329
f 4869/1779/1351 4897/1784/1358 4875/1765/1331
f 4897/1784/1358 4898/1774/1345 4876/1766/1384
f 4898/1774/1345 4870/1781/1537 4876/1766/1384
f 4903/1867/1595 4880/1770/1337 4902/1786/1398
f 4879/1450/1360 4901/1762/1324 4902/1786/1398
f 4867/1787/1330 4906/1769/1336 4907/1427/1328
f 4905/1767/1333 4906/1769/1336 4904/1768/1334
f 4909/1760/1495 4884/1776/1347 4908/1470/1474
f 4910/1409/1475 4911/1411/1322 4887/1771/1338
f 4885/1773/1501 4909/1760/1495 4910/1409/1475
f 4883/1775/1483 4868/1759/1318 4908/1470/1474
f 4911/1453/1322 4866/1917/1321 4881/1442/1486
f 3815/1918/1616 3870/941/872 3869/1054/987
f 4912/1919/1558 4916/1920/1556 4919/1921/1554
f 4917/1789/1552 4918/1792/1555 4923/1790/1553
f 4922/1796/1559 4918/1792/1555 4914/1794/1557
f 4912/1795/1558 4913/1922/1617 4922/1796/1559
f 4921/1798/1560 4913/1922/1617 4912/1795/1558
f 4935/1923/1618 4931/1465/1363 4932/1800/1372
f 4934/1803/1562 4930/1801/1364 4928/1804/1563
f 4926/1802/1561 4927/1805/1565 4934/1803/1562
f 4935/1924/1618 4927/1805/1565 4924/1806/1566
f 3798/1925/1603 3804/1926/862 3801/1927/859
f 3799/1928/934 3803/1929/932 3805/1930/883
f 3869/1054/987 3814/1931/1619 3815/1918/1616
f 3868/1053/986 3813/994/926 3814/1931/1619
f 3866/1048/982 3813/994/926 3867/1052/985
f 3809/153/923 3862/996/928 3808/989/920
f 3874/951/882 3831/867/1620 3820/1049/983
f 3862/996/928 3847/949/880 3808/989/920
f 3877/958/889 3827/1050/984 3878/961/892
f 3882/923/856 3798/1886/1603 3834/990/921
f 3881/965/896 3830/964/895 3831/1932/1620
f 3860/967/898 3832/1004/935 3807/995/927
f 3853/978/909 3839/982/913 3840/979/910
f 3807/1051/927 3833/991/922 3846/948/879
f 3833/991/922 3834/990/921 3847/949/880
f 3808/989/920 3849/985/916 3809/153/923
f 3814/1931/1619 3854/976/907 3855/974/905
f 3815/1918/1616 3855/974/905 3856/973/904
f 3816/1047/981 3856/973/904 3857/972/903
f 3817/942/873 3857/972/903 3858/970/901
f 3818/940/871 3858/970/901 3859/968/899
f 3819/937/868 3859/968/899 3860/967/898
f 3820/1049/983 3873/1400/869 3807/1051/927
f 3861/950/881 3862/996/928 3821/953/884
f 3826/999/931 3866/1048/982 3827/1050/984
f 3827/1050/984 3868/1053/986 3828/959/890
f 3829/962/893 3869/1054/987 3870/941/872
f 3831/1932/1620 3872/936/867 3873/938/869
f 3799/1003/934 3877/958/889 3802/1002/933
f 3844/969/900 3889/934/866 3845/966/897
f 3842/975/906 3886/930/863 3887/931/864
f 3841/977/908 3885/928/861 3886/930/863
f 3840/979/910 3884/927/860 3885/928/861
f 3839/982/913 3883/925/858 3884/927/860
f 3883/925/858 3837/984/915 3801/926/859
f 3836/986/917 3801/926/859 3837/984/915
f 3904/1028/948 3894/1007/937 3905/1009/939
f 3834/990/921 3800/1005/936 3835/988/919
f 3907/1025/956 3894/1007/937 3896/1010/940
f 3910/1013/943 3896/1010/940 3902/1014/944
f 3903/1017/947 3911/1015/945 3902/1014/944
f 3894/1933/937 3902/1934/944 3896/1935/940
f 3901/1936/950 3895/1937/954 3898/1938/952
f 3932/1037/967 3920/1035/965 3923/1038/968
f 3925/1017/959 3933/1015/969 3923/1038/968
f 3923/1939/968 3916/1863/962 3925/1940/959
f 3914/1941/979 3919/1942/974 3922/1943/971
f 3941/1944/995 3936/1945/1621 3935/1946/988
f 3999/1947/1012 3938/1948/1046 3940/1949/1009
f 3948/1918/1622 3994/1068/1002 3993/1054/1574
f 3947/1931/1623 3993/1054/1574 3992/1053/1573
f 3946/1809/1569 3992/1053/1573 3991/1808/1568
f 3987/1104/1044 3943/1070/1004 3988/947/1006
f 3963/1099/1039 3972/1810/1570 3962/1110/1050
f 3974/1097/1037 3987/1104/1044 3973/1098/1038
f 3961/1811/1571 3998/1072/1007 4004/1055/1022
f 3967/1109/1049 3979/1092/1031 3978/1101/1041
f 3962/1110/1050 3942/1815/1043 3971/1006/1051
f 3966/1108/1048 3978/1101/1041 3944/1105/1045
f 3977/1095/1034 3944/1105/1045 3990/1100/1040
f 3979/1092/1031 3947/1931/1623 3946/1809/1569
f 3979/1092/1031 3946/1809/1569 3945/1102/1042
f 3980/1090/1029 3948/1918/1622 3947/1931/1623
f 3981/1089/1028 3949/1047/1567 3948/1918/1622
f 3982/972/903 3950/1069/1003 3949/1047/1567
f 3983/1088/1026 3951/1067/1001 3950/1069/1003
f 3985/1086/1024 3951/1067/1001 3984/1087/1025
f 3945/1102/1042 3956/1078/1015 3978/1101/1041
f 3992/1053/1573 3957/1080/1017 3991/1808/1568
f 3993/1054/1574 3959/1082/1019 3958/1813/1572
f 3996/1064/997 3961/1812/1571 3960/1083/1021
f 3965/1094/1033 4006/1058/991 3966/1108/1048
f 3971/1814/1051 3970/1085/1023 4010/1063/990
f 4007/1060/993 3968/1091/1030 3967/1109/1049
f 3939/1059/992 3964/1096/1036 3936/1950/1621
f 3936/1950/1621 3963/1099/1039 3935/1056/988
f 4024/1115/1058 4017/1951/1624 4025/1817/1575
f 4023/1030/1062 4028/1119/1064 4013/1952/1625
f 4016/1117/1060 4023/1030/1062 4013/1952/1625
f 4027/1111/1053 4013/1953/1625 4028/1816/1064
f 4026/1043/1626 4025/1817/1575 4017/1951/1624
f 4022/1114/1056 4026/1043/1626 4017/1951/1624
f 4016/1954/1060 4022/1955/1056 4017/1956/1624
f 4026/1043/1626 4019/1113/1055 4018/1021/1627
f 4019/1957/1055 4021/1958/1054 4012/1959/1061
f 4026/1043/1626 4015/1116/1059 4025/1817/1575
f 4042/1129/1075 4037/1960/1628 4043/1127/1073
f 4041/1131/1078 4046/1133/1064 4031/1961/1629
f 4034/1130/1076 4041/1131/1078 4031/1961/1629
f 4045/1120/1066 4031/1962/1629 4046/1821/1064
f 4044/1124/1070 4043/1127/1073 4037/1960/1628
f 4040/1123/1069 4044/1124/1070 4037/1960/1628
f 4034/1963/1076 4040/1964/1069 4037/1965/1628
f 4036/1966/1068 4039/1967/1067 4030/1968/1077
f 4052/1969/1079 4048/1970/1084 4047/1971/1576
f 4059/1918/1622 4105/1068/1002 4104/1830/1574
f 4058/1931/1630 4104/1830/1574 4103/1829/1573
f 4057/994/1569 4103/1829/1573 4102/1213/1568
f 4098/1104/1101 4054/1145/1004 4099/947/1089
f 4074/1136/1082 4083/1824/1577 4073/1110/1105
f 4085/1165/1037 4098/1104/1101 4084/1166/1098
f 4072/1825/1571 4109/1147/1007 4115/1055/1022
f 4078/1174/1104 4090/1160/1031 4089/1167/1099
f 4073/1110/1105 4053/1828/1100 4082/1175/1051
f 4077/1173/1103 4089/1167/1099 4055/1169/1045
f 4088/1162/1034 4055/1169/1045 4101/1100/1040
f 4090/1160/1031 4058/1931/1630 4057/994/1569
f 4090/1160/1031 4057/994/1569 4056/1168/1042
f 4091/974/1093 4059/1918/1622 4058/1931/1630
f 4092/973/1028 4060/1823/1567 4059/1918/1622
f 4093/972/903 4061/942/1003 4060/1823/1567
f 4094/1159/1026 4062/940/1001 4061/942/1003
f 4096/1158/1024 4062/940/1001 4095/1087/1025
f 4056/1168/1042 4067/999/1090 4089/1167/1099
f 4103/1829/1573 4068/1050/1091 4102/1213/1568
f 4104/1830/1574 4070/1154/1019 4069/1813/1572
f 4107/1064/997 4072/1826/1571 4071/1156/1021
f 4075/1164/1097 4117/1137/1083 4076/984/1095
f 4082/1827/1051 4081/1157/1092 4122/1143/1081
f 4119/1140/1086 4079/1091/1030 4078/1174/1104
f 4117/1137/1083 4077/1173/1103 4076/984/1095
f 4123/1972/1631 4135/1187/1118 4140/1973/1578
f 4127/1974/1632 4136/1185/1116 4135/1187/1118
f 4133/1179/1110 4137/1182/1113 4129/1975/1633
f 4129/1975/1633 4137/1182/1113 4136/1185/1116
f 4123/1976/1631 4129/1977/1633 4127/1978/1632
f 4123/1979/1631 4139/1177/1107 4133/1179/1110
f 4123/1979/1631 4140/1648/1578 4139/1177/1107
f 4140/1973/1578 4125/1186/1117 4124/1027/1579
f 4157/1111/1129 4143/1980/1119 4158/1194/1121
f 4124/1027/1579 4134/278/1108 4140/1973/1578
f 4156/1197/1132 4155/1193/1125 4149/1192/1124
f 4152/1196/1130 4156/1197/1132 4149/1192/1124
f 4145/1981/1122 4152/1982/1130 4149/1983/1124
f 4221/1984/1012 4162/1948/1102 4163/1985/1009
f 4151/1986/1126 4142/1941/1136 4146/1937/1135
f 4155/1193/1125 4147/1198/1133 4146/1023/1135
f 4164/1987/1137 4160/1988/1084 4159/1989/1576
f 4172/1246/1174 4219/1990/1582 4218/1842/1586
f 4171/1245/1173 4218/1842/1586 4217/1248/1175
f 4170/1244/1172 4217/1248/1175 4216/1841/1585
f 4169/1243/1171 4216/1841/1585 4215/1210/1145
f 4208/1104/1101 4165/1216/1004 4209/947/1089
f 4183/1202/1082 4192/1835/1581 4182/1250/1176
f 4194/1237/1037 4208/1104/1101 4193/1238/1098
f 4181/1836/1583 4220/1217/1151 4226/1055/1156
f 4187/1235/1166 4199/1214/1149 4198/993/1580
f 4182/1250/1176 4191/1240/1169 4206/1239/1168
f 4186/1173/1103 4198/993/1580 4166/1247/1045
f 4197/1095/1034 4166/1247/1045 4211/1242/1040
f 4214/1211/1146 4212/1215/1150 4213/1213/1148
f 4173/1840/1170 4172/1246/1174 4205/1229/1158
f 4177/1223/1152 4198/993/1580 4212/1215/1150
f 4218/1842/1586 4181/1837/1583 4180/1083/1021
f 4179/1225/1155 4178/1838/1584 4215/1210/1145
f 4184/1164/1097 4228/1203/1140 4185/1236/1095
f 4206/1839/1168 4190/1228/1157 4233/1208/1139
f 4230/1206/1142 4188/1233/1164 4187/1235/1166
f 4228/1203/1140 4186/1173/1103 4185/1236/1095
f 4247/1034/1058 4240/1991/1624 4248/1843/1575
f 4246/1189/1062 4251/1031/1064 4236/1992/1625
f 4239/1255/1060 4246/1189/1062 4236/1992/1625
f 4250/1120/1053 4236/1993/1625 4251/1816/1064
f 4249/1197/1626 4248/1843/1575 4240/1991/1624
f 4245/1252/1056 4249/1197/1626 4240/1991/1624
f 4239/1994/1060 4245/1982/1056 4240/1995/1624
f 4249/1197/1626 4242/1113/1177 4241/1021/1627
f 4242/1996/1177 4244/1997/1054 4235/1998/1061
f 4249/1197/1626 4238/1254/1059 4248/1843/1575
f 4265/1034/1191 4260/1258/1178 4266/1260/1180
f 4264/1268/1194 4269/1031/1184 4254/1999/1183
f 4257/1267/1192 4264/1268/1194 4254/1999/1183
f 4262/2000/1181 4257/2001/1192 4254/2002/1183
f 4269/1263/1184 4252/174/1195 4263/1264/1186
f 4256/2003/1189 4259/2004/1187 4263/2005/1186
f 4298/1307/1216 4340/1271/1197 4270/1270/1196
f 4271/1854/1587 4298/1307/1216 4270/1270/1196
f 4334/2006/1012 4274/2007/1046 4276/2008/1009
f 4283/1918/1622 4329/1068/1002 4328/1054/1574
f 4282/2009/1623 4328/1054/1574 4327/1829/1573
f 4281/1848/1569 4327/1829/1573 4326/1847/1568
f 4322/1312/1044 4278/1070/1004 4323/947/1089
f 4298/1307/1216 4307/1849/1588 4297/1318/1219
f 4309/1165/1037 4322/1312/1044 4308/1306/1215
f 4296/1850/1571 4333/1284/1007 4339/1055/1022
f 4302/1317/1218 4314/1302/1211 4313/1309/1041
f 4297/1318/1219 4277/1853/1100 4306/1319/1051
f 4301/1316/1217 4313/1309/1041 4279/1313/1045
f 4312/1305/1213 4279/1313/1045 4325/1308/1040
f 4314/1302/1211 4282/2009/1623 4281/1848/1569
f 4314/1302/1211 4281/1848/1569 4280/1310/1042
f 4315/1300/1029 4283/1918/1622 4282/2009/1623
f 4316/973/1028 4284/1823/1567 4283/1918/1622
f 4317/972/903 4285/1283/1205 4284/1823/1567
f 4318/1299/1026 4286/940/1001 4285/1283/1205
f 4320/1297/1024 4286/940/1001 4319/1298/1209
f 4280/1310/1042 4291/1290/1090 4313/1309/1041
f 4327/1829/1573 4292/1292/1017 4326/1847/1568
f 4328/1054/1574 4294/1225/1207 4293/1838/1589
f 4331/1279/997 4296/1851/1571 4295/1294/1021
f 4300/1304/1212 4341/1272/1199 4301/1316/1217
f 4306/1852/1051 4305/1296/1092 4345/1278/1198
f 4342/1274/1201 4303/1301/1210 4302/1317/1218
f 4272/1273/1200 4299/1096/1214 4271/1854/1587
f 4355/1327/1230 4360/1324/1225 4351/1323/1224
f 4351/2010/1224 4357/2011/1590 4355/2012/1230
f 4357/2013/1590 4362/1325/1227 4355/1327/1230
f 4357/2013/1590 4363/1856/1222 4362/1325/1227
f 4363/1322/1222 4347/1026/1235 4346/1132/1591
f 4377/1185/1240 4370/1335/1241 4378/1336/1243
f 4346/1132/1591 4356/278/1228 4363/1322/1222
f 4368/2014/1239 4374/2015/1248 4370/2016/1241
f 4381/1333/1238 4365/1345/1252 4364/2017/1592
f 4397/1004/1293 4412/1364/1273 4404/1363/1272
f 4364/2017/1592 4373/278/1246 4381/1333/1238
f 4387/1377/1289 4388/1398/1314 4416/1397/1313
f 4393/1358/1267 4416/1397/1313 4394/959/1269
f 4397/1404/1293 4398/1374/1285 4405/1373/1284
f 4387/1377/1289 4409/976/1277 4410/1366/1275
f 4411/1365/1274 4412/1364/1273 4389/1350/1259
f 4395/1379/1292 4416/1397/1313 4417/941/1258
f 4399/1371/1282 4383/1347/1254 4400/1376/1287
f 4396/1361/1271 4418/1351/1260 4390/1378/1291
f 4400/1376/1287 4383/1347/1254 4423/1346/1253
f 4430/2018/1594 4434/1940/1593 4433/1934/1297
f 4436/1382/1295 4433/1383/1297 4434/1017/1593
f 4432/2019/1296 4427/2020/1299 4429/2021/1298
f 4439/2022/1309 4442/2023/1307 4437/2024/1305
f 4484/1451/1361 4456/1447/1357 4485/1867/1595
f 4454/1412/1323 4484/1451/1361 4483/1413/1324
f 4477/1454/1339 4470/1443/1353 4456/1868/1357
f 4482/1414/1325 4459/1449/1359 4481/1416/1327
f 4482/1414/1325 4461/1450/1360 4460/1424/1335
f 4464/1440/1350 4450/1407/1318 4465/1436/1346
f 4497/1462/1369 4506/1797/1596 4503/2025/1634
f 4464/1440/1350 4463/1442/1352 4448/1869/1321
f 4502/1455/1362 4505/1459/1366 4499/2026/1635
f 4499/2026/1635 4505/1459/1366 4497/1462/1369
f 4503/2027/1634 4499/2028/1635 4497/2029/1369
f 4503/2030/1634 4506/1870/1596 4502/1455/1362
f 4506/1870/1596 4494/2031/1371 4501/1456/1363
f 4510/1462/1369 4519/1872/1596 4516/2032/1634
f 4498/2033/1367 4501/2034/1363 4495/2035/1368
f 4515/1464/1372 4518/1467/1366 4512/2036/1635
f 4512/2036/1635 4518/1467/1366 4510/1462/1369
f 4516/2037/1634 4512/2038/1635 4510/2039/1369
f 4516/2040/1634 4519/1871/1596 4515/1464/1372
f 4519/1871/1596 4507/2041/1376 4514/1465/1363
f 4557/1509/1398 4529/1505/1357 4558/1877/1595
f 4511/2042/1374 4514/2043/1363 4508/2035/1368
f 4527/1475/1323 4557/1509/1398 4556/1476/1324
f 4550/1512/1388 4543/1501/1396 4529/1878/1357
f 4555/1414/1325 4532/1507/1359 4554/1478/1327
f 4555/1414/1325 4534/1508/1360 4533/1485/1386
f 4521/1471/1378 4537/1498/1393 4520/2044/1597
f 4520/2044/1597 4536/1500/1395 4523/1879/1381
f 4569/1521/1408 4577/1880/1404 4575/2045/1402
f 4571/1513/1399 4576/1515/1401 4569/1521/1408
f 4575/2046/1402 4571/2047/1399 4569/2048/1408
f 4570/2049/1406 4573/2050/1403 4567/2051/1407
f 4577/1518/1404 4574/2052/1409 4573/1517/1403
f 4584/1530/1415 4586/1881/1598 4582/1526/1413
f 4580/1528/1410 4587/1527/1414 4584/1530/1415
f 4584/2053/1415 4582/2054/1413 4580/2055/1410
f 4588/1529/1412 4578/2031/1636 4587/1527/1414
f 4579/2056/1418 4583/2057/1416 4578/2058/1636
f 4607/1563/1448 4614/1566/1451 4606/1565/1450
f 4585/1524/1411 4578/1806/1636 4588/1525/1412
f 4625/1882/1599 4624/1885/1602 4596/1569/1453
f 4592/1551/1435 4613/1550/1434 4606/1004/1450
f 4618/1554/1439 4597/1883/1600 4596/1569/1453
f 4598/1540/1426 4619/1553/1438 4620/1552/1436
f 4592/1551/1435 4598/1540/1426 4620/1552/1436
f 4625/1882/1599 4602/1571/1454 4624/1885/1602
f 4625/1882/1599 4604/1572/1455 4603/1546/1431
f 4608/1498/1446 4591/1534/1420 4609/1559/1444
f 4608/1498/1446 4607/1563/1448 4589/1574/1423
f 4636/1577/1458 4646/1892/1464 4638/1575/1456
f 4644/1581/1462 4639/1891/1606 4643/1580/1461
f 4637/2059/1457 4644/2060/1462 4641/2061/1605
f 4642/1579/1460 4639/1891/1606 4637/1576/1457
f 4647/1587/1467 4658/1894/1604 4649/1585/1465
f 4654/2062/1472 4651/2063/1468 4649/2064/1465
f 4648/2065/1466 4652/2066/1471 4653/2061/1607
f 4656/1580/1470 4650/2067/1637 4655/1589/1469
f 4695/1631/1492 4667/1628/1490 4696/1896/1608
f 4655/1589/1469 4650/2067/1637 4648/1586/1466
f 4665/1599/1476 4695/1631/1492 4694/1476/1477
f 4688/1634/1339 4681/1624/1487 4667/1897/1490
f 4693/1600/1325 4670/1630/1359 4692/1601/1327
f 4693/1600/1325 4672/1379/1491 4671/1607/1386
f 4675/1621/1350 4661/1594/1318 4676/1494/1483
f 4675/1621/1350 4674/1623/1486 4659/1898/1321
f 4711/1640/1415 4713/1899/1609 4709/1637/1413
f 4707/1639/1410 4714/1638/1414 4711/1640/1415
f 4711/2068/1415 4709/2069/1413 4707/2070/1410
f 4715/1529/1412 4705/2031/1636 4714/1638/1414
f 4706/2071/1418 4710/2072/1493 4705/2073/1636
f 4712/1636/1411 4705/1806/1636 4715/1525/1412
f 4722/1649/1415 4724/1899/1609 4719/1646/1413
f 4718/1262/1410 4725/1647/1414 4722/1649/1415
f 4722/2074/1415 4719/2075/1413 4718/2076/1410
f 4726/1648/1412 4716/2077/1636 4725/1647/1414
f 4717/2078/1418 4721/2079/1493 4716/2080/1636
f 4763/1682/1492 4735/1680/1490 4764/1901/1608
f 4723/1644/1411 4716/1701/1636 4726/1645/1412
f 4733/1475/1476 4763/1682/1492 4762/1656/1477
f 4756/1683/1339 4749/1677/1503 4735/1902/1490
f 4761/1657/1497 4738/1681/1504 4760/1659/1498
f 4761/1657/1497 4740/1450/1491 4739/1607/1386
f 4743/1498/1350 4729/1651/1318 4744/1672/1483
f 4743/1498/1350 4742/1676/1486 4727/1903/1321
f 4779/1688/1415 4781/1904/1610 4777/1646/1413
f 4775/1262/1410 4782/1687/1414 4779/1688/1415
f 4779/2081/1415 4777/2075/1413 4775/2082/1410
f 4783/1648/1412 4773/1694/1636 4782/1687/1414
f 4774/2022/1418 4778/2083/1493 4773/2080/1636
f 4791/1690/1506 4794/1906/1611 4789/1698/1515
f 4780/1685/1411 4773/1701/1636 4783/1686/1412
f 4793/2084/1507 4789/2085/1515 4787/2029/1517
f 4786/2022/1514 4790/2086/1511 4784/2080/1510
f 4833/1739/1540 4805/1736/1539 4834/1908/1595
f 4803/1709/1323 4833/1739/1540 4832/1539/1324
f 4826/1741/1528 4819/1732/1536 4805/1909/1539
f 4831/1710/1325 4808/1738/1504 4830/1712/1327
f 4831/1710/1325 4810/1572/1360 4809/1720/1526
f 4813/1730/1534 4799/1706/1522 4814/1559/1531
f 4852/1750/1548 4844/2087/1541 4853/1910/1613
f 4842/1744/1543 4853/1911/1613 4844/1742/1541
f 4849/2088/1547 4846/2089/1544 4844/2090/1541
f 4843/2091/1542 4847/2092/1546 4848/2093/1612
f 4851/1747/1545 4845/2094/1638 4850/1746/1469
f 4864/1758/1551 4856/2095/1541 4865/1914/1615
f 4850/1746/1469 4845/2094/1638 4843/1743/1542
f 4854/1753/1549 4865/1915/1615 4856/1751/1541
f 4861/2088/1547 4858/2096/1544 4856/2097/1541
f 4855/2098/1542 4859/2099/1546 4860/2100/1614
f 4863/1580/1550 4857/2101/1638 4862/1755/1469
f 4902/1786/1398 4874/1447/1357 4903/1867/1595
f 4862/1755/1469 4857/2101/1638 4855/1752/1542
f 4872/1599/1323 4902/1786/1398 4901/1762/1324
f 4895/1788/1339 4888/1780/1353 4874/1868/1357
f 4900/1710/1325 4877/1785/1504 4899/1763/1498
f 4900/1710/1325 4879/1450/1360 4878/1607/1386
f 4882/1621/1350 4868/1759/1318 4883/1775/1483
f 4913/1922/1617 4923/1797/1553 4920/2025/1639
f 4882/1621/1350 4881/1442/1486 4866/1917/1321
f 4920/2102/1639 4915/2103/1640 4913/2104/1617
f 4915/2105/1640 4922/1796/1559 4913/1922/1617
f 4918/1792/1555 4922/1796/1559 4915/2105/1640
f 4920/2106/1639 4923/1790/1553 4918/1792/1555
f 4927/1805/1565 4935/1924/1618 4933/2025/1641
f 4932/1800/1372 4934/1803/1562 4929/2105/1642
f 4929/2105/1642 4934/1803/1562 4927/1805/1565
f 4933/2102/1641 4929/2107/1642 4927/2039/1565
f 4933/2106/1641 4935/1923/1618 4932/1800/1372
f 4935/1923/1618 4924/2031/1566 4931/1465/1363
f 4928/2108/1563 4931/2109/1363 4925/2051/1564
f 4938/31/6 4940/19/6 4936/32/6
f 4964/2110/1643 4948/24/1643 4965/2111/1643
f 4950/18/4 4944/33/4 4948/24/4
f 4962/135/1644 4938/34/1644 4936/35/1644
f 4948/24/7 4944/33/7 4945/2112/7
f 4942/15/1 4938/139/1 4939/2113/1
f 4955/153/1 4959/142/1 4958/2114/1
f 4953/145/7 4963/2115/7 4971/2116/7
f 4956/147/11 4955/148/11 4953/149/11
f 4944/33/1645 4959/155/1645 4956/147/1645
f 4946/37/1 4950/18/1 4947/2117/1
f 4956/136/7 4971/2116/7 4957/2118/7
f 4942/25/1646 4967/2119/1646 4940/19/1646
f 4936/36/7 4940/13/7 4937/2120/7
f 4955/153/1 4970/2121/1 4961/2122/1
f 4953/149/11 4960/154/11 4962/135/11
f 4939/31/4 4941/19/4 4943/25/4
f 4949/24/1647 4964/2123/1647 4965/2124/1648
f 4947/37/6 4949/24/6 4945/33/6
f 4963/135/1649 4937/35/1649 4968/2125/1649
f 4970/2126/21 4957/147/21 4971/2127/21
f 4972/2128/1650 4945/33/1651 4957/147/1651
f 4943/25/1652 4967/2129/1652 4966/2130/1652
f 4961/154/21 4952/149/21 4963/135/21
f 4974/32/6 4980/25/6 4978/19/6
f 5002/2110/1643 4986/24/1643 5003/2111/1643
f 4988/18/4 4982/33/4 4986/24/4
f 5000/135/1644 4976/34/1644 4974/35/1644
f 4986/24/7 4982/33/7 4983/2112/7
f 4980/15/1 4976/139/1 4977/2113/1
f 4993/153/1 4997/142/1 4996/2114/1
f 5000/146/7 5001/2115/7 4990/2116/7
f 4994/147/11 4993/148/11 4991/149/11
f 4982/33/1645 4997/155/1645 4994/147/1645
f 4984/37/1 4988/18/1 4985/2117/1
f 4994/136/7 5009/2116/7 4995/2118/7
f 4980/25/1646 5005/2119/1646 4978/19/1646
f 4974/36/7 4978/13/7 4975/2120/7
f 4998/140/1653 5008/2121/1653 4992/2121/1653
f 4991/149/11 4998/154/11 5000/135/11
f 4977/31/4 4979/19/4 4981/25/4
f 4987/24/1647 5002/2123/1647 5003/2124/1647
f 4989/18/6 4983/33/6 4985/37/6
f 5007/2131/1649 4977/34/1654 5006/2125/1649
f 5008/2126/21 4995/147/21 4990/149/21
f 5010/2128/1651 4983/33/1651 4995/147/1651
f 4981/25/1652 5005/2129/1652 5004/2130/1652
f 4999/154/21 4990/149/21 5001/135/21
f 5014/31/6 5016/19/6 5012/32/6
f 5040/2110/1655 5024/24/1655 5041/2111/1655
f 5026/18/4 5020/33/4 5024/24/4
f 5038/135/1656 5014/34/1656 5012/35/1656
f 5024/24/7 5020/33/7 5021/2112/7
f 5018/15/1 5014/139/1 5015/2113/1
f 5031/153/1 5035/142/1 5034/2114/1
f 5038/146/7 5039/2115/7 5028/2116/7
f 5032/147/11 5031/148/11 5029/149/11
f 5020/33/1657 5035/155/1657 5032/147/1657
f 5022/37/1 5026/18/1 5023/2117/1
f 5032/136/7 5047/2116/7 5033/2118/7
f 5018/25/1658 5043/2119/1658 5016/19/1658
f 5012/36/7 5016/13/7 5013/2120/7
f 5036/140/1659 5046/2121/1660 5030/2121/1661
f 5029/149/11 5036/154/11 5038/135/11
f 5013/32/4 5019/25/4 5015/31/4
f 5025/24/1662 5040/2123/1663 5041/2124/1662
f 5027/18/6 5021/33/6 5023/37/6
f 5039/135/1664 5013/35/1664 5044/2125/1664
f 5046/2126/21 5033/147/21 5047/2127/21
f 5048/2128/1665 5021/33/1666 5033/147/1666
f 5019/25/1667 5043/2129/1667 5042/2130/1667
f 5037/154/21 5028/149/1668 5039/135/21
f 5052/31/6 5054/19/6 5050/32/6
f 5078/2110/1655 5062/24/1655 5079/2111/1655
f 5064/18/4 5058/33/4 5062/24/4
f 5076/135/1656 5052/34/1656 5050/35/1656
f 5062/24/7 5058/33/7 5059/2112/7
f 5056/15/1 5052/139/1 5053/2113/1
f 5069/153/1 5073/142/1 5072/2114/1
f 5076/146/7 5077/2115/7 5085/2116/7
f 5070/147/11 5069/148/11 5067/149/11
f 5058/33/1657 5073/155/1657 5070/147/1657
f 5060/37/1 5064/18/1 5061/2117/1
f 5070/136/7 5085/2116/7 5071/2118/7
f 5056/25/1658 5081/2119/1658 5054/19/1658
f 5050/36/7 5054/13/7 5051/2120/7
f 5074/140/1669 5084/2121/1669 5068/2121/1669
f 5067/149/11 5074/154/11 5076/135/11
f 5051/32/4 5057/25/4 5053/31/4
f 5063/24/1663 5078/2123/1663 5079/2124/1663
f 5065/18/6 5059/33/6 5061/37/6
f 5077/135/1664 5051/35/1664 5082/2125/1670
f 5084/2126/21 5071/147/21 5085/2127/21
f 5086/2128/1666 5059/33/1665 5087/2132/1665
f 5057/25/1671 5081/2129/1667 5080/2130/1671
f 5075/154/21 5066/149/21 5077/135/21
f 5088/32/6 5094/25/6 5092/19/6
f 5116/2110/1643 5100/24/1643 5117/2111/1643
f 5102/18/4 5096/33/4 5100/24/4
f 5114/135/1644 5090/34/1644 5088/35/1644
f 5100/24/7 5096/33/7 5097/2112/7
f 5094/15/1 5090/139/1 5091/2113/1
f 5107/153/1 5111/142/1 5110/2114/1
f 5114/146/7 5115/2115/7 5123/2116/7
f 5108/147/11 5107/148/11 5105/149/11
f 5096/33/1645 5111/155/1645 5108/147/1645
f 5098/37/1 5102/18/1 5099/2117/1
f 5108/136/7 5123/2116/7 5109/2118/7
f 5094/25/1646 5119/2119/1646 5092/19/1646
f 5088/36/7 5092/13/7 5089/2120/7
s 0
f 5112/140/1672 5122/2121/21 5106/2121/1673
s 1
f 5105/149/11 5112/154/11 5114/135/11
f 5089/32/4 5095/25/4 5091/31/4
f 5101/24/1647 5116/2123/1674 5117/2124/1647
f 5103/18/6 5097/33/6 5099/37/6
f 5115/135/1649 5089/35/1649 5120/2125/1654
f 5122/2126/21 5109/147/21 5104/149/21
f 5124/2128/1651 5097/33/1650 5125/2132/1651
f 5095/25/1652 5119/2129/1675 5118/2130/1652
f 5113/154/21 5104/149/21 5115/135/21
f 5126/32/6 5132/25/6 5130/19/6
f 5154/2110/1643 5138/24/1643 5155/2111/1643
f 5140/18/4 5134/33/4 5138/24/4
f 5152/135/1644 5128/34/1644 5126/35/1644
f 5138/24/7 5134/33/7 5135/2112/7
f 5132/15/1 5128/139/1 5129/2113/1
f 5145/153/1 5149/142/1 5148/2114/1
f 5152/146/7 5153/2115/7 5142/2116/7
f 5146/147/11 5145/148/11 5143/149/11
f 5134/33/1645 5149/155/1645 5146/147/1645
f 5136/37/1 5140/18/1 5137/2117/1
f 5146/136/7 5161/2116/7 5147/2118/7
f 5132/25/1646 5157/2119/1646 5130/19/1646
f 5126/36/7 5130/13/7 5127/2120/7
f 5150/140/1676 5160/2121/1677 5144/2121/1677
f 5143/149/11 5150/154/11 5152/135/11
f 5127/32/4 5133/25/4 5129/31/4
f 5139/24/1647 5154/2123/1647 5155/2124/1647
f 5141/18/6 5135/33/6 5137/37/6
f 5153/135/1649 5127/35/1649 5158/2125/1649
f 5160/2126/21 5147/147/21 5161/2127/21
f 5162/2128/1650 5135/33/1651 5163/2132/1651
f 5133/25/1652 5157/2129/1652 5156/2130/1652
f 5151/154/21 5142/149/1678 5153/135/21
f 5166/31/6 5168/19/6 5164/32/6
f 5192/2110/1655 5176/24/1655 5193/2111/1655
f 5178/18/4 5172/33/4 5176/24/4
f 5190/135/1656 5166/34/1656 5164/35/1656
f 5176/24/7 5172/33/7 5173/2112/7
f 5170/15/1 5166/139/1 5167/2113/1
f 5183/153/1 5187/142/1 5186/2114/1
f 5190/146/7 5191/2115/7 5180/2116/7
f 5184/147/11 5183/148/11 5181/149/11
f 5172/33/1657 5187/155/1657 5184/147/1657
f 5174/37/1 5178/18/1 5175/2117/1
f 5184/136/7 5199/2116/7 5185/2118/7
f 5170/25/1658 5195/2119/1658 5168/19/1658
f 5164/36/7 5168/13/7 5165/2120/7
f 5188/140/1 5198/2121/1 5189/2122/1
f 5181/149/11 5188/154/11 5190/135/11
f 5167/31/4 5169/19/4 5171/25/4
f 5177/24/1662 5192/2123/1663 5193/2124/1662
f 5175/37/6 5177/24/6 5173/33/6
f 5197/2131/1664 5167/34/1670 5196/2125/1670
f 5198/2126/21 5185/147/21 5199/2127/21
f 5200/2128/1665 5173/33/1665 5201/2132/1665
f 5171/25/1667 5195/2129/1667 5194/2130/1667
f 5189/154/21 5180/149/1679 5191/135/21
f 5204/31/6 5206/19/6 5202/32/6
f 5230/2110/1655 5214/24/1655 5231/2111/1655
f 5216/18/4 5210/33/4 5214/24/4
f 5228/135/1656 5204/34/1656 5202/35/1656
f 5214/24/7 5210/33/7 5211/2112/7
f 5208/15/1 5204/139/1 5205/2113/1
f 5221/153/1 5225/142/1 5224/2114/1
f 5228/146/7 5229/2115/7 5237/2116/7
f 5222/147/11 5221/148/11 5219/149/11
f 5210/33/1657 5225/155/1657 5222/147/1657
f 5212/37/1 5216/18/1 5213/2117/1
f 5222/136/7 5237/2116/7 5223/2118/7
f 5208/25/1658 5233/2119/1658 5206/19/1658
f 5202/36/7 5206/13/7 5203/2120/7
f 5226/140/1 5236/2121/1 5227/2122/1
f 5219/149/11 5226/154/11 5228/135/11
f 5203/32/4 5209/25/4 5205/31/4
f 5215/24/1663 5230/2123/1662 5231/2124/1663
f 5217/18/6 5211/33/6 5213/37/6
f 5235/2131/1664 5205/34/1664 5234/2125/1670
f 5236/2126/21 5223/147/21 5237/2127/21
f 5238/2128/1665 5211/33/1665 5223/147/1665
f 5209/25/1667 5233/2129/1667 5232/2130/1667
f 5227/154/21 5218/149/21 5229/135/21
f 5242/31/6 5244/19/6 5240/32/6
f 5268/2110/1643 5252/24/1643 5269/2111/1643
f 5254/18/4 5248/33/4 5252/24/4
f 5266/135/1644 5242/34/1644 5240/35/1644
f 5252/24/7 5248/33/7 5249/2112/7
f 5246/15/1 5242/139/1 5243/2113/1
f 5259/153/1 5263/142/1 5262/2114/1
f 5266/146/7 5267/2115/7 5275/2116/7
f 5260/147/11 5259/148/11 5257/149/11
f 5248/33/1645 5263/155/1645 5260/147/1645
f 5250/37/1 5254/18/1 5251/2117/1
f 5260/136/7 5275/2116/7 5261/2118/7
f 5246/25/1646 5271/2119/1646 5244/19/1646
f 5240/36/7 5244/13/7 5241/2120/7
f 5264/140/1 5274/2121/1 5265/2122/1
f 5257/149/11 5264/154/11 5266/135/11
f 5241/32/4 5247/25/4 5243/31/4
f 5253/24/1647 5268/2123/1647 5269/2124/1647
f 5255/18/6 5249/33/6 5251/37/6
f 5273/2131/1649 5243/34/1654 5272/2125/1649
f 5274/2126/21 5261/147/21 5256/149/21
f 5276/2128/1651 5249/33/1650 5277/2132/1651
f 5247/25/1652 5271/2129/1652 5270/2130/1652
f 5265/154/21 5256/149/21 5267/135/21
f 5280/31/6 5282/19/6 5278/32/6
f 5306/2110/1643 5290/24/1643 5307/2111/1643
f 5290/24/4 5288/37/4 5286/33/4
f 5304/135/1644 5280/34/1644 5278/35/1644
f 5290/24/7 5286/33/7 5287/2112/7
f 5284/15/1 5280/139/1 5281/2113/1
f 5297/153/1 5301/142/1 5300/2114/1
f 5304/146/7 5305/2115/7 5313/2116/7
f 5298/147/11 5297/148/11 5295/149/11
f 5286/33/1645 5301/155/1645 5298/147/1645
f 5288/37/1 5292/18/1 5289/2117/1
f 5298/136/7 5313/2116/7 5299/2118/7
f 5284/25/1646 5309/2119/1646 5282/19/1646
f 5278/36/7 5282/13/7 5279/2120/7
f 5302/140/1680 5312/2121/1681 5296/2121/1680
f 5295/149/11 5302/154/11 5304/135/11
f 5279/32/4 5285/25/4 5281/31/4
f 5291/24/1647 5306/2123/1647 5307/2124/1647
f 5293/18/6 5287/33/6 5289/37/6
f 5311/2131/1649 5281/34/1649 5310/2125/1649
f 5312/2126/21 5299/147/1682 5294/149/1683
f 5314/2128/1651 5287/33/1651 5299/147/1651
f 5285/25/1652 5309/2129/1675 5308/2130/1652
f 5303/154/21 5294/149/21 5305/135/21
f 5318/31/6 5320/19/6 5316/32/6
f 5344/2110/1655 5328/24/1655 5345/2111/1655
f 5330/18/4 5324/33/4 5328/24/4
f 5342/135/1656 5318/34/1656 5316/35/1656
f 5328/24/7 5324/33/7 5325/2112/7
f 5322/15/1 5318/139/1 5319/2113/1
f 5335/153/1 5339/142/1 5338/2114/1
f 5342/146/7 5343/2115/7 5332/2116/7
f 5336/147/11 5335/148/11 5333/149/11
f 5324/33/1657 5339/155/1657 5336/147/1657
f 5326/37/1 5330/18/1 5327/2117/1
f 5336/136/7 5351/2116/7 5337/2118/7
f 5322/25/1658 5347/2119/1658 5320/19/1658
f 5316/36/7 5320/13/7 5317/2120/7
f 5340/140/1684 5350/2121/1685 5334/2121/1685
f 5333/149/11 5340/154/11 5342/135/11
f 5317/32/4 5323/25/4 5319/31/4
f 5329/24/1663 5344/2123/1663 5345/2124/1663
f 5331/18/6 5325/33/6 5327/37/6
f 5343/135/1664 5317/35/1664 5348/2125/1670
f 5350/2126/21 5337/147/21 5332/149/21
f 5352/2128/1665 5325/33/1665 5353/2132/1665
f 5323/25/1667 5347/2129/1667 5346/2130/1667
f 5341/154/21 5332/149/21 5343/135/21
f 5356/31/6 5358/19/6 5354/32/6
f 5382/2110/1655 5366/24/1655 5383/2111/1655
f 5368/18/4 5362/33/4 5366/24/4
f 5380/135/1656 5356/34/1656 5354/35/1656
f 5366/24/7 5362/33/7 5363/2112/7
f 5360/15/1 5356/139/1 5357/2113/1
f 5373/153/1 5377/142/1 5376/2114/1
f 5380/146/7 5381/2115/7 5370/2116/7
f 5374/147/11 5373/148/11 5371/149/11
f 5362/33/1657 5377/155/1657 5374/147/1657
f 5364/37/1 5368/18/1 5365/2117/1
f 5374/136/7 5389/2116/7 5375/2118/7
f 5360/25/1658 5385/2119/1658 5358/19/1658
f 5354/36/7 5358/13/7 5355/2120/7
f 5378/140/1686 5388/2121/1686 5372/2121/1686
f 5371/149/11 5378/154/11 5380/135/11
f 5357/31/4 5359/19/4 5361/25/4
f 5367/24/1663 5382/2123/1663 5383/2124/1663
f 5365/37/6 5367/24/6 5363/33/6
f 5381/135/1664 5355/35/1664 5386/2125/1664
f 5388/2126/21 5375/147/21 5370/149/21
f 5390/2128/1665 5363/33/1665 5391/2132/1666
f 5361/25/1667 5385/2129/1667 5384/2130/1667
f 5379/154/21 5370/149/21 5381/135/21
f 5394/31/6 5396/19/6 5392/32/6
f 5420/2110/1643 5404/24/1643 5421/2111/1643
f 5404/24/4 5402/37/4 5400/33/4
f 5418/135/1644 5394/34/1644 5392/35/1644
f 5404/24/7 5400/33/7 5401/2112/7
f 5398/15/1 5394/139/1 5395/2113/1
f 5411/153/1 5415/142/1 5414/2114/1
f 5418/146/7 5419/2115/7 5408/2116/7
f 5412/147/11 5411/148/11 5409/149/11
f 5400/33/1645 5415/155/1645 5412/147/1645
f 5402/37/1 5406/18/1 5403/2117/1
f 5412/136/7 5427/2116/7 5413/2118/7
f 5398/25/1646 5423/2119/1646 5396/19/1646
f 5392/36/7 5396/13/7 5393/2120/7
f 5416/140/1687 5426/2121/1688 5410/2121/1688
f 5409/149/11 5416/154/11 5418/135/11
f 5393/32/4 5399/25/4 5395/31/4
f 5405/24/1689 5420/2123/1647 5421/2124/1689
f 5407/18/6 5401/33/6 5403/37/6
f 5425/2131/1649 5395/34/1649 5424/2125/1649
f 5426/2126/21 5413/147/21 5408/149/21
f 5428/2128/1651 5401/33/1651 5413/147/1651
f 5399/25/1652 5423/2129/1652 5422/2130/1652
f 5417/154/21 5408/149/21 5419/135/21
f 5430/32/1690 5436/25/1690 5434/19/1690
f 5458/2110/1691 5442/24/1691 5459/2111/1691
f 5444/18/1692 5438/33/1692 5442/24/1692
f 5456/135/1693 5432/34/1693 5430/35/1693
f 5442/24/1694 5438/33/1694 5439/2112/1694
f 5436/15/1695 5432/139/1695 5433/2113/1695
f 5449/153/1695 5453/142/1695 5452/2114/1695
f 5456/146/1694 5457/2115/1694 5446/2116/1694
f 5450/147/11 5449/148/11 5447/149/11
f 5438/33/1696 5453/155/1696 5450/147/1696
f 5440/37/1695 5444/18/1695 5441/2117/1695
f 5450/136/1694 5465/2116/1694 5451/2118/1694
f 5436/25/1697 5461/2119/1697 5434/19/1697
f 5430/36/1694 5434/13/1694 5431/2120/1694
f 5454/140/1695 5464/2121/1695 5455/2122/1695
f 5447/149/11 5454/154/11 5456/135/11
f 5431/32/1692 5437/25/1692 5433/31/1692
f 5443/24/1698 5458/2123/1698 5459/2124/1698
f 5441/37/1690 5443/24/1690 5439/33/1690
f 5457/135/1699 5431/35/1699 5462/2125/1699
f 5464/2126/1700 5451/147/21 5446/149/1701
f 5466/2128/1702 5439/33/1702 5467/2132/1702
f 5437/25/1703 5461/2129/1704 5460/2130/1703
f 5455/154/21 5446/149/1701 5457/135/21
f 5470/31/6 5472/19/6 5468/32/6
f 5496/2110/1643 5480/24/1643 5497/2111/1643
f 5482/18/4 5476/33/4 5480/24/4
f 5494/135/1644 5470/34/1644 5468/35/1644
f 5480/24/7 5476/33/7 5477/2112/7
f 5474/15/1 5470/139/1 5471/2113/1
f 5487/153/1 5491/142/1 5490/2114/1
f 5485/145/7 5495/2115/7 5503/2116/7
f 5488/147/11 5487/148/11 5485/149/11
f 5476/33/1645 5491/155/1645 5488/147/1645
f 5478/37/1 5482/18/1 5479/2117/1
f 5488/136/7 5503/2116/7 5489/2118/7
f 5474/25/1646 5499/2119/1646 5472/19/1646
f 5468/36/7 5472/13/7 5469/2120/7
f 5492/140/1705 5502/2121/1706 5486/2121/1707
f 5485/149/11 5492/154/11 5494/135/11
f 5469/32/4 5475/25/4 5471/31/4
f 5481/24/1689 5496/2123/1647 5497/2124/1708
f 5479/37/6 5481/24/6 5477/33/6
f 5501/2131/1649 5471/34/1649 5500/2125/1649
f 5502/2126/21 5489/147/21 5503/2127/21
f 5504/2128/1650 5477/33/1651 5489/147/1651
f 5475/25/1652 5499/2129/1652 5498/2130/1652
f 5493/154/21 5484/149/21 5495/135/21
f 5506/36/7 5507/13/7 5514/2120/7
f 5508/31/6 5507/19/6 5506/32/6
f 5509/135/1644 5508/34/1644 5506/35/1644
f 5511/149/11 5510/154/11 5509/135/11
f 5509/146/7 5513/2115/7 5522/2116/7
f 5512/2131/1649 5516/34/1649 5518/2125/1649
f 5514/32/4 5517/25/4 5516/31/4
f 5542/15/1 5508/139/1 5516/2113/1
f 5510/140/1709 5521/2121/1710 5520/2121/1710
f 5519/154/21 5522/149/21 5513/135/21
f 5521/2126/21 5524/147/21 5522/149/21
f 5539/136/7 5523/2116/7 5524/2118/7
f 5527/2128/1651 5531/33/1651 5524/147/1651
f 5540/153/1 5528/142/1 5526/2114/1
f 5538/37/1 5536/18/1 5529/2117/1
f 5530/18/6 5531/33/6 5529/37/6
f 5535/24/7 5537/33/7 5531/2112/7
f 5532/24/1647 5534/2123/1647 5533/2124/1647
f 5534/2110/1643 5535/24/1643 5533/2111/1643
f 5536/18/4 5537/33/4 5535/24/4
f 5537/33/1645 5528/155/1645 5539/147/1645
f 5539/147/11 5540/148/11 5511/149/11
f 5517/25/1652 5543/2129/1652 5541/2130/1652
f 5542/25/1646 5543/2119/1646 5507/19/1646
f 5544/36/7 5545/13/7 5552/2120/7
f 5546/31/6 5545/19/6 5544/32/6
f 5547/135/1656 5546/34/1656 5544/35/1656
f 5549/149/11 5548/154/11 5547/135/11
f 5549/145/7 5551/2115/7 5561/2116/7
f 5550/2131/1670 5554/34/1664 5556/2125/1664
f 5552/32/4 5555/25/4 5554/31/4
f 5580/15/1 5546/139/1 5554/2113/1
f 5548/140/1711 5559/2121/1712 5558/2121/1712
f 5557/154/21 5560/149/21 5551/135/21
f 5558/148/21 5562/147/21 5561/2127/21
f 5577/136/7 5561/2116/7 5562/2118/7
f 5565/2128/1666 5569/33/1665 5562/147/1665
f 5578/153/1 5566/142/1 5564/2114/1
f 5576/37/1 5574/18/1 5567/2117/1
f 5568/18/6 5569/33/6 5567/37/6
f 5573/24/7 5575/33/7 5569/2112/7
f 5570/24/1662 5572/2123/1713 5571/2124/1714
f 5572/2110/1655 5573/24/1655 5571/2111/1655
f 5574/18/4 5575/33/4 5573/24/4
f 5575/33/1657 5566/155/1657 5577/147/1657
f 5577/147/11 5578/148/11 5549/149/11
f 5555/25/1667 5581/2129/1715 5579/2130/1667
f 5580/25/1658 5581/2119/1658 5545/19/1658
f 5582/36/7 5583/13/7 5590/2120/7
f 5584/31/6 5583/19/6 5582/32/6
f 5585/135/1656 5584/34/1656 5582/35/1656
f 5587/149/11 5586/154/11 5585/135/11
f 5585/146/7 5589/2115/7 5599/2116/7
f 5588/2131/1670 5592/34/1664 5594/2125/1664
f 5592/31/4 5591/19/4 5593/25/4
f 5618/15/1 5584/139/1 5592/2113/1
f 5586/140/1 5597/2121/1 5595/2122/1
f 5595/154/21 5598/149/21 5589/135/21
f 5597/2126/21 5600/147/21 5599/2127/21
f 5615/136/7 5599/2116/7 5600/2118/7
f 5603/2128/1665 5607/33/1666 5601/2132/1666
f 5616/153/1 5604/142/1 5602/2114/1
f 5614/37/1 5612/18/1 5605/2117/1
f 5606/18/6 5607/33/6 5605/37/6
f 5611/24/7 5613/33/7 5607/2112/7
f 5608/24/1662 5610/2123/1663 5609/2124/1716
f 5610/2110/1655 5611/24/1655 5609/2111/1655
f 5612/18/4 5613/33/4 5611/24/4
f 5613/33/1657 5604/155/1657 5615/147/1657
f 5615/147/11 5616/148/11 5587/149/11
f 5593/25/1671 5619/2129/1667 5617/2130/1671
f 5618/25/1658 5619/2119/1658 5583/19/1658
f 5620/36/7 5621/13/7 5628/2120/7
f 5622/31/6 5621/19/6 5620/32/6
f 5623/135/1644 5622/34/1644 5620/35/1644
f 5625/149/11 5624/154/11 5623/135/11
f 5625/145/7 5627/2115/7 5637/2116/7
f 5627/135/1649 5628/35/1649 5632/2125/1649
f 5628/32/4 5631/25/4 5630/31/4
f 5656/15/1 5622/139/1 5630/2113/1
f 5624/140/1 5635/2121/1 5633/2122/1
f 5633/154/21 5636/149/21 5627/135/21
f 5634/148/21 5638/147/21 5637/2127/21
f 5653/136/7 5637/2116/7 5638/2118/7
f 5641/2128/1651 5645/33/1651 5639/2132/1651
f 5654/153/1 5642/142/1 5640/2114/1
f 5652/37/1 5650/18/1 5643/2117/1
f 5644/18/6 5645/33/6 5643/37/6
f 5649/24/7 5651/33/7 5645/2112/7
f 5646/24/1647 5648/2123/1647 5647/2124/1647
f 5648/2110/1643 5649/24/1643 5647/2111/1643
f 5650/18/4 5651/33/4 5649/24/4
f 5651/33/1645 5642/155/1645 5653/147/1645
f 5653/147/11 5654/148/11 5625/149/11
f 5631/25/1675 5657/2129/1652 5655/2130/1675
f 5656/25/1646 5657/2119/1646 5621/19/1646
f 5658/36/7 5659/13/7 5666/2120/7
f 5660/31/6 5659/19/6 5658/32/6
f 5661/135/1644 5660/34/1644 5658/35/1644
f 5663/149/11 5662/154/11 5661/135/11
f 5663/145/7 5665/2115/7 5675/2116/7
f 5665/135/1649 5666/35/1649 5670/2125/1649
f 5666/32/4 5669/25/4 5668/31/4
f 5694/15/1 5660/139/1 5668/2113/1
f 5692/153/1 5673/2121/1 5671/2122/1
f 5671/154/21 5674/149/21 5665/135/21
f 5672/148/21 5676/147/21 5675/2127/21
f 5691/136/7 5675/2116/7 5676/2118/7
f 5679/2128/1651 5683/33/1650 5677/2132/1651
f 5692/153/1 5680/142/1 5678/2114/1
f 5690/37/1 5688/18/1 5681/2117/1
f 5682/18/6 5683/33/6 5681/37/6
f 5687/24/7 5689/33/7 5683/2112/7
f 5684/24/1647 5686/2123/1647 5685/2124/1647
f 5686/2110/1643 5687/24/1643 5685/2111/1643
f 5688/18/4 5689/33/4 5687/24/4
f 5689/33/1645 5680/155/1645 5691/147/1645
f 5691/147/11 5692/148/11 5663/149/11
f 5669/25/1652 5695/2129/1652 5693/2130/1652
f 5694/25/1646 5695/2119/1646 5659/19/1646
f 5696/36/7 5697/13/7 5704/2120/7
f 5696/32/6 5732/25/6 5697/19/6
f 5699/135/1656 5698/34/1656 5696/35/1656
f 5701/149/11 5700/154/11 5699/135/11
f 5699/146/7 5703/2115/7 5713/2116/7
f 5703/135/1664 5704/35/1664 5708/2125/1664
f 5704/32/4 5707/25/4 5706/31/4
f 5732/15/1 5698/139/1 5706/2113/1
f 5730/153/1 5711/2121/1 5709/2122/1
f 5709/154/21 5712/149/21 5703/135/21
f 5711/2126/21 5714/147/21 5713/2127/21
f 5729/136/7 5713/2116/7 5714/2118/7
f 5717/2128/1666 5721/33/1665 5715/2132/1665
f 5730/153/1 5718/142/1 5716/2114/1
f 5728/37/1 5726/18/1 5719/2117/1
f 5720/18/6 5721/33/6 5719/37/6
f 5725/24/7 5727/33/7 5721/2112/7
f 5722/24/1662 5724/2123/1713 5723/2124/1662
f 5724/2110/1655 5725/24/1655 5723/2111/1655
f 5725/24/4 5728/37/4 5727/33/4
f 5727/33/1657 5718/155/1657 5729/147/1657
f 5729/147/11 5730/148/11 5701/149/11
f 5707/25/1667 5733/2129/1667 5731/2130/1667
f 5732/25/1658 5733/2119/1658 5697/19/1658
f 5734/36/7 5735/13/7 5742/2120/7
f 5736/31/6 5735/19/6 5734/32/6
f 5737/135/1656 5736/34/1656 5734/35/1656
f 5739/149/11 5738/154/11 5737/135/11
f 5737/146/7 5741/2115/7 5751/2116/7
f 5740/2131/1664 5744/34/1670 5746/2125/1664
f 5744/31/4 5743/19/4 5745/25/4
f 5770/15/1 5736/139/1 5744/2113/1
f 5768/153/1 5749/2121/1 5747/2122/1
f 5747/154/21 5750/149/21 5741/135/21
f 5749/2126/21 5752/147/21 5750/149/21
f 5767/136/7 5751/2116/7 5752/2118/7
f 5755/2128/1665 5759/33/1665 5752/147/1665
f 5768/153/1 5756/142/1 5754/2114/1
f 5766/37/1 5764/18/1 5757/2117/1
f 5758/18/6 5759/33/6 5757/37/6
f 5763/24/7 5765/33/7 5759/2112/7
f 5760/24/1663 5762/2123/1663 5761/2124/1663
f 5762/2110/1655 5763/24/1655 5761/2111/1655
f 5764/18/4 5765/33/4 5763/24/4
f 5765/33/1657 5756/155/1657 5767/147/1657
f 5767/147/11 5768/148/11 5739/149/11
f 5745/25/1667 5771/2129/1667 5769/2130/1667
f 5770/25/1658 5771/2119/1658 5735/19/1658
f 5772/36/7 5773/13/7 5780/2120/7
f 5774/31/6 5773/19/6 5772/32/6
f 5775/135/1644 5774/34/1644 5772/35/1644
f 5777/149/11 5776/154/11 5775/135/11
f 5775/146/7 5779/2115/7 5788/2116/7
f 5778/2131/1649 5782/34/1649 5784/2125/1649
f 5782/31/4 5781/19/4 5783/25/4
f 5808/15/1 5774/139/1 5782/2113/1
f 5776/140/1717 5787/2121/1717 5786/2121/1717
f 5785/154/21 5788/149/21 5779/135/21
f 5787/2126/21 5790/147/21 5788/149/21
f 5805/136/7 5789/2116/7 5790/2118/7
f 5793/2128/1651 5797/33/1650 5790/147/1650
f 5806/153/1 5794/142/1 5792/2114/1
f 5804/37/1 5802/18/1 5795/2117/1
f 5796/18/6 5797/33/6 5795/37/6
f 5801/24/7 5803/33/7 5797/2112/7
f 5798/24/1647 5800/2123/1647 5799/2124/1647
f 5800/2110/1643 5801/24/1643 5799/2111/1643
f 5802/18/4 5803/33/4 5801/24/4
f 5803/33/1645 5794/155/1645 5805/147/1645
f 5805/147/11 5806/148/11 5777/149/11
f 5783/25/1652 5809/2129/1675 5807/2130/1652
f 5808/25/1646 5809/2119/1646 5773/19/1646
f 5810/36/7 5811/13/7 5818/2120/7
f 5810/32/6 5846/25/6 5811/19/6
f 5813/135/1644 5812/34/1644 5810/35/1644
f 5815/149/11 5814/154/11 5813/135/11
f 5813/146/7 5817/2115/7 5827/2116/7
f 5816/2131/1654 5820/34/1649 5822/2125/1654
f 5820/31/4 5819/19/4 5821/25/4
f 5846/15/1 5812/139/1 5820/2113/1
f 5814/140/1718 5825/2121/1718 5824/2121/1718
f 5823/154/21 5826/149/21 5817/135/21
f 5825/2126/21 5828/147/21 5827/2127/21
f 5843/136/7 5827/2116/7 5828/2118/7
f 5831/2128/1650 5835/33/1651 5828/147/1651
f 5844/153/1 5832/142/1 5830/2114/1
f 5842/37/1 5840/18/1 5833/2117/1
f 5833/37/6 5836/24/6 5835/33/6
f 5839/24/7 5841/33/7 5835/2112/7
f 5836/24/1647 5838/2123/1674 5837/2124/1647
f 5838/2110/1643 5839/24/1643 5837/2111/1643
f 5840/18/4 5841/33/4 5839/24/4
f 5841/33/1645 5832/155/1645 5843/147/1645
f 5843/147/11 5844/148/11 5815/149/11
f 5821/25/1675 5847/2129/1652 5845/2130/1675
f 5846/25/1646 5847/2119/1646 5811/19/1646
f 5848/36/7 5849/13/7 5856/2120/7
f 5850/31/6 5849/19/6 5848/32/6
f 5851/135/1656 5850/34/1656 5848/35/1656
f 5853/149/11 5852/154/11 5851/135/11
f 5851/146/7 5855/2115/7 5865/2116/7
f 5855/135/1670 5856/35/1670 5860/2125/1664
f 5858/31/4 5857/19/4 5859/25/4
f 5884/15/1 5850/139/1 5858/2113/1
f 5852/140/1719 5863/2121/1720 5862/2121/1720
f 5861/154/21 5864/149/21 5855/135/21
f 5863/2126/21 5866/147/21 5864/149/21
f 5881/136/7 5865/2116/7 5866/2118/7
f 5869/2128/1665 5873/33/1665 5867/2132/1665
f 5882/153/1 5870/142/1 5868/2114/1
f 5880/37/1 5878/18/1 5871/2117/1
f 5872/18/6 5873/33/6 5871/37/6
f 5877/24/7 5879/33/7 5873/2112/7
f 5874/24/1662 5876/2123/1662 5875/2124/1662
f 5876/2110/1655 5877/24/1655 5875/2111/1655
f 5877/24/4 5880/37/4 5879/33/4
f 5879/33/1657 5870/155/1657 5881/147/1657
f 5881/147/11 5882/148/11 5853/149/11
f 5859/25/1667 5885/2129/1667 5883/2130/1667
f 5884/25/1658 5885/2119/1658 5849/19/1658
f 5886/36/7 5887/13/7 5894/2120/7
f 5888/31/6 5887/19/6 5886/32/6
f 5889/135/1656 5888/34/1656 5886/35/1656
f 5891/149/11 5890/154/11 5889/135/11
f 5889/146/7 5893/2115/7 5902/2116/7
f 5893/135/1664 5894/35/1664 5898/2125/1664
f 5894/32/4 5897/25/4 5896/31/4
f 5922/15/1 5888/139/1 5896/2113/1
f 5890/140/1721 5901/2121/1722 5900/2121/1721
f 5899/154/21 5902/149/21 5893/135/21
f 5901/2126/21 5904/147/21 5903/2127/21
f 5919/136/7 5903/2116/7 5904/2118/7
f 5907/2128/1666 5911/33/1666 5904/147/1666
f 5920/153/1 5908/142/1 5906/2114/1
f 5918/37/1 5916/18/1 5909/2117/1
f 5910/18/6 5911/33/6 5909/37/6
f 5915/24/7 5917/33/7 5911/2112/7
f 5912/24/1662 5914/2123/1662 5913/2124/1662
f 5914/2110/1655 5915/24/1655 5913/2111/1655
f 5915/24/4 5918/37/4 5917/33/4
f 5917/33/1657 5908/155/1657 5919/147/1657
f 5919/147/11 5920/148/11 5891/149/11
f 5897/25/1667 5923/2129/1667 5921/2130/1667
f 5922/25/1658 5923/2119/1658 5887/19/1658
f 5924/36/7 5925/13/7 5932/2120/7
f 5926/31/6 5925/19/6 5924/32/6
f 5927/135/1644 5926/34/1644 5924/35/1644
f 5929/149/11 5928/154/11 5927/135/11
f 5927/146/7 5931/2115/7 5940/2116/7
f 5931/135/1649 5932/35/1649 5936/2125/1649
f 5932/32/4 5935/25/4 5934/31/4
f 5960/15/1 5926/139/1 5934/2113/1
f 5928/140/1723 5939/2121/1724 5938/2121/1724
f 5937/154/21 5940/149/1725 5931/135/21
f 5939/2126/21 5942/147/21 5940/149/21
f 5957/136/7 5941/2116/7 5942/2118/7
f 5945/2128/1651 5949/33/1651 5943/2132/1651
f 5958/153/1 5946/142/1 5944/2114/1
f 5956/37/1 5954/18/1 5947/2117/1
f 5948/18/6 5949/33/6 5947/37/6
f 5953/24/7 5955/33/7 5949/2112/7
f 5950/24/1647 5952/2123/1647 5951/2124/1647
f 5952/2110/1643 5953/24/1643 5951/2111/1643
f 5954/18/4 5955/33/4 5953/24/4
f 5955/33/1645 5946/155/1645 5957/147/1645
f 5957/147/11 5958/148/11 5929/149/11
f 5935/25/1652 5961/2129/1652 5959/2130/1652
f 5960/25/1646 5961/2119/1646 5925/19/1646
f 5962/36/7 5963/13/7 5970/2120/7
f 5964/31/6 5963/19/6 5962/32/6
f 5965/135/1656 5964/34/1656 5962/35/1656
f 5967/149/11 5966/154/11 5965/135/11
f 5965/146/7 5969/2115/7 5979/2116/7
f 5968/2131/1664 5972/34/1664 5974/2125/1664
f 5972/31/4 5971/19/4 5973/25/4
f 5998/15/1 5964/139/1 5972/2113/1
f 5966/140/1726 5977/2121/1726 5976/2121/1726
f 5975/154/21 5978/149/21 5969/135/21
f 5977/2126/21 5980/147/21 5979/2127/21
f 5995/136/7 5979/2116/7 5980/2118/7
f 5983/2128/1666 5987/33/1666 5981/2132/1666
f 5996/153/1 5984/142/1 5982/2114/1
f 5994/37/1 5992/18/1 5985/2117/1
f 5986/18/6 5987/33/6 5985/37/6
f 5991/24/7 5993/33/7 5987/2112/7
f 5988/24/1662 5990/2123/1662 5989/2124/1662
f 5990/2110/1655 5991/24/1655 5989/2111/1655
f 5992/18/4 5993/33/4 5991/24/4
f 5993/33/1657 5984/155/1657 5995/147/1657
f 5995/147/11 5996/148/11 5967/149/11
f 5973/25/1667 5999/2129/1667 5997/2130/1667
f 5998/25/1658 5999/2119/1658 5963/19/1658
f 6000/36/7 6001/13/7 6008/2120/7
f 6002/31/6 6001/19/6 6000/32/6
f 6003/135/1644 6002/34/1644 6000/35/1644
f 6005/149/11 6004/154/11 6003/135/11
f 6005/145/7 6007/2115/7 6017/2116/7
f 6007/135/1649 6008/35/1649 6012/2125/1654
f 6008/32/4 6011/25/4 6010/31/4
f 6036/15/1 6002/139/1 6010/2113/1
f 6004/140/1 6015/2121/1 6013/2122/1
f 6013/154/21 6016/149/21 6007/135/21
f 6014/148/21 6018/147/21 6016/149/21
f 6033/136/7 6017/2116/7 6018/2118/7
f 6021/2128/1651 6025/33/1651 6019/2132/1651
f 6034/153/1 6022/142/1 6020/2114/1
f 6032/37/1 6030/18/1 6023/2117/1
f 6024/18/6 6025/33/6 6023/37/6
f 6029/24/7 6031/33/7 6025/2112/7
f 6026/24/1647 6028/2123/1647 6027/2124/1647
f 6028/2110/1643 6029/24/1643 6027/2111/1643
f 6030/18/4 6031/33/4 6029/24/4
f 6031/33/1645 6022/155/1645 6033/147/1645
f 6033/147/11 6034/148/11 6005/149/11
f 6011/25/1652 6037/2129/1727 6035/2130/1652
f 6036/25/1646 6037/2119/1728 6001/19/1728
f 6040/31/6 6042/19/6 6038/32/6
f 6066/2110/1643 6050/24/1643 6067/2111/1643
f 6050/24/4 6048/37/4 6046/33/4
f 6064/135/1644 6040/34/1644 6038/35/1644
f 6050/24/7 6046/33/7 6047/2112/7
f 6044/15/1 6040/139/1 6041/2113/1
f 6057/153/1 6061/142/1 6060/2114/1
f 6064/146/7 6065/2115/7 6073/2116/7
f 6058/147/11 6057/148/11 6055/149/11
f 6046/33/1645 6061/155/1645 6058/147/1645
f 6048/37/1 6052/18/1 6049/2117/1
f 6058/136/7 6073/2116/7 6059/2118/7
f 6044/25/1646 6069/2119/1646 6042/19/1646
f 6038/36/7 6042/13/7 6039/2120/7
s 0
f 6062/140/1729 6072/2121/21 6056/2121/1729
s 1
f 6055/149/11 6062/154/11 6064/135/11
f 6039/32/4 6045/25/4 6041/31/4
f 6051/24/1689 6066/2123/1647 6067/2124/1689
f 6049/37/6 6051/24/6 6047/33/6
f 6071/2131/1649 6041/34/1649 6070/2125/1649
f 6072/2126/21 6059/147/21 6073/2127/21
f 6074/2128/1651 6047/33/1651 6059/147/1651
f 6045/25/1675 6069/2129/1652 6068/2130/1675
f 6063/154/21 6054/149/21 6065/135/21
f 6076/36/7 6077/13/7 6084/2120/7
f 6078/31/6 6077/19/6 6076/32/6
f 6079/135/1644 6078/34/1644 6076/35/1644
f 6081/149/11 6080/154/11 6079/135/11
f 6079/146/7 6083/2115/7 6093/2116/7
f 6082/2131/1649 6086/34/1649 6088/2125/1649
f 6084/32/4 6087/25/4 6086/31/4
f 6112/15/1 6078/139/1 6086/2113/1
f 6080/140/1730 6091/2121/1730 6090/2121/1730
f 6089/154/21 6092/149/21 6083/135/21
f 6091/2126/21 6094/147/21 6092/149/21
f 6109/136/7 6093/2116/7 6094/2118/7
f 6097/2128/1651 6101/33/1650 6095/2132/1651
f 6110/153/1 6098/142/1 6096/2114/1
f 6108/37/1 6106/18/1 6099/2117/1
f 6100/18/6 6101/33/6 6099/37/6
f 6105/24/7 6107/33/7 6101/2112/7
f 6102/24/1647 6104/2123/1689 6103/2124/1647
f 6104/2110/1643 6105/24/1643 6103/2111/1643
f 6106/18/4 6107/33/4 6105/24/4
f 6107/33/1645 6098/155/1645 6109/147/1645
f 6109/147/11 6110/148/11 6081/149/11
f 6087/25/1652 6113/2129/1652 6111/2130/1652
f 6112/25/1646 6113/2119/1646 6077/19/1646
f 6114/36/7 6115/13/7 6122/2120/7
f 6116/31/6 6115/19/6 6114/32/6
f 6117/135/1656 6116/34/1656 6114/35/1656
f 6119/149/11 6118/154/11 6117/135/11
f 6119/145/7 6121/2115/7 6131/2116/7
f 6120/2131/1670 6124/34/1670 6126/2125/1664
f 6124/31/4 6123/19/4 6125/25/4
f 6150/15/1 6116/139/1 6124/2113/1
s 0
f 6118/140/1731 6129/2121/21 6128/2121/1732
s 1
f 6127/154/21 6130/149/21 6121/135/21
f 6128/148/21 6132/147/21 6131/2127/21
f 6147/136/7 6131/2116/7 6132/2118/7
f 6135/2128/1666 6139/33/1665 6132/147/1665
f 6148/153/1 6136/142/1 6134/2114/1
f 6146/37/1 6144/18/1 6137/2117/1
f 6137/37/6 6140/24/6 6139/33/6
f 6143/24/7 6145/33/7 6139/2112/7
f 6140/24/1662 6142/2123/1663 6141/2124/1662
f 6142/2110/1655 6143/24/1655 6141/2111/1655
f 6144/18/4 6145/33/4 6143/24/4
f 6145/33/1657 6136/155/1657 6147/147/1657
f 6147/147/11 6148/148/11 6119/149/11
f 6125/25/1667 6151/2129/1667 6149/2130/1667
f 6150/25/1658 6151/2119/1658 6115/19/1658
f 6152/36/7 6153/13/7 6160/2120/7
f 6154/31/6 6153/19/6 6152/32/6
f 6155/135/1656 6154/34/1656 6152/35/1656
f 6157/149/11 6156/154/11 6155/135/11
f 6155/146/7 6159/2115/7 6168/2116/7
f 6158/2131/1664 6162/34/1670 6164/2125/1670
f 6160/32/4 6163/25/4 6162/31/4
f 6188/15/1 6154/139/1 6162/2113/1
f 6156/140/1733 6167/2121/1734 6166/2121/1733
f 6165/154/21 6168/149/21 6159/135/21
f 6167/2126/21 6170/147/21 6169/2127/21
f 6185/136/7 6169/2116/7 6170/2118/7
f 6173/2128/1666 6177/33/1665 6170/147/1665
f 6186/153/1 6174/142/1 6172/2114/1
f 6184/37/1 6182/18/1 6175/2117/1
f 6176/18/6 6177/33/6 6175/37/6
f 6181/24/7 6183/33/7 6177/2112/7
f 6178/24/1662 6180/2123/1662 6179/2124/1716
f 6180/2110/1655 6181/24/1655 6179/2111/1655
f 6182/18/4 6183/33/4 6181/24/4
f 6183/33/1657 6174/155/1657 6185/147/1657
f 6185/147/11 6186/148/11 6157/149/11
f 6163/25/1667 6189/2129/1667 6187/2130/1667
f 6188/25/1658 6189/2119/1658 6153/19/1658
f 6190/36/7 6191/13/7 6198/2120/7
f 6190/32/6 6226/25/6 6191/19/6
f 6193/135/1644 6192/34/1644 6190/35/1644
f 6195/149/11 6194/154/11 6193/135/11
f 6195/145/7 6197/2115/7 6207/2116/7
f 6197/135/1649 6198/35/1649 6202/2125/1649
f 6198/32/4 6201/25/4 6200/31/4
f 6226/15/1 6192/139/1 6200/2113/1
f 6194/140/1735 6205/2121/1736 6204/2121/1735
f 6203/154/21 6206/149/21 6197/135/21
f 6204/148/21 6208/147/21 6207/2127/21
f 6223/136/7 6207/2116/7 6208/2118/7
f 6211/2128/1651 6215/33/1651 6208/147/1651
f 6224/153/1 6212/142/1 6210/2114/1
f 6222/37/1 6220/18/1 6213/2117/1
f 6214/18/6 6215/33/6 6213/37/6
f 6219/24/7 6221/33/7 6215/2112/7
f 6216/24/1647 6218/2123/1647 6217/2124/1647
f 6218/2110/1643 6219/24/1643 6217/2111/1643
f 6220/18/4 6221/33/4 6219/24/4
f 6221/33/1645 6212/155/1645 6223/147/1645
f 6223/147/11 6224/148/11 6195/149/11
f 6201/25/1652 6227/2129/1652 6225/2130/1652
f 6226/25/1646 6227/2119/1646 6191/19/1646
f 6228/36/7 6229/13/7 6236/2120/7
f 6230/31/6 6229/19/6 6228/32/6
f 6231/135/1644 6230/34/1644 6228/35/1644
f 6233/149/11 6232/154/11 6231/135/11
f 6233/145/7 6235/2115/7 6245/2116/7
f 6235/135/1649 6236/35/1649 6240/2125/1649
f 6236/32/4 6239/25/4 6238/31/4
f 6264/15/1 6230/139/1 6238/2113/1
f 6232/140/1737 6243/2121/1738 6242/2121/1738
f 6241/154/21 6244/149/21 6235/135/21
f 6242/148/21 6246/147/21 6245/2127/21
f 6261/136/7 6245/2116/7 6246/2118/7
f 6249/2128/1651 6253/33/1651 6246/147/1651
f 6262/153/1 6250/142/1 6248/2114/1
f 6260/37/1 6258/18/1 6251/2117/1
f 6252/18/6 6253/33/6 6251/37/6
f 6257/24/7 6259/33/7 6253/2112/7
f 6254/24/1647 6256/2123/1647 6255/2124/1647
f 6256/2110/1643 6257/24/1643 6255/2111/1643
f 6258/18/4 6259/33/4 6257/24/4
f 6259/33/1645 6250/155/1645 6261/147/1645
f 6261/147/11 6262/148/11 6233/149/11
f 6239/25/1652 6265/2129/1675 6263/2130/1652
f 6264/25/1646 6265/2119/1646 6229/19/1646
f 6266/36/7 6267/13/7 6274/2120/7
f 6266/32/6 6302/25/6 6267/19/6
f 6269/135/1656 6268/34/1656 6266/35/1656
f 6271/149/11 6270/154/11 6269/135/11
f 6269/146/7 6273/2115/7 6283/2116/7
f 6273/135/1670 6274/35/1670 6278/2125/1664
f 6274/32/4 6277/25/4 6276/31/4
f 6302/15/1 6268/139/1 6276/2113/1
f 6300/153/1 6281/2121/1 6279/2122/1
f 6279/154/21 6282/149/21 6273/135/21
f 6281/2126/21 6284/147/21 6283/2127/21
f 6299/136/7 6283/2116/7 6284/2118/7
f 6287/2128/1666 6291/33/1665 6285/2132/1665
f 6300/153/1 6288/142/1 6286/2114/1
f 6298/37/1 6296/18/1 6289/2117/1
f 6290/18/6 6291/33/6 6289/37/6
f 6295/24/7 6297/33/7 6291/2112/7
f 6292/24/1663 6294/2123/1663 6293/2124/1663
f 6294/2110/1655 6295/24/1655 6293/2111/1655
f 6296/18/4 6297/33/4 6295/24/4
f 6297/33/1657 6288/155/1657 6299/147/1657
f 6299/147/11 6300/148/11 6271/149/11
f 6277/25/1667 6303/2129/1667 6301/2130/1739
f 6302/25/1658 6303/2119/1658 6267/19/1658
f 6304/36/7 6305/13/7 6312/2120/7
f 6306/31/6 6305/19/6 6304/32/6
f 6307/135/1656 6306/34/1656 6304/35/1656
f 6309/149/11 6308/154/11 6307/135/11
f 6307/146/7 6311/2115/7 6320/2116/7
f 6311/135/1670 6312/35/1670 6316/2125/1670
f 6312/32/4 6315/25/4 6314/31/4
f 6340/15/1 6306/139/1 6314/2113/1
f 6338/153/1 6319/2121/1 6317/2122/1
f 6317/154/21 6320/149/21 6311/135/21
f 6318/148/21 6324/155/21 6320/149/21
f 6337/136/7 6321/2116/7 6322/2118/7
f 6325/2128/1666 6329/33/1665 6322/147/1665
f 6338/153/1 6326/142/1 6324/2114/1
f 6336/37/1 6334/18/1 6327/2117/1
f 6328/18/6 6329/33/6 6327/37/6
f 6333/24/7 6335/33/7 6329/2112/7
f 6330/24/1663 6332/2123/1662 6331/2124/1663
f 6332/2110/1655 6333/24/1655 6331/2111/1655
f 6334/18/4 6335/33/4 6333/24/4
f 6335/33/1657 6326/155/1657 6337/147/1657
f 6337/147/11 6338/148/11 6309/149/11
f 6315/25/1667 6341/2129/1667 6339/2130/1667
f 6340/25/1658 6341/2119/1658 6305/19/1658
f 6342/36/7 6343/13/7 6350/2120/7
f 6344/31/6 6343/19/6 6342/32/6
f 6345/135/1644 6344/34/1644 6342/35/1644
f 6347/149/11 6346/154/11 6345/135/11
f 6345/146/7 6349/2115/7 6359/2116/7
f 6349/135/1649 6350/35/1649 6354/2125/1649
f 6352/31/4 6351/19/4 6353/25/4
f 6378/15/1 6344/139/1 6352/2113/1
f 6346/140/1740 6357/2121/1740 6356/2121/1741
f 6355/154/21 6358/149/21 6349/135/21
f 6357/2126/21 6360/147/21 6358/149/21
f 6375/136/7 6359/2116/7 6360/2118/7
f 6363/2128/1651 6367/33/1651 6361/2132/1651
f 6376/153/1 6364/142/1 6362/2114/1
f 6374/37/1 6372/18/1 6365/2117/1
f 6366/18/6 6367/33/6 6365/37/6
f 6371/24/7 6373/33/7 6367/2112/7
f 6368/24/1647 6370/2123/1647 6369/2124/1647
f 6370/2110/1643 6371/24/1643 6369/2111/1643
f 6371/24/4 6374/37/4 6373/33/4
f 6373/33/1645 6364/155/1645 6375/147/1645
f 6375/147/11 6376/148/11 6347/149/11
f 6353/25/1652 6379/2129/1652 6377/2130/1652
f 6378/25/1646 6379/2119/1646 6343/19/1646
f 6380/36/7 6381/13/7 6388/2120/7
f 6382/31/6 6381/19/6 6380/32/6
f 6383/135/1644 6382/34/1644 6380/35/1644
f 6385/149/11 6384/154/11 6383/135/11
f 6383/146/7 6387/2115/7 6396/2116/7
f 6387/135/1649 6388/35/1649 6392/2125/1649
f 6388/32/4 6391/25/4 6390/31/4
f 6416/15/1 6382/139/1 6390/2113/1
f 6384/140/1 6395/2121/1 6393/2122/1
f 6393/154/21 6396/149/21 6387/135/21
f 6395/2126/21 6398/147/21 6397/2127/21
f 6413/136/7 6397/2116/7 6398/2118/7
f 6401/2128/1651 6405/33/1651 6398/147/1651
f 6414/153/1 6402/142/1 6400/2114/1
f 6412/37/1 6410/18/1 6403/2117/1
f 6404/18/6 6405/33/6 6403/37/6
f 6409/24/7 6411/33/7 6405/2112/7
f 6406/24/1647 6408/2123/1647 6407/2124/1647
f 6408/2110/1643 6409/24/1643 6407/2111/1643
f 6409/24/4 6412/37/4 6411/33/4
f 6411/33/1645 6402/155/1645 6413/147/1645
f 6413/147/11 6414/148/11 6385/149/11
f 6391/25/1652 6417/2129/1652 6415/2130/1652
f 6416/25/1646 6417/2119/1646 6381/19/1646
f 6418/36/7 6419/13/7 6426/2120/7
f 6418/32/6 6454/25/6 6419/19/6
f 6421/135/1656 6420/34/1656 6418/35/1656
f 6423/149/11 6422/154/11 6421/135/11
f 6421/146/7 6425/2115/7 6435/2116/7
f 6424/2131/1670 6428/34/1670 6430/2125/1664
f 6426/32/4 6429/25/4 6428/31/4
f 6454/15/1 6420/139/1 6428/2113/1
s 0
f 6422/140/1742 6433/2121/11 6432/2121/1743
s 1
f 6431/154/21 6434/149/21 6425/135/21
f 6433/2126/21 6436/147/21 6434/149/21
f 6451/136/7 6435/2116/7 6436/2118/7
f 6439/2128/1666 6443/33/1665 6436/147/1665
f 6452/153/1 6440/142/1 6438/2114/1
f 6450/37/1 6448/18/1 6441/2117/1
f 6441/37/6 6444/24/6 6443/33/6
f 6447/24/7 6449/33/7 6443/2112/7
f 6444/24/1663 6446/2123/1662 6445/2124/1663
f 6446/2110/1655 6447/24/1655 6445/2111/1655
f 6448/18/4 6449/33/4 6447/24/4
f 6449/33/1657 6440/155/1657 6451/147/1657
f 6451/147/11 6452/148/11 6423/149/11
f 6429/25/1667 6455/2129/1671 6453/2130/1715
f 6454/25/1658 6455/2119/1658 6419/19/1658
f 6456/36/7 6457/13/7 6464/2120/7
f 6458/31/6 6457/19/6 6456/32/6
f 6459/135/1656 6458/34/1656 6456/35/1656
f 6461/149/11 6460/154/11 6459/135/11
f 6461/145/7 6463/2115/7 6473/2116/7
f 6463/135/1664 6464/35/1664 6468/2125/1664
f 6466/31/4 6465/19/4 6467/25/4
f 6492/15/1 6458/139/1 6466/2113/1
f 6460/140/1744 6471/2121/1745 6470/2121/1744
f 6469/154/21 6472/149/21 6463/135/21
f 6471/2126/21 6474/147/21 6473/2127/21
f 6489/136/7 6473/2116/7 6474/2118/7
f 6477/2128/1666 6481/33/1665 6475/2132/1666
f 6490/153/1 6478/142/1 6476/2114/1
f 6488/37/1 6486/18/1 6479/2117/1
f 6479/37/6 6482/24/6 6481/33/6
f 6485/24/7 6487/33/7 6481/2112/7
f 6482/24/1663 6484/2123/1662 6483/2124/1663
f 6484/2110/1655 6485/24/1655 6483/2111/1655
f 6486/18/4 6487/33/4 6485/24/4
f 6487/33/1657 6478/155/1657 6489/147/1657
f 6489/147/11 6490/148/11 6461/149/11
f 6467/25/1667 6493/2129/1671 6491/2130/1667
f 6492/25/1658 6493/2119/1658 6457/19/1658
f 6494/36/7 6495/13/7 6502/2120/7
f 6496/31/6 6495/19/6 6494/32/6
f 6497/135/1644 6496/34/1644 6494/35/1644
f 6499/149/11 6498/154/11 6497/135/11
f 6497/146/7 6501/2115/7 6510/2116/7
f 6501/135/1649 6502/35/1649 6506/2125/1649
f 6504/31/4 6503/19/4 6505/25/4
f 6530/15/1 6496/139/1 6504/2113/1
f 6498/140/1746 6509/2121/1747 6508/2121/1747
f 6507/154/21 6510/149/1748 6501/135/21
f 6509/2126/1749 6512/147/21 6510/149/1748
f 6527/136/7 6511/2116/7 6512/2118/7
f 6515/2128/1651 6519/33/1651 6513/2132/1651
f 6528/153/1 6516/142/1 6514/2114/1
f 6526/37/1 6524/18/1 6517/2117/1
f 6517/37/6 6520/24/6 6519/33/6
f 6523/24/7 6525/33/7 6519/2112/7
f 6520/24/1647 6522/2123/1647 6521/2124/1647
f 6522/2110/1643 6523/24/1643 6521/2111/1643
f 6524/18/4 6525/33/4 6523/24/4
f 6525/33/1645 6516/155/1645 6527/147/1645
f 6527/147/11 6528/148/11 6499/149/11
f 6505/25/1652 6531/2129/1652 6529/2130/1652
f 6530/25/1646 6531/2119/1646 6495/19/1646
f 6532/36/7 6533/13/7 6540/2120/7
f 6534/31/6 6533/19/6 6532/32/6
f 6535/135/1656 6534/34/1656 6532/35/1656
f 6537/149/11 6536/154/11 6535/135/11
f 6535/146/7 6539/2115/7 6548/2116/7
f 6538/2131/1664 6542/34/1664 6544/2125/1664
f 6540/32/4 6543/25/4 6542/31/4
f 6568/15/1 6534/139/1 6542/2113/1
f 6536/140/1 6547/2121/1 6545/2122/1
f 6545/154/21 6548/149/21 6539/135/21
f 6547/2126/21 6550/147/21 6549/2127/21
f 6565/136/7 6549/2116/7 6550/2118/7
f 6553/2128/1666 6557/33/1665 6550/147/1665
f 6566/153/1 6554/142/1 6552/2114/1
f 6564/37/1 6562/18/1 6555/2117/1
f 6556/18/6 6557/33/6 6555/37/6
f 6561/24/7 6563/33/7 6557/2112/7
f 6558/24/1662 6560/2123/1662 6559/2124/1662
f 6560/2110/1655 6561/24/1655 6559/2111/1655
f 6562/18/4 6563/33/4 6561/24/4
f 6563/33/1657 6554/155/1657 6565/147/1657
f 6565/147/11 6566/148/11 6537/149/11
f 6543/25/1667 6569/2129/1667 6567/2130/1667
f 6568/25/1658 6569/2119/1658 6533/19/1658
f 6570/36/7 6571/13/7 6578/2120/7
f 6572/31/6 6571/19/6 6570/32/6
f 6573/135/1644 6572/34/1644 6570/35/1644
f 6575/149/11 6574/154/11 6573/135/11
f 6575/145/7 6577/2115/7 6587/2116/7
f 6577/135/1654 6578/35/1654 6582/2125/1649
f 6578/32/4 6581/25/4 6580/31/4
f 6606/15/1 6572/139/1 6580/2113/1
f 6574/140/1 6585/2121/1 6583/2122/1
f 6583/154/21 6586/149/21 6577/135/21
f 6584/148/21 6588/147/21 6586/149/21
f 6603/136/7 6587/2116/7 6588/2118/7
f 6591/2128/1651 6595/33/1650 6589/2132/1651
f 6604/153/1 6592/142/1 6590/2114/1
f 6602/37/1 6600/18/1 6593/2117/1
f 6594/18/6 6595/33/6 6593/37/6
f 6599/24/7 6601/33/7 6595/2112/7
f 6596/24/1647 6598/2123/1647 6597/2124/1647
f 6598/2110/1643 6599/24/1643 6597/2111/1643
f 6600/18/4 6601/33/4 6599/24/4
f 6601/33/1645 6592/155/1645 6603/147/1645
f 6603/147/11 6604/148/11 6575/149/11
f 6581/25/1652 6607/2129/1727 6605/2130/1652
f 6606/25/1646 6607/2119/1646 6571/19/1646
f 6608/32/6 6614/25/6 6612/19/6
f 6636/2110/1643 6620/24/1643 6637/2111/1643
f 6622/18/4 6616/33/4 6620/24/4
f 6634/135/1644 6610/34/1644 6608/35/1644
f 6620/24/7 6616/33/7 6617/2112/7
f 6614/15/1 6610/139/1 6611/2113/1
f 6627/153/1 6631/142/1 6630/2114/1
f 6625/145/7 6635/2115/7 6643/2116/7
f 6628/147/11 6627/148/11 6625/149/11
f 6616/33/1645 6631/155/1645 6628/147/1645
f 6618/37/1 6622/18/1 6619/2117/1
f 6628/136/7 6643/2116/7 6629/2118/7
f 6614/25/1646 6639/2119/1646 6612/19/1646
f 6608/36/7 6612/13/7 6609/2120/7
f 6632/140/1750 6642/2121/1750 6626/2121/1750
f 6625/149/11 6632/154/11 6634/135/11
f 6611/31/4 6613/19/4 6615/25/4
f 6621/24/1647 6636/2123/1647 6637/2124/1647
f 6619/37/6 6621/24/6 6617/33/6
f 6635/135/1649 6609/35/1649 6640/2125/1649
f 6642/2126/21 6629/147/21 6643/2127/21
f 6644/2128/1651 6617/33/1651 6629/147/1651
f 6615/25/1652 6639/2129/1652 6638/2130/1652
f 6633/154/21 6624/149/21 6635/135/21
f 6646/36/7 6647/13/7 6654/2120/7
f 6646/32/6 6682/25/6 6647/19/6
f 6649/135/1656 6648/34/1656 6646/35/1656
f 6651/149/11 6650/154/11 6649/135/11
f 6649/146/7 6653/2115/7 6662/2116/7
f 6652/2131/1664 6656/34/1670 6658/2125/1664
f 6654/32/4 6657/25/4 6656/31/4
f 6682/15/1 6648/139/1 6656/2113/1
f 6650/140/1751 6661/2121/1752 6660/2121/1753
f 6659/154/21 6662/149/1754 6653/135/21
f 6661/2126/1754 6664/147/21 6663/2127/21
f 6679/136/7 6663/2116/7 6664/2118/7
f 6667/2128/1666 6671/33/1666 6664/147/1666
f 6680/153/1 6668/142/1 6666/2114/1
f 6678/37/1 6676/18/1 6669/2117/1
f 6670/18/6 6671/33/6 6669/37/6
f 6675/24/7 6677/33/7 6671/2112/7
f 6672/24/1713 6674/2123/1662 6673/2124/1713
f 6674/2110/1655 6675/24/1655 6673/2111/1655
f 6676/18/4 6677/33/4 6675/24/4
f 6677/33/1657 6668/155/1657 6679/147/1657
f 6679/147/11 6680/148/11 6651/149/11
f 6657/25/1667 6683/2129/1755 6681/2130/1667
f 6682/25/1658 6683/2119/1658 6647/19/1658
f 6684/36/7 6685/13/7 6692/2120/7
f 6686/31/6 6685/19/6 6684/32/6
f 6687/135/1644 6686/34/1644 6684/35/1644
f 6689/149/11 6688/154/11 6687/135/11
f 6687/146/7 6691/2115/7 6700/2116/7
f 6691/135/1649 6692/35/1649 6696/2125/1649
f 6692/32/4 6695/25/4 6694/31/4
f 6720/15/1 6686/139/1 6694/2113/1
f 6688/140/1756 6699/2121/1757 6698/2121/1758
f 6697/154/21 6700/149/1700 6691/135/21
f 6699/2126/1700 6702/147/21 6700/149/1700
f 6717/136/7 6701/2116/7 6702/2118/7
f 6705/2128/1651 6709/33/1651 6702/147/1651
f 6718/153/1 6706/142/1 6704/2114/1
f 6716/37/1 6714/18/1 6707/2117/1
f 6708/18/6 6709/33/6 6707/37/6
f 6713/24/7 6715/33/7 6709/2112/7
f 6710/24/1647 6712/2123/1647 6711/2124/1647
f 6712/2110/1643 6713/24/1643 6711/2111/1643
f 6714/18/4 6715/33/4 6713/24/4
f 6715/33/1645 6706/155/1645 6717/147/1645
f 6717/147/11 6718/148/11 6689/149/11
f 6695/25/1652 6721/2129/1652 6719/2130/1652
f 6720/25/1646 6721/2119/1646 6685/19/1646
f 6722/36/7 6723/13/7 6730/2120/7
f 6722/32/6 6758/25/6 6723/19/6
f 6725/135/1656 6724/34/1656 6722/35/1656
f 6727/149/11 6726/154/11 6725/135/11
f 6725/146/7 6729/2115/7 6739/2116/7
f 6729/135/1670 6730/35/1670 6734/2125/1670
f 6730/32/4 6733/25/4 6732/31/4
f 6758/15/1 6724/139/1 6732/2113/1
f 6726/140/1759 6737/2121/1760 6736/2121/1760
f 6735/154/21 6738/149/21 6729/135/21
f 6737/2126/21 6740/147/21 6739/2127/21
f 6755/136/7 6739/2116/7 6740/2118/7
f 6743/2128/1666 6747/33/1665 6741/2132/1665
f 6756/153/1 6744/142/1 6742/2114/1
f 6754/37/1 6752/18/1 6745/2117/1
f 6745/37/6 6748/24/6 6747/33/6
f 6751/24/7 6753/33/7 6747/2112/7
f 6748/24/1663 6750/2123/1663 6749/2124/1663
f 6750/2110/1655 6751/24/1655 6749/2111/1655
f 6751/24/4 6754/37/4 6753/33/4
f 6753/33/1657 6744/155/1657 6755/147/1657
f 6755/147/11 6756/148/11 6727/149/11
f 6733/25/1667 6759/2129/1667 6757/2130/1667
f 6758/25/1658 6759/2119/1658 6723/19/1658
f 6760/36/7 6761/13/7 6768/2120/7
f 6762/31/6 6761/19/6 6760/32/6
f 6763/135/1656 6762/34/1656 6760/35/1656
f 6765/149/11 6764/154/11 6763/135/11
f 6765/145/7 6767/2115/7 6777/2116/7
f 6767/135/1664 6768/35/1664 6772/2125/1664
f 6768/32/4 6771/25/4 6770/31/4
f 6796/15/1 6762/139/1 6770/2113/1
f 6794/153/1 6775/2121/1 6773/2122/1
f 6773/154/21 6776/149/21 6767/135/21
f 6775/2126/21 6778/147/21 6776/149/21
f 6793/136/7 6777/2116/7 6778/2118/7
f 6781/2128/1666 6785/33/1665 6779/2132/1665
f 6794/153/1 6782/142/1 6780/2114/1
f 6792/37/1 6790/18/1 6783/2117/1
f 6784/18/6 6785/33/6 6783/37/6
f 6789/24/7 6791/33/7 6785/2112/7
f 6786/24/1662 6788/2123/1663 6787/2124/1662
f 6788/2110/1655 6789/24/1655 6787/2111/1655
f 6790/18/4 6791/33/4 6789/24/4
f 6791/33/1657 6782/155/1657 6793/147/1657
f 6793/147/11 6794/148/11 6765/149/11
f 6771/25/1667 6797/2129/1667 6795/2130/1667
f 6796/25/1658 6797/2119/1658 6761/19/1658
f 6798/36/7 6799/13/7 6806/2120/7
f 6800/31/6 6799/19/6 6798/32/6
f 6801/135/1644 6800/34/1644 6798/35/1644
f 6803/149/11 6802/154/11 6801/135/11
f 6801/146/7 6805/2115/7 6815/2116/7
f 6804/2131/1649 6808/34/1649 6810/2125/1649
f 6806/32/4 6809/25/4 6808/31/4
f 6834/15/1 6800/139/1 6808/2113/1
f 6802/140/1761 6813/2121/1762 6812/2121/1761
f 6811/154/21 6814/149/21 6805/135/21
f 6813/2126/21 6816/147/21 6814/149/21
f 6831/136/7 6815/2116/7 6816/2118/7
f 6819/2128/1651 6823/33/1650 6817/2132/1651
f 6832/153/1 6820/142/1 6818/2114/1
f 6830/37/1 6828/18/1 6821/2117/1
f 6822/18/6 6823/33/6 6821/37/6
f 6827/24/7 6829/33/7 6823/2112/7
f 6824/24/1647 6826/2123/1647 6825/2124/1647
f 6826/2110/1643 6827/24/1643 6825/2111/1643
f 6828/18/4 6829/33/4 6827/24/4
f 6829/33/1645 6820/155/1645 6831/147/1645
f 6831/147/11 6832/148/11 6803/149/11
f 6809/25/1652 6835/2129/1652 6833/2130/1652
f 6834/25/1646 6835/2119/1646 6799/19/1646
f 6836/36/7 6837/13/7 6844/2120/7
f 6838/31/6 6837/19/6 6836/32/6
f 6839/135/1644 6838/34/1644 6836/35/1644
f 6841/149/11 6840/154/11 6839/135/11
f 6839/146/7 6843/2115/7 6852/2116/7
f 6842/2131/1649 6846/34/1649 6848/2125/1649
f 6846/31/4 6845/19/4 6847/25/4
f 6872/15/1 6838/139/1 6846/2113/1
f 6840/140/1 6851/2121/1 6849/2122/1
f 6849/154/21 6852/149/1763 6843/135/21
f 6851/2126/21 6854/147/21 6852/149/21
f 6869/136/7 6853/2116/7 6854/2118/7
f 6857/2128/1651 6861/33/1651 6854/147/1651
f 6870/153/1 6858/142/1 6856/2114/1
f 6868/37/1 6866/18/1 6859/2117/1
f 6860/18/6 6861/33/6 6859/37/6
f 6865/24/7 6867/33/7 6861/2112/7
f 6862/24/1647 6864/2123/1647 6863/2124/1647
f 6864/2110/1643 6865/24/1643 6863/2111/1643
f 6865/24/4 6868/37/4 6867/33/4
f 6867/33/1645 6858/155/1645 6869/147/1645
f 6869/147/11 6870/148/11 6841/149/11
f 6847/25/1652 6873/2129/1652 6871/2130/1652
f 6872/25/1646 6873/2119/1646 6837/19/1646
f 6874/36/7 6875/13/7 6882/2120/7
f 6876/31/6 6875/19/6 6874/32/6
f 6877/135/1656 6876/34/1656 6874/35/1656
f 6879/149/11 6878/154/11 6877/135/11
f 6877/146/7 6881/2115/7 6890/2116/7
f 6880/2131/1664 6884/34/1664 6886/2125/1670
f 6882/32/4 6885/25/4 6884/31/4
f 6910/15/1 6876/139/1 6884/2113/1
f 6878/140/1764 6889/2121/1764 6888/2121/1764
f 6887/154/21 6890/149/21 6881/135/21
f 6889/2126/21 6892/147/21 6891/2127/21
f 6907/136/7 6891/2116/7 6892/2118/7
f 6895/2128/1665 6899/33/1665 6893/2132/1666
f 6908/153/1 6896/142/1 6894/2114/1
f 6906/37/1 6904/18/1 6897/2117/1
f 6897/37/6 6900/24/6 6899/33/6
f 6903/24/7 6905/33/7 6899/2112/7
f 6900/24/1663 6902/2123/1663 6901/2124/1663
f 6902/2110/1655 6903/24/1655 6901/2111/1655
f 6903/24/4 6906/37/4 6905/33/4
f 6905/33/1657 6896/155/1657 6907/147/1657
f 6907/147/11 6908/148/11 6879/149/11
f 6885/25/1667 6911/2129/1667 6909/2130/1667
f 6910/25/1658 6911/2119/1658 6875/19/1658
f 6912/36/7 6913/13/7 6920/2120/7
f 6914/31/6 6913/19/6 6912/32/6
f 6915/135/1656 6914/34/1656 6912/35/1656
f 6917/149/11 6916/154/11 6915/135/11
f 6915/146/7 6919/2115/7 6928/2116/7
f 6919/135/1670 6920/35/1670 6924/2125/1664
f 6922/31/4 6921/19/4 6923/25/4
f 6948/15/1 6914/139/1 6922/2113/1
f 6916/140/1765 6927/2121/1766 6926/2121/1766
f 6925/154/21 6928/149/1767 6919/135/21
f 6927/2126/21 6930/147/21 6929/2127/21
f 6945/136/7 6929/2116/7 6930/2118/7
f 6933/2128/1666 6937/33/1665 6931/2132/1666
f 6946/153/1 6934/142/1 6932/2114/1
f 6944/37/1 6942/18/1 6935/2117/1
f 6936/18/6 6937/33/6 6935/37/6
f 6941/24/7 6943/33/7 6937/2112/7
f 6938/24/1663 6940/2123/1663 6939/2124/1663
f 6940/2110/1655 6941/24/1655 6939/2111/1655
f 6942/18/4 6943/33/4 6941/24/4
f 6943/33/1657 6934/155/1657 6945/147/1657
f 6945/147/11 6946/148/11 6917/149/11
f 6923/25/1755 6949/2129/1667 6947/2130/1755
f 6948/25/1658 6949/2119/1658 6913/19/1658
f 6950/36/7 6951/13/7 6958/2120/7
f 6952/31/6 6951/19/6 6950/32/6
f 6953/135/1644 6952/34/1644 6950/35/1644
f 6955/149/11 6954/154/11 6953/135/11
f 6953/146/7 6957/2115/7 6966/2116/7
f 6957/135/1649 6958/35/1649 6962/2125/1649
f 6958/32/4 6961/25/4 6960/31/4
f 6986/15/1 6952/139/1 6960/2113/1
f 6954/140/1768 6965/2121/1769 6964/2121/1768
f 6963/154/21 6966/149/21 6957/135/21
f 6965/2126/21 6968/147/21 6967/2127/21
f 6983/136/7 6967/2116/7 6968/2118/7
f 6971/2128/1651 6975/33/1651 6968/147/1651
f 6984/153/1 6972/142/1 6970/2114/1
f 6982/37/1 6980/18/1 6973/2117/1
f 6973/37/6 6976/24/6 6975/33/6
f 6979/24/7 6981/33/7 6975/2112/7
f 6976/24/1647 6978/2123/1647 6977/2124/1647
f 6978/2110/1643 6979/24/1643 6977/2111/1643
f 6979/24/4 6982/37/4 6981/33/4
f 6981/33/1645 6972/155/1645 6983/147/1645
f 6983/147/11 6984/148/11 6955/149/11
f 6961/25/1652 6987/2129/1652 6985/2130/1652
f 6986/25/1646 6987/2119/1646 6951/19/1646
f 6990/31/6 6992/19/6 6988/32/6
f 7016/2110/1643 7000/24/1643 7017/2111/1643
f 7002/18/4 6996/33/4 7000/24/4
f 7014/135/1644 6990/34/1644 6988/35/1644
f 7000/24/7 6996/33/7 6997/2112/7
f 6994/15/1 6990/139/1 6991/2113/1
f 7007/153/1 7011/142/1 7010/2114/1
f 7014/146/7 7015/2115/7 7023/2116/7
f 7008/147/11 7007/148/11 7005/149/11
f 6996/33/1645 7011/155/1645 7008/147/1645
f 6998/37/1 7002/18/1 6999/2117/1
f 7008/136/7 7023/2116/7 7009/2118/7
f 6994/25/1646 7019/2119/1646 6992/19/1646
f 6988/36/7 6992/13/7 6989/2120/7
f 7007/153/1 7022/2121/1 7013/2122/1
f 7005/149/11 7012/154/11 7014/135/11
f 6989/32/4 6995/25/4 6991/31/4
f 7001/24/1647 7016/2123/1647 7017/2124/1647
f 6999/37/6 7001/24/6 6997/33/6
f 7021/2131/1654 6991/34/1649 7020/2125/1649
f 7022/2126/21 7009/147/21 7004/149/21
f 7024/2128/1651 6997/33/1651 7025/2132/1651
f 6995/25/1652 7019/2129/1652 7018/2130/1652
f 7013/154/21 7004/149/21 7015/135/21
f 7026/36/7 7027/13/7 7034/2120/7
f 7028/31/6 7027/19/6 7026/32/6
f 7029/135/1656 7028/34/1656 7026/35/1656
f 7031/149/11 7030/154/11 7029/135/11
f 7031/145/7 7033/2115/7 7043/2116/7
f 7032/2131/1664 7036/34/1670 7038/2125/1664
f 7034/32/4 7037/25/4 7036/31/4
f 7062/15/1 7028/139/1 7036/2113/1
f 7030/140/1 7041/2121/1 7039/2122/1
f 7039/154/21 7042/149/1700 7033/135/21
f 7041/2126/21 7044/147/21 7042/149/21
f 7059/136/7 7043/2116/7 7044/2118/7
f 7047/2128/1666 7051/33/1665 7044/147/1665
f 7060/153/1 7048/142/1 7046/2114/1
f 7058/37/1 7056/18/1 7049/2117/1
f 7050/18/6 7051/33/6 7049/37/6
f 7055/24/7 7057/33/7 7051/2112/7
f 7052/24/1663 7054/2123/1663 7053/2124/1663
f 7054/2110/1655 7055/24/1655 7053/2111/1655
f 7056/18/4 7057/33/4 7055/24/4
f 7057/33/1657 7048/155/1657 7059/147/1657
f 7059/147/11 7060/148/11 7031/149/11
f 7037/25/1667 7063/2129/1667 7061/2130/1667
f 7062/25/1658 7063/2119/1658 7027/19/1658
f 7064/36/7 7065/13/7 7072/2120/7
f 7064/32/6 7100/25/6 7065/19/6
f 7067/135/1644 7066/34/1644 7064/35/1644
f 7069/149/11 7068/154/11 7067/135/11
f 7067/146/7 7071/2115/7 7081/2116/7
f 7070/2131/1649 7074/34/1649 7076/2125/1649
f 7072/32/4 7075/25/4 7074/31/4
f 7100/15/1 7066/139/1 7074/2113/1
f 7098/153/1 7079/2121/1 7077/2122/1
f 7077/154/21 7080/149/1770 7071/135/21
f 7079/2126/1701 7082/147/21 7080/149/1770
f 7097/136/7 7081/2116/7 7082/2118/7
f 7085/2128/1651 7089/33/1651 7082/147/1651
f 7098/153/1 7086/142/1 7084/2114/1
f 7096/37/1 7094/18/1 7087/2117/1
f 7088/18/6 7089/33/6 7087/37/6
f 7093/24/7 7095/33/7 7089/2112/7
f 7090/24/1647 7092/2123/1647 7091/2124/1647
f 7092/2110/1643 7093/24/1643 7091/2111/1643
f 7094/18/4 7095/33/4 7093/24/4
f 7095/33/1645 7086/155/1645 7097/147/1645
f 7097/147/11 7098/148/11 7069/149/11
f 7075/25/1652 7101/2129/1652 7099/2130/1652
f 7100/25/1646 7101/2119/1646 7065/19/1646
f 7102/36/7 7103/13/7 7110/2120/7
f 7104/31/6 7103/19/6 7102/32/6
f 7105/135/1656 7104/34/1656 7102/35/1656
f 7107/149/11 7106/154/11 7105/135/11
f 7105/146/7 7109/2115/7 7119/2116/7
f 7108/2131/1664 7112/34/1664 7114/2125/1670
f 7110/32/4 7113/25/4 7112/31/4
f 7138/15/1 7104/139/1 7112/2113/1
f 7106/140/1 7117/2121/1 7115/2122/1
f 7115/154/21 7118/149/21 7109/135/21
f 7117/2126/21 7120/147/21 7118/149/21
f 7135/136/7 7119/2116/7 7120/2118/7
f 7123/2128/1666 7127/33/1665 7121/2132/1665
f 7136/153/1 7124/142/1 7122/2114/1
f 7134/37/1 7132/18/1 7125/2117/1
f 7126/18/6 7127/33/6 7125/37/6
f 7131/24/7 7133/33/7 7127/2112/7
f 7128/24/1663 7130/2123/1663 7129/2124/1663
f 7130/2110/1655 7131/24/1655 7129/2111/1655
f 7132/18/4 7133/33/4 7131/24/4
f 7133/33/1657 7124/155/1657 7135/147/1657
f 7135/147/11 7136/148/11 7107/149/11
f 7113/25/1667 7139/2129/1667 7137/2130/1667
f 7138/25/1658 7139/2119/1658 7103/19/1658
f 7140/36/7 7141/13/7 7148/2120/7
f 7142/31/6 7141/19/6 7140/32/6
f 7143/135/1656 7142/34/1656 7140/35/1656
f 7145/149/11 7144/154/11 7143/135/11
f 7143/146/7 7147/2115/7 7156/2116/7
f 7147/135/1670 7148/35/1670 7152/2125/1664
f 7148/32/4 7151/25/4 7150/31/4
f 7176/15/1 7142/139/1 7150/2113/1
f 7174/153/1 7155/2121/1 7153/2122/1
f 7153/154/21 7156/149/21 7147/135/21
f 7155/2126/21 7158/147/21 7156/149/21
f 7173/136/7 7157/2116/7 7158/2118/7
f 7161/2128/1665 7165/33/1665 7159/2132/1666
f 7174/153/1 7162/142/1 7160/2114/1
f 7172/37/1 7170/18/1 7163/2117/1
f 7164/18/6 7165/33/6 7163/37/6
f 7169/24/7 7171/33/7 7165/2112/7
f 7166/24/1663 7168/2123/1663 7167/2124/1663
f 7168/2110/1655 7169/24/1655 7167/2111/1655
f 7170/18/4 7171/33/4 7169/24/4
f 7171/33/1657 7162/155/1657 7173/147/1657
f 7173/147/11 7174/148/11 7145/149/11
f 7151/25/1667 7177/2129/1667 7175/2130/1667
f 7176/25/1658 7177/2119/1658 7141/19/1658
f 7178/36/7 7179/13/7 7186/2120/7
f 7180/31/6 7179/19/6 7178/32/6
f 7181/135/1644 7180/34/1644 7178/35/1644
f 7183/149/11 7182/154/11 7181/135/11
f 7183/145/7 7185/2115/7 7195/2116/7
f 7184/2131/1649 7188/34/1649 7190/2125/1654
f 7186/32/4 7189/25/4 7188/31/4
f 7214/15/1 7180/139/1 7188/2113/1
f 7212/153/1 7193/2121/1 7191/2122/1
f 7191/154/21 7194/149/21 7185/135/21
f 7193/2126/21 7196/147/21 7194/149/21
f 7211/136/7 7195/2116/7 7196/2118/7
f 7199/2128/1651 7203/33/1651 7196/147/1651
f 7212/153/1 7200/142/1 7198/2114/1
f 7210/37/1 7208/18/1 7201/2117/1
f 7202/18/6 7203/33/6 7201/37/6
f 7207/24/7 7209/33/7 7203/2112/7
f 7204/24/1647 7206/2123/1647 7205/2124/1647
f 7206/2110/1643 7207/24/1643 7205/2111/1643
f 7208/18/4 7209/33/4 7207/24/4
f 7209/33/1645 7200/155/1645 7211/147/1645
f 7211/147/11 7212/148/11 7183/149/11
f 7189/25/1652 7215/2129/1652 7213/2130/1652
f 7214/25/1646 7215/2119/1646 7179/19/1646
f 7216/36/7 7217/13/7 7224/2120/7
f 7218/31/6 7217/19/6 7216/32/6
f 7219/135/1644 7218/34/1644 7216/35/1644
f 7221/149/11 7220/154/11 7219/135/11
f 7221/145/7 7223/2115/7 7233/2116/7
f 7223/135/1649 7224/35/1649 7228/2125/1654
f 7224/32/4 7227/25/4 7226/31/4
f 7252/15/1 7218/139/1 7226/2113/1
f 7250/153/1 7231/2121/1 7229/2122/1
f 7229/154/21 7232/149/21 7223/135/21
f 7231/2126/21 7234/147/21 7232/149/21
f 7249/136/7 7233/2116/7 7234/2118/7
f 7237/2128/1651 7241/33/1651 7235/2132/1651
f 7250/153/1 7238/142/1 7236/2114/1
f 7248/37/1 7246/18/1 7239/2117/1
f 7240/18/6 7241/33/6 7239/37/6
f 7245/24/7 7247/33/7 7241/2112/7
f 7242/24/1647 7244/2123/1647 7243/2124/1647
f 7244/2110/1643 7245/24/1643 7243/2111/1643
f 7246/18/4 7247/33/4 7245/24/4
f 7247/33/1645 7238/155/1645 7249/147/1645
f 7249/147/11 7250/148/11 7221/149/11
f 7227/25/1652 7253/2129/1652 7251/2130/1652
f 7252/25/1646 7253/2119/1646 7217/19/1646
f 7254/36/7 7255/13/7 7262/2120/7
f 7256/31/6 7255/19/6 7254/32/6
f 7257/135/1656 7256/34/1656 7254/35/1656
f 7259/149/11 7258/154/11 7257/135/11
f 7259/145/7 7261/2115/7 7271/2116/7
f 7261/135/1670 7262/35/1670 7266/2125/1664
f 7264/31/4 7263/19/4 7265/25/4
f 7290/15/1 7256/139/1 7264/2113/1
f 7288/153/1 7269/2121/1 7267/2122/1
f 7267/154/21 7270/149/1771 7261/135/21
f 7269/2126/21 7272/147/21 7270/149/21
f 7287/136/7 7271/2116/7 7272/2118/7
f 7275/2128/1665 7279/33/1665 7272/147/1665
f 7288/153/1 7276/142/1 7274/2114/1
f 7286/37/1 7284/18/1 7277/2117/1
f 7278/18/6 7279/33/6 7277/37/6
f 7283/24/7 7285/33/7 7279/2112/7
f 7280/24/1663 7282/2123/1663 7281/2124/1663
f 7282/2110/1655 7283/24/1655 7281/2111/1655
f 7283/24/4 7286/37/4 7285/33/4
f 7285/33/1657 7276/155/1657 7287/147/1657
f 7287/147/11 7288/148/11 7259/149/11
f 7265/25/1667 7291/2129/1667 7289/2130/1667
f 7290/25/1658 7291/2119/1658 7255/19/1658
f 7292/36/7 7293/13/7 7300/2120/7
f 7294/31/6 7293/19/6 7292/32/6
f 7295/135/1656 7294/34/1656 7292/35/1656
f 7297/149/11 7296/154/11 7295/135/11
f 7295/146/7 7299/2115/7 7308/2116/7
f 7298/2131/1670 7302/34/1670 7304/2125/1664
f 7300/32/4 7303/25/4 7302/31/4
f 7328/15/1 7294/139/1 7302/2113/1
f 7296/140/1 7307/2121/1 7305/2122/1
f 7305/154/21 7308/149/1772 7299/135/21
f 7307/2126/21 7310/147/21 7308/149/21
f 7325/136/7 7309/2116/7 7310/2118/7
f 7313/2128/1666 7317/33/1665 7311/2132/1665
f 7326/153/1 7314/142/1 7312/2114/1
f 7324/37/1 7322/18/1 7315/2117/1
f 7316/18/6 7317/33/6 7315/37/6
f 7321/24/7 7323/33/7 7317/2112/7
f 7318/24/1663 7320/2123/1663 7319/2124/1663
f 7320/2110/1655 7321/24/1655 7319/2111/1655
f 7322/18/4 7323/33/4 7321/24/4
f 7323/33/1657 7314/155/1657 7325/147/1657
f 7325/147/11 7326/148/11 7297/149/11
f 7303/25/1667 7329/2129/1671 7327/2130/1667
f 7328/25/1658 7329/2119/1658 7293/19/1658
f 7330/36/7 7331/13/7 7338/2120/7
f 7332/31/6 7331/19/6 7330/32/6
f 7333/135/1644 7332/34/1644 7330/35/1644
f 7335/149/11 7334/154/11 7333/135/11
f 7333/146/7 7337/2115/7 7347/2116/7
f 7337/135/1649 7338/35/1649 7342/2125/1649
f 7338/32/4 7341/25/4 7340/31/4
f 7366/15/1 7332/139/1 7340/2113/1
f 7364/153/1 7345/2121/1 7343/2122/1
f 7343/154/21 7346/149/21 7337/135/21
f 7345/2126/21 7348/147/21 7347/2127/21
f 7363/136/7 7347/2116/7 7348/2118/7
f 7351/2128/1651 7355/33/1651 7349/2132/1651
f 7364/153/1 7352/142/1 7350/2114/1
f 7362/37/1 7360/18/1 7353/2117/1
f 7354/18/6 7355/33/6 7353/37/6
f 7359/24/7 7361/33/7 7355/2112/7
f 7356/24/1647 7358/2123/1647 7357/2124/1647
f 7358/2110/1643 7359/24/1643 7357/2111/1643
f 7360/18/4 7361/33/4 7359/24/4
f 7361/33/1645 7352/155/1645 7363/147/1645
f 7363/147/11 7364/148/11 7335/149/11
f 7341/25/1652 7367/2129/1675 7365/2130/1652
f 7366/25/1646 7367/2119/1646 7331/19/1646
f 7370/31/1773 7372/19/1773 7368/32/1773
f 7396/2110/1774 7380/24/1775 7397/2111/1775
f 7382/18/1776 7376/33/1776 7380/24/1776
f 7394/135/1777 7370/34/1777 7368/35/1777
f 7380/24/1778 7376/33/1778 7377/2112/1778
f 7374/15/1779 7370/139/1779 7371/2113/1779
f 7387/153/1779 7391/142/1779 7390/2114/1779
f 7394/146/1778 7395/2115/1778 7384/2116/1778
f 7388/147/11 7387/148/11 7385/149/11
f 7376/33/1780 7391/155/1781 7388/147/1780
f 7378/37/1779 7382/18/1779 7379/2117/1779
f 7388/136/1778 7403/2116/1778 7389/2118/1778
f 7374/25/1782 7399/2119/1782 7372/19/1782
f 7368/36/1778 7372/13/1778 7369/2120/1778
f 7392/140/1779 7402/2121/1779 7393/2122/1779
f 7385/149/11 7392/154/11 7394/135/11
f 7369/32/1776 7375/25/1776 7371/31/1776
f 7381/24/1783 7396/2123/1783 7397/2124/1783
f 7383/18/1773 7377/33/1773 7379/37/1773
f 7395/135/1784 7369/35/1784 7400/2125/1784
f 7402/2126/1785 7389/147/21 7384/149/1786
f 7404/2128/1787 7377/33/1787 7405/2132/1787
f 7375/25/1788 7399/2129/1788 7398/2130/1788
f 7393/154/21 7384/149/1786 7395/135/21
f 7406/278/1789 7497/2133/1789 7407/2134/1789
f 7406/174/1790 7436/2135/1790 7435/2136/1790
f 7407/2134/1791 7408/2137/1791 7436/2138/1791
f 7410/2139/1792 7411/2140/1792 7408/2137/1792
f 7410/2139/1793 7413/2141/1793 7412/2142/1793
f 7412/2142/1794 7414/2143/1794 7411/2140/1794
f 7406/174/1795 7437/2144/1795 7497/69/1795
f 7417/2145/1796 7415/2146/1796 7416/2147/1796
f 7421/6/1797 7418/2148/1797 7419/2149/1797
f 7421/6/1798 7423/2150/1798 7422/2151/1798
f 7422/2151/1799 7424/2152/1799 7418/2148/1799
f 7426/2153/1800 7427/2154/1800 7424/2152/1800
f 7428/2155/1801 7429/2156/1801 7427/2154/1801
f 7433/2157/1802 7432/2158/1802 7431/2159/1802
f 7434/2160/1803 7438/2161/1803 7437/2144/1803
f 7445/2162/1804 7444/2163/1804 7434/2160/1804
f 7452/2164/1805 7448/2165/1805 7447/2166/1805
f 7454/2167/1806 7455/2168/1806 7453/2169/1806
f 7455/2168/1807 7457/2170/1807 7456/2171/1807
f 7457/2170/1808 7449/2172/1808 7456/2171/1808
f 7456/2171/1809 7449/2172/1809 7451/2173/1809
f 7458/2174/1810 7449/2172/1810 7457/2170/1810
f 7460/2175/1811 7458/2174/1811 7457/2170/1811
f 7462/2176/1812 7463/2177/1812 7458/2174/1812
f 7463/2177/1813 7449/2172/1813 7458/2174/1813
f 7468/2178/1814 7465/2179/1814 7467/2180/1814
f 7471/2181/1815 7472/2182/1815 7470/2183/1815
f 7483/2184/1816 7478/2185/1816 7479/2186/1816
f 7481/2187/1817 7480/2188/1817 7471/2181/1817
f 7483/2184/1818 7484/235/1818 7478/2185/1818
f 7485/2189/1819 7476/2190/1819 7484/235/1819
f 7484/235/1820 7476/2190/1820 7478/2185/1820
f 7486/2191/1821 7476/2190/1821 7485/2189/1821
f 7493/96/1822 7491/1523/1822 7490/2192/1822
f 7497/2133/1823 7496/2193/1823 7498/2194/1823
f 7407/2134/1824 7498/2194/1824 7409/2195/1824
f 7498/2194/1825 7488/2196/1825 7499/2197/1825
f 7409/2195/1826 7499/2197/1826 7410/2139/1826
f 7499/2197/1827 7500/2198/1827 7413/2141/1827
f 7437/2144/1828 7495/2199/1828 7497/69/1828
f 7413/2141/1829 7482/2200/1829 7481/2187/1829
f 7420/2201/1830 7501/2202/1830 7423/2150/1830
f 7423/2150/1831 7461/2203/1831 7502/2204/1831
f 7422/2151/1832 7502/2204/1832 7425/2205/1832
f 7502/2204/1833 7459/2206/1833 7503/2207/1833
f 7425/2205/1834 7503/2207/1834 7426/2153/1834
f 7503/2207/1835 7454/2167/1835 7504/2208/1835
f 7426/2153/1836 7504/2208/1836 7428/2155/1836
f 7406/278/1837 7407/2134/1837 7436/2138/1837
f 7414/2209/11 7427/2210/11 7432/2211/11
f 7412/2142/1838 7415/2146/1838 7414/2143/1838
f 7407/2134/1839 7409/2195/1839 7408/2137/1839
f 7409/2195/1840 7410/2139/1840 7408/2137/1840
f 7410/2139/1841 7412/2142/1841 7411/2140/1841
f 7410/2139/1842 7499/2197/1842 7413/2141/1842
f 7412/2142/1843 7413/2141/1843 7481/2187/1843
f 7415/2146/1844 7419/2149/1844 7418/2148/1844
f 7421/6/1845 7420/2201/1845 7423/2150/1845
f 7428/2155/1846 7445/2162/1846 7431/2159/1846
f 7421/6/1847 7422/2151/1847 7418/2148/1847
f 7422/2151/1848 7423/2150/1848 7502/2204/1848
f 7422/2151/1849 7425/2205/1849 7424/2152/1849
f 7425/2205/1850 7426/2153/1850 7424/2152/1850
f 7426/2153/1851 7428/2155/1851 7427/2154/1851
f 7428/2155/1852 7504/2208/1852 7430/2212/1852
f 7428/2155/1853 7432/2158/1853 7429/2156/1853
f 7431/2159/1854 7434/2160/1854 7433/2157/1854
f 7435/2136/1855 7434/2160/1855 7437/2144/1855
f 7432/2158/1856 7435/2136/1856 7436/2135/1856
f 7440/2213/1857 7438/2161/1858 7439/2214/1859
f 7437/2144/1860 7438/2161/1860 7495/2199/1860
f 7493/2215/1861 7439/2214/1861 7441/2216/1861
f 7450/1/21 7477/1/21 7492/1/21
f 7493/2215/1862 7441/2216/1862 7491/2217/1862
f 7439/2214/1863 7442/2218/1863 7441/2216/1863
f 7441/2216/1864 7442/2218/1864 7491/2217/1864
f 7438/2161/1865 7443/2219/1865 7439/2214/1865
f 7444/2163/1866 7452/2164/1866 7447/2166/1866
f 7434/2160/1867 7444/2163/1867 7438/2161/1867
f 7444/2163/1868 7447/2166/1868 7443/2219/1868
f 7445/2162/1869 7446/2220/1869 7444/2163/1869
f 7443/2219/1870 7448/2165/1870 7442/2218/1870
f 7491/2217/1871 7448/2165/1871 7449/2172/1871
f 7492/2221/1872 7449/2172/1872 7450/2222/1872
f 7453/2169/1873 7446/2220/1873 7454/2167/1873
f 7448/2165/1874 7451/2173/1874 7449/2172/1874
f 7452/2164/1875 7453/2169/1875 7451/2173/1875
f 7452/2164/1876 7451/2173/1876 7448/2165/1876
f 7456/2171/1877 7453/2169/1877 7455/2168/1877
f 7455/2168/1878 7459/2206/1878 7460/2175/1878
f 7455/2168/1879 7460/2175/1879 7457/2170/1879
f 7460/2175/1880 7461/2203/1881 7462/2176/1882
f 7467/2180/1883 7469/2223/1884 7468/2178/1885
f 7460/2175/1886 7462/2176/1886 7458/2174/1886
f 7449/2172/1887 7464/2224/1887 7450/2222/1887
f 7463/1/1888 7465/1/1888 7449/1/1888
f 7467/2180/1889 7465/2179/1889 7463/2177/1889
f 7462/2176/1890 7467/2180/1890 7463/2177/1890
f 7465/2179/1891 7466/627/1892 7449/2225/1893
f 7468/2178/1894 7466/627/1894 7465/2179/1894
f 7419/2149/1895 7470/2183/1895 7420/2201/1895
f 7420/2201/1896 7470/2183/1896 7469/2223/1896
f 7420/2201/1897 7469/2223/1897 7501/2202/1897
f 7416/2147/1898 7470/2183/1898 7417/2145/1898
f 7470/2183/1899 7472/2182/1899 7469/2223/1899
f 7469/2223/1900 7473/2226/1901 7468/2178/1902
f 7466/627/1903 7473/2226/1903 7474/2227/1903
f 7473/2226/1904 7475/2228/1904 7474/2227/1904
f 7474/2227/1905 7475/2228/1905 7476/2190/1905
f 7476/1/1906 7466/1/1906 7474/1/1906
f 7449/1/1907 7477/1/1907 7464/1/1907
f 7480/2188/1908 7483/2184/1909 7479/2186/1910
f 7475/2228/1911 7478/2185/1911 7476/2190/1911
f 7479/2186/1912 7478/2185/1912 7475/2228/1912
f 7472/2182/1913 7479/2186/1914 7473/2226/1915
f 7412/2142/1916 7471/2181/1916 7416/2147/1916
f 7471/2181/1917 7480/2188/1917 7472/2182/1917
f 7487/2229/1918 7482/2200/1918 7500/2198/1918
f 7481/2187/1919 7482/2200/1919 7480/2188/1919
f 7484/235/1920 7487/2229/1920 7485/2189/1920
f 7486/2191/1921 7487/2229/1921 7489/2230/1921
f 7487/2229/1922 7488/2196/1923 7489/2230/1924
f 7489/2230/1925 7496/2193/1926 7494/2231/1927
f 7486/2191/1928 7494/2231/1928 7490/2192/1928
f 7486/2191/1929 7491/1523/1930 7476/2190/1931
f 7476/2190/1932 7492/2232/1932 7477/2233/1932
f 7490/2192/1933 7440/96/1933 7493/96/1933
f 7494/2231/1934 7495/96/1934 7440/96/1934
f 7462/2176/1935 7501/2202/1935 7467/2180/1935
f 7497/2133/1936 7495/96/1936 7496/2193/1936
f 7407/2134/1937 7497/2133/1937 7498/2194/1937
f 7498/2194/1938 7496/2193/1938 7488/2196/1938
f 7409/2195/1939 7498/2194/1939 7499/2197/1939
f 7499/2197/1940 7488/2196/1940 7500/2198/1940
f 7413/2141/1941 7500/2198/1941 7482/2200/1941
f 7446/2220/1942 7504/2208/1942 7454/2167/1942
f 7423/2150/1943 7501/2202/1943 7461/2203/1943
f 7502/2204/1944 7461/2203/1944 7459/2206/1944
f 7425/2205/1945 7502/2204/1945 7503/2207/1945
f 7503/2207/1946 7459/2206/1946 7454/2167/1946
f 7426/2153/1947 7503/2207/1947 7504/2208/1947
f 7506/31/6 7507/19/6 7505/32/6
f 7508/25/21 7511/24/21 7507/19/21
f 7512/18/4 7509/33/4 7511/24/4
f 7509/33/11 7506/34/11 7505/35/11
f 7511/24/7 7505/36/7 7507/13/7
f 7508/15/1 7510/37/1 7512/18/1
f 7517/24/7 7513/36/7 7514/13/7
f 7515/31/6 7514/19/6 7513/32/6
f 7516/33/11 7515/34/11 7513/35/11
f 7519/18/4 7516/33/4 7517/24/4
f 7520/15/1 7518/37/1 7519/18/1
f 7520/25/21 7517/24/21 7514/19/21
f 7522/31/6 7523/19/6 7521/32/6
f 7524/25/21 7527/24/21 7523/19/21
f 7528/18/4 7525/33/4 7527/24/4
f 7525/33/11 7522/34/11 7521/35/11
f 7527/24/7 7521/36/7 7523/13/7
f 7524/15/1 7526/37/1 7528/18/1
f 7530/31/6 7531/19/6 7529/32/6
f 7532/25/21 7535/24/21 7531/19/21
f 7536/18/4 7533/33/4 7535/24/4
f 7533/33/11 7530/34/11 7529/35/11
f 7535/24/7 7529/36/7 7531/13/7
f 7536/18/1 7530/139/1 7534/37/1
f 7537/32/6 7540/25/6 7539/19/6
f 7540/25/21 7543/24/21 7539/19/21
f 7544/18/4 7541/33/4 7543/24/4
f 7541/33/11 7538/34/11 7537/35/11
f 7539/13/7 7541/33/7 7537/36/7
f 7540/15/1 7542/37/1 7544/18/1
f 7546/31/6 7547/19/6 7545/32/6
f 7548/25/21 7551/24/21 7547/19/21
f 7552/18/4 7549/33/4 7551/24/4
f 7549/33/11 7546/34/11 7545/35/11
f 7547/13/7 7549/33/7 7545/36/7
f 7548/15/1 7550/37/1 7552/18/1
f 7554/31/6 7555/19/6 7553/32/6
f 7556/25/21 7559/24/21 7555/19/21
f 7560/18/4 7557/33/4 7559/24/4
f 7557/33/11 7554/34/11 7553/35/11
f 7559/24/7 7553/36/7 7555/13/7
f 7556/15/1 7558/37/1 7560/18/1
f 7562/31/6 7563/19/6 7561/32/6
f 7564/25/21 7567/24/21 7563/19/21
f 7568/18/4 7565/33/4 7567/24/4
f 7565/33/11 7562/34/11 7561/35/11
f 7567/24/7 7561/36/7 7563/13/7
f 7564/15/1 7566/37/1 7568/18/1
f 92/1/1 19/1/1 9/1/1
f 22/1/1948 24/1/1948 13/1/1948
f 19/1/1949 20/1/1949 23/1/1949
f 19/1/1949 23/1/1949 21/1/1949
f 22/1/1948 13/1/1948 9/1/1948
f 19/1/2 21/1/2 22/1/2
f 23/1/3 20/1/3 13/1/3
f 94/1/4 91/1/4 9/1/4
f 21/1/1 17/1/1 2/1/5
f 17/1/6 21/1/6 23/1/6
f 7/1/7 18/1/7 23/1/7
f 103/1/1950 104/1/1950 22/1/1950
f 7/1/1951 24/1/1951 102/1/1951
f 101/1/1952 106/1/1953 115/1/1953
f 7/1/1951 102/1/1951 101/1/1951
f 103/1/1950 22/1/1950 2/1/1950
f 101/1/11 115/1/11 103/1/11
f 2/1/8 7/1/8 101/1/8
f 25/1/1954 27/1/1954 18/1/1954
f 2/1/1955 17/1/1955 28/1/1955
f 2/1/1955 28/1/1955 26/1/1955
f 25/1/1954 18/1/1954 7/1/1954
f 2/1/9 26/1/9 25/1/9
f 17/1/10 18/1/10 27/1/10
f 12/1/7 1/1/7 26/1/7
f 12/1/4 28/1/4 27/1/4
f 3/1/1 16/1/1 27/1/1
f 3/1/6 25/1/6 26/1/6
f 32/1/11 30/1/11 29/1/11
f 1/1/11 80/1/11 56/1/11
f 56/1/11 55/1/11 54/1/11
f 54/1/11 53/1/1956 49/1/11
f 50/1/11 51/1/1957 52/1/11
f 47/1/11 48/1/11 43/1/11
f 43/1/11 44/1/11 45/1/11
f 45/1/11 46/1/11 38/1/11
f 38/1/11 39/1/11 40/1/11
f 40/1/11 41/1/11 42/1/11
f 37/1/11 35/1/11 36/1/11
f 36/1/11 34/1/11 33/1/11
f 33/1/11 31/1/377 32/1/11
f 32/1/11 29/1/11 16/1/11
f 1/1/11 56/1/11 54/1/11
f 1/1/11 54/1/11 49/1/11
f 33/1/11 32/1/11 16/1/11
f 36/1/11 33/1/11 16/1/11
f 3/1/11 1/1/11 49/1/11
f 3/1/11 49/1/11 50/1/11
f 37/1/11 36/1/11 16/1/11
f 42/1/11 37/1/11 16/1/11
f 3/1/11 50/1/11 52/1/11
f 3/1/11 52/1/11 47/1/11
f 42/1/11 16/1/11 3/1/11
f 40/1/11 42/1/11 3/1/11
f 3/1/11 47/1/11 43/1/11
f 3/1/11 43/1/11 45/1/11
f 38/1/11 40/1/11 3/1/11
f 65/1/11 63/1/11 64/1/11
f 64/1/11 71/1/11 70/1/11
f 70/1/11 72/1/11 73/1/1958
f 73/1/1958 74/1/1959 75/1/1958
f 84/1/11 83/1/11 79/1/11
f 79/1/11 78/1/11 77/1/11
f 77/1/11 76/1/11 82/1/11
f 82/1/11 81/1/377 80/1/11
f 16/1/11 29/1/11 67/1/11
f 67/1/11 66/1/11 59/1/11
f 59/1/11 60/1/11 57/1/11
f 58/1/1960 61/1/15 62/1/11
f 69/1/11 68/1/1960 65/1/11
f 16/1/11 67/1/11 59/1/11
f 82/1/11 80/1/11 1/1/11
f 77/1/11 82/1/11 1/1/11
f 12/1/11 16/1/11 59/1/11
f 12/1/11 59/1/11 57/1/11
f 79/1/11 77/1/11 1/1/11
f 84/1/11 79/1/11 1/1/11
f 12/1/11 57/1/11 58/1/1960
f 12/1/11 58/1/1960 62/1/11
f 84/1/11 1/1/11 12/1/11
f 75/1/1958 84/1/11 12/1/11
f 12/1/11 62/1/11 69/1/11
f 12/1/11 69/1/11 65/1/11
f 73/1/1958 75/1/1958 12/1/11
f 70/1/11 73/1/1958 12/1/11
f 12/1/11 65/1/11 64/1/11
f 86/1/12 88/1/12 87/1/12
f 13/1/4 85/1/4 96/1/4
f 20/1/11 86/1/11 85/1/11
f 96/1/13 85/1/13 87/1/13
f 100/1/7 89/1/7 90/1/7
f 88/1/11 90/1/11 89/1/11
f 87/1/4 89/1/4 100/1/4
f 97/1/6 99/1/6 90/1/6
f 95/1/14 97/1/14 88/1/14
f 93/1/6 95/1/6 86/1/6
f 19/1/6 92/1/6 93/1/6
f 106/2/4 107/20/4 113/3/4
f 109/5/15 107/20/1961 108/6/11
f 110/9/11 111/7/11 108/6/11
f 113/3/1962 107/20/1961 109/5/15
f 113/3/1963 109/5/1963 112/2234/1963
f 110/9/1964 108/6/1964 114/8/1964
f 113/3/17 112/2234/1965 110/9/18
f 102/11/1 14/24/1 5/13/1
f 8/15/7 15/18/7 104/16/7
f 114/8/1966 108/6/1966 105/12/1966
f 114/8/1966 105/12/1966 104/16/1966
f 5/19/21 14/24/21 108/6/21
f 105/1/23 102/1/23 24/1/23
f 24/1/23 22/1/23 104/1/23
f 4/19/4 6/25/4 112/22/4
f 10/24/11 11/18/11 6/25/11
f 10/24/6 111/28/6 110/26/6
f 10/24/1 4/13/1 109/27/1
f 11/18/7 110/26/7 112/29/7
f 120/15/24 116/15/24 117/18/24
f 115/4/4 113/3/4 8/25/4
f 119/8/11 117/18/11 116/25/11
f 122/3/25 118/3/1967 116/25/26
f 123/8/28 119/8/1968 118/3/29
f 123/8/31 121/18/1969 117/18/32
f 15/18/1969 121/18/1969 123/8/31
f 122/3/35 126/3/1970 127/8/36
f 8/25/1971 113/3/1971 122/3/1971
f 8/15/24 120/15/24 121/18/24
f 127/8/38 126/3/38 130/3/38
f 114/8/1972 123/8/1972 127/8/1972
f 114/8/40 125/8/1973 124/3/41
f 122/3/1974 113/3/1974 124/3/1974
f 129/8/44 131/8/44 130/3/44
f 126/3/45 124/3/45 128/3/45
f 127/8/46 131/8/46 129/8/47
f 125/8/48 129/8/48 128/3/48
f 133/31/6 135/25/6 134/19/6
f 135/25/21 139/18/21 138/24/21
f 139/18/4 137/37/4 136/33/4
f 136/33/11 137/37/11 133/34/11
f 138/24/7 136/33/7 132/36/7
f 135/15/1 133/139/1 137/37/1
f 141/31/6 143/25/6 142/19/6
f 143/25/21 147/18/21 146/24/21
f 147/18/4 145/37/4 144/33/4
f 144/33/11 145/37/11 141/34/11
f 146/24/7 144/33/7 140/36/7
f 143/15/1 141/139/1 145/37/1
f 148/32/6 149/31/6 151/25/6
f 151/25/21 155/18/21 154/24/21
f 155/18/4 153/37/4 152/33/4
f 152/33/11 153/37/11 149/34/11
f 154/24/7 152/33/7 148/36/7
f 151/15/1 149/139/1 153/37/1
f 157/31/6 159/25/6 158/19/6
f 159/25/21 163/18/21 162/24/21
f 163/18/4 161/37/4 160/33/4
f 160/33/11 161/37/11 157/34/11
f 162/24/7 160/33/7 156/36/7
f 159/15/1 157/139/1 161/37/1
f 165/31/6 167/25/6 166/19/6
f 167/25/21 171/18/21 170/24/21
f 171/18/4 169/37/4 168/33/4
f 168/33/11 169/37/11 165/34/11
f 170/24/7 168/33/7 164/36/7
f 167/15/1 165/139/1 169/37/1
f 173/31/6 175/25/6 174/19/6
f 175/25/21 179/18/21 178/24/21
f 179/18/4 177/37/4 176/33/4
f 176/33/11 177/37/11 173/34/11
f 178/24/7 176/33/7 172/36/7
f 175/15/1 173/139/1 177/37/1
f 195/53/64 196/52/63 198/68/78
f 208/67/77 190/45/56 188/70/79
f 189/117/57 191/2235/60 193/2236/62
f 193/2236/62 195/338/64 197/115/67
f 197/115/67 199/202/66 201/2237/69
f 201/2237/69 203/2238/51 180/116/50
f 180/116/50 182/203/53 184/2239/55
f 184/2239/55 187/2240/58 189/117/57
f 189/117/57 193/2236/62 197/115/67
f 197/115/67 201/2237/69 180/116/50
f 180/116/50 184/2239/55 189/117/57
f 227/88/1975 213/125/1975 212/118/1975
f 225/122/1976 224/92/1976 212/118/1976
f 222/86/1977 214/85/1977 213/125/1977
f 233/71/1978 228/90/1978 232/89/1978
f 258/97/1979 260/114/1979 244/126/1979
f 252/108/1980 239/125/1980 238/118/1980
f 249/110/1981 238/118/1981 237/130/1981
f 240/85/1982 239/125/1982 252/108/1982
f 184/44/55 186/64/74 188/70/79
f 263/31/161 265/25/179 264/19/162
f 278/133/164 269/18/167 268/24/165
f 269/18/167 267/37/180 266/33/168
f 277/135/169 275/154/172 263/34/161
f 268/24/165 266/33/168 279/136/170
f 276/138/171 265/15/179 263/139/161
f 271/141/173 273/153/177 281/142/174
f 274/144/175 270/156/178 272/145/176
f 279/147/170 281/155/174 273/148/177
f 276/150/171 271/157/173 270/151/178
f 265/25/179 276/150/171 274/152/175
f 274/144/175 277/146/169 262/36/163
f 276/138/171 275/140/172 273/153/177
f 272/149/176 273/148/177 275/154/172
f 266/33/168 267/37/180 281/155/174
f 269/18/167 278/143/164 281/142/174
f 280/137/166 279/136/170 272/145/176
f 271/157/173 278/133/164 280/134/166
f 287/44/208 286/42/182 285/158/181
f 287/44/208 288/186/209 290/188/211
f 292/46/185 291/159/184 294/189/212
f 295/169/214 293/49/213 294/189/212
f 297/24/216 295/169/214 296/190/215
f 299/53/218 297/24/216 298/35/217
f 301/56/220 299/53/218 300/191/219
f 301/56/220 302/192/221 304/193/222
f 306/58/188 305/160/187 282/173/223
f 291/2241/184 290/2242/211 288/194/209
f 288/194/209 285/2243/181 284/2244/210
f 284/2244/210 282/2245/223 305/195/187
f 305/195/187 304/2246/222 302/2247/221
f 302/2247/221 300/2248/219 298/196/217
f 298/196/217 296/2249/215 294/432/212
f 294/432/212 291/2241/184 288/194/209
f 288/194/209 284/2244/210 305/195/187
f 305/195/187 302/2247/221 298/196/217
f 298/196/217 294/432/212 288/194/209
f 283/39/183 307/40/224 282/197/223
f 316/198/225 313/162/191 314/199/226
f 292/117/185 293/2235/213 295/201/214
f 295/201/214 297/2250/216 299/338/218
f 299/338/218 301/115/220 303/202/189
f 303/202/189 306/2237/188 307/2238/224
f 307/2238/224 283/116/183 286/203/182
f 286/203/182 287/2239/208 289/2240/186
f 289/2240/186 292/117/185 295/201/214
f 295/201/214 299/338/218 303/202/189
f 303/202/189 307/2238/224 286/203/182
f 286/203/182 289/2240/186 295/201/214
f 319/204/228 316/198/225 317/200/227
f 322/141/230 319/204/228 320/205/229
f 325/207/232 322/141/230 323/206/231
f 328/209/234 325/207/232 326/208/233
f 331/165/195 328/209/234 329/210/235
f 343/211/236 339/169/199 341/212/237
f 346/214/239 343/211/236 344/213/238
f 349/156/241 346/214/239 347/215/240
f 352/217/243 349/156/241 350/216/242
f 355/219/245 352/217/243 353/218/244
f 359/172/202 355/219/245 356/220/246
f 347/2251/240 344/2252/238 341/2253/237
f 341/2253/237 338/2254/198 335/221/196
f 335/221/196 332/2255/193 329/2256/235
f 329/2256/235 326/2257/233 323/2258/231
f 323/2258/231 320/2259/229 317/2260/227
f 317/2260/227 314/2261/226 311/222/190
f 311/222/190 309/2262/203 360/2263/200
f 360/2263/200 356/2264/246 353/223/244
f 353/223/244 350/2265/242 347/2251/240
f 347/2251/240 341/2253/237 335/221/196
f 335/221/196 329/2256/235 323/2258/231
f 323/2258/231 317/2260/227 311/222/190
f 311/222/190 360/2263/200 353/223/244
f 353/223/244 347/2251/240 335/221/196
f 335/221/196 323/2258/231 311/222/190
f 325/2266/232 328/2267/234 331/224/195
f 331/224/195 333/2268/194 336/2269/197
f 336/2269/197 339/2270/199 374/2271/21
f 336/2269/197 374/2271/21 376/2272/21
f 322/226/230 325/2266/232 331/224/195
f 316/2273/225 319/2274/228 322/226/230
f 365/2275/21 313/2276/191 316/2273/225
f 367/2277/21 365/2275/21 316/2273/225
f 336/2269/197 376/2272/21 377/2278/21
f 336/2269/197 377/2278/21 368/2279/21
f 367/2277/21 316/2273/225 322/226/230
f 366/2280/21 367/2277/21 322/226/230
f 331/224/195 336/2269/197 368/2279/21
f 331/224/195 368/2279/21 369/2281/21
f 371/2282/21 366/2280/21 322/226/230
f 370/2283/21 371/2282/21 322/226/230
f 331/224/195 369/2281/21 372/225/21
f 372/225/21 370/2283/21 322/226/230
f 363/227/1983 364/232/1983 312/228/1983
f 352/2284/243 355/2285/245 359/229/202
f 359/229/202 361/2286/201 308/2287/192
f 308/2287/192 313/2276/191 365/2275/21
f 308/2287/192 365/2275/21 364/2288/21
f 349/231/241 352/2284/243 359/229/202
f 343/2289/236 346/2290/239 349/231/241
f 374/2271/21 339/2270/199 343/2289/236
f 375/2291/21 374/2271/21 343/2289/236
f 308/2287/192 364/2288/21 363/2292/21
f 308/2287/192 363/2292/21 381/2293/21
f 375/2291/21 343/2289/236 349/231/241
f 373/2294/21 375/2291/21 349/231/241
f 359/229/202 308/2287/192 381/2293/21
f 359/229/202 381/2293/21 380/2295/21
f 378/2296/21 373/2294/21 349/231/241
f 379/2297/21 378/2296/21 349/231/241
f 359/229/202 380/2295/21 382/230/21
f 382/230/21 379/2297/21 349/231/241
f 364/232/1984 365/234/1984 315/233/1984
f 367/176/1985 318/175/1985 315/233/1985
f 371/179/1986 324/178/1986 321/235/1986
f 372/182/1987 369/237/1987 330/236/1987
f 369/237/1988 368/239/1988 334/238/1988
f 377/184/1989 337/183/1989 334/238/1989
f 374/240/1990 342/243/1990 340/241/1990
f 374/240/1991 375/244/1991 345/242/1991
f 375/244/1992 373/246/1992 348/245/1992
f 373/246/1993 378/247/1993 351/216/1993
f 378/247/1994 379/249/1994 354/248/1994
f 379/249/1995 382/251/1995 357/250/1995
f 382/251/1996 380/253/1996 358/252/1996
f 380/253/1997 381/258/1997 362/254/1997
f 330/2298/21 334/2299/21 337/2300/21
f 337/2300/21 340/2301/21 342/2302/21
f 342/2302/21 345/2303/21 348/255/21
f 348/255/21 351/2265/21 354/2304/21
f 354/2304/21 357/2305/21 358/2306/21
f 358/2306/21 362/2307/21 310/2308/21
f 310/2308/21 312/2309/21 315/256/21
f 315/256/21 318/2310/21 321/2311/21
f 321/2311/21 324/2312/21 327/257/21
f 327/257/21 330/2298/21 337/2300/21
f 337/2300/21 342/2302/21 348/255/21
f 348/255/21 354/2304/21 358/2306/21
f 358/2306/21 310/2308/21 315/256/21
f 315/256/21 321/2311/21 327/257/21
f 327/257/21 337/2300/21 348/255/21
f 348/255/21 358/2306/21 315/256/21
f 381/258/1998 363/2313/1998 310/69/1998
f 384/31/6 386/25/6 385/19/6
f 386/25/21 390/18/21 389/24/21
f 390/18/4 388/37/4 387/33/4
f 387/33/11 388/37/11 384/34/11
f 389/24/7 387/33/7 383/36/7
f 386/15/1 384/139/1 388/37/1
f 392/31/6 394/25/6 393/19/6
f 394/25/21 398/18/21 397/24/21
f 398/18/4 396/37/4 395/33/4
f 395/33/11 396/37/11 392/34/11
f 397/24/7 395/33/7 391/36/7
f 394/15/1 392/139/1 396/37/1
f 400/31/6 402/25/6 401/19/6
f 402/25/21 406/18/21 405/24/21
f 406/18/4 404/37/4 403/33/4
f 403/33/11 404/37/11 400/34/11
f 405/24/7 403/33/7 399/36/7
f 402/15/1 400/139/1 404/37/1
f 408/31/6 410/25/6 409/19/6
f 410/25/21 414/18/21 413/24/21
f 414/18/4 412/37/4 411/33/4
f 411/33/11 412/37/11 408/34/11
f 409/13/7 413/24/7 411/33/7
f 410/15/1 408/139/1 412/37/1
f 416/31/6 418/25/6 417/19/6
f 418/25/21 422/18/21 421/24/21
f 422/18/4 420/37/4 419/33/4
f 419/33/11 420/37/11 416/34/11
f 421/24/7 419/33/7 415/36/7
f 418/15/1 416/139/1 420/37/1
f 424/31/6 426/25/6 425/19/6
f 426/25/21 430/18/21 429/24/21
f 430/18/4 428/37/4 427/33/4
f 427/33/11 428/37/11 424/34/11
f 429/24/7 427/33/7 423/36/7
f 426/15/1 424/139/1 428/37/1
f 432/31/6 434/25/6 433/19/6
f 434/25/21 438/18/21 437/24/21
f 438/18/4 436/37/4 435/33/4
f 435/33/11 436/37/11 432/34/11
f 433/13/7 437/24/7 435/33/7
f 434/15/1 432/139/1 436/37/1
f 440/31/6 442/25/6 441/19/6
f 442/25/21 446/18/21 445/24/21
f 446/18/4 444/37/4 443/33/4
f 443/33/11 444/37/11 440/34/11
f 445/24/7 443/33/7 439/36/7
f 442/15/1 440/139/1 444/37/1
f 448/31/6 450/25/6 449/19/6
f 450/25/21 454/18/21 453/24/21
f 454/18/4 452/37/4 451/33/4
f 451/33/11 452/37/11 448/34/11
f 453/24/7 451/33/7 447/36/7
f 450/15/1 448/139/1 452/37/1
f 456/31/6 458/25/6 457/19/6
f 458/25/21 462/18/21 461/24/21
f 462/18/4 460/37/4 459/33/4
f 459/33/11 460/37/11 456/34/11
f 457/13/7 461/24/7 459/33/7
f 458/15/1 456/139/1 460/37/1
f 464/31/6 466/25/6 465/19/6
f 466/25/21 470/18/21 469/24/21
f 470/18/4 468/37/4 467/33/4
f 467/33/11 468/37/11 464/34/11
f 469/24/7 467/33/7 463/36/7
f 470/18/1 466/15/1 464/139/1
f 472/31/6 474/25/6 473/19/6
f 474/25/21 478/18/21 477/24/21
f 478/18/4 476/37/4 475/33/4
f 475/33/11 476/37/11 472/34/11
f 477/24/7 475/33/7 471/36/7
f 474/15/1 472/139/1 476/37/1
f 479/32/6 480/31/6 482/25/6
f 482/25/21 486/18/21 485/24/21
f 486/18/4 484/37/4 483/33/4
f 483/33/11 484/37/11 480/34/11
f 481/13/7 485/24/7 483/33/7
f 482/15/1 480/139/1 484/37/1
f 488/31/6 490/25/6 489/19/6
f 490/25/21 494/18/21 493/24/21
f 494/18/4 492/37/4 491/33/4
f 491/33/11 492/37/11 488/34/11
f 493/24/7 491/33/7 487/36/7
f 490/15/1 488/139/1 492/37/1
f 496/31/6 498/25/6 497/19/6
f 498/25/21 502/18/21 501/24/21
f 502/18/4 500/37/4 499/33/4
f 499/33/11 500/37/11 496/34/11
f 501/24/7 499/33/7 495/36/7
f 498/15/1 496/139/1 500/37/1
f 504/31/6 506/25/6 505/19/6
f 506/25/21 510/18/21 509/24/21
f 510/18/4 508/37/4 507/33/4
f 507/33/11 508/37/11 504/34/11
f 505/13/7 509/24/7 507/33/7
f 506/15/1 504/139/1 508/37/1
f 512/31/6 514/25/6 513/19/6
f 514/25/21 518/18/21 517/24/21
f 518/18/4 516/37/4 515/33/4
f 515/33/11 516/37/11 512/34/11
f 517/24/7 515/33/7 511/36/7
f 518/18/1 514/15/1 512/139/1
f 520/31/6 522/25/6 521/19/6
f 522/25/21 526/18/21 525/24/21
f 526/18/4 524/37/4 523/33/4
f 523/33/11 524/37/11 520/34/11
f 525/24/7 523/33/7 519/36/7
f 526/18/1 522/15/1 520/139/1
f 528/31/6 530/25/6 529/19/6
f 530/25/21 534/18/21 533/24/21
f 534/18/4 532/37/4 531/33/4
f 531/33/11 532/37/11 528/34/11
f 533/24/7 531/33/7 527/36/7
f 534/18/1 530/15/1 528/139/1
f 536/31/6 538/25/6 537/19/6
f 538/25/21 542/18/21 541/24/21
f 542/18/4 540/37/4 539/33/4
f 539/33/11 540/37/11 536/34/11
f 541/24/7 539/33/7 535/36/7
f 538/15/1 536/139/1 540/37/1
f 544/31/6 546/25/6 545/19/6
f 546/25/21 550/18/21 549/24/21
f 550/18/4 548/37/4 547/33/4
f 547/33/11 548/37/11 544/34/11
f 549/24/7 547/33/7 543/36/7
f 546/15/1 544/139/1 548/37/1
f 552/31/6 554/25/6 553/19/6
f 554/25/21 558/18/21 557/24/21
f 558/18/4 556/37/4 555/33/4
f 555/33/11 556/37/11 552/34/11
f 557/24/7 555/33/7 551/36/7
f 554/15/1 552/139/1 556/37/1
f 560/31/6 562/25/6 561/19/6
f 562/25/21 566/18/21 565/24/21
f 566/18/4 564/37/4 563/33/4
f 563/33/11 564/37/11 560/34/11
f 565/24/7 563/33/7 559/36/7
f 562/15/1 560/139/1 564/37/1
f 568/31/6 570/25/6 569/19/6
f 570/25/21 574/18/21 573/24/21
f 574/18/4 572/37/4 571/33/4
f 571/33/11 572/37/11 568/34/11
f 573/24/7 571/33/7 567/36/7
f 570/15/1 568/139/1 572/37/1
f 576/31/6 578/25/6 577/19/6
f 578/25/21 582/18/21 581/24/21
f 582/18/4 580/37/4 579/33/4
f 579/33/11 580/37/11 576/34/11
f 581/24/7 579/33/7 575/36/7
f 578/15/1 576/139/1 580/37/1
f 583/32/6 584/31/6 586/25/6
f 586/25/21 590/18/21 589/24/21
f 590/18/4 588/37/4 587/33/4
f 587/33/11 588/37/11 584/34/11
f 589/24/7 587/33/7 583/36/7
f 586/15/1 584/139/1 588/37/1
f 592/31/6 594/25/6 593/19/6
f 594/25/21 598/18/21 597/24/21
f 598/18/4 596/37/4 595/33/4
f 595/33/11 596/37/11 592/34/11
f 597/24/7 595/33/7 591/36/7
f 594/15/1 592/139/1 596/37/1
f 600/31/6 602/25/6 601/19/6
f 602/25/21 606/18/21 605/24/21
f 606/18/4 604/37/4 603/33/4
f 603/33/11 604/37/11 600/34/11
f 605/24/7 603/33/7 599/36/7
f 602/15/1 600/139/1 604/37/1
f 608/31/6 610/25/6 609/19/6
f 610/25/21 614/18/21 613/24/21
f 614/18/4 612/37/4 611/33/4
f 611/33/11 612/37/11 608/34/11
f 609/13/7 613/24/7 611/33/7
f 610/15/1 608/139/1 612/37/1
f 616/31/6 618/25/6 617/19/6
f 618/25/21 622/18/21 621/24/21
f 622/18/4 620/37/4 619/33/4
f 619/33/11 620/37/11 616/34/11
f 621/24/7 619/33/7 615/36/7
f 618/15/1 616/139/1 620/37/1
f 624/31/6 626/25/6 625/19/6
f 626/25/21 630/18/21 629/24/21
f 630/18/4 628/37/4 627/33/4
f 627/33/11 628/37/11 624/34/11
f 629/24/7 627/33/7 623/36/7
f 626/15/1 624/139/1 628/37/1
f 632/31/6 634/25/6 633/19/6
f 634/25/21 638/18/21 637/24/21
f 638/18/4 636/37/4 635/33/4
f 635/33/11 636/37/11 632/34/11
f 637/24/7 635/33/7 631/36/7
f 634/15/1 632/139/1 636/37/1
f 640/31/6 642/25/6 641/19/6
f 642/25/21 646/18/21 645/24/21
f 646/18/4 644/37/4 643/33/4
f 643/33/11 644/37/11 640/34/11
f 645/24/7 643/33/7 639/36/7
f 642/15/1 640/139/1 644/37/1
f 648/31/6 650/25/6 649/19/6
f 650/25/21 654/18/21 653/24/21
f 654/18/4 652/37/4 651/33/4
f 651/33/11 652/37/11 648/34/11
f 649/13/7 653/24/7 651/33/7
f 650/15/1 648/139/1 652/37/1
f 656/31/6 658/25/6 657/19/6
f 658/25/21 662/18/21 661/24/21
f 662/18/4 660/37/4 659/33/4
f 659/33/11 660/37/11 656/34/11
f 657/13/7 661/24/7 659/33/7
f 658/15/1 656/139/1 660/37/1
f 663/32/6 664/31/6 666/25/6
f 666/25/21 670/18/21 669/24/21
f 670/18/4 668/37/4 667/33/4
f 667/33/11 668/37/11 664/34/11
f 669/24/7 667/33/7 663/36/7
f 666/15/1 664/139/1 668/37/1
f 672/31/6 674/25/6 673/19/6
f 674/25/21 678/18/21 677/24/21
f 678/18/4 676/37/4 675/33/4
f 675/33/11 676/37/11 672/34/11
f 673/13/7 677/24/7 675/33/7
f 674/15/1 672/139/1 676/37/1
f 680/31/6 682/25/6 681/19/6
f 682/25/21 686/18/21 685/24/21
f 685/24/4 686/18/4 684/37/4
f 683/33/11 684/37/11 680/34/11
f 685/24/7 683/33/7 679/36/7
f 686/18/1 682/15/1 680/139/1
f 688/31/6 690/25/6 689/19/6
f 690/25/21 694/18/21 693/24/21
f 694/18/4 692/37/4 691/33/4
f 691/33/11 692/37/11 688/34/11
f 693/24/7 691/33/7 687/36/7
f 690/15/1 688/139/1 692/37/1
f 696/31/6 698/25/6 697/19/6
f 698/25/21 702/18/21 701/24/21
f 702/18/4 700/37/4 699/33/4
f 699/33/11 700/37/11 696/34/11
f 701/24/7 699/33/7 695/36/7
f 698/15/1 696/139/1 700/37/1
f 704/31/6 706/25/6 705/19/6
f 706/25/21 710/18/21 709/24/21
f 710/18/4 708/37/4 707/33/4
f 707/33/11 708/37/11 704/34/11
f 709/24/7 707/33/7 703/36/7
f 706/15/1 704/139/1 708/37/1
f 712/31/6 714/25/6 713/19/6
f 714/25/21 718/18/21 717/24/21
f 718/18/4 716/37/4 715/33/4
f 715/33/11 716/37/11 712/34/11
f 717/24/7 715/33/7 711/36/7
f 714/15/1 712/139/1 716/37/1
f 720/31/6 722/25/6 721/19/6
f 722/25/21 726/18/21 725/24/21
f 726/18/4 724/37/4 723/33/4
f 723/33/11 724/37/11 720/34/11
f 725/24/7 723/33/7 719/36/7
f 722/15/1 720/139/1 724/37/1
f 728/31/6 730/25/6 729/19/6
f 730/25/21 734/18/21 733/24/21
f 734/18/4 732/37/4 731/33/4
f 731/33/11 732/37/11 728/34/11
f 733/24/7 731/33/7 727/36/7
f 730/15/1 728/139/1 732/37/1
f 736/31/6 738/25/6 737/19/6
f 738/25/21 742/18/21 741/24/21
f 742/18/4 740/37/4 739/33/4
f 739/33/11 740/37/11 736/34/11
f 741/24/7 739/33/7 735/36/7
f 738/15/1 736/139/1 740/37/1
f 743/32/6 744/31/6 746/25/6
f 746/25/21 750/18/21 749/24/21
f 750/18/4 748/37/4 747/33/4
f 747/33/11 748/37/11 744/34/11
f 749/24/7 747/33/7 743/36/7
f 746/15/1 744/139/1 748/37/1
f 752/31/6 754/25/6 753/19/6
f 754/25/21 758/18/21 757/24/21
f 758/18/4 756/37/4 755/33/4
f 755/33/11 756/37/11 752/34/11
f 757/24/7 755/33/7 751/36/7
f 754/15/1 752/139/1 756/37/1
f 760/31/6 762/25/6 761/19/6
f 762/25/21 766/18/21 765/24/21
f 766/18/4 764/37/4 763/33/4
f 763/33/11 764/37/11 760/34/11
f 761/13/7 765/24/7 763/33/7
f 762/15/1 760/139/1 764/37/1
f 768/31/6 770/25/6 769/19/6
f 770/25/21 774/18/21 773/24/21
f 774/18/4 772/37/4 771/33/4
f 771/33/11 772/37/11 768/34/11
f 773/24/7 771/33/7 767/36/7
f 770/15/1 768/139/1 772/37/1
f 776/31/6 778/25/6 777/19/6
f 778/25/21 782/18/21 781/24/21
f 782/18/4 780/37/4 779/33/4
f 779/33/11 780/37/11 776/34/11
f 781/24/7 779/33/7 775/36/7
f 778/15/1 776/139/1 780/37/1
f 784/31/4 786/25/4 785/19/4
f 786/15/266 790/18/266 794/18/266
f 790/18/6 788/37/6 787/33/6
f 787/33/11 788/37/11 784/34/11
f 789/24/1 787/33/1 783/36/1
f 786/15/7 784/139/7 788/37/7
f 791/25/21 794/18/21 793/24/21
f 786/25/267 791/25/267 792/19/267
f 789/24/268 793/24/268 794/18/268
f 789/24/269 785/13/269 792/13/269
f 796/31/4 798/25/4 797/19/4
f 798/15/266 802/18/266 806/18/266
f 802/18/6 800/37/6 799/33/6
f 799/33/11 800/37/11 796/34/11
f 801/24/1 799/33/1 795/36/1
f 798/15/7 796/139/7 800/37/7
f 803/25/21 806/18/21 805/24/21
f 798/25/270 803/25/270 804/19/270
f 801/24/268 805/24/268 806/18/268
f 801/24/269 797/13/269 804/13/269
f 808/31/4 810/25/4 809/19/4
f 810/15/266 814/18/266 818/18/266
f 814/18/6 812/37/6 811/33/6
f 811/33/11 812/37/11 808/34/11
f 809/13/1 813/24/1 811/33/1
f 810/15/7 808/139/7 812/37/7
f 815/25/21 818/18/21 817/24/21
f 810/25/270 815/25/267 816/19/270
f 813/24/268 817/24/268 818/18/268
f 813/24/269 809/13/1999 816/13/269
f 820/31/4 822/25/4 821/19/4
f 822/15/266 826/18/266 830/18/266
f 826/18/6 824/37/6 823/33/6
f 823/33/11 824/37/11 820/34/11
f 821/13/1 825/24/1 823/33/1
f 822/15/7 820/139/7 824/37/7
f 827/25/21 830/18/21 829/24/21
f 822/25/270 827/25/270 828/19/270
f 825/24/268 829/24/268 830/18/268
f 825/24/269 821/13/269 828/13/269
f 832/31/4 834/25/4 833/19/4
f 834/15/266 838/18/266 842/18/266
f 838/18/6 836/37/6 835/33/6
f 835/33/11 836/37/11 832/34/11
f 833/13/1 837/24/1 835/33/1
f 834/15/7 832/139/7 836/37/7
f 839/25/21 842/18/21 841/24/21
f 834/25/270 839/25/270 840/19/270
f 837/24/268 841/24/2000 842/18/268
f 837/24/269 833/13/269 840/13/269
f 844/31/4 846/25/4 845/19/4
f 846/15/266 850/18/266 854/18/266
f 850/18/6 848/37/6 847/33/6
f 847/33/11 848/37/11 844/34/11
f 849/24/1 847/33/1 843/36/1
f 846/15/7 844/139/7 848/37/7
f 851/25/21 854/18/21 853/24/21
f 846/25/270 851/25/270 852/19/270
f 849/24/271 853/24/271 854/18/268
f 849/24/269 845/13/269 852/13/269
f 856/31/4 858/25/4 857/19/4
f 858/15/266 862/18/266 866/18/266
f 862/18/6 860/37/6 859/33/6
f 859/33/11 860/37/11 856/34/11
f 861/24/1 859/33/1 855/36/1
f 862/18/7 858/15/7 856/139/7
f 863/25/21 866/18/21 865/24/21
f 858/25/267 863/25/267 864/19/267
f 861/24/268 865/24/268 866/18/268
f 861/24/269 857/13/269 864/13/269
f 973/2314/281 970/2315/279 968/274/277
f 968/274/277 966/2316/275 965/275/273
f 965/275/273 976/2317/285 974/276/283
f 974/276/283 973/2314/281 968/274/277
f 977/278/317 979/312/323 980/306/318
f 967/2318/276 969/2319/278 971/307/280
f 971/307/280 972/2320/282 975/308/284
f 975/308/284 963/2321/272 964/309/274
f 964/309/274 967/2318/276 971/307/280
f 981/310/320 979/312/323 982/311/321
f 983/199/322 982/311/321 984/15/324
f 985/313/325 984/15/324 986/314/326
f 987/315/327 986/314/326 988/138/328
f 989/316/329 988/138/328 990/317/330
f 991/235/331 990/317/330 992/141/332
f 993/206/333 992/141/332 994/207/334
f 994/207/334 996/319/337 997/318/336
f 996/319/337 998/18/339 999/34/338
f 998/18/339 1000/46/341 1001/163/340
f 1000/46/341 1002/321/343 1003/320/342
f 1002/321/343 1004/6/345 1005/322/344
f 1004/6/345 1006/326/350 1007/323/346
f 1008/241/347 1006/326/350 1009/324/348
f 1010/325/349 1009/324/348 1011/53/351
f 1012/191/352 1011/53/351 1013/327/353
f 1013/327/353 1015/217/288 1016/329/355
f 1017/277/286 1019/13/2001 1020/330/356
f 1020/330/356 1019/13/2001 1021/58/357
f 1022/170/358 1021/58/357 1023/331/359
f 1016/2322/355 1018/2246/287 1020/333/356
f 1020/333/356 1022/2323/358 1024/2324/360
f 1024/2324/360 978/2308/319 980/2325/318
f 980/2325/318 981/2326/320 983/2261/322
f 983/2261/322 985/2327/325 987/334/327
f 987/334/327 989/2328/329 991/2311/331
f 991/2311/331 993/2258/333 995/2257/335
f 995/2257/335 997/2329/336 999/2330/338
f 999/2330/338 1001/2331/340 1003/335/342
f 1003/335/342 1005/2332/344 1007/2333/346
f 1007/2333/346 1008/2301/347 1010/2334/349
f 1010/2334/349 1012/2248/352 1014/2335/354
f 1014/2335/354 1016/2322/355 1020/333/356
f 1020/333/356 1024/2324/360 980/2325/318
f 980/2325/318 983/2261/322 987/334/327
f 987/334/327 991/2311/331 995/2257/335
f 995/2257/335 999/2330/338 1003/335/342
f 1003/335/342 1007/2333/346 1010/2334/349
f 1010/2334/349 1014/2335/354 1020/333/356
f 1020/333/356 980/2325/318 987/334/327
f 987/334/327 995/2257/335 1003/335/342
f 1003/335/342 1010/2334/349 1020/333/356
f 1024/332/360 1023/331/359 977/174/317
f 1009/2336/348 1006/2337/350 1004/2338/345
f 1004/2338/345 1002/2339/343 1000/117/341
f 1000/117/341 998/2340/339 996/336/337
f 996/336/337 994/2266/334 992/226/332
f 992/226/332 990/2341/330 988/2342/328
f 988/2342/328 986/2343/326 984/2344/324
f 984/2344/324 982/2345/321 979/337/323
f 979/337/323 977/2346/317 1023/2347/359
f 1023/2347/359 1021/2237/357 1019/2348/2001
f 1019/2348/2001 1017/2349/286 1015/2284/288
f 1015/2284/288 1013/2350/353 1011/338/351
f 1011/338/351 1009/2336/348 1004/2338/345
f 1004/2338/345 1000/117/341 996/336/337
f 996/336/337 992/226/332 988/2342/328
f 988/2342/328 984/2344/324 979/337/323
f 979/337/323 1023/2347/359 1019/2348/2001
f 1019/2348/2001 1015/2284/288 1011/338/351
f 1011/338/351 1004/2338/345 996/336/337
f 996/336/337 988/2342/328 979/337/323
f 979/337/323 1019/2348/2001 1011/338/351
f 1027/2351/292 1025/2352/290 1037/339/302
f 1037/339/302 1036/2353/300 1034/340/298
f 1034/340/298 1031/2354/296 1030/341/294
f 1030/341/294 1027/2351/292 1037/339/302
f 1029/2355/295 1032/2356/297 1033/343/299
f 1033/343/299 1035/2357/301 1038/344/289
f 1038/344/289 1026/2358/291 1028/345/293
f 1028/345/293 1029/2355/295 1033/343/299
f 1049/2359/311 1051/2360/314 1052/347/316
f 1052/347/316 1041/2361/305 1043/348/304
f 1043/348/304 1045/2362/307 1046/349/309
f 1046/349/309 1049/2359/311 1052/347/316
f 1044/2363/308 1042/2364/306 1040/350/303
f 1040/350/303 1039/2365/315 1050/351/313
f 1050/351/313 1048/2366/310 1047/352/312
f 1047/352/312 1044/2363/308 1040/350/303
f 1054/31/6 1056/25/6 1055/19/6
f 1056/25/21 1060/18/21 1059/24/21
f 1060/18/4 1058/37/4 1057/33/4
f 1057/33/11 1058/37/11 1054/34/11
f 1059/24/7 1057/33/7 1053/36/7
f 1056/15/1 1054/139/1 1058/37/1
f 1066/34/361 1068/37/368 1067/18/362
f 1070/37/364 1068/37/368 1066/34/361
f 1072/31/365 1066/31/361 1065/25/363
f 1069/18/367 1067/18/362 1068/37/368
f 1069/18/367 1071/25/366 1065/25/363
f 1073/18/369 1075/25/372 1071/25/366
f 1074/37/370 1073/18/369 1069/18/367
f 1076/31/371 1072/31/365 1071/25/366
f 1074/37/370 1070/37/364 1072/34/365
f 1061/37/373 1074/37/370 1076/34/371
f 1062/25/375 1064/31/374 1076/31/371
f 1061/37/373 1063/18/376 1073/18/369
f 1063/18/376 1062/25/375 1075/25/372
f 1078/31/6 1080/25/6 1079/19/6
f 1080/25/21 1084/18/21 1083/24/21
f 1083/24/4 1084/18/4 1082/37/4
f 1081/33/11 1082/37/11 1078/34/11
f 1083/24/7 1081/33/7 1077/36/7
f 1080/15/1 1078/139/1 1082/37/1
f 1086/31/6 1088/25/6 1087/19/6
f 1088/25/21 1092/18/21 1091/24/21
f 1092/18/4 1090/37/4 1089/33/4
f 1089/33/11 1090/37/11 1086/34/11
f 1087/13/7 1091/24/7 1089/33/7
f 1092/18/1 1088/15/1 1086/139/1
f 1094/31/6 1096/25/6 1095/19/6
f 1096/25/21 1100/18/21 1099/24/21
f 1100/18/4 1098/37/4 1097/33/4
f 1097/33/11 1098/37/11 1094/34/11
f 1099/24/7 1097/33/7 1093/36/7
f 1096/15/1 1094/139/1 1098/37/1
f 1102/31/6 1104/25/6 1103/19/6
f 1104/25/21 1108/18/21 1107/24/21
f 1107/24/4 1108/18/4 1106/37/4
f 1105/33/11 1106/37/11 1102/34/11
f 1107/24/7 1105/33/7 1101/36/7
f 1104/15/1 1102/139/1 1106/37/1
f 1110/31/6 1112/25/6 1111/19/6
f 1112/25/21 1116/18/21 1115/24/21
f 1116/18/4 1114/37/4 1113/33/4
f 1113/33/11 1114/37/11 1110/34/11
f 1115/24/7 1113/33/7 1109/36/7
f 1112/15/1 1110/139/1 1114/37/1
f 1118/31/6 1120/25/6 1119/19/6
f 1120/25/21 1124/18/21 1123/24/21
f 1124/18/4 1122/37/4 1121/33/4
f 1121/33/11 1122/37/11 1118/34/11
f 1123/24/7 1121/33/7 1117/36/7
f 1120/15/1 1118/139/1 1122/37/1
f 1126/31/6 1128/25/6 1127/19/6
f 1128/25/21 1132/18/21 1131/24/21
f 1132/18/4 1130/37/4 1129/33/4
f 1129/33/11 1130/37/11 1126/34/11
f 1131/24/7 1129/33/7 1125/36/7
f 1128/15/1 1126/139/1 1130/37/1
f 1134/31/6 1136/25/6 1135/19/6
f 1136/25/21 1140/18/21 1139/24/21
f 1140/18/4 1138/37/4 1137/33/4
f 1137/33/11 1138/37/11 1134/34/11
f 1139/24/7 1137/33/7 1133/36/7
f 1136/15/1 1134/139/1 1138/37/1
f 1142/31/6 1144/25/6 1143/19/6
f 1144/25/21 1148/18/21 1147/24/21
f 1148/18/4 1146/37/4 1145/33/4
f 1145/33/11 1146/37/11 1142/34/11
f 1147/24/7 1145/33/7 1141/36/7
f 1144/15/1 1142/139/1 1146/37/1
f 1150/31/6 1152/25/6 1151/19/6
f 1152/25/21 1156/18/21 1155/24/21
f 1156/18/4 1154/37/4 1153/33/4
f 1153/33/11 1154/37/11 1150/34/11
f 1155/24/7 1153/33/7 1149/36/7
f 1156/18/1 1152/15/1 1150/139/1
f 1158/31/6 1160/25/6 1159/19/6
f 1160/25/21 1164/18/21 1163/24/21
f 1164/18/4 1162/37/4 1161/33/4
f 1161/33/11 1162/37/11 1158/34/11
f 1163/24/7 1161/33/7 1157/36/7
f 1164/18/1 1160/15/1 1158/139/1
f 1166/31/6 1168/25/6 1167/19/6
f 1168/25/21 1172/18/21 1171/24/21
f 1172/18/4 1170/37/4 1169/33/4
f 1169/33/11 1170/37/11 1166/34/11
f 1171/24/7 1169/33/7 1165/36/7
f 1172/18/1 1168/15/1 1166/139/1
f 1173/32/11 1174/31/11 1176/25/11
f 1176/25/6 1180/18/6 1179/24/6
f 1180/18/21 1178/37/21 1177/33/21
f 1177/33/4 1178/37/4 1174/34/4
f 1179/24/7 1177/33/7 1173/36/7
f 1176/15/1 1174/139/1 1178/37/1
f 1185/24/1 1184/33/1 1181/36/1
f 1181/32/4 1183/31/4 1188/25/4
f 1184/33/11 1186/37/11 1183/34/11
f 1187/18/6 1186/37/6 1184/33/6
f 1188/15/7 1183/139/7 1186/37/7
f 1188/25/21 1187/18/21 1185/24/21
f 1191/31/4 1196/25/4 1190/19/4
f 1193/24/1 1192/33/1 1189/36/1
f 1192/33/11 1194/37/11 1191/34/11
f 1195/18/6 1194/37/6 1192/33/6
f 1196/15/7 1191/139/7 1194/37/7
f 1196/25/21 1195/18/21 1193/24/21
f 1197/32/4 1199/31/4 1204/25/4
f 1201/24/1 1200/33/1 1197/36/1
f 1200/33/11 1202/37/11 1199/34/11
f 1203/18/6 1202/37/6 1200/33/6
f 1204/15/7 1199/139/7 1202/37/7
f 1204/25/21 1203/18/21 1201/24/21
f 1207/31/4 1212/25/4 1206/19/4
f 1209/24/1 1208/33/1 1205/36/1
f 1208/33/11 1210/37/11 1207/34/11
f 1211/18/6 1210/37/6 1208/33/6
f 1212/15/7 1207/139/7 1210/37/7
f 1212/25/21 1211/18/21 1209/24/21
f 1213/32/4 1215/31/4 1220/25/4
f 1217/24/1 1216/33/1 1213/36/1
f 1216/33/11 1218/37/11 1215/34/11
f 1219/18/6 1218/37/6 1216/33/6
f 1220/15/7 1215/139/7 1218/37/7
f 1220/25/21 1219/18/21 1217/24/21
f 1222/19/4 1225/360/4 1224/353/4
f 1221/36/1 1223/33/1 1228/24/1
f 1224/354/21 1226/359/21 1223/33/21
f 1226/355/7 1224/2367/7 1225/356/7
f 1227/358/6 1228/24/6 1223/33/6
f 1228/24/11 1227/358/11 1225/360/11
f 1233/360/4 1232/353/4 1229/32/4
f 1229/36/1 1231/33/1 1236/24/1
f 1232/354/21 1234/359/21 1231/33/21
f 1234/361/7 1232/397/7 1233/362/7
f 1235/358/6 1236/24/6 1231/33/6
f 1236/24/11 1235/358/11 1233/360/11
f 1241/360/4 1240/353/4 1237/32/4
f 1238/13/1 1237/36/1 1239/33/1
f 1240/354/21 1242/359/21 1239/33/21
f 1242/361/7 1240/397/7 1241/362/7
f 1242/359/6 1243/358/6 1244/24/6
f 1244/24/11 1243/358/11 1241/360/11
f 1248/31/4 1249/25/4 1246/19/4
f 1252/24/1 1247/33/1 1245/36/1
f 1247/33/11 1250/37/11 1248/34/11
f 1249/15/7 1248/139/7 1250/37/7
f 1251/18/6 1250/37/6 1247/33/6
f 1249/25/21 1251/18/21 1252/24/21
f 1257/24/1 1256/33/1 1269/145/1
f 1255/37/4 1274/367/4 1268/364/4
f 1279/365/4 1274/367/4 1255/37/4
f 1254/24/4 1253/33/4 1268/364/4
f 1254/24/4 1268/364/4 1273/366/4
f 1279/365/4 1255/37/4 1280/18/4
f 1254/24/4 1273/366/4 1279/365/4
f 1260/366/6 1259/364/6 1256/33/6
f 1267/18/6 1258/37/6 1261/367/6
f 1267/18/6 1261/367/6 1266/365/6
f 1260/366/6 1256/33/6 1257/24/6
f 1267/18/6 1266/365/6 1260/366/6
f 1256/33/6 1259/364/6 1261/367/6
f 1262/36/7 1259/2368/7 1260/368/7
f 1259/369/21 1262/35/21 1263/34/21
f 1262/32/6 1264/19/6 1265/25/6
f 1265/25/11 1264/19/11 1260/371/11
f 1265/15/1 1266/2369/1 1261/373/1
f 1274/370/21 1276/34/21 1275/35/21
f 1271/157/21 1267/18/21 1257/24/21
f 1273/368/7 1268/2368/7 1275/36/7
f 1267/18/7 1271/141/7 1270/153/7
f 1272/156/1 1269/145/1 1253/33/1
f 1256/33/11 1258/37/11 1270/148/11
f 1275/32/4 1276/31/4 1278/25/4
f 1279/372/11 1273/371/11 1277/19/11
f 1274/373/1 1279/2369/1 1278/15/1
f 1272/151/21 1254/24/21 1280/18/21
f 1255/37/7 1270/153/7 1271/141/7
f 1269/149/11 1270/148/11 1255/37/11
f 1283/24/4 1304/18/4 1282/37/4
f 1281/33/11 1282/37/11 1286/374/11
f 1283/24/7 1281/33/7 1284/376/7
f 1288/378/4 1287/379/4 1289/32/4
f 1292/25/4 1285/19/4 1284/380/4
f 1292/25/4 1284/380/4 1286/2370/4
f 1288/378/4 1289/32/4 1291/31/4
f 1292/25/4 1286/2370/4 1288/378/4
f 1285/19/4 1289/32/4 1287/379/4
f 1283/24/21 1287/2371/21 1288/381/21
f 1295/24/1 1290/33/1 1289/36/1
f 1290/33/11 1293/37/11 1291/34/11
f 1292/15/7 1291/139/7 1293/37/7
f 1297/382/6 1296/384/6 1295/24/6
f 1293/37/6 1290/33/6 1298/383/6
f 1293/37/6 1298/383/6 1303/395/6
f 1297/382/6 1295/24/6 1294/18/6
f 1293/37/6 1303/395/6 1297/382/6
f 1292/25/21 1294/18/21 1295/24/21
f 1298/383/6 1290/33/6 1295/24/6
f 1301/25/11 1299/19/11 1296/385/11
f 1300/36/7 1298/2372/7 1296/387/7
f 1299/19/6 1301/25/6 1302/31/6
f 1301/15/1 1297/396/1 1303/388/1
f 1298/389/21 1300/35/21 1302/34/21
f 1282/37/1 1304/18/1 1288/391/1
f 1306/19/4 1312/25/4 1307/31/4
f 1305/36/1 1308/33/1 1309/24/1
f 1308/33/21 1305/35/21 1307/34/21
f 1308/33/6 1310/37/6 1311/18/6
f 1310/37/7 1307/139/7 1312/15/7
f 1309/24/11 1311/18/11 1312/25/11
f 1322/18/4 1315/37/4 1313/33/4
f 1319/377/7 1314/24/7 1313/33/7
f 1317/374/11 1316/375/11 1313/33/11
f 1318/32/4 1316/394/4 1317/2373/4
f 1321/393/4 1319/2374/4 1320/19/4
f 1325/31/4 1318/32/4 1317/2373/4
f 1321/393/4 1320/19/4 1324/25/4
f 1325/31/4 1317/2373/4 1321/393/4
f 1320/19/4 1319/2374/4 1316/394/4
f 1314/24/21 1319/2371/21 1321/381/21
f 1317/392/1 1315/37/1 1322/18/1
f 1318/36/1 1328/33/1 1323/24/1
f 1323/24/11 1326/18/11 1324/25/11
f 1327/37/7 1325/139/7 1324/15/7
f 1330/395/6 1329/383/6 1328/33/6
f 1326/18/6 1323/24/6 1331/384/6
f 1326/18/6 1331/384/6 1336/382/2002
f 1330/395/6 1328/33/6 1327/37/6
f 1326/18/6 1336/382/2002 1330/395/6
f 1328/33/21 1318/35/21 1325/34/21
f 1329/383/6 1331/384/6 1323/24/6
f 1329/389/11 1330/390/11 1333/34/11
f 1331/387/7 1329/2372/7 1332/36/7
f 1333/31/6 1335/25/6 1334/19/6
f 1331/385/21 1334/19/21 1335/25/21
f 1333/139/1 1330/388/1 1336/396/1
f 1353/145/1 1340/33/1 1341/24/1
f 1339/37/4 1337/33/4 1352/364/4
f 1357/366/4 1352/364/4 1337/33/4
f 1364/18/4 1339/37/4 1358/367/4
f 1364/18/4 1358/367/4 1363/365/4
f 1357/366/4 1337/33/4 1338/24/4
f 1364/18/4 1363/365/4 1357/366/4
f 1350/365/6 1345/367/6 1342/37/6
f 1341/24/6 1340/33/6 1343/364/6
f 1341/24/6 1343/364/6 1344/366/6
f 1350/365/6 1342/37/6 1351/18/6
f 1341/24/6 1344/366/6 1350/365/6
f 1345/367/6 1343/364/6 1340/33/6
f 1344/368/7 1343/2368/7 1346/36/7
f 1343/369/11 1345/370/11 1347/34/11
f 1347/31/6 1349/25/6 1348/19/6
f 1344/371/21 1348/19/21 1349/25/21
f 1345/373/1 1350/2369/1 1349/15/1
f 1359/35/11 1360/34/11 1358/370/11
f 1341/24/11 1351/18/11 1355/157/11
f 1359/36/7 1352/2368/7 1357/368/7
f 1342/37/7 1354/153/7 1355/141/7
f 1338/24/1 1337/33/1 1353/145/1
f 1340/33/21 1353/149/21 1354/148/21
f 1359/32/4 1361/19/4 1362/25/4
f 1363/372/21 1362/25/21 1361/19/21
f 1362/15/1 1363/2369/1 1358/373/1
f 1356/151/11 1355/157/11 1364/18/11
f 1355/141/7 1354/153/7 1339/37/7
f 1339/37/21 1354/148/21 1353/149/21
f 1366/19/4 1369/25/4 1368/31/4
f 1366/13/1 1365/36/1 1367/33/1
f 1367/33/21 1365/35/21 1368/34/21
f 1370/37/7 1368/139/7 1369/15/7
f 1367/33/6 1370/37/6 1371/18/6
f 1372/24/11 1371/18/11 1369/25/11
f 1373/32/4 1375/31/4 1380/25/4
f 1377/24/1 1376/33/1 1373/36/1
f 1376/33/11 1378/37/11 1375/34/11
f 1379/18/6 1378/37/6 1376/33/6
f 1379/18/7 1380/15/7 1375/139/7
f 1380/25/21 1379/18/21 1377/24/21
f 1381/32/4 1383/31/4 1388/25/4
f 1385/24/1 1384/33/1 1381/36/1
f 1384/33/11 1386/37/11 1383/34/11
f 1387/18/6 1386/37/6 1384/33/6
f 1387/18/7 1388/15/7 1383/139/7
f 1388/25/21 1387/18/21 1385/24/21
f 1389/32/4 1391/31/4 1396/25/4
f 1393/24/1 1392/33/1 1389/36/1
f 1392/33/11 1394/37/11 1391/34/11
f 1395/18/6 1394/37/6 1392/33/6
f 1396/15/7 1391/139/7 1394/37/7
f 1396/25/21 1395/18/21 1393/24/21
f 1399/31/4 1404/25/4 1398/19/4
f 1401/24/1 1400/33/1 1397/36/1
f 1400/33/11 1402/37/11 1399/34/11
f 1403/18/6 1402/37/6 1400/33/6
f 1403/18/7 1404/15/7 1399/139/7
f 1404/25/21 1403/18/21 1401/24/21
f 1409/360/4 1408/353/4 1405/32/4
f 1405/36/1 1407/33/1 1412/24/1
f 1408/354/21 1410/359/21 1407/33/21
f 1410/355/7 1408/2367/7 1409/356/7
f 1411/358/6 1412/24/6 1407/33/6
f 1412/24/11 1411/358/11 1409/360/11
f 1417/360/4 1416/353/4 1413/32/4
f 1413/36/1 1415/33/1 1420/24/1
f 1416/354/21 1418/359/21 1415/33/21
f 1418/361/7 1416/397/7 1417/362/7
f 1419/358/6 1420/24/6 1415/33/6
f 1420/24/11 1419/358/11 1417/360/11
f 1425/360/4 1424/353/4 1421/32/4
f 1421/36/1 1423/33/1 1428/24/1
f 1424/354/21 1426/359/21 1423/33/21
f 1426/361/7 1424/397/7 1425/362/7
f 1427/358/6 1428/24/6 1423/33/6
f 1428/24/11 1427/358/11 1425/360/11
f 1433/24/7 1432/33/7 1429/36/7
f 1429/32/6 1431/31/6 1436/25/6
f 1432/33/11 1434/37/11 1431/34/11
f 1435/18/4 1434/37/4 1432/33/4
f 1436/15/1 1431/139/1 1434/37/1
f 1436/25/21 1435/18/21 1433/24/21
f 1441/24/1 1440/33/1 1437/36/1
f 1437/32/4 1439/31/4 1444/25/4
f 1440/33/11 1442/37/11 1439/34/11
f 1443/18/6 1442/37/6 1440/33/6
f 1444/15/7 1439/139/7 1442/37/7
f 1444/25/21 1443/18/21 1441/24/21
f 1445/32/4 1447/31/4 1452/25/4
f 1449/24/1 1448/33/1 1445/36/1
f 1448/33/11 1450/37/11 1447/34/11
f 1451/18/6 1450/37/6 1448/33/6
f 1451/18/7 1452/15/7 1447/139/7
f 1452/25/21 1451/18/21 1449/24/21
f 1453/32/4 1455/31/4 1460/25/4
f 1457/24/1 1456/33/1 1453/36/1
f 1456/33/11 1458/37/11 1455/34/11
f 1459/18/6 1458/37/6 1456/33/6
f 1459/18/7 1460/15/7 1455/139/7
f 1460/25/21 1459/18/21 1457/24/21
f 1463/31/4 1468/25/4 1462/19/4
f 1465/24/1 1464/33/1 1461/36/1
f 1464/33/11 1466/37/11 1463/34/11
f 1467/18/6 1466/37/6 1464/33/6
f 1467/18/7 1468/15/7 1463/139/7
f 1468/25/21 1467/18/21 1465/24/21
f 1469/32/4 1471/31/4 1476/25/4
f 1473/24/1 1472/33/1 1469/36/1
f 1472/33/11 1474/37/11 1471/34/11
f 1475/18/6 1474/37/6 1472/33/6
f 1475/18/7 1476/15/7 1471/139/7
f 1476/25/21 1475/18/21 1473/24/21
f 1481/360/4 1480/353/4 1477/32/4
f 1477/36/1 1479/33/1 1484/24/1
f 1480/354/21 1482/359/21 1479/33/21
f 1482/355/7 1480/2367/7 1481/356/7
f 1483/358/6 1484/24/6 1479/33/6
f 1484/24/11 1483/358/11 1481/360/11
f 1489/360/4 1488/353/4 1485/32/4
f 1485/36/1 1487/33/1 1492/24/1
f 1488/354/21 1490/359/21 1487/33/21
f 1490/361/7 1488/397/7 1489/362/7
f 1491/358/6 1492/24/6 1487/33/6
f 1492/24/11 1491/358/11 1489/360/11
f 1497/360/4 1496/353/4 1493/32/4
f 1493/36/1 1495/33/1 1500/24/1
f 1496/354/21 1498/359/21 1495/33/21
f 1498/361/7 1496/397/7 1497/362/7
f 1499/358/6 1500/24/6 1495/33/6
f 1500/24/11 1499/358/11 1497/360/11
f 1502/19/4 1505/25/4 1504/31/4
f 1501/36/1 1503/33/1 1508/24/1
f 1503/33/21 1501/35/21 1504/34/21
f 1507/18/7 1506/37/7 1504/139/7
f 1503/33/6 1506/37/6 1507/18/6
f 1508/24/11 1507/18/11 1505/25/11
f 1525/145/1 1512/33/1 1513/24/1
f 1509/33/4 1524/364/4 1530/367/4
f 1529/366/4 1524/364/4 1509/33/4
f 1536/18/4 1511/37/4 1530/367/4
f 1536/18/4 1530/367/4 1535/365/4
f 1529/366/4 1509/33/4 1510/24/4
f 1536/18/4 1535/365/4 1529/366/4
f 1522/365/6 1517/367/6 1514/37/6
f 1513/24/6 1512/33/6 1515/364/6
f 1513/24/6 1515/364/6 1516/366/6
f 1522/365/6 1514/37/6 1523/18/6
f 1513/24/6 1516/366/6 1522/365/6
f 1517/367/6 1515/364/6 1512/33/6
f 1516/368/7 1515/2368/7 1518/36/7
f 1515/369/377 1517/370/11 1519/34/11
f 1519/31/6 1521/25/6 1520/19/6
f 1516/371/21 1520/19/21 1521/25/21
f 1517/373/1 1522/2369/1 1521/15/1
f 1531/35/11 1532/34/11 1530/370/11
f 1513/24/11 1523/18/11 1527/157/11
f 1531/36/7 1524/2368/7 1529/368/7
f 1514/37/7 1526/153/7 1527/141/7
f 1510/24/1 1509/33/1 1525/145/1
f 1512/33/21 1525/149/21 1526/148/21
f 1533/19/4 1534/25/4 1532/31/4
f 1535/372/21 1534/25/21 1533/19/21
f 1534/15/1 1535/2369/1 1530/373/1
f 1528/151/11 1527/157/11 1536/18/11
f 1527/141/7 1526/153/7 1511/37/7
f 1511/37/21 1526/148/21 1525/149/21
f 1538/24/4 1546/18/4 1539/37/4
f 1543/377/7 1538/24/7 1537/33/7
f 1541/374/11 1540/375/11 1537/33/11
f 1542/32/4 1540/394/4 1541/2373/4
f 1545/393/4 1543/2374/4 1544/19/4
f 1549/31/4 1542/32/4 1541/2373/4
f 1545/393/4 1544/19/4 1548/25/4
f 1549/31/4 1541/2373/4 1545/393/4
f 1544/19/4 1543/2374/4 1540/394/4
f 1538/24/21 1543/2371/21 1545/381/21
f 1545/391/1 1541/392/1 1539/37/1
f 1542/36/1 1552/33/1 1547/24/1
f 1547/24/11 1550/18/11 1548/25/11
f 1551/37/7 1549/139/7 1548/15/7
f 1554/395/6 1553/383/6 1552/33/6
f 1550/18/6 1547/24/6 1555/384/6
f 1550/18/6 1555/384/6 1560/382/2002
f 1554/395/6 1552/33/6 1551/37/6
f 1550/18/6 1560/382/2002 1554/395/6
f 1552/33/21 1542/35/21 1549/34/21
f 1553/383/6 1555/384/6 1547/24/6
f 1553/389/11 1554/390/11 1557/34/11
f 1555/387/7 1553/2372/7 1556/36/7
f 1557/31/6 1559/25/6 1558/19/6
f 1555/385/21 1558/19/21 1559/25/21
f 1554/388/1 1560/396/1 1559/15/1
f 1564/31/4 1565/25/4 1562/19/4
f 1568/24/1 1563/33/1 1561/36/1
f 1563/33/11 1566/37/11 1564/34/11
f 1567/18/7 1565/15/7 1564/139/7
f 1567/18/6 1566/37/6 1563/33/6
f 1565/25/21 1567/18/21 1568/24/21
f 1573/24/1 1572/33/1 1585/145/1
f 1590/367/4 1584/364/4 1569/33/4
f 1595/365/4 1590/367/4 1571/37/4
f 1570/24/4 1569/33/4 1584/364/4
f 1570/24/4 1584/364/4 1589/366/4
f 1595/365/4 1571/37/4 1596/18/4
f 1570/24/4 1589/366/4 1595/365/4
f 1576/366/6 1575/364/6 1572/33/6
f 1583/18/6 1574/37/6 1577/367/6
f 1583/18/6 1577/367/6 1582/365/6
f 1576/366/6 1572/33/6 1573/24/6
f 1583/18/6 1582/365/6 1576/366/6
f 1572/33/6 1575/364/6 1577/367/6
f 1578/36/7 1575/2368/7 1576/368/7
f 1575/369/21 1578/35/21 1579/34/21
f 1578/32/6 1580/19/6 1581/25/6
f 1581/25/378 1580/19/11 1576/371/11
f 1581/15/1 1582/2369/1 1577/373/1
f 1590/370/21 1592/34/21 1591/35/21
f 1587/157/21 1583/18/21 1573/24/21
f 1589/368/7 1584/2368/7 1591/36/7
f 1587/141/7 1586/153/7 1574/37/7
f 1585/145/1 1569/33/1 1570/24/1
f 1572/33/11 1574/37/11 1586/148/11
f 1591/32/4 1592/31/4 1594/25/4
f 1595/372/377 1589/371/11 1593/19/11
f 1590/373/1 1595/2369/1 1594/15/1
f 1588/151/21 1570/24/21 1596/18/21
f 1571/37/7 1586/153/7 1587/141/7
f 1585/149/11 1586/148/11 1571/37/11
f 1599/24/4 1620/18/4 1598/37/4
f 1597/33/11 1598/37/11 1602/374/11
f 1599/24/7 1597/33/7 1600/376/7
f 1604/378/4 1603/379/4 1605/32/4
f 1608/25/4 1601/19/4 1600/380/4
f 1608/25/4 1600/380/4 1602/2370/4
f 1604/378/4 1605/32/4 1607/31/4
f 1608/25/4 1602/2370/4 1604/378/4
f 1601/19/4 1605/32/4 1603/379/4
f 1599/24/21 1603/2371/21 1604/381/21
f 1611/24/1 1606/33/1 1605/36/1
f 1606/33/11 1609/37/11 1607/34/11
f 1610/18/7 1608/15/7 1607/139/7
f 1613/382/6 1612/384/6 1611/24/6
f 1609/37/6 1606/33/6 1614/383/6
f 1609/37/6 1614/383/6 1619/395/6
f 1613/382/6 1611/24/6 1610/18/6
f 1609/37/6 1619/395/6 1613/382/6
f 1608/25/21 1610/18/21 1611/24/21
f 1614/383/6 1606/33/6 1611/24/6
f 1617/25/11 1615/19/11 1612/385/11
f 1616/36/7 1614/2372/7 1612/387/7
f 1615/19/6 1617/25/6 1618/31/6
f 1617/15/1 1613/396/1 1619/388/1
f 1614/389/21 1616/35/21 1618/34/21
f 1598/37/1 1620/18/1 1604/391/1
f 1621/32/4 1623/31/4 1628/25/4
f 1625/24/1 1624/33/1 1621/36/1
f 1624/33/11 1626/37/11 1623/34/11
f 1625/24/6 1627/18/6 1626/37/6
f 1628/15/7 1623/139/7 1626/37/7
f 1628/25/21 1627/18/21 1625/24/21
f 1631/31/4 1636/25/4 1630/19/4
f 1633/24/1 1632/33/1 1629/36/1
f 1632/33/11 1634/37/11 1631/34/11
f 1635/18/6 1634/37/6 1632/33/6
f 1636/15/7 1631/139/7 1634/37/7
f 1636/25/21 1635/18/21 1633/24/21
f 1637/32/4 1639/31/4 1644/25/4
f 1641/24/1 1640/33/1 1637/36/1
f 1640/33/11 1642/37/11 1639/34/11
f 1643/18/6 1642/37/6 1640/33/6
f 1644/15/7 1639/139/7 1642/37/7
f 1644/25/21 1643/18/21 1641/24/21
f 1647/31/4 1652/25/4 1646/19/4
f 1649/24/1 1648/33/1 1645/36/1
f 1648/33/11 1650/37/11 1647/34/11
f 1651/18/6 1650/37/6 1648/33/6
f 1651/18/7 1652/15/7 1647/139/7
f 1652/25/21 1651/18/21 1649/24/21
f 1657/360/4 1656/353/4 1653/32/4
f 1653/36/1 1655/33/1 1660/24/1
f 1656/354/21 1658/359/21 1655/33/21
f 1658/355/7 1656/2367/7 1657/356/7
f 1659/358/6 1660/24/6 1655/33/6
f 1660/24/11 1659/358/11 1657/360/11
f 1665/360/4 1664/353/4 1661/32/4
f 1661/36/1 1663/33/1 1668/24/1
f 1664/354/21 1666/359/21 1663/33/21
f 1666/361/7 1664/397/7 1665/362/7
f 1667/358/6 1668/24/6 1663/33/6
f 1668/24/11 1667/358/11 1665/360/11
f 1670/19/4 1673/360/4 1672/353/4
f 1670/13/1 1669/36/1 1671/33/1
f 1672/354/21 1674/359/21 1671/33/21
f 1675/363/7 1674/361/7 1672/397/7
f 1675/358/6 1676/24/6 1671/33/6
f 1676/24/11 1675/358/11 1673/360/11
f 1681/24/7 1680/33/7 1677/36/7
f 1679/31/6 1684/25/6 1678/19/6
f 1680/33/11 1682/37/11 1679/34/11
f 1683/18/4 1682/37/4 1680/33/4
f 1684/15/1 1679/139/1 1682/37/1
f 1684/25/21 1683/18/21 1681/24/21
f 1686/31/6 1688/25/6 1687/19/6
f 1688/25/21 1692/18/21 1691/24/21
f 1692/18/4 1690/37/4 1689/33/4
f 1689/33/11 1690/37/11 1686/34/11
f 1691/24/7 1689/33/7 1685/36/7
f 1688/15/1 1686/139/1 1690/37/1
f 2974/31/6 2976/25/6 2975/19/6
f 2976/25/21 2980/18/21 2979/24/21
f 2980/18/4 2978/37/4 2977/33/4
f 2977/33/11 2978/37/11 2974/34/11
f 2979/24/7 2977/33/7 2973/36/7
f 2976/15/1 2974/139/1 2978/37/1
f 3005/413/394 3002/410/392 3001/409/391
f 3013/433/410 2993/2375/408 2989/2376/384
f 2987/2377/382 2985/2378/406 2982/428/379
f 3001/2379/391 2999/2380/409 2997/2381/389
f 2997/2381/389 3011/2382/402 3010/2383/405
f 3001/2379/391 2997/2381/389 3010/2383/405
f 3014/2384/412 3013/433/410 2989/2376/384
f 3017/2385/413 3014/2384/412 2989/2376/384
f 3004/2386/407 3001/2379/391 3010/2383/405
f 3004/2386/407 3010/2383/405 3008/2387/404
f 3017/2385/413 2989/2376/384 2987/2377/382
f 3016/2388/396 3017/2385/413 2987/2377/382
f 3007/429/393 3004/2386/407 3008/2387/404
f 3007/429/393 3008/2387/404 3009/2389/415
f 3016/2388/396 2987/2377/382 2982/428/379
f 3007/429/393 3009/2389/415 3015/430/397
f 3015/430/397 3016/2388/396 2982/428/379
f 3012/431/399 3011/2382/402 2997/2381/389
f 2994/432/386 2993/2375/408 3013/433/410
f 3012/431/399 2997/2381/389 2994/432/386
f 2986/434/411 2990/419/400 3014/435/412
f 2996/2390/387 3000/2391/390 3002/437/392
f 3002/437/392 3005/2392/394 2981/2393/381
f 2981/2393/381 2984/2394/380 2988/438/383
f 2988/438/383 2991/2395/385 2992/439/388
f 2992/439/388 2996/2390/387 3002/437/392
f 3002/437/392 2981/2393/381 2988/438/383
f 2986/2396/411 2983/2397/395 3006/445/414
f 3006/445/414 3003/2398/403 2998/446/401
f 2998/446/401 2995/2399/398 2990/447/400
f 2990/447/400 2986/2396/411 3006/445/414
f 2993/427/408 2992/406/388 2991/404/385
f 3019/31/6 3021/25/6 3020/19/6
f 3021/25/21 3025/18/21 3024/24/21
f 3025/18/4 3023/37/4 3022/33/4
f 3022/33/11 3023/37/11 3019/34/11
f 3024/24/7 3022/33/7 3018/36/7
f 3021/15/1 3019/139/1 3023/37/1
f 3027/31/6 3029/25/6 3028/19/6
f 3029/25/21 3033/18/21 3032/24/21
f 3033/18/4 3031/37/4 3030/33/4
f 3030/33/11 3031/37/11 3027/34/11
f 3032/24/7 3030/33/7 3026/36/7
f 3029/15/1 3027/139/1 3031/37/1
f 3061/451/2003 3040/592/2003 3039/24/2003
f 3042/579/2004 3046/146/2004 3056/580/2004
f 3046/146/7 3034/36/7 3052/582/7
f 3052/582/2005 3057/2400/2005 3056/580/2005
f 3060/586/515 3048/587/515 3054/584/515
f 3054/584/2006 3065/591/2006 3059/585/2006
f 3060/586/2007 3057/2401/2007 3052/582/2007
f 3037/33/2008 3042/579/2008 3055/583/2008
f 3064/589/416 3063/449/416 3050/448/416
f 3050/448/2009 3053/470/2009 3055/583/2009
f 3105/498/2010 3106/500/2010 3098/495/2010
f 3035/13/2011 3044/144/2011 3065/591/2011
f 3045/154/522 3056/597/2012 3057/593/523
f 3056/597/527 3045/154/2013 3043/598/528
f 3043/598/531 3038/456/2014 3055/455/532
f 3065/452/2015 3061/2402/2015 3047/596/2015
f 3051/463/535 3062/466/2016 3063/464/427
f 3049/459/423 3041/468/433 3047/601/536
f 3036/453/538 3049/461/2017 3060/460/539
f 3054/602/541 3048/472/437 3077/471/437
f 3039/24/542 3069/6/601 3075/486/543
f 3052/473/545 3034/32/545 3071/487/546
f 3037/33/547 3070/485/604 3072/603/548
f 3044/152/551 3035/19/551 3067/20/551
f 3034/35/552 3046/135/552 3073/474/552
f 3053/470/554 3076/469/554 3070/485/554
f 3040/477/555 3068/604/602 3069/6/556
f 3035/19/557 3054/602/557 3066/484/557
f 3092/605/558 3083/616/558 3097/606/558
f 3090/612/2018 3087/479/2018 3080/613/2018
f 3092/605/2019 3093/483/2019 3078/615/2019
f 3091/617/565 3090/612/565 3082/614/565
f 3081/619/2020 3089/320/2020 3091/617/2020
f 3079/609/2021 3088/480/2021 3086/607/2021
f 3068/604/2022 3086/607/2022 3088/480/2022
f 3071/322/2023 3073/474/2023 3091/617/2023
f 3073/474/572 3072/603/572 3090/612/572
f 3092/605/2024 3074/476/2024 3067/20/2024
f 3090/612/2025 3072/603/2025 3070/485/2025
f 3086/607/575 3068/604/575 3074/476/575
f 3106/500/2026 3126/622/2026 3101/620/2026
f 3100/621/2027 3118/507/2027 3109/503/2027
f 3102/492/2028 3111/501/2028 3112/488/2028
f 3117/506/2029 3118/507/2029 3100/621/2029
f 3103/590/587 3098/495/2030 3107/497/588
f 3116/625/590 3101/620/590 3100/621/590
f 3120/494/2031 3099/490/2031 3121/489/2031
f 3125/496/2032 3098/495/2032 3101/620/2032
f 3124/629/595 3122/628/2033 3121/489/596
f 3114/627/2034 3124/629/2034 3123/510/2034
f 3119/626/2035 3100/621/2035 3102/492/2035
f 3096/608/437 3085/482/437 3104/624/437
f 3107/497/557 3125/496/557 3078/615/557
f 3110/493/600 3084/610/601 3079/609/601
f 3108/165/602 3079/609/602 3097/606/602
f 3113/491/603 3095/478/603 3084/610/603
f 3120/494/554 3080/613/554 3095/478/554
f 3085/482/545 3081/611/545 3114/630/545
f 3124/629/552 3114/627/552 3081/619/552
f 3119/626/441 3097/606/441 3083/616/441
f 3122/628/604 3082/614/604 3080/613/604
f 3094/618/605 3082/614/605 3122/628/605
f 3083/616/606 3078/615/606 3125/496/551
f 3141/631/2036 3131/504/2036 3117/506/2036
f 3132/632/2037 3121/489/2037 3112/488/2037
f 3134/509/2038 3130/639/2038 3115/623/2038
f 3126/622/2039 3106/500/2039 3127/635/2039
f 3139/636/1 3142/637/1 3138/638/1
f 3138/638/1 3137/511/1 3141/631/1
f 3141/631/1 3140/506/1 3143/622/1
f 3143/622/1 3136/499/1 3139/636/1
f 3139/636/1 3138/638/1 3141/631/1
f 3140/506/2040 3117/506/2040 3135/622/2040
f 3127/499/2041 3105/498/2041 3139/636/2041
f 3136/635/618 3143/622/618 3135/622/618
f 3138/638/2042 3142/637/2042 3133/508/2042
f 3137/511/2043 3128/505/2043 3131/504/2043
f 3130/639/2044 3134/509/2044 3142/637/2044
f 3138/638/2045 3129/502/2045 3111/501/2045
f 3157/640/2046 3161/518/2046 3148/521/2046
f 3146/524/2047 3162/527/2047 3154/641/2047
f 3154/641/1 3153/526/5 3152/529/1
f 3152/529/1 3151/512/2048 3160/514/1
f 3160/514/1 3159/516/2049 3158/519/1
f 3158/519/1 3157/640/2050 3156/520/1
f 3156/520/1 3155/523/2051 3154/641/1
f 3154/641/1 3152/529/1 3160/514/1
f 3160/514/1 3158/519/1 3156/520/1
f 3163/644/7 3149/2403/7 3150/2404/7
f 3150/2404/7 3144/2405/7 3145/642/7
f 3145/642/7 3162/2406/7 3146/2407/7
f 3146/2407/7 3147/2408/7 3148/643/7
f 3148/643/7 3161/2409/421 3163/644/7
f 3163/644/7 3150/2404/7 3145/642/7
f 3145/642/7 3146/2407/7 3148/643/7
f 3180/645/1 3174/2410/2052 3169/646/1
f 3170/2411/2053 3172/2412/7 3175/2413/7
f 3175/2413/7 3177/2414/7 3179/648/640
f 3187/652/643 3210/2415/2054 3217/2416/7
f 3187/652/643 3217/2416/7 3216/2417/423
f 3212/2418/2055 3211/651/642 3167/653/644
f 3214/2419/2053 3212/2418/2055 3167/653/644
f 3185/2420/425 3187/652/643 3216/2417/423
f 3185/2420/425 3216/2417/423 3219/2421/421
f 3214/2419/2053 3167/653/644 3170/2411/2053
f 3213/2422/423 3214/2419/2053 3170/2411/2053
f 3182/2423/421 3185/2420/425 3219/2421/421
f 3182/2423/421 3219/2421/421 3215/649/640
f 3213/2422/423 3170/2411/2053 3175/2413/7
f 3218/650/641 3213/2422/423 3175/2413/7
f 3179/648/640 3182/2423/421 3215/649/640
f 3218/650/641 3175/2413/7 3179/648/640
f 3211/651/642 3210/2415/2054 3187/652/643
f 3187/652/643 3165/2424/7 3167/653/644
f 3182/549/645 3179/654/2056 3197/560/646
f 3179/654/2057 3177/551/2057 3195/550/2057
f 3172/655/654 3193/563/2058 3194/562/655
f 3170/555/2059 3192/564/2059 3193/563/2059
f 3198/559/659 3197/560/2060 3207/538/660
f 3196/561/2061 3195/550/2061 3206/537/2061
f 3190/565/2062 3203/531/2062 3204/534/2062
f 3189/557/2063 3188/656/2063 3202/532/2063
f 3176/659/7 3173/2425/7 3171/2411/7
f 3171/2411/7 3168/2426/7 3166/657/7
f 3166/657/7 3164/2427/7 3184/2428/7
f 3184/2428/7 3183/2423/7 3181/658/7
f 3181/658/7 3178/2429/7 3176/659/7
f 3176/659/7 3171/2411/7 3166/657/7
f 3166/657/7 3184/2428/7 3181/658/7
f 3214/570/2064 3213/572/2064 3181/660/2064
f 3176/661/2065 3218/573/2065 3215/662/2065
f 3173/663/2066 3215/662/2066 3219/574/2066
f 3249/664/6 3227/25/6 3222/19/6
f 3227/25/21 3240/18/21 3234/24/21
f 3250/665/682 3252/670/683 3233/37/683
f 3256/666/11 3260/668/11 3232/33/11
f 3221/34/11 3220/35/11 3257/667/11
f 3221/34/11 3257/667/11 3254/2430/11
f 3256/666/11 3232/33/11 3233/37/11
f 3221/34/11 3254/2430/11 3256/666/11
f 3257/667/11 3220/35/11 3232/33/11
f 3250/665/684 3232/33/684 3220/36/684
f 3249/669/685 3221/139/685 3233/37/685
f 3227/15/1 3249/669/1 3252/670/1
f 3234/24/7 3250/665/7 3246/587/7
f 3234/24/4 3240/18/4 3252/670/4
f 3220/32/687 3221/31/687 3249/664/687
f 3226/19/4 3231/25/4 3254/671/4
f 3314/2431/2067 3313/2432/2068 3315/2433/2068
f 3315/2433/11 3320/2434/11 3238/24/11
f 3244/18/11 3321/2435/11 3318/2436/11
f 3318/2436/2069 3317/2437/2070 3316/2438/2070
f 3244/18/11 3318/2436/11 3316/2438/11
f 3315/2433/11 3238/24/11 3244/18/11
f 3314/2431/11 3315/2433/11 3244/18/11
f 3314/2431/11 3244/18/11 3316/2438/11
f 3312/2439/11 3314/2431/11 3316/2438/11
f 3312/2439/11 3316/2438/11 3311/674/11
f 3309/2440/11 3304/2441/11 3310/673/11
f 3310/673/11 3312/2439/11 3311/674/11
f 3305/675/11 3309/2440/11 3310/673/11
f 3334/676/11 3335/2442/11 3331/677/11
f 3322/2443/2071 3323/2444/2071 3324/2445/2072
f 3327/2446/11 3332/678/11 3331/677/11
f 3324/2445/11 3327/2446/11 3331/677/11
f 3324/2445/11 3331/677/11 3333/2447/11
f 3324/2445/11 3333/2447/11 3328/2448/11
f 3325/2449/2073 3326/2450/2074 3329/2451/2074
f 3324/2445/11 3328/2448/11 3325/2449/11
f 3322/2443/2075 3324/2445/2075 3325/2449/2075
f 3322/2443/2076 3325/2449/2076 3329/2451/2076
f 3340/2452/11 3321/2435/11 3244/18/11
f 3238/24/11 3320/2434/11 3319/2453/11
f 3238/24/11 3319/2453/11 3307/2454/11
f 3341/2455/11 3340/2452/11 3244/18/11
f 3338/683/11 3341/2455/11 3244/18/11
f 3226/19/11 3238/24/11 3307/2454/11
f 3306/2456/21 3308/2457/21 3304/2441/21
f 3226/19/11 3307/2454/11 3306/2456/11
f 3338/683/11 3244/18/11 3231/25/11
f 3339/681/11 3338/683/11 3231/25/11
f 3306/2456/2077 3304/2441/2077 3309/2440/2077
f 3309/2440/11 3342/682/11 3336/2458/11
f 3309/2440/11 3336/2458/11 3335/2442/11
f 3337/2459/11 3339/681/11 3231/25/11
f 3330/2460/11 3337/2459/11 3231/25/11
f 3306/2456/11 3309/2440/11 3335/2442/11
f 3306/2456/11 3335/2442/11 3334/676/11
f 3329/2451/11 3330/2460/11 3231/25/11
f 3322/2443/11 3329/2451/11 3231/25/11
f 3306/2456/11 3334/676/11 3303/2461/11
f 3306/2456/11 3303/2461/11 3302/679/11
f 3322/2443/11 3231/25/11 3226/19/11
f 3301/2462/11 3322/2443/11 3226/19/11
f 3226/19/11 3306/2456/11 3302/679/11
f 3300/680/11 3301/2462/11 3226/19/11
f 3339/681/11 3336/2458/11 3342/682/11
f 3231/15/7 3244/18/7 3256/684/7
f 3238/24/1 3226/13/1 3257/686/1
f 3238/24/6 3260/687/6 3256/684/6
f 3258/688/11 3239/6/11 3228/18/11
f 3343/697/11 3258/688/11 3251/133/11
f 3251/133/11 3263/2463/11 3345/689/11
f 3344/690/11 3343/697/11 3251/133/11
f 3320/691/688 3315/694/689 3224/24/689
f 3224/24/689 3236/137/689 3319/692/689
f 3239/6/6 3313/695/6 3314/693/6
f 3239/6/6 3224/24/6 3315/694/6
f 3236/137/690 3266/705/690 3307/696/690
f 3224/24/11 3239/6/11 3258/688/11
f 3346/698/11 3347/703/11 3266/2464/11
f 3236/134/11 3258/688/11 3343/697/11
f 3346/698/11 3266/2464/11 3236/134/11
f 3245/141/691 3263/702/691 3310/699/691
f 3251/143/692 3228/18/692 3314/693/692
f 3263/702/693 3251/143/693 3312/701/693
f 3348/704/11 3349/707/11 3262/709/11
f 3243/151/11 3266/2464/11 3347/703/11
f 3348/704/11 3262/709/11 3243/151/11
f 3266/705/694 3243/156/694 3306/706/694
f 3350/708/11 3345/689/11 3263/2463/11
f 3245/157/11 3262/709/11 3349/707/11
f 3350/708/11 3263/2463/11 3245/157/11
f 3262/709/4 3308/710/4 3306/706/4
f 3245/141/4 3304/700/4 3308/710/4
f 3268/25/4 3329/2465/4 3326/711/4
f 3276/138/695 3269/317/695 3337/712/695
f 3353/715/11 3352/727/11 3269/2466/11
f 3276/150/11 3273/476/11 3351/714/11
f 3353/715/11 3269/2466/11 3276/150/11
f 3329/716/696 3268/15/696 3276/138/696
f 3270/717/697 3272/144/697 3328/718/697
f 3273/476/11 3276/150/11 3268/25/11
f 3267/19/11 3272/152/11 3273/476/11
f 3354/721/11 3351/714/11 3273/476/11
f 3272/152/11 3270/2467/11 3355/720/11
f 3354/721/11 3273/476/11 3272/152/11
f 3337/712/698 3269/317/698 3275/141/698
f 3271/20/4 3326/711/4 3325/722/4
f 3356/724/11 3355/720/11 3270/2467/11
f 3274/151/11 3277/709/11 3357/723/11
f 3356/724/11 3270/2467/11 3274/151/11
f 3272/144/699 3267/13/700 3325/725/700
f 3331/726/701 3335/706/701 3274/156/701
f 3274/156/701 3270/717/701 3333/719/701
f 3357/723/11 3277/709/11 3275/157/11
f 3275/157/11 3269/2466/11 3352/727/11
f 3358/728/11 3357/723/11 3275/157/11
f 3274/156/6 3335/706/6 3336/710/6
f 3277/709/6 3336/710/6 3339/700/6
f 3285/688/11 3281/6/11 3279/18/11
f 3359/697/11 3285/688/11 3284/133/11
f 3284/133/11 3287/2463/11 3361/729/11
f 3360/730/11 3359/697/11 3284/133/11
f 3278/24/689 3280/137/689 3311/692/689
f 3281/6/6 3317/695/6 3318/693/6
f 3278/24/6 3316/694/6 3317/695/6
f 3280/137/690 3288/705/690 3305/696/690
f 3278/24/11 3281/6/11 3285/688/11
f 3362/731/11 3363/733/11 3288/2464/11
f 3280/134/11 3285/688/11 3359/697/11
f 3362/731/11 3288/2464/11 3280/134/11
f 3283/141/691 3287/702/691 3341/699/691
f 3321/732/702 3340/701/692 3284/143/692
f 3284/143/692 3279/18/692 3318/693/692
f 3287/702/693 3284/143/693 3340/701/693
f 3364/734/11 3365/707/11 3286/709/11
f 3282/151/11 3288/2464/11 3363/733/11
f 3364/734/11 3286/709/11 3282/151/11
f 3288/705/694 3282/156/694 3309/706/694
f 3366/735/11 3361/729/11 3287/2463/11
f 3283/157/11 3286/709/11 3365/707/11
f 3366/735/11 3287/2463/11 3283/157/11
f 3282/156/4 3286/709/4 3342/710/4
f 3283/141/4 3338/700/4 3342/710/4
f 3290/25/4 3324/2465/4 3323/711/4
f 3327/713/703 3298/138/703 3291/317/703
f 3369/736/11 3368/740/11 3291/2466/11
f 3298/150/11 3295/476/11 3367/714/11
f 3369/736/11 3291/2466/11 3298/150/11
f 3290/15/696 3298/138/696 3327/713/696
f 3292/717/697 3294/144/697 3301/718/697
f 3295/476/11 3298/150/11 3290/25/11
f 3289/19/11 3294/152/11 3295/476/11
f 3370/738/11 3367/714/11 3295/476/11
f 3294/152/11 3292/2467/11 3371/737/11
f 3370/738/11 3295/476/11 3294/152/11
f 3291/317/698 3297/141/698 3334/700/698
f 3293/20/4 3323/711/4 3322/722/4
f 3372/739/11 3371/737/11 3292/2467/11
f 3296/151/11 3299/709/11 3373/723/11
f 3372/739/11 3292/2467/11 3296/151/11
f 3294/144/699 3289/13/699 3322/725/699
f 3296/156/701 3292/717/701 3300/719/701
f 3373/723/11 3299/709/11 3297/157/11
f 3297/157/11 3291/2466/11 3368/740/11
f 3374/741/11 3373/723/11 3297/157/11
f 3296/156/6 3302/706/6 3303/710/6
f 3299/709/6 3303/710/6 3334/700/6
f 3351/743/4 3354/2468/4 3225/25/4
f 3225/25/4 3223/19/4 3353/742/4
f 3223/19/11 3225/25/11 3230/18/11
f 3357/745/6 3358/2469/6 3229/24/6
f 3229/24/6 3230/18/6 3356/744/6
f 3353/747/7 3223/13/7 3229/24/7
f 3229/24/7 3358/2469/7 3352/746/7
f 3355/749/1 3356/744/1 3230/18/1
f 3230/18/1 3225/15/1 3354/748/1
f 3365/743/4 3364/2468/4 3237/25/4
f 3237/25/4 3235/19/4 3366/742/4
f 3235/19/11 3237/25/11 3242/18/11
f 3359/745/6 3360/2469/6 3241/24/6
f 3241/24/6 3242/18/6 3362/744/6
f 3366/747/7 3235/13/7 3241/24/7
f 3241/24/7 3360/2469/7 3361/750/7
f 3363/751/1 3362/744/1 3242/18/1
f 3242/18/1 3237/15/1 3364/748/1
f 3349/752/4 3348/2468/4 3248/25/4
f 3248/25/4 3247/19/4 3350/742/4
f 3247/19/11 3248/25/11 3255/18/11
f 3343/753/6 3344/2469/6 3253/24/6
f 3253/24/6 3255/18/6 3346/744/6
f 3350/747/7 3247/13/7 3253/24/7
f 3253/24/7 3344/2469/7 3345/750/7
f 3347/751/1 3346/744/1 3255/18/1
f 3255/18/1 3248/15/1 3348/748/1
f 3367/752/4 3370/2468/4 3261/25/4
f 3261/25/4 3259/19/4 3369/742/4
f 3259/19/11 3261/25/11 3265/18/11
f 3373/753/6 3374/2469/6 3264/24/6
f 3264/24/6 3265/18/6 3372/744/6
f 3369/747/7 3259/13/7 3264/24/7
f 3264/24/7 3374/2469/7 3368/754/7
f 3371/755/1 3372/744/1 3265/18/1
f 3265/18/1 3261/15/1 3370/748/1
f 3375/32/11 3376/31/11 3378/25/11
f 3378/25/6 3382/18/6 3381/24/6
f 3382/18/21 3380/37/21 3379/33/21
f 3380/37/4 3376/34/4 3375/35/4
f 3381/24/7 3379/33/7 3375/36/7
f 3378/15/1 3376/139/1 3380/37/1
f 3383/32/11 3384/31/11 3386/25/11
f 3386/25/6 3390/18/6 3389/24/6
f 3390/18/21 3388/37/21 3387/33/21
f 3388/37/4 3384/34/4 3383/35/4
f 3389/24/7 3387/33/7 3383/36/7
f 3386/15/1 3384/139/1 3388/37/1
f 3414/756/704 3415/758/706 3404/762/710
f 3400/783/728 3394/782/727 3413/891/831
f 3412/890/830 3393/761/709 3399/772/720
f 3430/892/832 3428/911/734 3416/894/833
f 3428/789/734 3427/791/736 3417/760/708
f 3423/909/834 3422/2470/737 3421/907/735
f 3421/907/735 3425/2471/845 3424/908/732
f 3425/910/845 3421/2472/735 3428/911/734
f 3427/791/736 3422/792/737 3423/895/834
f 3425/910/845 3430/892/832 3426/788/733
f 3453/793/738 3437/796/741 3527/798/743
f 3447/801/746 3532/800/745 3530/799/744
f 3539/912/808 3510/2473/819 3431/913/773
f 3431/913/773 3433/2474/774 3540/914/809
f 3512/807/750 3509/812/755 3477/811/754
f 3505/813/756 3503/817/760 3473/816/759
f 3541/2475/810 3540/914/809 3433/2474/774
f 3433/2474/774 3434/2476/775 3436/2477/776
f 3436/2477/776 3438/2478/836 3440/2479/847
f 3440/2479/847 3441/2480/848 3443/915/846
f 3443/915/846 3444/201/849 3446/2481/838
f 3446/2481/838 3448/2482/850 3450/2284/851
f 3450/2284/851 3451/2285/852 3454/2237/853
f 3454/2237/853 3431/913/773 3510/2473/819
f 3454/2237/853 3510/2473/819 3508/2483/817
f 3541/2475/810 3433/2474/774 3436/2477/776
f 3485/2484/854 3541/2475/810 3436/2477/776
f 3450/2284/851 3454/2237/853 3508/2483/817
f 3450/2284/851 3508/2483/817 3504/2485/798
f 3486/2486/844 3485/2484/854 3436/2477/776
f 3489/2487/802 3486/2486/844 3436/2477/776
f 3446/2481/838 3450/2284/851 3504/2485/798
f 3446/2481/838 3504/2485/798 3502/2488/814
f 3489/2487/802 3436/2477/776 3440/2479/847
f 3491/2489/812 3489/2487/802 3440/2479/847
f 3446/2481/838 3502/2488/814 3499/2490/816
f 3446/2481/838 3499/2490/816 3497/916/843
f 3491/2489/812 3440/2479/847 3443/915/846
f 3495/917/813 3491/2489/812 3443/915/846
f 3443/915/846 3446/2481/838 3497/916/843
f 3467/838/781 3496/896/835 3493/820/764
f 3462/840/783 3463/822/766 3490/823/767
f 3462/840/783 3488/898/837 3487/825/769
f 3436/833/776 3487/825/769 3488/898/837
f 3492/821/765 3440/918/847 3438/897/836
f 3440/918/847 3492/821/765 3493/820/764
f 3441/919/848 3493/820/764 3496/896/835
f 3469/837/780 3444/169/849 3443/920/846
f 3498/665/761 3446/899/838 3444/169/849
f 3500/815/758 3503/817/760 3448/327/850
f 3503/817/760 3505/813/756 3450/217/851
f 3505/813/756 3507/810/753 3451/219/852
f 3507/810/753 3509/812/755 3454/58/853
f 3431/900/773 3454/58/853 3509/812/755
f 3532/800/745 3471/818/762 3519/836/779
f 3463/822/766 3527/798/743 3528/797/742
f 3515/842/785 3525/794/739 3527/798/743
f 3524/806/790 3432/69/789 3452/904/842
f 3510/879/819 3513/855/797 3478/888/828
f 3478/888/828 3475/857/799 3506/877/818
f 3474/858/800 3472/880/820 3501/874/815
f 3499/875/816 3501/874/815 3472/880/820
f 3495/872/813 3497/905/843 3470/881/822
f 3468/883/824 3466/882/823 3494/820/811
f 3491/871/812 3494/820/811 3466/882/823
f 3486/906/844 3461/859/801 3459/884/825
f 3516/864/806 3541/870/810 3485/921/854
f 3520/836/821 3531/851/792 3529/853/794
f 3516/864/806 3526/847/788 3524/849/790
f 3543/31/6 3545/25/6 3544/19/6
f 3545/25/21 3549/18/21 3548/24/21
f 3549/18/4 3547/37/4 3546/33/4
f 3546/33/11 3547/37/11 3543/34/11
f 3548/24/7 3546/33/7 3542/36/7
f 3545/15/1 3543/139/1 3547/37/1
f 3551/31/6 3553/25/6 3552/19/6
f 3553/25/21 3557/18/21 3556/24/21
f 3556/24/4 3557/18/4 3555/37/4
f 3554/33/11 3555/37/11 3551/34/11
f 3556/24/7 3554/33/7 3550/36/7
f 3553/15/1 3551/139/1 3555/37/1
f 3558/32/6 3559/31/6 3561/25/6
f 3561/25/21 3565/18/21 3564/24/21
f 3565/18/4 3563/37/4 3562/33/4
f 3562/33/11 3563/37/11 3559/34/11
f 3564/24/7 3562/33/7 3558/36/7
f 3561/15/1 3559/139/1 3563/37/1
f 3567/31/6 3569/25/6 3568/19/6
f 3569/25/21 3573/18/21 3572/24/21
f 3573/18/4 3571/37/4 3570/33/4
f 3570/33/11 3571/37/11 3567/34/11
f 3568/13/7 3572/24/7 3570/33/7
f 3569/15/1 3567/139/1 3571/37/1
f 3575/31/6 3577/25/6 3576/19/6
f 3577/25/21 3581/18/21 3580/24/21
f 3581/18/4 3579/37/4 3578/33/4
f 3578/33/11 3579/37/11 3575/34/11
f 3580/24/7 3578/33/7 3574/36/7
f 3577/15/1 3575/139/1 3579/37/1
f 3583/31/6 3585/25/6 3584/19/6
f 3585/25/21 3589/18/21 3588/24/21
f 3589/18/4 3587/37/4 3586/33/4
f 3586/33/11 3587/37/11 3583/34/11
f 3588/24/7 3586/33/7 3582/36/7
f 3585/15/1 3583/139/1 3587/37/1
f 3591/31/6 3593/25/6 3592/19/6
f 3593/25/21 3597/18/21 3596/24/21
f 3596/24/4 3597/18/4 3595/37/4
f 3594/33/11 3595/37/11 3591/34/11
f 3596/24/7 3594/33/7 3590/36/7
f 3597/18/1 3593/15/1 3591/139/1
f 3599/31/6 3601/25/6 3600/19/6
f 3601/25/21 3605/18/21 3604/24/21
f 3604/24/4 3605/18/4 3603/37/4
f 3602/33/11 3603/37/11 3599/34/11
f 3600/13/7 3604/24/7 3602/33/7
f 3601/15/1 3599/139/1 3603/37/1
f 3607/31/6 3609/25/6 3608/19/6
f 3609/25/21 3613/18/21 3612/24/21
f 3612/24/4 3613/18/4 3611/37/4
f 3610/33/11 3611/37/11 3607/34/11
f 3608/13/7 3612/24/7 3610/33/7
f 3609/15/1 3607/139/1 3611/37/1
f 3615/31/6 3617/25/6 3616/19/6
f 3617/25/21 3621/18/21 3620/24/21
f 3621/18/4 3619/37/4 3618/33/4
f 3618/33/11 3619/37/11 3615/34/11
f 3620/24/7 3618/33/7 3614/36/7
f 3621/18/1 3617/15/1 3615/139/1
f 3623/31/6 3625/25/6 3624/19/6
f 3625/25/21 3629/18/21 3628/24/21
f 3628/24/4 3629/18/4 3627/37/4
f 3626/33/11 3627/37/11 3623/34/11
f 3624/13/7 3628/24/7 3626/33/7
f 3625/15/1 3623/139/1 3627/37/1
f 3631/31/6 3633/25/6 3632/19/6
f 3633/25/21 3637/18/21 3636/24/21
f 3637/18/4 3635/37/4 3634/33/4
f 3634/33/11 3635/37/11 3631/34/11
f 3636/24/7 3634/33/7 3630/36/7
f 3637/18/1 3633/15/1 3631/139/1
f 3639/31/6 3641/25/6 3640/19/6
f 3641/25/21 3645/18/21 3644/24/21
f 3644/24/4 3645/18/4 3643/37/4
f 3642/33/11 3643/37/11 3639/34/11
f 3640/13/7 3644/24/7 3642/33/7
f 3641/15/1 3639/139/1 3643/37/1
f 3647/31/6 3649/25/6 3648/19/6
f 3649/25/21 3653/18/21 3652/24/21
f 3653/18/4 3651/37/4 3650/33/4
f 3650/33/11 3651/37/11 3647/34/11
f 3648/13/7 3652/24/7 3650/33/7
f 3653/18/1 3649/15/1 3647/139/1
f 3655/31/6 3657/25/6 3656/19/6
f 3657/25/21 3661/18/21 3660/24/21
f 3661/18/4 3659/37/4 3658/33/4
f 3658/33/11 3659/37/11 3655/34/11
f 3660/24/7 3658/33/7 3654/36/7
f 3661/18/1 3657/15/1 3655/139/1
f 3663/31/6 3665/25/6 3664/19/6
f 3665/25/21 3669/18/21 3668/24/21
f 3668/24/4 3669/18/4 3667/37/4
f 3666/33/11 3667/37/11 3663/34/11
f 3668/24/7 3666/33/7 3662/36/7
f 3665/15/1 3663/139/1 3667/37/1
f 3671/31/6 3673/25/6 3672/19/6
f 3673/25/21 3677/18/21 3676/24/21
f 3677/18/4 3675/37/4 3674/33/4
f 3674/33/11 3675/37/11 3671/34/11
f 3676/24/7 3674/33/7 3670/36/7
f 3673/15/1 3671/139/1 3675/37/1
f 3679/31/6 3681/25/6 3680/19/6
f 3681/25/21 3685/18/21 3684/24/21
f 3685/18/4 3683/37/4 3682/33/4
f 3682/33/11 3683/37/11 3679/34/11
f 3684/24/7 3682/33/7 3678/36/7
f 3681/15/1 3679/139/1 3683/37/1
f 3687/31/6 3689/25/6 3688/19/6
f 3689/25/21 3693/18/21 3692/24/21
f 3693/18/4 3691/37/4 3690/33/4
f 3690/33/11 3691/37/11 3687/34/11
f 3688/13/7 3692/24/7 3690/33/7
f 3689/15/1 3687/139/1 3691/37/1
f 3695/31/6 3697/25/6 3696/19/6
f 3697/25/21 3701/18/21 3700/24/21
f 3701/18/4 3699/37/4 3698/33/4
f 3698/33/11 3699/37/11 3695/34/11
f 3700/24/7 3698/33/7 3694/36/7
f 3697/15/1 3695/139/1 3699/37/1
f 3703/31/6 3705/25/6 3704/19/6
f 3705/25/21 3709/18/21 3708/24/21
f 3708/24/4 3709/18/4 3707/37/4
f 3706/33/11 3707/37/11 3703/34/11
f 3704/13/7 3708/24/7 3706/33/7
f 3705/15/1 3703/139/1 3707/37/1
f 3711/31/6 3713/25/6 3712/19/6
f 3713/25/21 3717/18/21 3716/24/21
f 3716/24/4 3717/18/4 3715/37/4
f 3714/33/11 3715/37/11 3711/34/11
f 3716/24/7 3714/33/7 3710/36/7
f 3717/18/1 3713/15/1 3711/139/1
f 3719/31/6 3721/25/6 3720/19/6
f 3721/25/21 3725/18/21 3724/24/21
f 3724/24/4 3725/18/4 3723/37/4
f 3722/33/11 3723/37/11 3719/34/11
f 3724/24/7 3722/33/7 3718/36/7
f 3721/15/1 3719/139/1 3723/37/1
f 3727/31/6 3729/25/6 3728/19/6
f 3729/25/21 3733/18/21 3732/24/21
f 3733/18/4 3731/37/4 3730/33/4
f 3730/33/11 3731/37/11 3727/34/11
f 3732/24/7 3730/33/7 3726/36/7
f 3729/15/1 3727/139/1 3731/37/1
f 3735/31/6 3737/25/6 3736/19/6
f 3737/25/21 3741/18/21 3740/24/21
f 3740/24/4 3741/18/4 3739/37/4
f 3738/33/11 3739/37/11 3735/34/11
f 3736/13/7 3740/24/7 3738/33/7
f 3737/15/1 3735/139/1 3739/37/1
f 3743/31/6 3745/25/6 3744/19/6
f 3745/25/21 3749/18/21 3748/24/21
f 3749/18/4 3747/37/4 3746/33/4
f 3746/33/11 3747/37/11 3743/34/11
f 3744/13/7 3748/24/7 3746/33/7
f 3745/15/1 3743/139/1 3747/37/1
f 3751/31/6 3753/25/6 3752/19/6
f 3753/25/21 3757/18/21 3756/24/21
f 3757/18/4 3755/37/4 3754/33/4
f 3754/33/11 3755/37/11 3751/34/11
f 3752/13/7 3756/24/7 3754/33/7
f 3753/15/1 3751/139/1 3755/37/1
f 3759/31/6 3761/25/6 3760/19/6
f 3761/25/21 3765/18/21 3764/24/21
f 3765/18/4 3763/37/4 3762/33/4
f 3762/33/11 3763/37/11 3759/34/11
f 3760/13/7 3764/24/7 3762/33/7
f 3761/15/1 3759/139/1 3763/37/1
f 3767/31/6 3769/25/6 3768/19/6
f 3769/25/21 3773/18/21 3772/24/21
f 3773/18/4 3771/37/4 3770/33/4
f 3770/33/11 3771/37/11 3767/34/11
f 3768/13/7 3772/24/7 3770/33/7
f 3773/18/1 3769/15/1 3767/139/1
f 3775/31/6 3777/25/6 3776/19/6
f 3777/25/21 3781/18/21 3780/24/21
f 3781/18/4 3779/37/4 3778/33/4
f 3778/33/11 3779/37/11 3775/34/11
f 3780/24/7 3778/33/7 3774/36/7
f 3777/15/1 3775/139/1 3779/37/1
f 3783/31/6 3785/25/6 3784/19/6
f 3785/25/21 3789/18/21 3788/24/21
f 3789/18/4 3787/37/4 3786/33/4
f 3786/33/11 3787/37/11 3783/34/11
f 3784/13/7 3788/24/7 3786/33/7
f 3785/15/1 3783/139/1 3787/37/1
f 3790/32/6 3791/31/6 3793/25/6
f 3793/25/21 3797/18/21 3796/24/21
f 3797/18/4 3795/37/4 3794/33/4
f 3794/33/11 3795/37/11 3791/34/11
f 3796/24/7 3794/33/7 3790/36/7
f 3797/18/1 3793/15/1 3791/139/1
f 4110/1818/1012 4049/2491/1047 4050/1819/1102
f 4124/1833/1579 4125/2492/1117 4126/2056/1115
f 4126/2056/1115 4128/2493/1114 4130/1831/1112
f 4130/1831/1112 4131/2494/1109 4132/1832/1106
f 4132/1832/1106 4134/2495/1108 4124/1833/1579
f 4124/1833/1579 4126/2056/1115 4130/1831/1112
f 4275/1844/1202 4272/2496/1200 4271/1845/1587
f 4346/1858/1591 4347/1959/1235 4348/2091/1234
f 4348/2091/1234 4350/2497/1233 4352/1857/1232
f 4352/1857/1232 4353/2498/1229 4354/1832/1226
f 4354/1832/1226 4356/2499/1228 4346/1858/1591
f 4346/1858/1591 4348/2091/1234 4352/1857/1232
f 4364/1861/1592 4365/2500/1252 4366/2501/1251
f 4366/2501/1251 4367/2502/1250 4369/1859/1249
f 4369/1859/1249 4371/1996/1247 4372/1860/1245
f 4372/1860/1245 4373/2503/1246 4364/1861/1592
f 4364/1861/1592 4366/2501/1251 4369/1859/1249
f 4657/1592/1473 4654/1591/1472 4649/1889/1465
f 3815/1918/1616 3816/1047/981 3870/941/872
f 4919/1921/1554 4921/2504/1560 4912/1919/1558
f 4912/1919/1558 4914/2505/1557 4916/1920/1556
f 4916/1920/1556 4917/2506/1552 4919/1921/1554
f 3801/1927/859 3800/2507/936 3798/1925/1603
f 3798/1925/1603 3806/2508/855 3804/1926/862
f 3799/1928/934 3802/2509/933 3803/1929/932
f 3869/1054/987 3868/1053/986 3814/1931/1619
f 3868/1053/986 3867/1052/985 3813/994/926
f 3866/1048/982 3853/978/909 3813/994/926
f 3809/153/923 3863/947/878 3862/996/928
f 3874/951/882 3881/1055/896 3831/867/1620
f 3877/958/889 3826/999/931 3827/1050/984
f 3882/923/856 3806/922/855 3798/1886/1603
f 3860/967/898 3845/966/897 3832/1004/935
f 3853/978/909 3852/993/925 3839/982/913
f 3807/1051/927 3832/1006/935 3833/991/922
f 3808/989/920 3848/987/918 3849/985/916
f 3814/1931/1619 3813/994/926 3854/976/907
f 3815/1918/1616 3814/1931/1619 3855/974/905
f 3816/1047/981 3815/1918/1616 3856/973/904
f 3817/942/873 3816/1047/981 3857/972/903
f 3818/940/871 3817/942/873 3858/970/901
f 3819/937/868 3818/940/871 3859/968/899
f 3820/1049/983 3831/867/1620 3873/1400/869
f 3861/950/881 3847/949/880 3862/996/928
f 3826/999/931 3852/993/925 3866/1048/982
f 3827/1050/984 3867/1052/985 3868/1053/986
f 3829/962/893 3828/959/890 3869/1054/987
f 3831/1932/1620 3830/964/895 3872/936/867
f 3799/1003/934 3876/956/887 3877/958/889
f 3844/969/900 3888/932/865 3889/934/866
f 3842/975/906 3841/977/908 3886/930/863
f 3841/977/908 3840/979/910 3885/928/861
f 3840/979/910 3839/982/913 3884/927/860
f 3839/982/913 3838/981/912 3883/925/858
f 3883/925/858 3838/981/912 3837/984/915
f 3836/986/917 3800/1005/936 3801/926/859
f 3904/1028/948 3903/1029/947 3894/1007/937
f 3907/1025/956 3906/1008/938 3894/1007/937
f 3910/1013/943 3909/1011/941 3896/1010/940
f 3903/1017/947 3912/1016/946 3911/1015/945
f 3894/1933/937 3903/1940/947 3902/1934/944
f 3899/2510/951 3900/2511/949 3901/1936/950
f 3901/1936/950 3891/1858/958 3892/2512/957
f 3892/2512/957 3893/2020/955 3895/1937/954
f 3895/1937/954 3897/2513/953 3898/1938/952
f 3898/1938/952 3899/2510/951 3901/1936/950
f 3901/1936/950 3892/2512/957 3895/1937/954
f 3932/1037/967 3931/1043/975 3920/1035/965
f 3925/1017/959 3934/1016/970 3933/1015/969
f 3923/1939/968 3920/2514/965 3916/1863/962
f 3924/2515/972 3913/1858/980 3914/1941/979
f 3914/1941/979 3915/2022/977 3917/1937/978
f 3917/1937/978 3918/2516/976 3919/1942/974
f 3919/1942/974 3921/2517/973 3922/1943/971
f 3922/1943/971 3924/2515/972 3914/1941/979
f 3914/1941/979 3917/1937/978 3919/1942/974
f 3941/1944/995 3939/2518/992 3936/1945/1621
f 3999/1947/1012 3937/2519/1047 3938/1948/1046
f 3948/1918/1622 3949/1047/1567 3994/1068/1002
f 3947/1931/1623 3948/1918/1622 3993/1054/1574
f 3946/1809/1569 3947/1931/1623 3992/1053/1573
f 3987/1104/1044 3974/1097/1037 3943/1070/1004
f 3963/1099/1039 3973/1098/1038 3972/1810/1570
f 3962/1110/1050 3972/1810/1570 3942/1815/1043
f 3966/1108/1048 3967/1109/1049 3978/1101/1041
f 3979/1092/1031 3980/1090/1029 3947/1931/1623
f 3980/1090/1029 3981/1089/1028 3948/1918/1622
f 3981/1089/1028 3982/972/903 3949/1047/1567
f 3982/972/903 3983/1088/1026 3950/1069/1003
f 3983/1088/1026 3984/1087/1025 3951/1067/1001
f 3985/1086/1024 3952/1065/998 3951/1067/1001
f 3945/1102/1042 3957/1080/1017 3956/1078/1015
f 3992/1053/1573 3958/1813/1572 3957/1080/1017
f 3993/1054/1574 3994/1068/1002 3959/1082/1019
f 3996/1064/997 3997/1066/999 3961/1812/1571
f 3965/1094/1033 3939/1059/992 4006/1058/991
f 3939/1059/992 3965/1094/1033 3964/1096/1036
f 3936/1950/1621 3964/1096/1036 3963/1099/1039
f 4024/1115/1058 4016/1117/1060 4017/1951/1624
f 4027/1111/1053 4022/1114/1056 4013/1953/1625
f 4016/1954/1060 4013/2520/1625 4022/1955/1056
f 4026/1043/1626 4022/1114/1056 4019/1113/1055
f 4012/1959/1061 4014/2091/1057 4015/2521/1059
f 4015/2521/1059 4018/2522/1627 4019/1957/1055
f 4019/1957/1055 4020/2511/1052 4021/1958/1054
f 4021/1958/1054 4011/1833/1063 4012/1959/1061
f 4012/1959/1061 4015/2521/1059 4019/1957/1055
f 4026/1043/1626 4018/1021/1627 4015/1116/1059
f 4042/1129/1075 4034/1130/1076 4037/1960/1628
f 4045/1120/1066 4040/1123/1069 4031/1962/1629
f 4034/1963/1076 4031/2523/1629 4040/1964/1069
f 4030/1968/1077 4032/2524/1074 4033/2525/1072
f 4033/2525/1072 4035/2526/1071 4036/1966/1068
f 4036/1966/1068 4038/1832/1065 4039/1967/1067
f 4039/1967/1067 4029/2527/1063 4030/1968/1077
f 4030/1968/1077 4033/2525/1072 4036/1966/1068
f 4059/1918/1622 4060/1823/1567 4105/1068/1002
f 4058/1931/1630 4059/1918/1622 4104/1830/1574
f 4057/994/1569 4058/1931/1630 4103/1829/1573
f 4098/1104/1101 4085/1165/1037 4054/1145/1004
f 4074/1136/1082 4084/1166/1098 4083/1824/1577
f 4073/1110/1105 4083/1824/1577 4053/1828/1100
f 4077/1173/1103 4078/1174/1104 4089/1167/1099
f 4090/1160/1031 4091/974/1093 4058/1931/1630
f 4091/974/1093 4092/973/1028 4059/1918/1622
f 4092/973/1028 4093/972/903 4060/1823/1567
f 4093/972/903 4094/1159/1026 4061/942/1003
f 4094/1159/1026 4095/1087/1025 4062/940/1001
f 4096/1158/1024 4063/1065/998 4062/940/1001
f 4056/1168/1042 4068/1050/1091 4067/999/1090
f 4103/1829/1573 4069/1813/1572 4068/1050/1091
f 4104/1830/1574 4105/1068/1002 4070/1154/1019
f 4107/1064/997 4108/1144/999 4072/1826/1571
f 4075/1164/1097 4047/1822/1576 4117/1137/1083
f 4123/1972/1631 4127/1974/1632 4135/1187/1118
f 4127/1974/1632 4129/1975/1633 4136/1185/1116
f 4133/1179/1110 4138/1180/1111 4137/1182/1113
f 4123/1976/1631 4133/2528/1110 4129/1977/1633
f 4140/1973/1578 4135/1187/1118 4125/1186/1117
f 4157/1111/1129 4152/1196/1130 4143/1980/1119
f 4145/1981/1122 4143/2529/1119 4152/1982/1130
f 4221/1984/1012 4161/2530/1047 4162/1948/1102
f 4146/1937/1135 4147/2531/1133 4148/1942/1131
f 4148/1942/1131 4150/2532/1128 4151/1986/1126
f 4151/1986/1126 4141/2533/1127 4142/1941/1136
f 4142/1941/1136 4144/2022/1134 4146/1937/1135
f 4146/1937/1135 4148/1942/1131 4151/1986/1126
f 4172/1246/1174 4173/1840/1170 4219/1990/1582
f 4171/1245/1173 4172/1246/1174 4218/1842/1586
f 4170/1244/1172 4171/1245/1173 4217/1248/1175
f 4169/1243/1171 4170/1244/1172 4216/1841/1585
f 4208/1104/1101 4194/1237/1037 4165/1216/1004
f 4183/1202/1082 4193/1238/1098 4192/1835/1581
f 4182/1250/1176 4192/1835/1581 4191/1240/1169
f 4186/1173/1103 4187/1235/1166 4198/993/1580
f 4214/1211/1146 4178/1838/1584 4212/1215/1150
f 4218/1842/1586 4219/1990/1582 4181/1837/1583
f 4184/1164/1097 4159/1834/1576 4228/1203/1140
f 4247/1034/1058 4239/1255/1060 4240/1991/1624
f 4250/1120/1053 4245/1252/1056 4236/1993/1625
f 4239/1994/1060 4236/2534/1625 4245/1982/1056
f 4249/1197/1626 4245/1252/1056 4242/1113/1177
f 4235/1998/1061 4237/2535/1057 4238/2536/1059
f 4238/2536/1059 4241/2537/1627 4242/1996/1177
f 4242/1996/1177 4243/2538/1052 4244/1997/1054
f 4244/1997/1054 4234/2539/1063 4235/1998/1061
f 4235/1998/1061 4238/2536/1059 4242/1996/1177
f 4249/1197/1626 4241/1021/1627 4238/1254/1059
f 4265/1034/1191 4257/1267/1192 4260/1258/1178
f 4262/2000/1181 4260/2540/1178 4257/2001/1192
f 4263/2005/1186 4252/2541/1195 4253/1959/1193
f 4253/1959/1193 4255/2524/1190 4256/2003/1189
f 4256/2003/1189 4258/2542/1188 4259/2004/1187
f 4259/2004/1187 4261/2543/1185 4263/2005/1186
f 4263/2005/1186 4253/1959/1193 4256/2003/1189
f 4334/2006/1012 4273/2544/1047 4274/2007/1046
f 4283/1918/1622 4284/1823/1567 4329/1068/1002
f 4282/2009/1623 4283/1918/1622 4328/1054/1574
f 4281/1848/1569 4282/2009/1623 4327/1829/1573
f 4322/1312/1044 4309/1165/1037 4278/1070/1004
f 4298/1307/1216 4308/1306/1215 4307/1849/1588
f 4297/1318/1219 4307/1849/1588 4277/1853/1100
f 4301/1316/1217 4302/1317/1218 4313/1309/1041
f 4314/1302/1211 4315/1300/1029 4282/2009/1623
f 4315/1300/1029 4316/973/1028 4283/1918/1622
f 4316/973/1028 4317/972/903 4284/1823/1567
f 4317/972/903 4318/1299/1026 4285/1283/1205
f 4318/1299/1026 4319/1298/1209 4286/940/1001
f 4320/1297/1024 4287/1280/998 4286/940/1001
f 4280/1310/1042 4292/1292/1017 4291/1290/1090
f 4327/1829/1573 4293/1838/1589 4292/1292/1017
f 4328/1054/1574 4329/1068/1002 4294/1225/1207
f 4331/1279/997 4332/1281/999 4296/1851/1571
f 4300/1304/1212 4272/1273/1200 4341/1272/1199
f 4272/1273/1200 4300/1304/1212 4299/1096/1214
f 4355/1327/1230 4361/1328/1231 4360/1324/1225
f 4351/2010/1224 4349/2545/1220 4357/2011/1590
f 4363/1322/1222 4358/1321/1221 4347/1026/1235
f 4377/1185/1240 4368/1334/1239 4370/1335/1241
f 4368/2014/1239 4375/2546/1236 4374/2015/1248
f 4381/1333/1238 4376/1332/1237 4365/1345/1252
f 4397/1004/1293 4385/995/1290 4412/1364/1273
f 4393/1358/1267 4415/1052/1315 4416/1397/1313
f 4395/1379/1292 4394/959/1269 4416/1397/1313
f 4399/1371/1282 4382/1402/1256 4383/1347/1254
f 4430/2018/1594 4428/1933/1301 4434/1940/1593
f 4429/2021/1298 4431/2547/1294 4432/2019/1296
f 4432/2019/1296 4426/2512/1302 4427/2020/1299
f 4437/2024/1305 4438/1941/1311 4439/2022/1309
f 4439/2022/1309 4441/2548/1308 4442/2023/1307
f 4442/2023/1307 4446/1943/1303 4437/2024/1305
f 4484/1451/1361 4455/1446/1356 4456/1447/1357
f 4454/1412/1323 4455/1446/1356 4484/1451/1361
f 4477/1454/1339 4463/1442/1352 4470/1443/1353
f 4482/1414/1325 4460/1424/1335 4459/1449/1359
f 4482/1414/1325 4483/1413/1324 4461/1450/1360
f 4464/1440/1350 4448/1869/1321 4450/1407/1318
f 4497/1462/1369 4504/1009/1370 4506/1797/1596
f 4502/1455/1362 4500/1457/1364 4505/1459/1366
f 4503/2027/1634 4502/2549/1362 4499/2028/1635
f 4510/1462/1369 4517/1009/1375 4519/1872/1596
f 4495/2035/1368 4496/2550/1365 4498/2033/1367
f 4498/2033/1367 4500/1942/1364 4501/2034/1363
f 4501/2034/1363 4494/2551/1371 4495/2035/1368
f 4515/1464/1372 4513/1466/1373 4518/1467/1366
f 4516/2037/1634 4515/2552/1372 4512/2038/1635
f 4557/1509/1398 4528/1504/1397 4529/1505/1357
f 4508/2035/1368 4509/2022/1365 4511/2042/1374
f 4511/2042/1374 4513/2553/1373 4514/2043/1363
f 4514/2043/1363 4507/2554/1376 4508/2035/1368
f 4527/1475/1323 4528/1504/1397 4557/1509/1398
f 4550/1512/1388 4536/1500/1395 4543/1501/1396
f 4555/1414/1325 4533/1485/1386 4532/1507/1359
f 4555/1414/1325 4556/1476/1324 4534/1508/1360
f 4521/1471/1378 4538/1494/1391 4537/1498/1393
f 4520/2044/1597 4537/1498/1393 4536/1500/1395
f 4567/2051/1407 4568/2056/1405 4570/2049/1406
f 4570/2049/1406 4572/2555/1400 4573/2050/1403
f 4573/2050/1403 4574/2556/1409 4567/2051/1407
f 4578/2058/1636 4585/1941/1411 4579/2056/1418
f 4579/2056/1418 4581/2557/1417 4583/2057/1416
f 4583/2057/1416 4587/2558/1414 4578/2058/1636
f 4607/1563/1448 4593/1564/1449 4614/1566/1451
f 4618/1554/1439 4619/1553/1438 4597/1883/1600
f 4598/1540/1426 4597/1883/1600 4619/1553/1438
f 4592/1551/1435 4599/1884/1601 4598/1540/1426
f 4625/1882/1599 4603/1546/1431 4602/1571/1454
f 4625/1882/1599 4626/1539/1425 4604/1572/1455
f 4608/1498/1446 4589/1574/1423 4591/1534/1420
f 4641/2061/1605 4636/2500/1458 4637/2059/1457
f 4637/2059/1457 4639/2559/1606 4644/2060/1462
f 4644/2060/1462 4645/2560/1463 4641/2061/1605
f 4653/2061/1607 4647/2500/1467 4648/2065/1466
f 4648/2065/1466 4650/2561/1637 4652/2066/1471
f 4652/2066/1471 4657/2560/1473 4653/2061/1607
f 4656/1580/1470 4652/1590/1471 4650/2067/1637
f 4695/1631/1492 4666/1627/1489 4667/1628/1490
f 4665/1599/1476 4666/1627/1489 4695/1631/1492
f 4688/1634/1339 4674/1623/1486 4681/1624/1487
f 4693/1600/1325 4671/1607/1386 4670/1630/1359
f 4693/1600/1325 4694/1476/1477 4672/1379/1491
f 4675/1621/1350 4659/1898/1321 4661/1594/1318
f 4705/2073/1636 4712/2562/1411 4706/2071/1418
f 4706/2071/1418 4708/2563/1494 4710/2072/1493
f 4710/2072/1493 4714/1986/1414 4705/2073/1636
f 4716/2080/1636 4723/2564/1411 4717/2078/1418
f 4717/2078/1418 4720/2563/1417 4721/2079/1493
f 4721/2079/1493 4725/2565/1414 4716/2080/1636
f 4763/1682/1492 4734/1679/1489 4735/1680/1490
f 4733/1475/1476 4734/1679/1489 4763/1682/1492
f 4756/1683/1339 4742/1676/1486 4749/1677/1503
f 4761/1657/1497 4739/1607/1386 4738/1681/1504
f 4761/1657/1497 4762/1656/1477 4740/1450/1491
f 4743/1498/1350 4727/1903/1321 4729/1651/1318
f 4773/2080/1636 4780/2492/1411 4774/2022/1418
f 4774/2022/1418 4776/2566/1505 4778/2083/1493
f 4778/2083/1493 4782/2567/1414 4773/2080/1636
f 4791/1690/1506 4795/1696/1512 4794/1906/1611
f 4793/2084/1507 4791/2568/1506 4789/2085/1515
f 4784/2080/1510 4785/2051/1516 4786/2022/1514
f 4786/2022/1514 4788/2569/1513 4790/2086/1511
f 4790/2086/1511 4792/2570/1509 4784/2080/1510
f 4833/1739/1540 4804/1735/1397 4805/1736/1539
f 4803/1709/1323 4804/1735/1397 4833/1739/1540
f 4826/1741/1528 4812/1703/1519 4819/1732/1536
f 4831/1710/1325 4809/1720/1526 4808/1738/1504
f 4831/1710/1325 4832/1539/1324 4810/1572/1360
f 4813/1730/1534 4797/1702/1518 4799/1706/1522
f 4852/1750/1548 4849/1749/1547 4844/2087/1541
f 4848/2093/1612 4842/2500/1543 4843/2091/1542
f 4843/2091/1542 4845/2571/1638 4847/2092/1546
f 4847/2092/1546 4852/2572/1548 4848/2093/1612
f 4851/1747/1545 4847/1748/1546 4845/2094/1638
f 4864/1758/1551 4861/1757/1547 4856/2095/1541
f 4860/2100/1614 4854/2573/1549 4855/2098/1542
f 4855/2098/1542 4857/2574/1638 4859/2099/1546
f 4859/2099/1546 4864/2572/1551 4860/2100/1614
f 4863/1580/1550 4859/1756/1546 4857/2101/1638
f 4902/1786/1398 4873/1783/1356 4874/1447/1357
f 4872/1599/1323 4873/1783/1356 4902/1786/1398
f 4895/1788/1339 4881/1442/1486 4888/1780/1353
f 4900/1710/1325 4878/1607/1386 4877/1785/1504
f 4900/1710/1325 4901/1762/1324 4879/1450/1360
f 4882/1621/1350 4866/1917/1321 4868/1759/1318
f 4913/1922/1617 4921/1798/1560 4923/1797/1553
f 4920/2102/1639 4918/2575/1555 4915/2103/1640
f 4932/1800/1372 4930/1801/1364 4934/1803/1562
f 4933/2102/1641 4932/2576/1372 4929/2107/1642
f 4925/2051/1564 4926/2577/1561 4928/2108/1563
f 4928/2108/1563 4930/1942/1364 4931/2109/1363
f 4931/2109/1363 4924/2080/1566 4925/2051/1564
f 4938/31/6 4942/25/6 4940/19/6
f 4964/2110/1643 4950/18/1643 4948/24/1643
f 4950/18/4 4946/37/4 4944/33/4
f 4962/135/1644 4960/154/1644 4938/34/1644
f 4949/2578/7 4965/2579/7 4948/24/7
f 4944/33/7 4956/136/7 4973/2580/7
f 4945/2112/7 4949/2578/7 4948/24/7
f 4944/33/7 4973/2580/7 4945/2112/7
f 4943/2581/1 4966/2582/1 4942/15/1
f 4938/139/1 4960/140/1 4968/2583/1
f 4939/2113/1 4943/2581/1 4942/15/1
f 4938/139/1 4968/2583/1 4939/2113/1
f 4958/2114/1 4970/2121/1 4955/153/1
f 4959/142/1 4972/2584/1 4958/2114/1
f 4962/146/7 4969/2585/7 4963/2115/7
f 4953/145/7 4962/146/7 4963/2115/7
s 0
f 4963/2115/11 4952/2116/11 4971/2116/11
s 1
f 4956/147/11 4959/155/11 4955/148/11
f 4944/33/1645 4946/37/1645 4959/155/1645
f 4947/2117/1 4972/2584/1 4959/142/1
f 4950/18/1 4964/2586/1 4951/2587/1
f 4947/2117/1 4959/142/1 4946/37/1
f 4950/18/1 4951/2587/1 4947/2117/1
f 4956/136/7 4953/145/7 4971/2116/7
f 4957/2118/7 4973/2580/7 4956/136/7
f 4942/25/1646 4966/2588/1646 4967/2119/1646
f 4937/2120/7 4969/2585/7 4962/146/7
f 4940/13/7 4967/2589/7 4941/2590/7
f 4937/2120/7 4962/146/7 4936/36/7
f 4940/13/7 4941/2590/7 4937/2120/7
f 4961/2122/1 4968/2583/1 4960/140/1
f 4961/2122/1 4960/140/1 4955/153/1
s 0
f 4970/2121/21 4954/2121/2071 4961/2122/2071
s 1
f 4953/149/11 4955/148/11 4960/154/11
f 4939/31/4 4937/32/4 4941/19/4
f 4949/24/1647 4951/18/1647 4964/2123/1647
f 4947/37/6 4951/18/6 4949/24/6
f 4968/2125/1649 4961/154/1649 4963/135/1649
f 4963/135/2078 4969/2131/2079 4937/35/2080
f 4937/35/1649 4939/34/1649 4968/2125/1649
s 0
f 4952/149/21 4954/148/21 4970/2126/21
s 1
f 4970/2126/21 4958/155/21 4957/147/21
s 0
f 4971/2127/21 4952/149/21 4970/2126/21
s 1
f 4957/147/1651 4958/155/1650 4972/2128/1650
f 4972/2128/1650 4947/37/1651 4945/33/1651
f 4945/33/2081 4973/2132/2082 4957/147/2082
f 4943/25/1652 4941/19/1652 4967/2129/1652
f 4961/154/21 4954/148/21 4952/149/21
f 4974/32/6 4976/31/6 4980/25/6
f 5002/2110/1643 4988/18/1643 4986/24/1643
f 4988/18/4 4984/37/4 4982/33/4
f 5000/135/1644 4998/154/1644 4976/34/1644
f 4987/2578/7 5003/2579/7 4986/24/7
f 4982/33/7 4994/136/7 5011/2580/7
f 4983/2112/7 4987/2578/7 4986/24/7
f 4982/33/7 5011/2580/7 4983/2112/7
f 4981/2581/1 5004/2582/1 4980/15/1
f 4976/139/1 4998/140/1 5006/2583/1
f 4977/2113/1 4981/2581/1 4980/15/1
f 4976/139/1 5006/2583/1 4977/2113/1
f 4996/2114/1 5008/2121/1 4993/153/1
f 4997/142/1 5010/2584/1 4996/2114/1
f 5009/2116/7 4991/145/7 5000/146/7
f 5000/146/7 5007/2585/7 5001/2115/7
f 4990/2116/2083 5009/2116/2083 5000/146/2083
f 4994/147/11 4997/155/11 4993/148/11
f 4982/33/1645 4984/37/1645 4997/155/1645
f 4985/2117/1 5010/2584/1 4997/142/1
f 4988/18/1 5002/2586/1 4989/2587/1
f 4985/2117/1 4997/142/1 4984/37/1
f 4988/18/1 4989/2587/1 4985/2117/1
f 4994/136/7 4991/145/7 5009/2116/7
f 4995/2118/7 5011/2580/7 4994/136/7
f 4980/25/1646 5004/2588/1646 5005/2119/1646
f 4975/2120/7 5007/2585/7 5000/146/7
f 4978/13/7 5005/2589/7 4979/2590/7
f 4975/2120/7 5000/146/7 4974/36/7
f 4978/13/7 4979/2590/7 4975/2120/7
f 4999/2122/1 5006/2583/1 4998/140/1
f 4998/140/1 4993/153/1 5008/2121/1
f 4992/2121/1 4999/2122/1 4998/140/1
f 4991/149/11 4993/148/11 4998/154/11
f 4977/31/4 4975/32/4 4979/19/4
f 4987/24/1647 4989/18/1647 5002/2123/1647
f 4989/18/6 4987/24/6 4983/33/6
f 5006/2125/1649 4999/154/1649 5001/135/1649
f 5007/2131/1649 4975/35/1649 4977/34/1654
f 5006/2125/1649 5001/135/1649 5007/2131/1649
f 4990/149/2084 4992/148/2084 5008/2126/2084
f 5008/2126/21 4996/155/21 4995/147/21
s 0
f 4995/147/2085 5009/2127/2085 4990/149/2085
s 1
f 4995/147/1651 4996/155/1650 5010/2128/1651
f 5010/2128/1651 4985/37/1651 4983/33/1651
f 4983/33/2086 5011/2132/2087 4995/147/2088
f 4981/25/1652 4979/19/1652 5005/2129/1652
f 4999/154/21 4992/148/21 4990/149/21
f 5014/31/6 5018/25/6 5016/19/6
f 5040/2110/1655 5026/18/1655 5024/24/1655
f 5026/18/4 5022/37/4 5020/33/4
f 5038/135/1656 5036/154/1656 5014/34/1656
f 5025/2578/7 5041/2579/7 5024/24/7
f 5020/33/7 5032/136/7 5049/2580/7
f 5021/2112/7 5025/2578/7 5024/24/7
f 5020/33/7 5049/2580/7 5021/2112/7
f 5019/2581/1 5042/2582/1 5018/15/1
f 5014/139/1 5036/140/1 5044/2583/1
f 5015/2113/1 5019/2581/1 5018/15/1
f 5014/139/1 5044/2583/1 5015/2113/1
f 5034/2114/1 5046/2121/1 5031/153/1
f 5035/142/1 5048/2584/1 5034/2114/1
f 5047/2116/7 5029/145/7 5038/146/7
f 5038/146/7 5045/2585/7 5039/2115/7
f 5028/2116/2089 5047/2116/2089 5038/146/2089
f 5032/147/11 5035/155/11 5031/148/11
f 5020/33/1657 5022/37/1657 5035/155/1657
f 5023/2117/1 5048/2584/1 5035/142/1
f 5026/18/1 5040/2586/1 5027/2587/1
f 5023/2117/1 5035/142/1 5022/37/1
f 5026/18/1 5027/2587/1 5023/2117/1
f 5032/136/7 5029/145/7 5047/2116/7
f 5033/2118/7 5049/2580/7 5032/136/7
f 5018/25/1658 5042/2588/1658 5043/2119/1658
f 5013/2120/7 5045/2585/7 5038/146/7
f 5016/13/7 5043/2589/7 5017/2590/7
f 5013/2120/7 5038/146/7 5012/36/7
f 5016/13/7 5017/2590/7 5013/2120/7
f 5037/2122/1 5044/2583/1 5036/140/1
f 5036/140/1 5031/153/1 5046/2121/1
f 5030/2121/1 5037/2122/1 5036/140/1
f 5029/149/11 5031/148/11 5036/154/11
f 5013/32/4 5017/19/4 5019/25/4
f 5025/24/1662 5027/18/1663 5040/2123/1663
f 5027/18/6 5025/24/6 5021/33/6
f 5044/2125/1664 5037/154/1670 5039/135/1664
f 5039/135/2090 5045/2131/2091 5013/35/2091
f 5013/35/1664 5015/34/1664 5044/2125/1664
f 5028/149/1668 5030/148/2092 5046/2126/2093
f 5046/2126/21 5034/155/21 5033/147/21
f 5047/2127/2071 5028/149/2094 5046/2126/2071
f 5033/147/1666 5034/155/1665 5048/2128/1665
f 5048/2128/1665 5023/37/1665 5021/33/1666
f 5021/33/2095 5049/2132/2095 5033/147/2096
f 5019/25/1667 5017/19/1667 5043/2129/1667
f 5037/154/21 5030/148/2092 5028/149/1668
f 5052/31/6 5056/25/6 5054/19/6
f 5078/2110/1655 5064/18/1655 5062/24/1655
f 5064/18/4 5060/37/4 5058/33/4
f 5076/135/1656 5074/154/1656 5052/34/1656
f 5063/2578/7 5079/2579/7 5062/24/7
f 5058/33/7 5070/136/7 5087/2580/7
f 5059/2112/7 5063/2578/7 5062/24/7
f 5058/33/7 5087/2580/7 5059/2112/7
f 5057/2581/1 5080/2582/1 5056/15/1
f 5052/139/1 5074/140/1 5082/2583/1
f 5053/2113/1 5057/2581/1 5056/15/1
f 5052/139/1 5082/2583/1 5053/2113/1
f 5072/2114/1 5084/2121/1 5069/153/1
f 5073/142/1 5086/2584/1 5072/2114/1
f 5085/2116/7 5067/145/7 5076/146/7
f 5076/146/7 5083/2585/7 5077/2115/7
s 0
f 5077/2115/21 5066/2116/21 5085/2116/21
s 1
f 5070/147/11 5073/155/11 5069/148/11
f 5058/33/1657 5060/37/1657 5073/155/1657
f 5061/2117/1 5086/2584/1 5073/142/1
f 5064/18/1 5078/2586/1 5065/2587/1
f 5061/2117/1 5073/142/1 5060/37/1
f 5064/18/1 5065/2587/1 5061/2117/1
f 5070/136/7 5067/145/7 5085/2116/7
f 5071/2118/7 5087/2580/7 5070/136/7
f 5056/25/1658 5080/2588/1658 5081/2119/1658
f 5051/2120/7 5083/2585/7 5076/146/7
f 5054/13/7 5081/2589/7 5055/2590/7
f 5051/2120/7 5076/146/7 5050/36/7
f 5054/13/7 5055/2590/7 5051/2120/7
f 5075/2122/1 5082/2583/1 5074/140/1
f 5074/140/1 5069/153/1 5084/2121/1
f 5068/2121/1 5075/2122/1 5074/140/1
f 5067/149/11 5069/148/11 5074/154/11
f 5051/32/4 5055/19/4 5057/25/4
f 5063/24/1663 5065/18/1663 5078/2123/1663
f 5065/18/6 5063/24/6 5059/33/6
f 5082/2125/1670 5075/154/1670 5077/135/1664
f 5077/135/2097 5083/2131/2097 5051/35/2098
f 5051/35/1664 5053/34/1664 5082/2125/1670
s 0
f 5066/149/11 5068/148/11 5084/2126/11
s 1
f 5084/2126/21 5072/155/21 5071/147/21
s 0
f 5085/2127/21 5066/149/2099 5084/2126/2071
s 1
f 5071/147/1665 5072/155/1666 5086/2128/1666
f 5086/2128/1666 5061/37/1665 5059/33/1665
f 5087/2132/1665 5071/147/1665 5086/2128/1666
f 5057/25/1671 5055/19/1667 5081/2129/1667
f 5075/154/21 5068/148/21 5066/149/21
f 5088/32/6 5090/31/6 5094/25/6
f 5116/2110/1643 5102/18/1643 5100/24/1643
f 5102/18/4 5098/37/4 5096/33/4
f 5114/135/1644 5112/154/1644 5090/34/1644
f 5101/2578/7 5117/2579/7 5100/24/7
f 5096/33/7 5108/136/7 5125/2580/7
f 5097/2112/7 5101/2578/7 5100/24/7
f 5096/33/7 5125/2580/7 5097/2112/7
f 5095/2581/1 5118/2582/1 5094/15/1
f 5090/139/1 5112/140/1 5120/2583/1
f 5091/2113/1 5095/2581/1 5094/15/1
f 5090/139/1 5120/2583/1 5091/2113/1
f 5110/2114/1 5122/2121/1 5107/153/1
f 5111/142/1 5124/2584/1 5110/2114/1
f 5123/2116/7 5105/145/7 5114/146/7
f 5114/146/7 5121/2585/7 5115/2115/7
s 0
f 5115/2115/2100 5104/2116/2101 5123/2116/2101
s 1
f 5108/147/11 5111/155/11 5107/148/11
f 5096/33/1645 5098/37/1645 5111/155/1645
f 5099/2117/1 5124/2584/1 5111/142/1
f 5102/18/1 5116/2586/1 5103/2587/1
f 5099/2117/1 5111/142/1 5098/37/1
f 5102/18/1 5103/2587/1 5099/2117/1
f 5108/136/7 5105/145/7 5123/2116/7
f 5109/2118/7 5125/2580/7 5108/136/7
f 5094/25/1646 5118/2588/1646 5119/2119/1646
f 5089/2120/7 5121/2585/7 5114/146/7
f 5092/13/7 5119/2589/7 5093/2590/7
f 5089/2120/7 5114/146/7 5088/36/7
f 5092/13/7 5093/2590/7 5089/2120/7
f 5113/2122/1 5120/2583/1 5112/140/1
f 5112/140/1 5107/153/1 5122/2121/1
f 5106/2121/1 5113/2122/1 5112/140/1
f 5105/149/11 5107/148/11 5112/154/11
f 5089/32/4 5093/19/4 5095/25/4
f 5101/24/1647 5103/18/1674 5116/2123/1674
f 5103/18/6 5101/24/6 5097/33/6
f 5120/2125/1654 5113/154/1654 5115/135/1649
f 5115/135/2102 5121/2131/2103 5089/35/2104
f 5089/35/1649 5091/34/1649 5120/2125/1654
s 0
f 5104/149/2105 5106/148/21 5122/2126/2105
s 1
f 5122/2126/21 5110/155/21 5109/147/21
s 0
f 5109/147/2106 5123/2127/2106 5104/149/2106
s 1
f 5109/147/1651 5110/155/1651 5124/2128/1651
f 5124/2128/1651 5099/37/1651 5097/33/1650
f 5125/2132/1651 5109/147/1651 5124/2128/1651
f 5095/25/1652 5093/19/1675 5119/2129/1675
f 5113/154/21 5106/148/21 5104/149/21
f 5126/32/6 5128/31/6 5132/25/6
f 5154/2110/1643 5140/18/1643 5138/24/1643
f 5140/18/4 5136/37/4 5134/33/4
f 5152/135/1644 5150/154/1644 5128/34/1644
f 5139/2578/7 5155/2579/7 5138/24/7
f 5134/33/7 5146/136/7 5163/2580/7
f 5135/2112/7 5139/2578/7 5138/24/7
f 5134/33/7 5163/2580/7 5135/2112/7
f 5133/2581/1 5156/2582/1 5132/15/1
f 5128/139/1 5150/140/1 5158/2583/1
f 5129/2113/1 5133/2581/1 5132/15/1
f 5128/139/1 5158/2583/1 5129/2113/1
f 5148/2114/1 5160/2121/1 5145/153/1
f 5149/142/1 5162/2584/1 5148/2114/1
f 5161/2116/7 5143/145/7 5152/146/7
f 5152/146/7 5159/2585/7 5153/2115/7
f 5142/2116/2107 5161/2116/2107 5152/146/2108
f 5146/147/11 5149/155/11 5145/148/11
f 5134/33/1645 5136/37/1645 5149/155/1645
f 5137/2117/1 5162/2584/1 5149/142/1
f 5140/18/1 5154/2586/1 5141/2587/1
f 5137/2117/1 5149/142/1 5136/37/1
f 5140/18/1 5141/2587/1 5137/2117/1
f 5146/136/7 5143/145/7 5161/2116/7
f 5147/2118/7 5163/2580/7 5146/136/7
f 5132/25/1646 5156/2588/1646 5157/2119/1646
f 5127/2120/7 5159/2585/7 5152/146/7
f 5130/13/7 5157/2589/7 5131/2590/7
f 5127/2120/7 5152/146/7 5126/36/7
f 5130/13/7 5131/2590/7 5127/2120/7
f 5151/2122/1 5158/2583/1 5150/140/1
f 5150/140/1 5145/153/1 5160/2121/1
f 5144/2121/1 5151/2122/1 5150/140/1
f 5143/149/11 5145/148/11 5150/154/11
f 5127/32/4 5131/19/4 5133/25/4
f 5139/24/1647 5141/18/1647 5154/2123/1647
f 5141/18/6 5139/24/6 5135/33/6
f 5158/2125/1649 5151/154/1654 5153/135/1649
f 5153/135/1768 5159/2131/1768 5127/35/1760
f 5127/35/1649 5129/34/1649 5158/2125/1649
f 5142/149/1678 5144/148/2109 5160/2126/2110
f 5160/2126/21 5148/155/21 5147/147/21
f 5161/2127/2071 5142/149/2094 5160/2126/2071
f 5147/147/1650 5148/155/1650 5162/2128/1650
f 5162/2128/1650 5137/37/1651 5135/33/1651
f 5163/2132/1651 5147/147/1650 5162/2128/1650
f 5133/25/1652 5131/19/2111 5157/2129/1652
f 5151/154/21 5144/148/2109 5142/149/1678
f 5166/31/6 5170/25/6 5168/19/6
f 5192/2110/1655 5178/18/1655 5176/24/1655
f 5178/18/4 5174/37/4 5172/33/4
f 5190/135/1656 5188/154/1656 5166/34/1656
f 5177/2578/7 5193/2579/7 5176/24/7
f 5172/33/7 5184/136/7 5201/2580/7
f 5173/2112/7 5177/2578/7 5176/24/7
f 5172/33/7 5201/2580/7 5173/2112/7
f 5171/2581/1 5194/2582/1 5170/15/1
f 5166/139/1 5188/140/1 5196/2583/1
f 5167/2113/1 5171/2581/1 5170/15/1
f 5166/139/1 5196/2583/1 5167/2113/1
f 5186/2114/1 5198/2121/1 5183/153/1
f 5187/142/1 5200/2584/1 5186/2114/1
f 5199/2116/7 5181/145/7 5190/146/7
f 5190/146/7 5197/2585/7 5191/2115/7
f 5180/2116/2071 5199/2116/2071 5190/146/2071
f 5184/147/11 5187/155/11 5183/148/11
f 5172/33/1657 5174/37/1657 5187/155/1657
f 5175/2117/1 5200/2584/1 5187/142/1
f 5178/18/1 5192/2586/1 5179/2587/1
f 5175/2117/1 5187/142/1 5174/37/1
f 5178/18/1 5179/2587/1 5175/2117/1
f 5184/136/7 5181/145/7 5199/2116/7
f 5185/2118/7 5201/2580/7 5184/136/7
f 5170/25/1658 5194/2588/1658 5195/2119/1658
f 5165/2120/7 5197/2585/7 5190/146/7
f 5168/13/7 5195/2589/7 5169/2590/7
f 5165/2120/7 5190/146/7 5164/36/7
f 5168/13/7 5169/2590/7 5165/2120/7
f 5189/2122/1 5196/2583/1 5188/140/1
f 5188/140/1 5183/153/1 5198/2121/1
f 5198/2121/11 5182/2121/11 5189/2122/11
f 5181/149/11 5183/148/11 5188/154/11
f 5167/31/4 5165/32/4 5169/19/4
f 5177/24/1662 5179/18/1663 5192/2123/1663
f 5175/37/6 5179/18/6 5177/24/6
f 5196/2125/1670 5189/154/1670 5191/135/1670
f 5197/2131/1664 5165/35/1664 5167/34/1670
f 5196/2125/1670 5191/135/1670 5197/2131/1664
f 5180/149/1679 5182/148/2112 5198/2126/2113
f 5198/2126/21 5186/155/21 5185/147/21
f 5199/2127/2071 5180/149/2071 5198/2126/2071
f 5185/147/1666 5186/155/1665 5200/2128/1665
f 5200/2128/1665 5175/37/1666 5173/33/1665
f 5201/2132/1665 5185/147/1666 5200/2128/1665
f 5171/25/1667 5169/19/1667 5195/2129/1667
f 5189/154/21 5182/148/2112 5180/149/1679
f 5204/31/6 5208/25/6 5206/19/6
f 5230/2110/1655 5216/18/1655 5214/24/1655
f 5216/18/4 5212/37/4 5210/33/4
f 5228/135/1656 5226/154/1656 5204/34/1656
f 5215/2578/7 5231/2579/7 5214/24/7
f 5210/33/7 5222/136/7 5239/2580/7
f 5211/2112/7 5215/2578/7 5214/24/7
f 5210/33/7 5239/2580/7 5211/2112/7
f 5209/2581/1 5232/2582/1 5208/15/1
f 5204/139/1 5226/140/1 5234/2583/1
f 5205/2113/1 5209/2581/1 5208/15/1
f 5204/139/1 5234/2583/1 5205/2113/1
f 5224/2114/1 5236/2121/1 5221/153/1
f 5225/142/1 5238/2584/1 5224/2114/1
f 5237/2116/7 5219/145/7 5228/146/7
f 5228/146/7 5235/2585/7 5229/2115/7
f 5229/2115/11 5218/2116/11 5237/2116/11
f 5222/147/11 5225/155/11 5221/148/11
f 5210/33/1657 5212/37/1657 5225/155/1657
f 5213/2117/1 5238/2584/1 5225/142/1
f 5216/18/1 5230/2586/1 5217/2587/1
f 5213/2117/1 5225/142/1 5212/37/1
f 5216/18/1 5217/2587/1 5213/2117/1
f 5222/136/7 5219/145/7 5237/2116/7
f 5223/2118/7 5239/2580/7 5222/136/7
f 5208/25/1658 5232/2588/1658 5233/2119/1658
f 5203/2120/7 5235/2585/7 5228/146/7
f 5206/13/7 5233/2589/7 5207/2590/7
f 5203/2120/7 5228/146/7 5202/36/7
f 5206/13/7 5207/2590/7 5203/2120/7
f 5227/2122/1 5234/2583/1 5226/140/1
f 5226/140/1 5221/153/1 5236/2121/1
s 0
f 5236/2121/21 5220/2121/21 5227/2122/21
s 1
f 5219/149/11 5221/148/11 5226/154/11
f 5203/32/4 5207/19/4 5209/25/4
f 5215/24/1663 5217/18/1662 5230/2123/1662
f 5217/18/6 5215/24/6 5211/33/6
f 5234/2125/1670 5227/154/1670 5229/135/1664
f 5235/2131/1664 5203/35/1664 5205/34/1664
f 5234/2125/1670 5229/135/1664 5235/2131/1664
f 5218/149/2114 5220/148/2114 5236/2126/2114
f 5236/2126/21 5224/155/21 5223/147/21
f 5237/2127/21 5218/149/21 5236/2126/21
f 5223/147/1665 5224/155/1665 5238/2128/1665
f 5238/2128/1665 5213/37/1665 5211/33/1665
f 5211/33/2115 5239/2132/2115 5223/147/2116
f 5209/25/1667 5207/19/1667 5233/2129/1667
f 5227/154/21 5220/148/21 5218/149/21
f 5242/31/6 5246/25/6 5244/19/6
f 5268/2110/1643 5254/18/1643 5252/24/1643
f 5254/18/4 5250/37/4 5248/33/4
f 5266/135/1644 5264/154/1644 5242/34/1644
f 5253/2578/7 5269/2579/7 5252/24/7
f 5248/33/7 5260/136/7 5277/2580/7
f 5249/2112/7 5253/2578/7 5252/24/7
f 5248/33/7 5277/2580/7 5249/2112/7
f 5247/2581/1 5270/2582/1 5246/15/1
f 5242/139/1 5264/140/1 5272/2583/1
f 5243/2113/1 5247/2581/1 5246/15/1
f 5242/139/1 5272/2583/1 5243/2113/1
f 5262/2114/1 5274/2121/1 5259/153/1
f 5263/142/1 5276/2584/1 5262/2114/1
f 5275/2116/7 5257/145/7 5266/146/7
f 5266/146/7 5273/2585/7 5267/2115/7
f 5267/2115/2117 5256/2116/2117 5275/2116/2117
f 5260/147/11 5263/155/11 5259/148/11
f 5248/33/1645 5250/37/1645 5263/155/1645
f 5251/2117/1 5276/2584/1 5263/142/1
f 5254/18/1 5268/2586/1 5255/2587/1
f 5251/2117/1 5263/142/1 5250/37/1
f 5254/18/1 5255/2587/1 5251/2117/1
f 5260/136/7 5257/145/7 5275/2116/7
f 5261/2118/7 5277/2580/7 5260/136/7
f 5246/25/1646 5270/2588/1646 5271/2119/1646
f 5241/2120/7 5273/2585/7 5266/146/7
f 5244/13/7 5271/2589/7 5245/2590/7
f 5241/2120/7 5266/146/7 5240/36/7
f 5244/13/7 5245/2590/7 5241/2120/7
f 5265/2122/1 5272/2583/1 5264/140/1
f 5264/140/1 5259/153/1 5274/2121/1
f 5274/2121/2118 5258/2121/2119 5265/2122/2120
f 5257/149/11 5259/148/11 5264/154/11
f 5241/32/4 5245/19/4 5247/25/4
f 5253/24/1647 5255/18/1647 5268/2123/1647
f 5255/18/6 5253/24/6 5249/33/6
f 5272/2125/1649 5265/154/1649 5267/135/1649
f 5273/2131/1649 5241/35/1649 5243/34/1654
f 5272/2125/1649 5267/135/1649 5273/2131/1649
f 5256/149/11 5258/148/11 5274/2126/11
f 5274/2126/21 5262/155/21 5261/147/21
f 5261/147/2121 5275/2127/2121 5256/149/2121
f 5261/147/1651 5262/155/1651 5276/2128/1651
f 5276/2128/1651 5251/37/1650 5249/33/1650
f 5277/2132/1651 5261/147/1651 5276/2128/1651
f 5247/25/1652 5245/19/1652 5271/2129/1652
f 5265/154/21 5258/148/21 5256/149/21
f 5280/31/6 5284/25/6 5282/19/6
f 5306/2110/1643 5292/18/1643 5290/24/1643
f 5290/24/4 5292/18/4 5288/37/4
f 5304/135/1644 5302/154/1644 5280/34/1644
f 5291/2578/7 5307/2579/7 5290/24/7
f 5286/33/7 5298/136/7 5315/2580/7
f 5287/2112/7 5291/2578/7 5290/24/7
f 5286/33/7 5315/2580/7 5287/2112/7
f 5285/2581/1 5308/2582/1 5284/15/1
f 5280/139/1 5302/140/1 5310/2583/1
f 5281/2113/1 5285/2581/1 5284/15/1
f 5280/139/1 5310/2583/1 5281/2113/1
f 5300/2114/1 5312/2121/1 5297/153/1
f 5301/142/1 5314/2584/1 5300/2114/1
f 5313/2116/7 5295/145/7 5304/146/7
f 5304/146/7 5311/2585/7 5305/2115/7
f 5305/2115/2122 5294/2116/2122 5313/2116/2122
f 5298/147/11 5301/155/11 5297/148/11
f 5286/33/1645 5288/37/1645 5301/155/1645
f 5289/2117/1 5314/2584/1 5301/142/1
f 5292/18/1 5306/2586/2048 5293/2587/1
f 5289/2117/1 5301/142/1 5288/37/1
f 5292/18/1 5293/2587/1 5289/2117/1
f 5298/136/7 5295/145/7 5313/2116/7
f 5299/2118/7 5315/2580/7 5298/136/7
f 5284/25/1646 5308/2588/1646 5309/2119/1646
f 5279/2120/7 5311/2585/7 5304/146/7
f 5282/13/7 5309/2589/7 5283/2590/7
f 5279/2120/7 5304/146/7 5278/36/7
f 5282/13/7 5283/2590/7 5279/2120/7
f 5303/2122/1 5310/2583/1 5302/140/1
f 5302/140/1 5297/153/1 5312/2121/1
f 5296/2121/1 5303/2122/1 5302/140/1
f 5295/149/11 5297/148/11 5302/154/11
f 5279/32/4 5283/19/4 5285/25/4
f 5291/24/1647 5293/18/2123 5306/2123/1647
f 5293/18/6 5291/24/6 5287/33/6
f 5310/2125/1649 5303/154/1654 5305/135/1649
f 5311/2131/1649 5279/35/1649 5281/34/1649
f 5310/2125/1649 5305/135/1649 5311/2131/1649
f 5294/149/2124 5296/148/2125 5312/2126/2124
f 5312/2126/21 5300/155/21 5299/147/1682
f 5299/147/1682 5313/2127/2126 5294/149/1683
f 5299/147/1651 5300/155/1651 5314/2128/1651
f 5314/2128/1651 5289/37/1651 5287/33/1651
f 5287/33/2127 5315/2132/2127 5299/147/2128
f 5285/25/1652 5283/19/1675 5309/2129/1675
f 5303/154/21 5296/148/21 5294/149/21
f 5318/31/6 5322/25/6 5320/19/6
f 5344/2110/1655 5330/18/1655 5328/24/1655
f 5330/18/4 5326/37/4 5324/33/4
f 5342/135/1656 5340/154/1656 5318/34/1656
f 5329/2578/7 5345/2579/7 5328/24/7
f 5324/33/7 5336/136/7 5353/2580/7
f 5325/2112/7 5329/2578/7 5328/24/7
f 5324/33/7 5353/2580/7 5325/2112/7
f 5323/2581/1 5346/2582/1 5322/15/1
f 5318/139/1 5340/140/1 5348/2583/1
f 5319/2113/1 5323/2581/1 5322/15/1
f 5318/139/1 5348/2583/1 5319/2113/1
f 5338/2114/1 5350/2121/1 5335/153/1
f 5339/142/1 5352/2584/1 5338/2114/1
f 5351/2116/7 5333/145/7 5342/146/7
f 5342/146/7 5349/2585/7 5343/2115/7
f 5332/2116/2129 5351/2116/2129 5342/146/2129
f 5336/147/11 5339/155/11 5335/148/11
f 5324/33/1657 5326/37/1657 5339/155/1657
f 5327/2117/1 5352/2584/1 5339/142/1
f 5330/18/1 5344/2586/1 5331/2587/1
f 5327/2117/1 5339/142/1 5326/37/1
f 5330/18/1 5331/2587/1 5327/2117/1
f 5336/136/7 5333/145/7 5351/2116/7
f 5337/2118/7 5353/2580/7 5336/136/7
f 5322/25/1658 5346/2588/1658 5347/2119/1658
f 5317/2120/7 5349/2585/7 5342/146/7
f 5320/13/7 5347/2589/7 5321/2590/7
f 5317/2120/7 5342/146/7 5316/36/7
f 5320/13/7 5321/2590/7 5317/2120/7
f 5341/2122/1 5348/2583/1 5340/140/1
f 5340/140/1 5335/153/1 5350/2121/1
f 5334/2121/1 5341/2122/1 5340/140/1
f 5333/149/11 5335/148/11 5340/154/11
f 5317/32/4 5321/19/4 5323/25/4
f 5329/24/1663 5331/18/1663 5344/2123/1663
f 5331/18/6 5329/24/6 5325/33/6
f 5348/2125/1670 5341/154/1670 5343/135/1664
f 5343/135/2130 5349/2131/2130 5317/35/2131
f 5317/35/1664 5319/34/1664 5348/2125/1670
f 5332/149/2132 5334/148/2132 5350/2126/2132
f 5350/2126/21 5338/155/21 5337/147/21
f 5337/147/2133 5351/2127/2133 5332/149/2133
f 5337/147/1666 5338/155/1665 5352/2128/1665
f 5352/2128/1665 5327/37/1665 5325/33/1665
f 5353/2132/1665 5337/147/1666 5352/2128/1665
f 5323/25/1667 5321/19/1667 5347/2129/1667
f 5341/154/21 5334/148/21 5332/149/21
f 5356/31/6 5360/25/6 5358/19/6
f 5382/2110/1655 5368/18/1655 5366/24/1655
f 5368/18/4 5364/37/4 5362/33/4
f 5380/135/1656 5378/154/1656 5356/34/1656
f 5367/2578/7 5383/2579/7 5366/24/7
f 5362/33/7 5374/136/7 5391/2580/7
f 5363/2112/7 5367/2578/7 5366/24/7
f 5362/33/7 5391/2580/7 5363/2112/7
f 5361/2581/1 5384/2582/1 5360/15/1
f 5356/139/1 5378/140/1 5386/2583/1
f 5357/2113/1 5361/2581/1 5360/15/1
f 5356/139/1 5386/2583/1 5357/2113/1
f 5376/2114/1 5388/2121/1 5373/153/1
f 5377/142/1 5390/2584/1 5376/2114/1
f 5389/2116/7 5371/145/7 5380/146/7
f 5380/146/7 5387/2585/7 5381/2115/7
f 5370/2116/2083 5389/2116/2083 5380/146/2134
f 5374/147/11 5377/155/11 5373/148/11
f 5362/33/1657 5364/37/1657 5377/155/1657
f 5365/2117/1 5390/2584/1 5377/142/1
f 5368/18/1 5382/2586/1 5369/2587/1
f 5365/2117/1 5377/142/1 5364/37/1
f 5368/18/1 5369/2587/1 5365/2117/1
f 5374/136/7 5371/145/7 5389/2116/7
f 5375/2118/7 5391/2580/7 5374/136/7
f 5360/25/1658 5384/2588/1658 5385/2119/1658
f 5355/2120/7 5387/2585/7 5380/146/7
f 5358/13/7 5385/2589/7 5359/2590/7
f 5355/2120/7 5380/146/7 5354/36/7
f 5358/13/7 5359/2590/7 5355/2120/7
f 5379/2122/1 5386/2583/1 5378/140/1
f 5378/140/1 5373/153/1 5388/2121/1
f 5372/2121/1 5379/2122/1 5378/140/1
f 5371/149/11 5373/148/11 5378/154/11
f 5357/31/4 5355/32/4 5359/19/4
f 5367/24/1663 5369/18/1663 5382/2123/1663
f 5365/37/6 5369/18/6 5367/24/6
f 5386/2125/1664 5379/154/1664 5381/135/1664
f 5381/135/2135 5387/2131/2136 5355/35/2137
f 5355/35/1664 5357/34/1670 5386/2125/1664
f 5370/149/2138 5372/148/2138 5388/2126/2138
f 5388/2126/21 5376/155/21 5375/147/21
s 0
f 5375/147/2139 5389/2127/2139 5370/149/2139
s 1
f 5375/147/1666 5376/155/1665 5390/2128/1665
f 5390/2128/1665 5365/37/1665 5363/33/1665
f 5391/2132/1666 5375/147/1666 5390/2128/1665
f 5361/25/1667 5359/19/1667 5385/2129/1667
f 5379/154/21 5372/148/21 5370/149/21
f 5394/31/6 5398/25/6 5396/19/6
f 5420/2110/1643 5406/18/1643 5404/24/1643
f 5404/24/4 5406/18/4 5402/37/4
f 5418/135/1644 5416/154/1644 5394/34/1644
f 5405/2578/7 5421/2579/7 5404/24/7
f 5400/33/7 5412/136/7 5429/2580/7
f 5401/2112/7 5405/2578/7 5404/24/7
f 5400/33/7 5429/2580/7 5401/2112/7
f 5399/2581/1 5422/2582/1 5398/15/1
f 5394/139/1 5416/140/1 5424/2583/1
f 5395/2113/1 5399/2581/1 5398/15/1
f 5394/139/1 5424/2583/1 5395/2113/1
f 5414/2114/1 5426/2121/1 5411/153/1
f 5415/142/1 5428/2584/1 5414/2114/1
f 5427/2116/7 5409/145/7 5418/146/7
f 5418/146/7 5425/2585/7 5419/2115/7
f 5408/2116/2140 5427/2116/2140 5418/146/2140
f 5412/147/11 5415/155/11 5411/148/11
f 5400/33/1645 5402/37/1645 5415/155/1645
f 5403/2117/1 5428/2584/1 5415/142/1
f 5406/18/1 5420/2586/1 5407/2587/1
f 5403/2117/1 5415/142/1 5402/37/1
f 5406/18/1 5407/2587/1 5403/2117/1
f 5412/136/7 5409/145/7 5427/2116/7
f 5413/2118/7 5429/2580/7 5412/136/7
f 5398/25/1646 5422/2588/1646 5423/2119/1646
f 5393/2120/7 5425/2585/7 5418/146/7
f 5396/13/7 5423/2589/7 5397/2590/7
f 5393/2120/7 5418/146/7 5392/36/7
f 5396/13/7 5397/2590/7 5393/2120/7
f 5417/2122/1 5424/2583/1 5416/140/1
f 5416/140/1 5411/153/1 5426/2121/1
f 5410/2121/1 5417/2122/1 5416/140/1
f 5409/149/11 5411/148/11 5416/154/11
f 5393/32/4 5397/19/4 5399/25/4
f 5405/24/1689 5407/18/1647 5420/2123/1647
f 5407/18/6 5405/24/6 5401/33/6
f 5424/2125/1649 5417/154/1649 5419/135/1649
f 5425/2131/1649 5393/35/1654 5395/34/1649
f 5424/2125/1649 5419/135/1649 5425/2131/1649
f 5408/149/2141 5410/148/2141 5426/2126/2141
f 5426/2126/21 5414/155/21 5413/147/21
f 5413/147/2142 5427/2127/2142 5408/149/2142
f 5413/147/1651 5414/155/1651 5428/2128/1651
f 5428/2128/1651 5403/37/1650 5401/33/1651
f 5401/33/2143 5429/2132/2143 5413/147/2143
f 5399/25/1652 5397/19/1652 5423/2129/1652
f 5417/154/21 5410/148/21 5408/149/21
f 5430/32/1690 5432/31/1690 5436/25/1690
f 5458/2110/1691 5444/18/1691 5442/24/1691
f 5444/18/1692 5440/37/1692 5438/33/1692
f 5456/135/1693 5454/154/1693 5432/34/1693
f 5443/2578/1694 5459/2579/1694 5442/24/1694
f 5438/33/1694 5450/136/1694 5467/2580/1694
f 5439/2112/1694 5443/2578/1694 5442/24/1694
f 5438/33/1694 5467/2580/1694 5439/2112/1694
f 5437/2581/1695 5460/2582/1695 5436/15/1695
f 5432/139/1695 5454/140/1695 5462/2583/1695
f 5433/2113/1695 5437/2581/1695 5436/15/1695
f 5432/139/1695 5462/2583/1695 5433/2113/1695
f 5452/2114/1695 5464/2121/1695 5449/153/1695
f 5453/142/1695 5466/2584/1695 5452/2114/1695
f 5465/2116/1694 5447/145/1694 5456/146/1694
f 5456/146/1694 5463/2585/1694 5457/2115/1694
f 5446/2116/2144 5465/2116/2145 5456/146/2145
f 5450/147/11 5453/155/11 5449/148/11
f 5438/33/1696 5440/37/1696 5453/155/1696
f 5441/2117/1695 5466/2584/1695 5453/142/1695
f 5444/18/1695 5458/2586/1695 5445/2587/1695
f 5441/2117/1695 5453/142/1695 5440/37/1695
f 5444/18/1695 5445/2587/1695 5441/2117/1695
f 5450/136/1694 5447/145/1694 5465/2116/1694
f 5451/2118/1694 5467/2580/1694 5450/136/1694
f 5436/25/1697 5460/2588/1697 5461/2119/1697
f 5431/2120/1694 5463/2585/1694 5456/146/1694
f 5434/13/1694 5461/2589/1694 5435/2590/1694
f 5431/2120/1694 5456/146/1694 5430/36/1694
f 5434/13/1694 5435/2590/1694 5431/2120/1694
f 5455/2122/1695 5462/2583/1695 5454/140/1695
f 5454/140/1695 5449/153/1695 5464/2121/1695
f 5464/2121/1700 5448/2121/2146 5455/2122/21
f 5447/149/11 5449/148/11 5454/154/11
f 5431/32/1692 5435/19/1692 5437/25/1692
f 5443/24/1698 5445/18/1698 5458/2123/1698
f 5441/37/1690 5445/18/1690 5443/24/1690
f 5462/2125/1699 5455/154/1699 5457/135/1699
f 5457/135/2147 5463/2131/2148 5431/35/2148
f 5431/35/1699 5433/34/1699 5462/2125/1699
f 5446/149/1701 5448/148/2146 5464/2126/1700
f 5464/2126/1700 5452/155/21 5451/147/21
f 5451/147/2149 5465/2127/2149 5446/149/2149
f 5451/147/1702 5452/155/1702 5466/2128/1702
f 5466/2128/1702 5441/37/1702 5439/33/1702
f 5467/2132/1702 5451/147/1702 5466/2128/1702
f 5437/25/1703 5435/19/1704 5461/2129/1704
f 5455/154/21 5448/148/2146 5446/149/1701
f 5470/31/6 5474/25/6 5472/19/6
f 5496/2110/1643 5482/18/1643 5480/24/1643
f 5482/18/4 5478/37/4 5476/33/4
f 5494/135/1644 5492/154/1644 5470/34/1644
f 5481/2578/7 5497/2579/7 5480/24/7
f 5476/33/7 5488/136/7 5505/2580/7
f 5477/2112/7 5481/2578/7 5480/24/7
f 5476/33/7 5505/2580/7 5477/2112/7
f 5475/2581/1 5498/2582/1 5474/15/1
f 5470/139/1 5492/140/1 5500/2583/1
f 5471/2113/1 5475/2581/1 5474/15/1
f 5470/139/1 5500/2583/1 5471/2113/1
f 5490/2114/1 5502/2121/1 5487/153/1
f 5491/142/1 5504/2584/1 5490/2114/1
f 5494/146/7 5501/2585/7 5495/2115/7
f 5485/145/7 5494/146/7 5495/2115/7
s 0
f 5495/2115/11 5484/2116/11 5503/2116/11
s 1
f 5488/147/11 5491/155/11 5487/148/11
f 5476/33/1645 5478/37/1645 5491/155/1645
f 5479/2117/1 5504/2584/1 5491/142/1
f 5482/18/1 5496/2586/1 5483/2587/1
f 5479/2117/1 5491/142/1 5478/37/1
f 5482/18/1 5483/2587/1 5479/2117/1
f 5488/136/7 5485/145/7 5503/2116/7
f 5489/2118/7 5505/2580/7 5488/136/7
f 5474/25/1646 5498/2588/1646 5499/2119/1646
f 5469/2120/7 5501/2585/7 5494/146/7
f 5472/13/7 5499/2589/7 5473/2590/7
f 5469/2120/7 5494/146/7 5468/36/7
f 5472/13/7 5473/2590/7 5469/2120/7
f 5493/2122/1 5500/2583/1 5492/140/1
f 5492/140/1 5487/153/1 5502/2121/1
f 5486/2121/1 5493/2122/1 5492/140/1
f 5485/149/11 5487/148/11 5492/154/11
f 5469/32/4 5473/19/4 5475/25/4
f 5481/24/1689 5483/18/1647 5496/2123/1647
f 5479/37/6 5483/18/6 5481/24/6
f 5500/2125/1649 5493/154/1649 5495/135/1649
f 5501/2131/1649 5469/35/1649 5471/34/1649
f 5500/2125/1649 5495/135/1649 5501/2131/1649
f 5484/149/21 5486/148/21 5502/2126/21
f 5502/2126/21 5490/155/21 5489/147/21
s 0
f 5503/2127/11 5484/149/11 5502/2126/11
s 1
f 5489/147/1651 5490/155/1650 5504/2128/1650
f 5504/2128/1650 5479/37/1651 5477/33/1651
f 5477/33/2070 5505/2132/2070 5489/147/2070
f 5475/25/1652 5473/19/1652 5499/2129/1652
f 5493/154/21 5486/148/21 5484/149/21
f 5514/2120/7 5512/2585/7 5509/146/7
f 5507/13/7 5543/2589/7 5515/2590/7
f 5514/2120/7 5509/146/7 5506/36/7
f 5507/13/7 5515/2590/7 5514/2120/7
f 5508/31/6 5542/25/6 5507/19/6
f 5509/135/1644 5510/154/1644 5508/34/1644
f 5511/149/11 5540/148/11 5510/154/11
f 5523/2116/7 5511/145/7 5509/146/7
f 5509/146/7 5512/2585/7 5513/2115/7
f 5522/2116/2150 5523/2116/2150 5509/146/2151
f 5518/2125/1649 5519/154/1654 5513/135/1649
f 5512/2131/1649 5514/35/1649 5516/34/1649
f 5518/2125/1649 5513/135/1649 5512/2131/1649
f 5514/32/4 5515/19/4 5517/25/4
f 5517/2581/1 5541/2582/1 5542/15/1
f 5508/139/1 5510/140/1 5518/2583/1
f 5516/2113/1 5517/2581/1 5542/15/1
f 5508/139/1 5518/2583/1 5516/2113/1
f 5519/2122/1 5518/2583/1 5510/140/1
f 5510/140/1 5540/153/1 5521/2121/1
f 5520/2121/1 5519/2122/1 5510/140/1
f 5519/154/21 5520/148/21 5522/149/21
f 5522/149/11 5520/148/11 5521/2126/11
f 5521/2126/21 5526/155/21 5524/147/21
s 0
f 5524/147/2152 5523/2127/2152 5522/149/2152
s 1
f 5539/136/7 5511/145/7 5523/2116/7
f 5524/2118/7 5525/2580/7 5539/136/7
f 5524/147/1651 5526/155/1651 5527/2128/1651
f 5527/2128/1651 5529/37/1651 5531/33/1651
f 5531/33/2153 5525/2132/2154 5524/147/2154
f 5526/2114/1 5521/2121/1 5540/153/1
f 5528/142/1 5527/2584/1 5526/2114/1
f 5529/2117/1 5527/2584/1 5528/142/1
f 5536/18/1 5534/2586/1 5530/2587/1
f 5529/2117/1 5528/142/1 5538/37/1
f 5536/18/1 5530/2587/1 5529/2117/1
f 5530/18/6 5532/24/6 5531/33/6
f 5532/2578/7 5533/2579/7 5535/24/7
f 5537/33/7 5539/136/7 5525/2580/7
f 5531/2112/7 5532/2578/7 5535/24/7
f 5537/33/7 5525/2580/7 5531/2112/7
f 5532/24/1647 5530/18/1647 5534/2123/1647
f 5534/2110/1643 5536/18/1643 5535/24/1643
f 5536/18/4 5538/37/4 5537/33/4
f 5537/33/1645 5538/37/1645 5528/155/1645
f 5539/147/11 5528/155/11 5540/148/11
f 5517/25/1652 5515/19/1652 5543/2129/1652
f 5542/25/1646 5541/2588/1646 5543/2119/1646
f 5552/2120/7 5550/2585/7 5547/146/7
f 5545/13/7 5581/2589/7 5553/2590/7
f 5552/2120/7 5547/146/7 5544/36/7
f 5545/13/7 5553/2590/7 5552/2120/7
f 5546/31/6 5580/25/6 5545/19/6
f 5547/135/1656 5548/154/1656 5546/34/1656
f 5549/149/11 5578/148/11 5548/154/11
f 5547/146/7 5550/2585/7 5551/2115/7
f 5549/145/7 5547/146/7 5551/2115/7
s 0
f 5551/2115/1768 5560/2116/21 5561/2116/1769
s 1
f 5556/2125/1664 5557/154/1664 5551/135/1670
f 5550/2131/1670 5552/35/1664 5554/34/1664
f 5556/2125/1664 5551/135/1670 5550/2131/1670
f 5552/32/4 5553/19/4 5555/25/4
f 5555/2581/1 5579/2582/1 5580/15/1
f 5546/139/1 5548/140/1 5556/2583/1
f 5554/2113/1 5555/2581/1 5580/15/1
f 5546/139/1 5556/2583/1 5554/2113/1
f 5557/2122/1 5556/2583/1 5548/140/1
f 5548/140/1 5578/153/1 5559/2121/1
f 5558/2121/1 5557/2122/1 5548/140/1
f 5557/154/21 5558/148/21 5560/149/21
s 0
f 5558/148/21 5559/2126/21 5564/155/21
s 1
f 5558/148/21 5564/155/21 5562/147/21
s 0
f 5561/2127/21 5560/149/1768 5558/148/1759
s 1
f 5577/136/7 5549/145/7 5561/2116/7
f 5562/2118/7 5563/2580/7 5577/136/7
f 5562/147/1665 5564/155/1666 5565/2128/1666
f 5565/2128/1666 5567/37/1665 5569/33/1665
f 5569/33/2155 5563/2132/2155 5562/147/2155
f 5564/2114/1 5559/2121/1 5578/153/1
f 5566/142/1 5565/2584/1 5564/2114/1
f 5567/2117/1 5565/2584/1 5566/142/1
f 5574/18/1 5572/2586/1 5568/2587/1
f 5567/2117/1 5566/142/1 5576/37/1
f 5574/18/1 5568/2587/1 5567/2117/1
f 5568/18/6 5570/24/6 5569/33/6
f 5570/2578/7 5571/2579/7 5573/24/7
f 5575/33/7 5577/136/7 5563/2580/7
f 5569/2112/7 5570/2578/7 5573/24/7
f 5575/33/7 5563/2580/7 5569/2112/7
f 5570/24/1662 5568/18/1713 5572/2123/1713
f 5572/2110/1655 5574/18/1655 5573/24/1655
f 5574/18/4 5576/37/4 5575/33/4
f 5575/33/1657 5576/37/1657 5566/155/1657
f 5577/147/11 5566/155/11 5578/148/11
f 5555/25/1667 5553/19/1715 5581/2129/1715
f 5580/25/1658 5579/2588/1658 5581/2119/1658
f 5590/2120/7 5588/2585/7 5585/146/7
f 5583/13/7 5619/2589/7 5591/2590/7
f 5590/2120/7 5585/146/7 5582/36/7
f 5583/13/7 5591/2590/7 5590/2120/7
f 5584/31/6 5618/25/6 5583/19/6
f 5585/135/1656 5586/154/1656 5584/34/1656
f 5587/149/11 5616/148/11 5586/154/11
f 5599/2116/7 5587/145/7 5585/146/7
f 5585/146/7 5588/2585/7 5589/2115/7
f 5589/2115/11 5598/2116/11 5599/2116/11
f 5594/2125/1664 5595/154/1664 5589/135/1670
f 5588/2131/1670 5590/35/1670 5592/34/1664
f 5594/2125/1664 5589/135/1670 5588/2131/1670
f 5592/31/4 5590/32/4 5591/19/4
f 5593/2581/1 5617/2582/1 5618/15/1
f 5584/139/1 5586/140/1 5594/2583/1
f 5592/2113/1 5593/2581/1 5618/15/1
f 5584/139/1 5594/2583/1 5592/2113/1
f 5595/2122/1 5594/2583/1 5586/140/1
f 5586/140/1 5616/153/1 5597/2121/1
s 0
f 5597/2121/2070 5596/2121/2070 5595/2122/2156
s 1
f 5595/154/21 5596/148/21 5598/149/21
f 5598/149/2157 5596/148/2157 5597/2126/2157
f 5597/2126/21 5602/155/21 5600/147/21
f 5599/2127/2071 5598/149/2099 5597/2126/2071
f 5615/136/7 5587/145/7 5599/2116/7
f 5600/2118/7 5601/2580/7 5615/136/7
f 5600/147/1666 5602/155/1665 5603/2128/1665
f 5603/2128/1665 5605/37/1665 5607/33/1666
f 5601/2132/1666 5600/147/1666 5603/2128/1665
f 5602/2114/1 5597/2121/1 5616/153/1
f 5604/142/1 5603/2584/1 5602/2114/1
f 5605/2117/1 5603/2584/1 5604/142/1
f 5612/18/1 5610/2586/1 5606/2587/1
f 5605/2117/1 5604/142/1 5614/37/1
f 5612/18/1 5606/2587/1 5605/2117/1
f 5606/18/6 5608/24/6 5607/33/6
f 5608/2578/7 5609/2579/7 5611/24/7
f 5613/33/7 5615/136/7 5601/2580/7
f 5607/2112/7 5608/2578/7 5611/24/7
f 5613/33/7 5601/2580/7 5607/2112/7
f 5608/24/1662 5606/18/1663 5610/2123/1663
f 5610/2110/1655 5612/18/1655 5611/24/1655
f 5612/18/4 5614/37/4 5613/33/4
f 5613/33/1657 5614/37/1657 5604/155/1657
f 5615/147/11 5604/155/11 5616/148/11
f 5593/25/1671 5591/19/1667 5619/2129/1667
f 5618/25/1658 5617/2588/1658 5619/2119/1658
f 5628/2120/7 5626/2585/7 5623/146/7
f 5621/13/7 5657/2589/7 5629/2590/7
f 5628/2120/7 5623/146/7 5620/36/7
f 5621/13/7 5629/2590/7 5628/2120/7
f 5622/31/6 5656/25/6 5621/19/6
f 5623/135/1644 5624/154/1644 5622/34/1644
f 5625/149/11 5654/148/11 5624/154/11
f 5623/146/7 5626/2585/7 5627/2115/7
f 5625/145/7 5623/146/7 5627/2115/7
s 0
f 5627/2115/1768 5636/2116/11 5637/2116/1769
s 1
f 5632/2125/1649 5633/154/1649 5627/135/1649
f 5627/135/2158 5626/2131/2158 5628/35/2158
f 5628/35/1649 5630/34/1649 5632/2125/1649
f 5628/32/4 5629/19/4 5631/25/4
f 5631/2581/1 5655/2582/1 5656/15/1
f 5622/139/1 5624/140/1 5632/2583/1
f 5630/2113/1 5631/2581/1 5656/15/1
f 5622/139/1 5632/2583/1 5630/2113/1
f 5633/2122/1 5632/2583/1 5624/140/1
f 5624/140/1 5654/153/1 5635/2121/1
s 0
f 5635/2121/21 5634/2121/21 5633/2122/21
s 1
f 5633/154/21 5634/148/21 5636/149/21
s 0
f 5634/148/21 5635/2126/2071 5640/155/2159
s 1
f 5634/148/21 5640/155/21 5638/147/21
s 0
f 5637/2127/11 5636/149/1768 5634/148/1759
s 1
f 5653/136/7 5625/145/7 5637/2116/7
f 5638/2118/7 5639/2580/7 5653/136/7
f 5638/147/1651 5640/155/1651 5641/2128/1651
f 5641/2128/1651 5643/37/1651 5645/33/1651
f 5639/2132/1651 5638/147/1651 5641/2128/1651
f 5640/2114/1 5635/2121/1 5654/153/1
f 5642/142/1 5641/2584/1 5640/2114/1
f 5643/2117/1 5641/2584/1 5642/142/1
f 5650/18/1 5648/2586/1 5644/2587/1
f 5643/2117/1 5642/142/1 5652/37/1
f 5650/18/1 5644/2587/1 5643/2117/1
f 5644/18/6 5646/24/6 5645/33/6
f 5646/2578/7 5647/2579/7 5649/24/7
f 5651/33/7 5653/136/7 5639/2580/7
f 5645/2112/7 5646/2578/7 5649/24/7
f 5651/33/7 5639/2580/7 5645/2112/7
f 5646/24/1647 5644/18/1647 5648/2123/1647
f 5648/2110/1643 5650/18/1643 5649/24/1643
f 5650/18/4 5652/37/4 5651/33/4
f 5651/33/1645 5652/37/1645 5642/155/1645
f 5653/147/11 5642/155/11 5654/148/11
f 5631/25/1675 5629/19/1652 5657/2129/1652
f 5656/25/1646 5655/2588/1646 5657/2119/1646
f 5666/2120/7 5664/2585/7 5661/146/7
f 5659/13/7 5695/2589/7 5667/2590/7
f 5666/2120/7 5661/146/7 5658/36/7
f 5659/13/7 5667/2590/7 5666/2120/7
f 5660/31/6 5694/25/6 5659/19/6
f 5661/135/1644 5662/154/1644 5660/34/1644
f 5663/149/11 5692/148/11 5662/154/11
f 5661/146/7 5664/2585/7 5665/2115/7
f 5663/145/7 5661/146/7 5665/2115/7
s 0
f 5665/2115/2120 5674/2116/21 5675/2116/1768
s 1
f 5670/2125/1649 5671/154/1649 5665/135/1649
f 5665/135/2073 5664/2131/2070 5666/35/2070
f 5666/35/1649 5668/34/1649 5670/2125/1649
f 5666/32/4 5667/19/4 5669/25/4
f 5669/2581/1 5693/2582/1 5694/15/1
f 5660/139/1 5662/140/1 5670/2583/1
f 5668/2113/1 5669/2581/1 5694/15/1
f 5660/139/1 5670/2583/1 5668/2113/1
f 5671/2122/1 5670/2583/1 5662/140/1
f 5671/2122/1 5662/140/1 5692/153/1
s 0
f 5673/2121/21 5672/2121/21 5671/2122/21
s 1
f 5671/154/21 5672/148/21 5674/149/21
f 5672/148/11 5673/2126/11 5678/155/11
f 5672/148/21 5678/155/21 5676/147/21
s 0
f 5675/2127/21 5674/149/1768 5672/148/1759
s 1
f 5691/136/7 5663/145/7 5675/2116/7
f 5676/2118/7 5677/2580/7 5691/136/7
f 5676/147/1651 5678/155/1651 5679/2128/1651
f 5679/2128/1651 5681/37/1651 5683/33/1650
f 5677/2132/1651 5676/147/1651 5679/2128/1651
f 5678/2114/1 5673/2121/1 5692/153/1
f 5680/142/1 5679/2584/1 5678/2114/1
f 5681/2117/1 5679/2584/1 5680/142/1
f 5688/18/1 5686/2586/1 5682/2587/1
f 5681/2117/1 5680/142/1 5690/37/1
f 5688/18/1 5682/2587/1 5681/2117/1
f 5682/18/6 5684/24/6 5683/33/6
f 5684/2578/7 5685/2579/7 5687/24/7
f 5689/33/7 5691/136/7 5677/2580/7
f 5683/2112/7 5684/2578/7 5687/24/7
f 5689/33/7 5677/2580/7 5683/2112/7
f 5684/24/1647 5682/18/1647 5686/2123/1647
f 5686/2110/1643 5688/18/1643 5687/24/1643
f 5688/18/4 5690/37/4 5689/33/4
f 5689/33/1645 5690/37/1645 5680/155/1645
f 5691/147/11 5680/155/11 5692/148/11
f 5669/25/1652 5667/19/1652 5695/2129/1652
f 5694/25/1646 5693/2588/1646 5695/2119/1646
f 5704/2120/7 5702/2585/7 5699/146/7
f 5697/13/7 5733/2589/7 5705/2590/7
f 5704/2120/7 5699/146/7 5696/36/7
f 5697/13/7 5705/2590/7 5704/2120/7
f 5696/32/6 5698/31/6 5732/25/6
f 5699/135/1656 5700/154/1656 5698/34/1656
f 5701/149/11 5730/148/11 5700/154/11
f 5713/2116/7 5701/145/7 5699/146/7
f 5699/146/7 5702/2585/7 5703/2115/7
f 5703/2115/11 5712/2116/11 5713/2116/11
f 5708/2125/1664 5709/154/1670 5703/135/1664
f 5703/135/2160 5702/2131/2160 5704/35/2160
f 5704/35/1664 5706/34/1664 5708/2125/1664
f 5704/32/4 5705/19/4 5707/25/4
f 5707/2581/1 5731/2582/1 5732/15/1
f 5698/139/1 5700/140/1 5708/2583/1
f 5706/2113/1 5707/2581/1 5732/15/1
f 5698/139/1 5708/2583/1 5706/2113/1
f 5709/2122/1 5708/2583/1 5700/140/1
f 5709/2122/1 5700/140/1 5730/153/1
s 0
f 5711/2121/21 5710/2121/21 5709/2122/2161
s 1
f 5709/154/21 5710/148/21 5712/149/21
f 5712/149/21 5710/148/21 5711/2126/21
f 5711/2126/21 5716/155/21 5714/147/21
f 5713/2127/21 5712/149/21 5711/2126/21
f 5729/136/7 5701/145/7 5713/2116/7
f 5714/2118/7 5715/2580/7 5729/136/7
f 5714/147/1666 5716/155/1666 5717/2128/1666
f 5717/2128/1666 5719/37/1665 5721/33/1665
f 5715/2132/1665 5714/147/1666 5717/2128/1666
f 5716/2114/1 5711/2121/1 5730/153/1
f 5718/142/1 5717/2584/1 5716/2114/1
f 5719/2117/1 5717/2584/1 5718/142/1
f 5726/18/1 5724/2586/1 5720/2587/1
f 5719/2117/1 5718/142/1 5728/37/1
f 5726/18/1 5720/2587/1 5719/2117/1
f 5720/18/6 5722/24/6 5721/33/6
f 5722/2578/7 5723/2579/7 5725/24/7
f 5727/33/7 5729/136/7 5715/2580/7
f 5721/2112/7 5722/2578/7 5725/24/7
f 5727/33/7 5715/2580/7 5721/2112/7
f 5722/24/1662 5720/18/1713 5724/2123/1713
f 5724/2110/1655 5726/18/1655 5725/24/1655
f 5725/24/4 5726/18/4 5728/37/4
f 5727/33/1657 5728/37/1657 5718/155/1657
f 5729/147/11 5718/155/11 5730/148/11
f 5707/25/1667 5705/19/1667 5733/2129/1667
f 5732/25/1658 5731/2588/1658 5733/2119/1658
f 5742/2120/7 5740/2585/7 5737/146/7
f 5735/13/7 5771/2589/7 5743/2590/7
f 5742/2120/7 5737/146/7 5734/36/7
f 5735/13/7 5743/2590/7 5742/2120/7
f 5736/31/6 5770/25/6 5735/19/6
f 5737/135/1656 5738/154/1656 5736/34/1656
f 5739/149/11 5768/148/11 5738/154/11
f 5751/2116/7 5739/145/7 5737/146/7
f 5737/146/7 5740/2585/7 5741/2115/7
f 5741/2115/2162 5750/2116/2162 5751/2116/2162
f 5746/2125/1664 5747/154/1664 5741/135/1664
f 5740/2131/1664 5742/35/1670 5744/34/1670
f 5746/2125/1664 5741/135/1664 5740/2131/1664
f 5744/31/4 5742/32/4 5743/19/4
f 5745/2581/1 5769/2582/1 5770/15/1
f 5736/139/1 5738/140/1 5746/2583/1
f 5744/2113/1 5745/2581/1 5770/15/1
f 5736/139/1 5746/2583/1 5744/2113/1
f 5747/2122/1 5746/2583/1 5738/140/1
f 5747/2122/1 5738/140/1 5768/153/1
s 0
f 5749/2121/21 5748/2121/2071 5747/2122/2071
s 1
f 5747/154/21 5748/148/21 5750/149/21
s 0
f 5750/149/21 5748/148/21 5749/2126/21
s 1
f 5749/2126/21 5754/155/21 5752/147/21
s 0
f 5752/147/2163 5751/2127/2163 5750/149/2163
s 1
f 5767/136/7 5739/145/7 5751/2116/7
f 5752/2118/7 5753/2580/7 5767/136/7
f 5752/147/1665 5754/155/1665 5755/2128/1665
f 5755/2128/1665 5757/37/1665 5759/33/1665
f 5759/33/2164 5753/2132/2165 5752/147/2165
f 5754/2114/1 5749/2121/1 5768/153/1
f 5756/142/1 5755/2584/1 5754/2114/1
f 5757/2117/1 5755/2584/1 5756/142/1
f 5764/18/1 5762/2586/1 5758/2587/1
f 5757/2117/1 5756/142/1 5766/37/1
f 5764/18/1 5758/2587/1 5757/2117/1
f 5758/18/6 5760/24/6 5759/33/6
f 5760/2578/7 5761/2579/7 5763/24/7
f 5765/33/7 5767/136/7 5753/2580/7
f 5759/2112/7 5760/2578/7 5763/24/7
f 5765/33/7 5753/2580/7 5759/2112/7
f 5760/24/1663 5758/18/1663 5762/2123/1663
f 5762/2110/1655 5764/18/1655 5763/24/1655
f 5764/18/4 5766/37/4 5765/33/4
f 5765/33/1657 5766/37/1657 5756/155/1657
f 5767/147/11 5756/155/11 5768/148/11
f 5745/25/1667 5743/19/1667 5771/2129/1667
f 5770/25/1658 5769/2588/1658 5771/2119/1658
f 5780/2120/7 5778/2585/7 5775/146/7
f 5773/13/7 5809/2589/7 5781/2590/7
f 5780/2120/7 5775/146/7 5772/36/7
f 5773/13/7 5781/2590/7 5780/2120/7
f 5774/31/6 5808/25/6 5773/19/6
f 5775/135/1644 5776/154/1644 5774/34/1644
f 5777/149/11 5806/148/11 5776/154/11
f 5789/2116/7 5777/145/7 5775/146/7
f 5775/146/7 5778/2585/7 5779/2115/7
f 5788/2116/2083 5789/2116/2083 5775/146/2083
f 5784/2125/1649 5785/154/1654 5779/135/1649
f 5778/2131/1649 5780/35/1654 5782/34/1649
f 5784/2125/1649 5779/135/1649 5778/2131/1649
f 5782/31/4 5780/32/4 5781/19/4
f 5783/2581/1 5807/2582/1 5808/15/1
f 5774/139/1 5776/140/1 5784/2583/1
f 5782/2113/1 5783/2581/1 5808/15/1
f 5774/139/1 5784/2583/1 5782/2113/1
f 5785/2122/1 5784/2583/1 5776/140/1
f 5776/140/1 5806/153/1 5787/2121/1
f 5786/2121/1 5785/2122/1 5776/140/1
f 5785/154/21 5786/148/21 5788/149/21
f 5788/149/2166 5786/148/2166 5787/2126/2166
f 5787/2126/21 5792/155/21 5790/147/21
s 0
f 5790/147/2167 5789/2127/2167 5788/149/2167
s 1
f 5805/136/7 5777/145/7 5789/2116/7
f 5790/2118/7 5791/2580/7 5805/136/7
f 5790/147/1650 5792/155/1651 5793/2128/1651
f 5793/2128/1651 5795/37/1651 5797/33/1650
f 5797/33/2168 5791/2132/2168 5790/147/2169
f 5792/2114/1 5787/2121/1 5806/153/1
f 5794/142/1 5793/2584/1 5792/2114/1
f 5795/2117/1 5793/2584/1 5794/142/1
f 5802/18/1 5800/2586/1 5796/2587/1
f 5795/2117/1 5794/142/1 5804/37/1
f 5802/18/1 5796/2587/1 5795/2117/1
f 5796/18/6 5798/24/6 5797/33/6
f 5798/2578/7 5799/2579/7 5801/24/7
f 5803/33/7 5805/136/7 5791/2580/7
f 5797/2112/7 5798/2578/7 5801/24/7
f 5803/33/7 5791/2580/7 5797/2112/7
f 5798/24/1647 5796/18/1647 5800/2123/1647
f 5800/2110/1643 5802/18/1643 5801/24/1643
f 5802/18/4 5804/37/4 5803/33/4
f 5803/33/1645 5804/37/1645 5794/155/1645
f 5805/147/11 5794/155/11 5806/148/11
f 5783/25/1652 5781/19/1675 5809/2129/1675
f 5808/25/1646 5807/2588/1646 5809/2119/1646
f 5818/2120/7 5816/2585/7 5813/146/7
f 5811/13/7 5847/2589/7 5819/2590/7
f 5818/2120/7 5813/146/7 5810/36/7
f 5811/13/7 5819/2590/7 5818/2120/7
f 5810/32/6 5812/31/6 5846/25/6
f 5813/135/1644 5814/154/1644 5812/34/1644
f 5815/149/11 5844/148/11 5814/154/11
f 5827/2116/7 5815/145/7 5813/146/7
f 5813/146/7 5816/2585/7 5817/2115/7
f 5817/2115/11 5826/2116/11 5827/2116/11
f 5822/2125/1654 5823/154/1654 5817/135/1654
f 5816/2131/1654 5818/35/1649 5820/34/1649
f 5822/2125/1654 5817/135/1654 5816/2131/1654
f 5820/31/4 5818/32/4 5819/19/4
f 5821/2581/1 5845/2582/1 5846/15/1
f 5812/139/1 5814/140/1 5822/2583/1
f 5820/2113/1 5821/2581/1 5846/15/1
f 5812/139/1 5822/2583/1 5820/2113/1
f 5823/2122/1 5822/2583/1 5814/140/1
f 5814/140/1 5844/153/1 5825/2121/1
f 5824/2121/1 5823/2122/1 5814/140/1
f 5823/154/21 5824/148/21 5826/149/21
f 5826/149/2170 5824/148/2170 5825/2126/2170
f 5825/2126/21 5830/155/21 5828/147/21
s 0
f 5827/2127/2071 5826/149/2099 5825/2126/2071
s 1
f 5843/136/7 5815/145/7 5827/2116/7
f 5828/2118/7 5829/2580/7 5843/136/7
f 5828/147/1651 5830/155/1650 5831/2128/1650
f 5831/2128/1650 5833/37/1651 5835/33/1651
f 5835/33/2171 5829/2132/2171 5828/147/2172
f 5830/2114/1 5825/2121/1 5844/153/1
f 5832/142/1 5831/2584/1 5830/2114/1
f 5833/2117/1 5831/2584/1 5832/142/1
f 5840/18/1 5838/2586/1 5834/2587/1
f 5833/2117/1 5832/142/1 5842/37/1
f 5840/18/1 5834/2587/1 5833/2117/1
f 5833/37/6 5834/18/6 5836/24/6
f 5836/2578/7 5837/2579/7 5839/24/7
f 5841/33/7 5843/136/7 5829/2580/7
f 5835/2112/7 5836/2578/7 5839/24/7
f 5841/33/7 5829/2580/7 5835/2112/7
f 5836/24/1647 5834/18/1674 5838/2123/1674
f 5838/2110/1643 5840/18/1643 5839/24/1643
f 5840/18/4 5842/37/4 5841/33/4
f 5841/33/1645 5842/37/1645 5832/155/1645
f 5843/147/11 5832/155/11 5844/148/11
f 5821/25/1675 5819/19/1652 5847/2129/1652
f 5846/25/1646 5845/2588/1646 5847/2119/1646
f 5856/2120/7 5854/2585/7 5851/146/7
f 5849/13/7 5885/2589/7 5857/2590/7
f 5856/2120/7 5851/146/7 5848/36/7
f 5849/13/7 5857/2590/7 5856/2120/7
f 5850/31/6 5884/25/6 5849/19/6
f 5851/135/1656 5852/154/1656 5850/34/1656
f 5853/149/11 5882/148/11 5852/154/11
f 5865/2116/7 5853/145/7 5851/146/7
f 5851/146/7 5854/2585/7 5855/2115/7
f 5855/2115/2173 5864/2116/2174 5865/2116/2174
f 5860/2125/1664 5861/154/1664 5855/135/1670
f 5855/135/2073 5854/2131/2070 5856/35/2175
f 5856/35/1670 5858/34/1670 5860/2125/1664
f 5858/31/4 5856/32/4 5857/19/4
f 5859/2581/1 5883/2582/2051 5884/15/1
f 5850/139/1 5852/140/1 5860/2583/1
f 5858/2113/1 5859/2581/1 5884/15/1
f 5850/139/1 5860/2583/1 5858/2113/1
f 5861/2122/1 5860/2583/1 5852/140/1
f 5852/140/1 5882/153/1 5863/2121/1
f 5862/2121/1 5861/2122/1 5852/140/1
f 5861/154/21 5862/148/21 5864/149/21
f 5864/149/2176 5862/148/2177 5863/2126/2176
f 5863/2126/21 5868/155/21 5866/147/21
s 0
f 5866/147/2114 5865/2127/2114 5864/149/2114
s 1
f 5881/136/7 5853/145/7 5865/2116/7
f 5866/2118/7 5867/2580/7 5881/136/7
f 5866/147/1665 5868/155/1666 5869/2128/1665
f 5869/2128/1665 5871/37/1665 5873/33/1665
f 5867/2132/1665 5866/147/1665 5869/2128/1665
f 5868/2114/1 5863/2121/1 5882/153/1
f 5870/142/1 5869/2584/1 5868/2114/1
f 5871/2117/1 5869/2584/1 5870/142/1
f 5878/18/1 5876/2586/1 5872/2587/1
f 5871/2117/1 5870/142/1 5880/37/1
f 5878/18/1 5872/2587/1 5871/2117/1
f 5872/18/6 5874/24/6 5873/33/6
f 5874/2578/7 5875/2579/7 5877/24/7
f 5879/33/7 5881/136/7 5867/2580/7
f 5873/2112/7 5874/2578/7 5877/24/7
f 5879/33/7 5867/2580/7 5873/2112/7
f 5874/24/1662 5872/18/1662 5876/2123/1662
f 5876/2110/1655 5878/18/1655 5877/24/1655
f 5877/24/4 5878/18/4 5880/37/4
f 5879/33/1657 5880/37/1657 5870/155/1657
f 5881/147/11 5870/155/11 5882/148/11
f 5859/25/1667 5857/19/1667 5885/2129/1667
f 5884/25/1658 5883/2588/1658 5885/2119/1658
f 5894/2120/7 5892/2585/7 5889/146/7
f 5887/13/7 5923/2589/7 5895/2590/7
f 5894/2120/7 5889/146/7 5886/36/7
f 5887/13/7 5895/2590/7 5894/2120/7
f 5888/31/6 5922/25/6 5887/19/6
f 5889/135/1656 5890/154/1656 5888/34/1656
f 5891/149/11 5920/148/11 5890/154/11
f 5903/2116/7 5891/145/7 5889/146/7
f 5889/146/7 5892/2585/7 5893/2115/7
f 5902/2116/2071 5903/2116/2071 5889/146/2071
f 5898/2125/1664 5899/154/1664 5893/135/1664
f 5893/135/2178 5892/2131/2179 5894/35/2178
f 5894/35/1664 5896/34/1670 5898/2125/1664
f 5894/32/4 5895/19/4 5897/25/4
f 5897/2581/1 5921/2582/1 5922/15/1
f 5888/139/1 5890/140/1 5898/2583/1
f 5896/2113/1 5897/2581/1 5922/15/1
f 5888/139/1 5898/2583/1 5896/2113/1
f 5899/2122/1 5898/2583/1 5890/140/1
f 5890/140/1 5920/153/1 5901/2121/1
f 5900/2121/1 5899/2122/1 5890/140/1
f 5899/154/21 5900/148/21 5902/149/21
f 5902/149/2180 5900/148/2180 5901/2126/2180
f 5901/2126/21 5906/155/21 5904/147/21
f 5903/2127/21 5902/149/21 5901/2126/21
f 5919/136/7 5891/145/7 5903/2116/7
f 5904/2118/7 5905/2580/7 5919/136/7
f 5904/147/1666 5906/155/1666 5907/2128/1666
f 5907/2128/1666 5909/37/1665 5911/33/1666
f 5911/33/2181 5905/2132/2181 5904/147/2182
f 5906/2114/1 5901/2121/1 5920/153/1
f 5908/142/1 5907/2584/1 5906/2114/1
f 5909/2117/1 5907/2584/1 5908/142/1
f 5916/18/1 5914/2586/1 5910/2587/1
f 5909/2117/1 5908/142/1 5918/37/1
f 5916/18/1 5910/2587/1 5909/2117/1
f 5910/18/6 5912/24/6 5911/33/6
f 5912/2578/7 5913/2579/7 5915/24/7
f 5917/33/7 5919/136/7 5905/2580/7
f 5911/2112/7 5912/2578/7 5915/24/7
f 5917/33/7 5905/2580/7 5911/2112/7
f 5912/24/1662 5910/18/1662 5914/2123/1662
f 5914/2110/1655 5916/18/1655 5915/24/1655
f 5915/24/4 5916/18/4 5918/37/4
f 5917/33/1657 5918/37/1657 5908/155/1657
f 5919/147/11 5908/155/11 5920/148/11
f 5897/25/1667 5895/19/1667 5923/2129/1667
f 5922/25/1658 5921/2588/1658 5923/2119/1658
f 5932/2120/7 5930/2585/7 5927/146/7
f 5925/13/7 5961/2589/7 5933/2590/7
f 5932/2120/7 5927/146/7 5924/36/7
f 5925/13/7 5933/2590/7 5932/2120/7
f 5926/31/6 5960/25/6 5925/19/6
f 5927/135/1644 5928/154/1644 5926/34/1644
f 5929/149/11 5958/148/11 5928/154/11
f 5941/2116/7 5929/145/7 5927/146/7
f 5927/146/7 5930/2585/7 5931/2115/7
f 5940/2116/2183 5941/2116/2184 5927/146/2183
f 5936/2125/1649 5937/154/1649 5931/135/1649
f 5931/135/2185 5930/2131/2185 5932/35/2186
f 5932/35/1649 5934/34/1654 5936/2125/1649
f 5932/32/4 5933/19/4 5935/25/4
f 5935/2581/1 5959/2582/1 5960/15/1
f 5926/139/1 5928/140/1 5936/2583/1
f 5934/2113/1 5935/2581/1 5960/15/1
f 5926/139/1 5936/2583/1 5934/2113/1
f 5937/2122/1 5936/2583/1 5928/140/1
f 5928/140/1 5958/153/1 5939/2121/1
f 5938/2121/1 5937/2122/1 5928/140/1
f 5937/154/21 5938/148/2187 5940/149/1725
f 5940/149/1725 5938/148/2187 5939/2126/2188
f 5939/2126/21 5944/155/21 5942/147/21
s 0
f 5942/147/2189 5941/2127/2189 5940/149/2189
s 1
f 5957/136/7 5929/145/7 5941/2116/7
f 5942/2118/7 5943/2580/7 5957/136/7
f 5942/147/1651 5944/155/1650 5945/2128/1651
f 5945/2128/1651 5947/37/1651 5949/33/1651
f 5943/2132/1651 5942/147/1651 5945/2128/1651
f 5944/2114/1 5939/2121/1 5958/153/1
f 5946/142/1 5945/2584/1 5944/2114/1
f 5947/2117/1 5945/2584/1 5946/142/1
f 5954/18/1 5952/2586/1 5948/2587/1
f 5947/2117/1 5946/142/1 5956/37/1
f 5954/18/1 5948/2587/1 5947/2117/1
f 5948/18/6 5950/24/6 5949/33/6
f 5950/2578/7 5951/2579/7 5953/24/7
f 5955/33/7 5957/136/7 5943/2580/7
f 5949/2112/7 5950/2578/7 5953/24/7
f 5955/33/7 5943/2580/7 5949/2112/7
f 5950/24/1647 5948/18/1647 5952/2123/1647
f 5952/2110/1643 5954/18/1643 5953/24/1643
f 5954/18/4 5956/37/4 5955/33/4
f 5955/33/1645 5956/37/1645 5946/155/1645
f 5957/147/11 5946/155/11 5958/148/11
f 5935/25/1652 5933/19/1652 5961/2129/1652
f 5960/25/1646 5959/2588/1646 5961/2119/1646
f 5970/2120/7 5968/2585/7 5965/146/7
f 5963/13/7 5999/2589/7 5971/2590/7
f 5970/2120/7 5965/146/7 5962/36/7
f 5963/13/7 5971/2590/7 5970/2120/7
f 5964/31/6 5998/25/6 5963/19/6
f 5965/135/1656 5966/154/1656 5964/34/1656
f 5967/149/11 5996/148/11 5966/154/11
f 5979/2116/7 5967/145/7 5965/146/7
f 5965/146/7 5968/2585/7 5969/2115/7
s 0
f 5969/2115/11 5978/2116/11 5979/2116/11
s 1
f 5974/2125/1664 5975/154/1664 5969/135/1664
f 5968/2131/1664 5970/35/1670 5972/34/1664
f 5974/2125/1664 5969/135/1664 5968/2131/1664
f 5972/31/4 5970/32/4 5971/19/4
f 5973/2581/1 5997/2582/1 5998/15/1
f 5964/139/1 5966/140/1 5974/2583/1
f 5972/2113/1 5973/2581/1 5998/15/1
f 5964/139/1 5974/2583/1 5972/2113/1
f 5975/2122/1 5974/2583/1 5966/140/1
f 5966/140/1 5996/153/1 5977/2121/1
f 5976/2121/1 5975/2122/1 5966/140/1
f 5975/154/21 5976/148/21 5978/149/21
f 5978/149/2190 5976/148/2191 5977/2126/2190
f 5977/2126/21 5982/155/21 5980/147/21
f 5979/2127/2099 5978/149/2071 5977/2126/2071
f 5995/136/7 5967/145/7 5979/2116/7
f 5980/2118/7 5981/2580/7 5995/136/7
f 5980/147/1666 5982/155/1666 5983/2128/1666
f 5983/2128/1666 5985/37/1666 5987/33/1666
f 5981/2132/1666 5980/147/1666 5983/2128/1666
f 5982/2114/1 5977/2121/1 5996/153/1
f 5984/142/1 5983/2584/1 5982/2114/1
f 5985/2117/1 5983/2584/1 5984/142/1
f 5992/18/1 5990/2586/1 5986/2587/1
f 5985/2117/1 5984/142/1 5994/37/1
f 5992/18/1 5986/2587/1 5985/2117/1
f 5986/18/6 5988/24/6 5987/33/6
f 5988/2578/7 5989/2579/7 5991/24/7
f 5993/33/7 5995/136/7 5981/2580/7
f 5987/2112/7 5988/2578/7 5991/24/7
f 5993/33/7 5981/2580/7 5987/2112/7
f 5988/24/1662 5986/18/1662 5990/2123/1662
f 5990/2110/1655 5992/18/1655 5991/24/1655
f 5992/18/4 5994/37/4 5993/33/4
f 5993/33/1657 5994/37/1657 5984/155/1657
f 5995/147/11 5984/155/11 5996/148/11
f 5973/25/1667 5971/19/1667 5999/2129/1667
f 5998/25/1658 5997/2588/1658 5999/2119/1658
f 6008/2120/7 6006/2585/7 6003/146/7
f 6001/13/7 6037/2589/7 6009/2590/7
f 6008/2120/7 6003/146/7 6000/36/7
f 6001/13/7 6009/2590/7 6008/2120/7
f 6002/31/6 6036/25/6 6001/19/6
f 6003/135/1644 6004/154/1644 6002/34/1644
f 6005/149/11 6034/148/11 6004/154/11
f 6003/146/7 6006/2585/7 6007/2115/7
f 6005/145/7 6003/146/7 6007/2115/7
s 0
f 6007/2115/1768 6016/2116/21 6017/2116/1769
s 1
f 6012/2125/1654 6013/154/1654 6007/135/1649
f 6007/135/2192 6006/2131/2192 6008/35/2193
f 6008/35/1649 6010/34/1649 6012/2125/1654
f 6008/32/4 6009/19/4 6011/25/4
f 6011/2581/1 6035/2582/1 6036/15/1
f 6002/139/1 6004/140/1 6012/2583/1
f 6010/2113/1 6011/2581/1 6036/15/1
f 6002/139/1 6012/2583/1 6010/2113/1
f 6013/2122/1 6012/2583/1 6004/140/1
f 6004/140/1 6034/153/1 6015/2121/1
f 6015/2121/2072 6014/2121/2071 6013/2122/2071
f 6013/154/21 6014/148/21 6016/149/21
f 6015/2126/21 6020/155/21 6018/147/21
f 6014/148/2070 6015/2126/2070 6018/147/2069
s 0
f 6018/147/1769 6017/2127/11 6016/149/1768
s 1
f 6033/136/7 6005/145/7 6017/2116/7
f 6018/2118/7 6019/2580/7 6033/136/7
f 6018/147/1651 6020/155/1650 6021/2128/1651
f 6021/2128/1651 6023/37/1651 6025/33/1651
f 6019/2132/1651 6018/147/1651 6021/2128/1651
f 6020/2114/1 6015/2121/1 6034/153/1
f 6022/142/1 6021/2584/1 6020/2114/1
f 6023/2117/1 6021/2584/1 6022/142/1
f 6030/18/1 6028/2586/1 6024/2587/1
f 6023/2117/1 6022/142/1 6032/37/1
f 6030/18/1 6024/2587/1 6023/2117/1
f 6024/18/6 6026/24/6 6025/33/6
f 6026/2578/7 6027/2579/7 6029/24/7
f 6031/33/7 6033/136/7 6019/2580/7
f 6025/2112/7 6026/2578/7 6029/24/7
f 6031/33/7 6019/2580/7 6025/2112/7
f 6026/24/1647 6024/18/1647 6028/2123/1647
f 6028/2110/1643 6030/18/1643 6029/24/1643
f 6030/18/4 6032/37/4 6031/33/4
f 6031/33/1645 6032/37/1645 6022/155/1645
f 6033/147/11 6022/155/11 6034/148/11
f 6011/25/1652 6009/19/1727 6037/2129/1727
f 6036/25/1646 6035/2588/1646 6037/2119/1728
f 6040/31/6 6044/25/6 6042/19/6
f 6066/2110/1643 6052/18/1643 6050/24/1643
f 6050/24/4 6052/18/4 6048/37/4
f 6064/135/1644 6062/154/1644 6040/34/1644
f 6051/2578/7 6067/2579/7 6050/24/7
f 6046/33/7 6058/136/7 6075/2580/7
f 6047/2112/7 6051/2578/7 6050/24/7
f 6046/33/7 6075/2580/7 6047/2112/7
f 6045/2581/1 6068/2582/1 6044/15/1
f 6040/139/1 6062/140/1 6070/2583/1
f 6041/2113/1 6045/2581/1 6044/15/1
f 6040/139/1 6070/2583/1 6041/2113/1
f 6060/2114/1 6072/2121/1 6057/153/1
f 6061/142/1 6074/2584/1 6060/2114/1
f 6073/2116/7 6055/145/7 6064/146/7
f 6064/146/7 6071/2585/7 6065/2115/7
s 0
f 6065/2115/11 6054/2116/11 6073/2116/11
s 1
f 6058/147/11 6061/155/11 6057/148/11
f 6046/33/1645 6048/37/1645 6061/155/1645
f 6049/2117/1 6074/2584/1 6061/142/1
f 6052/18/1 6066/2586/1 6053/2587/1
f 6049/2117/1 6061/142/1 6048/37/1
f 6052/18/1 6053/2587/1 6049/2117/1
f 6058/136/7 6055/145/7 6073/2116/7
f 6059/2118/7 6075/2580/7 6058/136/7
f 6044/25/1646 6068/2588/1646 6069/2119/1646
f 6039/2120/7 6071/2585/7 6064/146/7
f 6042/13/7 6069/2589/7 6043/2590/7
f 6039/2120/7 6064/146/7 6038/36/7
f 6042/13/7 6043/2590/7 6039/2120/7
f 6063/2122/1 6070/2583/1 6062/140/1
f 6062/140/1 6057/153/1 6072/2121/1
f 6056/2121/1 6063/2122/1 6062/140/1
f 6055/149/11 6057/148/11 6062/154/11
f 6039/32/4 6043/19/4 6045/25/4
f 6051/24/1689 6053/18/1647 6066/2123/1647
f 6049/37/6 6053/18/6 6051/24/6
f 6070/2125/1649 6063/154/1649 6065/135/1649
f 6071/2131/1649 6039/35/1654 6041/34/1649
f 6070/2125/1649 6065/135/1649 6071/2131/1649
s 0
f 6054/149/11 6056/148/11 6072/2126/11
s 1
f 6072/2126/21 6060/155/21 6059/147/21
s 0
f 6073/2127/21 6054/149/21 6072/2126/21
s 1
f 6059/147/1651 6060/155/1651 6074/2128/1651
f 6074/2128/1651 6049/37/1651 6047/33/1651
f 6047/33/2194 6075/2132/2194 6059/147/2195
f 6045/25/1675 6043/19/1652 6069/2129/1652
f 6063/154/21 6056/148/21 6054/149/21
f 6084/2120/7 6082/2585/7 6079/146/7
f 6077/13/7 6113/2589/7 6085/2590/7
f 6084/2120/7 6079/146/7 6076/36/7
f 6077/13/7 6085/2590/7 6084/2120/7
f 6078/31/6 6112/25/6 6077/19/6
f 6079/135/1644 6080/154/1644 6078/34/1644
f 6081/149/11 6110/148/11 6080/154/11
f 6093/2116/7 6081/145/7 6079/146/7
f 6079/146/7 6082/2585/7 6083/2115/7
f 6083/2115/2196 6092/2116/2196 6093/2116/2196
f 6088/2125/1649 6089/154/1654 6083/135/1649
f 6082/2131/1649 6084/35/1654 6086/34/1649
f 6088/2125/1649 6083/135/1649 6082/2131/1649
f 6084/32/4 6085/19/4 6087/25/4
f 6087/2581/1 6111/2582/1 6112/15/1
f 6078/139/1 6080/140/1 6088/2583/1
f 6086/2113/1 6087/2581/1 6112/15/1
f 6078/139/1 6088/2583/1 6086/2113/1
f 6089/2122/1 6088/2583/1 6080/140/1
f 6080/140/1 6110/153/1 6091/2121/1
f 6090/2121/1 6089/2122/1 6080/140/1
f 6089/154/21 6090/148/21 6092/149/21
f 6092/149/21 6090/148/21 6091/2126/21
f 6091/2126/21 6096/155/21 6094/147/21
s 0
f 6094/147/2197 6093/2127/2197 6092/149/2197
s 1
f 6109/136/7 6081/145/7 6093/2116/7
f 6094/2118/7 6095/2580/7 6109/136/7
f 6094/147/1651 6096/155/1651 6097/2128/1651
f 6097/2128/1651 6099/37/1651 6101/33/1650
f 6095/2132/1651 6094/147/1651 6097/2128/1651
f 6096/2114/1 6091/2121/1 6110/153/1
f 6098/142/1 6097/2584/1 6096/2114/1
f 6099/2117/1 6097/2584/1 6098/142/1
f 6106/18/1 6104/2586/1 6100/2587/1
f 6099/2117/1 6098/142/1 6108/37/1
f 6106/18/1 6100/2587/1 6099/2117/1
f 6100/18/6 6102/24/6 6101/33/6
f 6102/2578/7 6103/2579/7 6105/24/7
f 6107/33/7 6109/136/7 6095/2580/7
f 6101/2112/7 6102/2578/7 6105/24/7
f 6107/33/7 6095/2580/7 6101/2112/7
f 6102/24/1647 6100/18/1689 6104/2123/1689
f 6104/2110/1643 6106/18/1643 6105/24/1643
f 6106/18/4 6108/37/4 6107/33/4
f 6107/33/1645 6108/37/1645 6098/155/1645
f 6109/147/11 6098/155/11 6110/148/11
f 6087/25/1652 6085/19/1652 6113/2129/1652
f 6112/25/1646 6111/2588/1728 6113/2119/1646
f 6122/2120/7 6120/2585/7 6117/146/7
f 6115/13/7 6151/2589/7 6123/2590/7
f 6122/2120/7 6117/146/7 6114/36/7
f 6115/13/7 6123/2590/7 6122/2120/7
f 6116/31/6 6150/25/6 6115/19/6
f 6117/135/1656 6118/154/1656 6116/34/1656
f 6119/149/11 6148/148/11 6118/154/11
f 6117/146/7 6120/2585/7 6121/2115/7
f 6119/145/7 6117/146/7 6121/2115/7
s 0
f 6121/2115/1768 6130/2116/21 6131/2116/1769
s 1
f 6126/2125/1664 6127/154/1664 6121/135/1670
f 6120/2131/1670 6122/35/1670 6124/34/1670
f 6126/2125/1664 6121/135/1670 6120/2131/1670
f 6124/31/4 6122/32/4 6123/19/4
f 6125/2581/1 6149/2582/1 6150/15/1
f 6116/139/1 6118/140/1 6126/2583/1
f 6124/2113/1 6125/2581/1 6150/15/1
f 6116/139/1 6126/2583/1 6124/2113/1
f 6127/2122/1 6126/2583/1 6118/140/1
f 6118/140/1 6148/153/1 6129/2121/1
f 6128/2121/1 6127/2122/1 6118/140/1
f 6127/154/21 6128/148/21 6130/149/21
s 0
f 6128/148/21 6129/2126/21 6134/155/21
s 1
f 6128/148/21 6134/155/21 6132/147/21
s 0
f 6131/2127/21 6130/149/1768 6128/148/1759
s 1
f 6147/136/7 6119/145/7 6131/2116/7
f 6132/2118/7 6133/2580/7 6147/136/7
f 6132/147/1665 6134/155/1666 6135/2128/1666
f 6135/2128/1666 6137/37/1665 6139/33/1665
f 6139/33/2198 6133/2132/2199 6132/147/2199
f 6134/2114/1 6129/2121/1 6148/153/1
f 6136/142/1 6135/2584/1 6134/2114/1
f 6137/2117/1 6135/2584/1 6136/142/1
f 6144/18/1 6142/2586/1 6138/2587/1
f 6137/2117/1 6136/142/1 6146/37/1
f 6144/18/1 6138/2587/1 6137/2117/1
f 6137/37/6 6138/18/6 6140/24/6
f 6140/2578/7 6141/2579/7 6143/24/7
f 6145/33/7 6147/136/7 6133/2580/7
f 6139/2112/7 6140/2578/7 6143/24/7
f 6145/33/7 6133/2580/7 6139/2112/7
f 6140/24/1662 6138/18/1663 6142/2123/1663
f 6142/2110/1655 6144/18/1655 6143/24/1655
f 6144/18/4 6146/37/4 6145/33/4
f 6145/33/1657 6146/37/1657 6136/155/1657
f 6147/147/11 6136/155/11 6148/148/11
f 6125/25/1667 6123/19/1667 6151/2129/1667
f 6150/25/1658 6149/2588/1658 6151/2119/1658
f 6160/2120/7 6158/2585/7 6155/146/7
f 6153/13/7 6189/2589/7 6161/2590/7
f 6160/2120/7 6155/146/7 6152/36/7
f 6153/13/7 6161/2590/7 6160/2120/7
f 6154/31/6 6188/25/6 6153/19/6
f 6155/135/1656 6156/154/1656 6154/34/1656
f 6157/149/11 6186/148/11 6156/154/11
f 6169/2116/7 6157/145/7 6155/146/7
f 6155/146/7 6158/2585/7 6159/2115/7
f 6168/2116/11 6169/2116/11 6155/146/2200
f 6164/2125/1670 6165/154/1670 6159/135/1664
f 6158/2131/1664 6160/35/1664 6162/34/1670
f 6164/2125/1670 6159/135/1664 6158/2131/1664
f 6160/32/4 6161/19/4 6163/25/4
f 6163/2581/1 6187/2582/1 6188/15/1
f 6154/139/1 6156/140/1 6164/2583/1
f 6162/2113/1 6163/2581/1 6188/15/1
f 6154/139/1 6164/2583/1 6162/2113/1
f 6165/2122/1 6164/2583/1 6156/140/1
f 6156/140/1 6186/153/1 6167/2121/1
f 6166/2121/1 6165/2122/1 6156/140/1
f 6165/154/21 6166/148/21 6168/149/21
f 6168/149/2201 6166/148/2201 6167/2126/2201
f 6167/2126/21 6172/155/21 6170/147/21
f 6169/2127/2071 6168/149/2099 6167/2126/2071
f 6185/136/7 6157/145/7 6169/2116/7
f 6170/2118/7 6171/2580/7 6185/136/7
f 6170/147/1665 6172/155/1666 6173/2128/1666
f 6173/2128/1666 6175/37/1665 6177/33/1665
f 6177/33/2202 6171/2132/2202 6170/147/2203
f 6172/2114/1 6167/2121/1 6186/153/1
f 6174/142/1 6173/2584/1 6172/2114/1
f 6175/2117/1 6173/2584/1 6174/142/1
f 6182/18/1 6180/2586/1 6176/2587/1
f 6175/2117/1 6174/142/1 6184/37/1
f 6182/18/1 6176/2587/1 6175/2117/1
f 6176/18/6 6178/24/6 6177/33/6
f 6178/2578/7 6179/2579/7 6181/24/7
f 6183/33/7 6185/136/7 6171/2580/7
f 6177/2112/7 6178/2578/7 6181/24/7
f 6183/33/7 6171/2580/7 6177/2112/7
f 6178/24/1662 6176/18/1662 6180/2123/1662
f 6180/2110/1655 6182/18/1655 6181/24/1655
f 6182/18/4 6184/37/4 6183/33/4
f 6183/33/1657 6184/37/1657 6174/155/1657
f 6185/147/11 6174/155/11 6186/148/11
f 6163/25/1667 6161/19/1667 6189/2129/1667
f 6188/25/1658 6187/2588/1658 6189/2119/1658
f 6198/2120/7 6196/2585/7 6193/146/7
f 6191/13/7 6227/2589/7 6199/2590/7
f 6198/2120/7 6193/146/7 6190/36/7
f 6191/13/7 6199/2590/7 6198/2120/7
f 6190/32/6 6192/31/6 6226/25/6
f 6193/135/1644 6194/154/1644 6192/34/1644
f 6195/149/11 6224/148/11 6194/154/11
f 6193/146/7 6196/2585/7 6197/2115/7
f 6195/145/7 6193/146/7 6197/2115/7
s 0
f 6197/2115/1768 6206/2116/21 6207/2116/1769
s 1
f 6202/2125/1649 6203/154/1649 6197/135/1649
f 6197/135/2204 6196/2131/2205 6198/35/2206
f 6198/35/1649 6200/34/1649 6202/2125/1649
f 6198/32/4 6199/19/4 6201/25/4
f 6201/2581/1 6225/2582/1 6226/15/1
f 6192/139/1 6194/140/1 6202/2583/1
f 6200/2113/1 6201/2581/1 6226/15/1
f 6192/139/1 6202/2583/1 6200/2113/1
f 6203/2122/1 6202/2583/1 6194/140/1
f 6194/140/1 6224/153/1 6205/2121/1
f 6204/2121/1 6203/2122/1 6194/140/1
f 6203/154/21 6204/148/21 6206/149/21
s 0
f 6204/148/2071 6205/2126/2071 6210/155/2159
s 1
f 6204/148/21 6210/155/21 6208/147/21
s 0
f 6207/2127/21 6206/149/1768 6204/148/1759
s 1
f 6223/136/7 6195/145/7 6207/2116/7
f 6208/2118/7 6209/2580/7 6223/136/7
f 6208/147/1651 6210/155/1651 6211/2128/1651
f 6211/2128/1651 6213/37/1650 6215/33/1651
f 6215/33/2207 6209/2132/2207 6208/147/2207
f 6210/2114/1 6205/2121/1 6224/153/1
f 6212/142/1 6211/2584/1 6210/2114/1
f 6213/2117/1 6211/2584/1 6212/142/1
f 6220/18/1 6218/2586/1 6214/2587/1
f 6213/2117/1 6212/142/1 6222/37/1
f 6220/18/1 6214/2587/1 6213/2117/1
f 6214/18/6 6216/24/6 6215/33/6
f 6216/2578/7 6217/2579/7 6219/24/7
f 6221/33/7 6223/136/7 6209/2580/7
f 6215/2112/7 6216/2578/7 6219/24/7
f 6221/33/7 6209/2580/7 6215/2112/7
f 6216/24/1647 6214/18/1647 6218/2123/1647
f 6218/2110/1643 6220/18/1643 6219/24/1643
f 6220/18/4 6222/37/4 6221/33/4
f 6221/33/1645 6222/37/1645 6212/155/1645
f 6223/147/11 6212/155/11 6224/148/11
f 6201/25/1652 6199/19/1652 6227/2129/1652
f 6226/25/1646 6225/2588/1646 6227/2119/1646
f 6236/2120/7 6234/2585/7 6231/146/7
f 6229/13/7 6265/2589/7 6237/2590/7
f 6236/2120/7 6231/146/7 6228/36/7
f 6229/13/7 6237/2590/7 6236/2120/7
f 6230/31/6 6264/25/6 6229/19/6
f 6231/135/1644 6232/154/1644 6230/34/1644
f 6233/149/11 6262/148/11 6232/154/11
f 6231/146/7 6234/2585/7 6235/2115/7
f 6233/145/7 6231/146/7 6235/2115/7
s 0
f 6235/2115/1768 6244/2116/21 6245/2116/1769
s 1
f 6240/2125/1649 6241/154/1654 6235/135/1649
f 6235/135/2208 6234/2131/2209 6236/35/2209
f 6236/35/1649 6238/34/1649 6240/2125/1649
f 6236/32/4 6237/19/4 6239/25/4
f 6239/2581/1 6263/2582/1 6264/15/1
f 6230/139/1 6232/140/1 6240/2583/1
f 6238/2113/1 6239/2581/1 6264/15/1
f 6230/139/1 6240/2583/1 6238/2113/1
f 6241/2122/1 6240/2583/1 6232/140/1
f 6232/140/1 6262/153/1 6243/2121/1
f 6242/2121/1 6241/2122/1 6232/140/1
f 6241/154/21 6242/148/21 6244/149/21
s 0
f 6242/148/11 6243/2126/11 6248/155/1769
s 1
f 6242/148/21 6248/155/21 6246/147/21
s 0
f 6245/2127/21 6244/149/1768 6242/148/1759
s 1
f 6261/136/7 6233/145/7 6245/2116/7
f 6246/2118/7 6247/2580/7 6261/136/7
f 6246/147/1651 6248/155/1651 6249/2128/1651
f 6249/2128/1651 6251/37/1651 6253/33/1651
f 6253/33/2210 6247/2132/2211 6246/147/2212
f 6248/2114/1 6243/2121/1 6262/153/1
f 6250/142/1 6249/2584/1 6248/2114/1
f 6251/2117/1 6249/2584/1 6250/142/1
f 6258/18/1 6256/2586/1 6252/2587/1
f 6251/2117/1 6250/142/1 6260/37/1
f 6258/18/1 6252/2587/1 6251/2117/1
f 6252/18/6 6254/24/6 6253/33/6
f 6254/2578/7 6255/2579/7 6257/24/7
f 6259/33/7 6261/136/7 6247/2580/7
f 6253/2112/7 6254/2578/7 6257/24/7
f 6259/33/7 6247/2580/7 6253/2112/7
f 6254/24/1647 6252/18/1647 6256/2123/1647
f 6256/2110/1643 6258/18/1643 6257/24/1643
f 6258/18/4 6260/37/4 6259/33/4
f 6259/33/1645 6260/37/1645 6250/155/1645
f 6261/147/11 6250/155/11 6262/148/11
f 6239/25/1652 6237/19/1675 6265/2129/1675
f 6264/25/1646 6263/2588/1646 6265/2119/1646
f 6274/2120/7 6272/2585/7 6269/146/7
f 6267/13/7 6303/2589/7 6275/2590/7
f 6274/2120/7 6269/146/7 6266/36/7
f 6267/13/7 6275/2590/7 6274/2120/7
f 6266/32/6 6268/31/6 6302/25/6
f 6269/135/1656 6270/154/1656 6268/34/1656
f 6271/149/11 6300/148/11 6270/154/11
f 6283/2116/7 6271/145/7 6269/146/7
f 6269/146/7 6272/2585/7 6273/2115/7
f 6273/2115/11 6282/2116/11 6283/2116/11
f 6278/2125/1664 6279/154/1664 6273/135/1670
f 6273/135/2213 6272/2131/2213 6274/35/2214
f 6274/35/1670 6276/34/1670 6278/2125/1664
f 6274/32/4 6275/19/4 6277/25/4
f 6277/2581/1 6301/2582/1 6302/15/1
f 6268/139/1 6270/140/1 6278/2583/1
f 6276/2113/1 6277/2581/1 6302/15/1
f 6268/139/1 6278/2583/1 6276/2113/1
f 6279/2122/1 6278/2583/1 6270/140/1
f 6279/2122/1 6270/140/1 6300/153/1
s 0
f 6281/2121/21 6280/2121/2071 6279/2122/2071
s 1
f 6279/154/21 6280/148/21 6282/149/21
s 0
f 6282/149/21 6280/148/21 6281/2126/21
s 1
f 6281/2126/21 6286/155/21 6284/147/21
s 0
f 6283/2127/2071 6282/149/2099 6281/2126/2071
s 1
f 6299/136/7 6271/145/7 6283/2116/7
f 6284/2118/7 6285/2580/7 6299/136/7
f 6284/147/1666 6286/155/1666 6287/2128/1666
f 6287/2128/1666 6289/37/1665 6291/33/1665
f 6285/2132/1665 6284/147/1666 6287/2128/1666
f 6286/2114/1 6281/2121/1 6300/153/1
f 6288/142/1 6287/2584/1 6286/2114/1
f 6289/2117/1 6287/2584/1 6288/142/1
f 6296/18/1 6294/2586/1 6290/2587/1
f 6289/2117/1 6288/142/1 6298/37/1
f 6296/18/1 6290/2587/1 6289/2117/1
f 6290/18/6 6292/24/6 6291/33/6
f 6292/2578/7 6293/2579/7 6295/24/7
f 6297/33/7 6299/136/7 6285/2580/7
f 6291/2112/7 6292/2578/7 6295/24/7
f 6297/33/7 6285/2580/7 6291/2112/7
f 6292/24/1663 6290/18/1663 6294/2123/1663
f 6294/2110/1655 6296/18/1655 6295/24/1655
f 6296/18/4 6298/37/4 6297/33/4
f 6297/33/1657 6298/37/1657 6288/155/1657
f 6299/147/11 6288/155/11 6300/148/11
f 6277/25/1667 6275/19/1667 6303/2129/1667
f 6302/25/1658 6301/2588/1658 6303/2119/1658
f 6312/2120/7 6310/2585/7 6307/146/7
f 6305/13/7 6341/2589/7 6313/2590/7
f 6312/2120/7 6307/146/7 6304/36/7
f 6305/13/7 6313/2590/7 6312/2120/7
f 6306/31/6 6340/25/6 6305/19/6
f 6307/135/1656 6308/154/1656 6306/34/1656
f 6309/149/11 6338/148/11 6308/154/11
f 6321/2116/7 6309/145/7 6307/146/7
f 6307/146/7 6310/2585/7 6311/2115/7
f 6320/2116/2183 6321/2116/2183 6307/146/2215
f 6316/2125/1670 6317/154/1670 6311/135/1670
f 6311/135/2216 6310/2131/2216 6312/35/2216
f 6312/35/1670 6314/34/1670 6316/2125/1670
f 6312/32/4 6313/19/4 6315/25/4
f 6315/2581/1 6339/2582/1 6340/15/1
f 6306/139/1 6308/140/1 6316/2583/1
f 6314/2113/1 6315/2581/1 6340/15/1
f 6306/139/1 6316/2583/1 6314/2113/1
f 6317/2122/1 6316/2583/1 6308/140/1
f 6317/2122/1 6308/140/1 6338/153/1
s 0
f 6319/2121/21 6318/2121/1769 6317/2122/1768
s 1
f 6317/154/21 6318/148/21 6320/149/21
f 6324/155/2217 6322/147/21 6321/2127/2218
f 6324/155/2217 6321/2127/2218 6320/149/2219
s 0
f 6318/148/21 6319/2126/1768 6324/155/1769
s 1
f 6337/136/7 6309/145/7 6321/2116/7
f 6322/2118/7 6323/2580/7 6337/136/7
f 6322/147/1665 6324/155/1666 6325/2128/1666
f 6325/2128/1666 6327/37/1666 6329/33/1665
f 6329/33/1769 6323/2132/1768 6322/147/1760
f 6324/2114/1 6319/2121/1 6338/153/1
f 6326/142/1 6325/2584/1 6324/2114/1
f 6327/2117/1 6325/2584/1 6326/142/1
f 6334/18/1 6332/2586/1 6328/2587/1
f 6327/2117/1 6326/142/1 6336/37/1
f 6334/18/1 6328/2587/1 6327/2117/1
f 6328/18/6 6330/24/6 6329/33/6
f 6330/2578/7 6331/2579/7 6333/24/7
f 6335/33/7 6337/136/7 6323/2580/7
f 6329/2112/7 6330/2578/7 6333/24/7
f 6335/33/7 6323/2580/7 6329/2112/7
f 6330/24/1663 6328/18/1662 6332/2123/1662
f 6332/2110/1655 6334/18/1655 6333/24/1655
f 6334/18/4 6336/37/4 6335/33/4
f 6335/33/1657 6336/37/1657 6326/155/1657
f 6337/147/11 6326/155/11 6338/148/11
f 6315/25/1667 6313/19/1667 6341/2129/1667
f 6340/25/1658 6339/2588/1658 6341/2119/1658
f 6350/2120/7 6348/2585/7 6345/146/7
f 6343/13/7 6379/2589/7 6351/2590/7
f 6350/2120/7 6345/146/7 6342/36/7
f 6343/13/7 6351/2590/7 6350/2120/7
f 6344/31/6 6378/25/6 6343/19/6
f 6345/135/1644 6346/154/1644 6344/34/1644
f 6347/149/11 6376/148/11 6346/154/11
f 6359/2116/7 6347/145/7 6345/146/7
f 6345/146/7 6348/2585/7 6349/2115/7
f 6349/2115/2220 6358/2116/2220 6359/2116/2220
f 6354/2125/1649 6355/154/1654 6349/135/1649
f 6349/135/2221 6348/2131/2222 6350/35/2223
f 6350/35/1649 6352/34/1649 6354/2125/1649
f 6352/31/4 6350/32/4 6351/19/4
f 6353/2581/1 6377/2582/1 6378/15/1
f 6344/139/1 6346/140/1 6354/2583/1
f 6352/2113/1 6353/2581/1 6378/15/1
f 6344/139/1 6354/2583/1 6352/2113/1
f 6355/2122/1 6354/2583/1 6346/140/1
f 6346/140/1 6376/153/1 6357/2121/1
f 6356/2121/1 6355/2122/1 6346/140/1
f 6355/154/21 6356/148/21 6358/149/21
f 6358/149/2224 6356/148/2224 6357/2126/2225
f 6357/2126/21 6362/155/21 6360/147/21
s 0
f 6360/147/2226 6359/2127/2226 6358/149/2226
s 1
f 6375/136/7 6347/145/7 6359/2116/7
f 6360/2118/7 6361/2580/7 6375/136/7
f 6360/147/1650 6362/155/1651 6363/2128/1651
f 6363/2128/1651 6365/37/1651 6367/33/1651
f 6361/2132/1651 6360/147/1650 6363/2128/1651
f 6362/2114/1 6357/2121/1 6376/153/1
f 6364/142/1 6363/2584/1 6362/2114/1
f 6365/2117/1 6363/2584/1 6364/142/1
f 6372/18/1 6370/2586/1 6366/2587/1
f 6365/2117/1 6364/142/1 6374/37/1
f 6372/18/1 6366/2587/1 6365/2117/1
f 6366/18/6 6368/24/6 6367/33/6
f 6368/2578/7 6369/2579/7 6371/24/7
f 6373/33/7 6375/136/7 6361/2580/7
f 6367/2112/7 6368/2578/7 6371/24/7
f 6373/33/7 6361/2580/7 6367/2112/7
f 6368/24/1647 6366/18/1647 6370/2123/1647
f 6370/2110/1643 6372/18/1643 6371/24/1643
f 6371/24/4 6372/18/4 6374/37/4
f 6373/33/1645 6374/37/1645 6364/155/1645
f 6375/147/11 6364/155/11 6376/148/11
f 6353/25/1652 6351/19/1652 6379/2129/1652
f 6378/25/1646 6377/2588/1646 6379/2119/1646
f 6388/2120/7 6386/2585/7 6383/146/7
f 6381/13/7 6417/2589/7 6389/2590/7
f 6388/2120/7 6383/146/7 6380/36/7
f 6381/13/7 6389/2590/7 6388/2120/7
f 6382/31/6 6416/25/6 6381/19/6
f 6383/135/1644 6384/154/1644 6382/34/1644
f 6385/149/11 6414/148/11 6384/154/11
f 6397/2116/7 6385/145/7 6383/146/7
f 6383/146/7 6386/2585/7 6387/2115/7
s 0
f 6396/2116/11 6397/2116/11 6383/146/1768
s 1
f 6392/2125/1649 6393/154/1649 6387/135/1649
f 6387/135/2227 6386/2131/1768 6388/35/1768
f 6388/35/1649 6390/34/1649 6392/2125/1649
f 6388/32/4 6389/19/4 6391/25/4
f 6391/2581/1 6415/2582/1 6416/15/1
f 6382/139/1 6384/140/1 6392/2583/1
f 6390/2113/1 6391/2581/1 6416/15/1
f 6382/139/1 6392/2583/1 6390/2113/1
f 6393/2122/1 6392/2583/1 6384/140/1
f 6384/140/1 6414/153/1 6395/2121/1
s 0
f 6395/2121/21 6394/2121/21 6393/2122/21
s 1
f 6393/154/21 6394/148/21 6396/149/21
f 6396/149/2228 6394/148/2228 6395/2126/2228
f 6395/2126/21 6400/155/21 6398/147/21
s 0
f 6397/2127/11 6396/149/11 6395/2126/1759
s 1
f 6413/136/7 6385/145/7 6397/2116/7
f 6398/2118/7 6399/2580/7 6413/136/7
f 6398/147/1651 6400/155/1651 6401/2128/1651
f 6401/2128/1651 6403/37/1650 6405/33/1651
f 6405/33/2229 6399/2132/2230 6398/147/2230
f 6400/2114/1 6395/2121/1 6414/153/1
f 6402/142/1 6401/2584/1 6400/2114/1
f 6403/2117/1 6401/2584/1 6402/142/1
f 6410/18/1 6408/2586/1 6404/2587/1
f 6403/2117/1 6402/142/1 6412/37/1
f 6410/18/1 6404/2587/1 6403/2117/1
f 6404/18/6 6406/24/6 6405/33/6
f 6406/2578/7 6407/2579/7 6409/24/7
f 6411/33/7 6413/136/7 6399/2580/7
f 6405/2112/7 6406/2578/7 6409/24/7
f 6411/33/7 6399/2580/7 6405/2112/7
f 6406/24/1647 6404/18/1647 6408/2123/1647
f 6408/2110/1643 6410/18/1643 6409/24/1643
f 6409/24/4 6410/18/4 6412/37/4
f 6411/33/1645 6412/37/1645 6402/155/1645
f 6413/147/11 6402/155/11 6414/148/11
f 6391/25/1652 6389/19/1652 6417/2129/1652
f 6416/25/1646 6415/2588/1646 6417/2119/1646
f 6426/2120/7 6424/2585/7 6421/146/7
f 6419/13/7 6455/2589/7 6427/2590/7
f 6426/2120/7 6421/146/7 6418/36/7
f 6419/13/7 6427/2590/7 6426/2120/7
f 6418/32/6 6420/31/6 6454/25/6
f 6421/135/1656 6422/154/1656 6420/34/1656
f 6423/149/11 6452/148/11 6422/154/11
f 6435/2116/7 6423/145/7 6421/146/7
f 6421/146/7 6424/2585/7 6425/2115/7
f 6425/2115/2197 6434/2116/2197 6435/2116/2197
f 6430/2125/1664 6431/154/1664 6425/135/1670
f 6424/2131/1670 6426/35/1664 6428/34/1670
f 6430/2125/1664 6425/135/1670 6424/2131/1670
f 6426/32/4 6427/19/4 6429/25/4
f 6429/2581/1 6453/2582/1 6454/15/1
f 6420/139/1 6422/140/1 6430/2583/1
f 6428/2113/1 6429/2581/1 6454/15/1
f 6420/139/1 6430/2583/1 6428/2113/1
f 6431/2122/1 6430/2583/1 6422/140/1
f 6422/140/1 6452/153/1 6433/2121/1
f 6432/2121/1 6431/2122/1 6422/140/1
f 6431/154/21 6432/148/21 6434/149/21
s 0
f 6434/149/2231 6432/148/21 6433/2126/2231
s 1
f 6433/2126/21 6438/155/21 6436/147/21
s 0
f 6436/147/2232 6435/2127/2232 6434/149/2232
s 1
f 6451/136/7 6423/145/7 6435/2116/7
f 6436/2118/7 6437/2580/7 6451/136/7
f 6436/147/1665 6438/155/1666 6439/2128/1666
f 6439/2128/1666 6441/37/1665 6443/33/1665
f 6443/33/2233 6437/2132/2234 6436/147/2234
f 6438/2114/1 6433/2121/1 6452/153/1
f 6440/142/1 6439/2584/1 6438/2114/1
f 6441/2117/1 6439/2584/1 6440/142/1
f 6448/18/1 6446/2586/1 6442/2587/1
f 6441/2117/1 6440/142/1 6450/37/1
f 6448/18/1 6442/2587/1 6441/2117/1
f 6441/37/6 6442/18/6 6444/24/6
f 6444/2578/7 6445/2579/7 6447/24/7
f 6449/33/7 6451/136/7 6437/2580/7
f 6443/2112/7 6444/2578/7 6447/24/7
f 6449/33/7 6437/2580/7 6443/2112/7
f 6444/24/1663 6442/18/1662 6446/2123/1662
f 6446/2110/1655 6448/18/1655 6447/24/1655
f 6448/18/4 6450/37/4 6449/33/4
f 6449/33/1657 6450/37/1657 6440/155/1657
f 6451/147/11 6440/155/11 6452/148/11
f 6429/25/1667 6427/19/1671 6455/2129/1671
f 6454/25/1658 6453/2588/1658 6455/2119/1658
f 6464/2120/7 6462/2585/7 6459/146/7
f 6457/13/7 6493/2589/7 6465/2590/7
f 6464/2120/7 6459/146/7 6456/36/7
f 6457/13/7 6465/2590/7 6464/2120/7
f 6458/31/6 6492/25/6 6457/19/6
f 6459/135/1656 6460/154/1656 6458/34/1656
f 6461/149/11 6490/148/11 6460/154/11
f 6459/146/7 6462/2585/7 6463/2115/7
f 6461/145/7 6459/146/7 6463/2115/7
f 6463/2115/11 6472/2116/11 6473/2116/11
f 6468/2125/1664 6469/154/1664 6463/135/1664
f 6463/135/2235 6462/2131/2235 6464/35/2236
f 6464/35/1664 6466/34/1670 6468/2125/1664
f 6466/31/4 6464/32/4 6465/19/4
f 6467/2581/1 6491/2582/1 6492/15/1
f 6458/139/1 6460/140/1 6468/2583/1
f 6466/2113/1 6467/2581/1 6492/15/1
f 6458/139/1 6468/2583/1 6466/2113/1
f 6469/2122/1 6468/2583/1 6460/140/1
f 6460/140/1 6490/153/1 6471/2121/1
f 6470/2121/1 6469/2122/1 6460/140/1
f 6469/154/21 6470/148/21 6472/149/21
f 6472/149/2237 6470/148/2237 6471/2126/2237
f 6471/2126/21 6476/155/21 6474/147/21
s 0
f 6473/2127/2071 6472/149/2099 6471/2126/2071
s 1
f 6489/136/7 6461/145/7 6473/2116/7
f 6474/2118/7 6475/2580/7 6489/136/7
f 6474/147/1666 6476/155/1666 6477/2128/1666
f 6477/2128/1666 6479/37/1665 6481/33/1665
f 6475/2132/1666 6474/147/1666 6477/2128/1666
f 6476/2114/1 6471/2121/1 6490/153/1
f 6478/142/1 6477/2584/1 6476/2114/1
f 6479/2117/1 6477/2584/1 6478/142/1
f 6486/18/1 6484/2586/1 6480/2587/1
f 6479/2117/1 6478/142/1 6488/37/1
f 6486/18/1 6480/2587/1 6479/2117/1
f 6479/37/6 6480/18/6 6482/24/6
f 6482/2578/7 6483/2579/7 6485/24/7
f 6487/33/7 6489/136/7 6475/2580/7
f 6481/2112/7 6482/2578/7 6485/24/7
f 6487/33/7 6475/2580/7 6481/2112/7
f 6482/24/1663 6480/18/1662 6484/2123/1662
f 6484/2110/1655 6486/18/1655 6485/24/1655
f 6486/18/4 6488/37/4 6487/33/4
f 6487/33/1657 6488/37/1657 6478/155/1657
f 6489/147/11 6478/155/11 6490/148/11
f 6467/25/1667 6465/19/1671 6493/2129/1671
f 6492/25/1658 6491/2588/1658 6493/2119/1658
f 6502/2120/7 6500/2585/7 6497/146/7
f 6495/13/7 6531/2589/7 6503/2590/7
f 6502/2120/7 6497/146/7 6494/36/7
f 6495/13/7 6503/2590/7 6502/2120/7
f 6496/31/6 6530/25/6 6495/19/6
f 6497/135/1644 6498/154/1644 6496/34/1644
f 6499/149/11 6528/148/11 6498/154/11
f 6511/2116/7 6499/145/7 6497/146/7
f 6497/146/7 6500/2585/7 6501/2115/7
f 6510/2116/2183 6511/2116/2238 6497/146/2238
f 6506/2125/1649 6507/154/1649 6501/135/1649
f 6501/135/1768 6500/2131/1768 6502/35/2227
f 6502/35/1649 6504/34/1654 6506/2125/1649
f 6504/31/4 6502/32/4 6503/19/4
f 6505/2581/1 6529/2582/1 6530/15/1
f 6496/139/1 6498/140/1 6506/2583/1
f 6504/2113/1 6505/2581/1 6530/15/1
f 6496/139/1 6506/2583/1 6504/2113/1
f 6507/2122/1 6506/2583/1 6498/140/1
f 6498/140/1 6528/153/1 6509/2121/1
f 6508/2121/1 6507/2122/1 6498/140/1
f 6507/154/21 6508/148/1748 6510/149/1748
f 6510/149/1748 6508/148/1748 6509/2126/1749
f 6509/2126/1749 6514/155/21 6512/147/21
f 6512/147/2239 6511/2127/2239 6510/149/2239
f 6527/136/7 6499/145/7 6511/2116/7
f 6512/2118/7 6513/2580/7 6527/136/7
f 6512/147/1651 6514/155/1651 6515/2128/1651
f 6515/2128/1651 6517/37/1650 6519/33/1651
f 6513/2132/1651 6512/147/1651 6515/2128/1651
f 6514/2114/1 6509/2121/1 6528/153/1
f 6516/142/1 6515/2584/1 6514/2114/1
f 6517/2117/1 6515/2584/1 6516/142/1
f 6524/18/1 6522/2586/1 6518/2587/1
f 6517/2117/1 6516/142/1 6526/37/1
f 6524/18/1 6518/2587/1 6517/2117/1
f 6517/37/6 6518/18/6 6520/24/6
f 6520/2578/7 6521/2579/7 6523/24/7
f 6525/33/7 6527/136/7 6513/2580/7
f 6519/2112/7 6520/2578/7 6523/24/7
f 6525/33/7 6513/2580/7 6519/2112/7
f 6520/24/1647 6518/18/1647 6522/2123/1647
f 6522/2110/1643 6524/18/1643 6523/24/1643
f 6524/18/4 6526/37/4 6525/33/4
f 6525/33/1645 6526/37/1645 6516/155/1645
f 6527/147/11 6516/155/11 6528/148/11
f 6505/25/1652 6503/19/1652 6531/2129/1652
f 6530/25/1646 6529/2588/1646 6531/2119/1646
f 6540/2120/7 6538/2585/7 6535/146/7
f 6533/13/7 6569/2589/7 6541/2590/7
f 6540/2120/7 6535/146/7 6532/36/7
f 6533/13/7 6541/2590/7 6540/2120/7
f 6534/31/6 6568/25/6 6533/19/6
f 6535/135/1656 6536/154/1656 6534/34/1656
f 6537/149/11 6566/148/11 6536/154/11
f 6549/2116/7 6537/145/7 6535/146/7
f 6535/146/7 6538/2585/7 6539/2115/7
s 0
f 6548/2116/11 6549/2116/2071 6535/146/2071
s 1
f 6544/2125/1664 6545/154/1670 6539/135/1664
f 6538/2131/1664 6540/35/1670 6542/34/1664
f 6544/2125/1664 6539/135/1664 6538/2131/1664
f 6540/32/4 6541/19/4 6543/25/4
f 6543/2581/1 6567/2582/1 6568/15/1
f 6534/139/1 6536/140/1 6544/2583/1
f 6542/2113/1 6543/2581/1 6568/15/1
f 6534/139/1 6544/2583/1 6542/2113/1
f 6545/2122/1 6544/2583/1 6536/140/1
f 6536/140/1 6566/153/1 6547/2121/1
s 0
f 6547/2121/2070 6546/2121/2070 6545/2122/2156
s 1
f 6545/154/21 6546/148/21 6548/149/21
f 6548/149/2240 6546/148/2240 6547/2126/2240
f 6547/2126/21 6552/155/21 6550/147/21
s 0
f 6549/2127/21 6548/149/2099 6547/2126/2071
s 1
f 6565/136/7 6537/145/7 6549/2116/7
f 6550/2118/7 6551/2580/7 6565/136/7
f 6550/147/1665 6552/155/1666 6553/2128/1666
f 6553/2128/1666 6555/37/1665 6557/33/1665
f 6557/33/2241 6551/2132/2241 6550/147/2242
f 6552/2114/1 6547/2121/1 6566/153/1
f 6554/142/1 6553/2584/1 6552/2114/1
f 6555/2117/1 6553/2584/1 6554/142/1
f 6562/18/1 6560/2586/1 6556/2587/1
f 6555/2117/1 6554/142/1 6564/37/1
f 6562/18/1 6556/2587/1 6555/2117/1
f 6556/18/6 6558/24/6 6557/33/6
f 6558/2578/7 6559/2579/7 6561/24/7
f 6563/33/7 6565/136/7 6551/2580/7
f 6557/2112/7 6558/2578/7 6561/24/7
f 6563/33/7 6551/2580/7 6557/2112/7
f 6558/24/1662 6556/18/1662 6560/2123/1662
f 6560/2110/1655 6562/18/1655 6561/24/1655
f 6562/18/4 6564/37/4 6563/33/4
f 6563/33/1657 6564/37/1657 6554/155/1657
f 6565/147/11 6554/155/11 6566/148/11
f 6543/25/1667 6541/19/1667 6569/2129/1667
f 6568/25/1658 6567/2588/1658 6569/2119/1658
f 6578/2120/7 6576/2585/7 6573/146/7
f 6571/13/7 6607/2589/7 6579/2590/7
f 6578/2120/7 6573/146/7 6570/36/7
f 6571/13/7 6579/2590/7 6578/2120/7
f 6572/31/6 6606/25/6 6571/19/6
f 6573/135/1644 6574/154/1644 6572/34/1644
f 6575/149/11 6604/148/11 6574/154/11
f 6573/146/7 6576/2585/7 6577/2115/7
f 6575/145/7 6573/146/7 6577/2115/7
s 0
f 6577/2115/1768 6586/2116/21 6587/2116/1769
s 1
f 6582/2125/1649 6583/154/1649 6577/135/1654
f 6577/135/2243 6576/2131/2244 6578/35/2245
f 6578/35/1654 6580/34/1649 6582/2125/1649
f 6578/32/4 6579/19/4 6581/25/4
f 6581/2581/1 6605/2582/1 6606/15/1
f 6572/139/1 6574/140/1 6582/2583/1
f 6580/2113/1 6581/2581/1 6606/15/1
f 6572/139/1 6582/2583/1 6580/2113/1
f 6583/2122/1 6582/2583/1 6574/140/1
f 6574/140/1 6604/153/1 6585/2121/1
f 6585/2121/1768 6584/2121/1769 6583/2122/1768
f 6583/154/21 6584/148/21 6586/149/21
f 6585/2126/21 6590/155/21 6588/147/21
f 6584/148/1769 6585/2126/1768 6588/147/1768
s 0
f 6588/147/1769 6587/2127/21 6586/149/1768
s 1
f 6603/136/7 6575/145/7 6587/2116/7
f 6588/2118/7 6589/2580/7 6603/136/7
f 6588/147/1651 6590/155/1651 6591/2128/1651
f 6591/2128/1651 6593/37/1650 6595/33/1650
f 6589/2132/1651 6588/147/1651 6591/2128/1651
f 6590/2114/1 6585/2121/1 6604/153/1
f 6592/142/1 6591/2584/1 6590/2114/1
f 6593/2117/1 6591/2584/1 6592/142/1
f 6600/18/1 6598/2586/1 6594/2587/1
f 6593/2117/1 6592/142/1 6602/37/1
f 6600/18/1 6594/2587/1 6593/2117/1
f 6594/18/6 6596/24/6 6595/33/6
f 6596/2578/7 6597/2579/7 6599/24/7
f 6601/33/7 6603/136/7 6589/2580/7
f 6595/2112/7 6596/2578/7 6599/24/7
f 6601/33/7 6589/2580/7 6595/2112/7
f 6596/24/1647 6594/18/1647 6598/2123/1647
f 6598/2110/1643 6600/18/1643 6599/24/1643
f 6600/18/4 6602/37/4 6601/33/4
f 6601/33/1645 6602/37/1645 6592/155/1645
f 6603/147/11 6592/155/11 6604/148/11
f 6581/25/1652 6579/19/1727 6607/2129/1727
f 6606/25/1646 6605/2588/1646 6607/2119/1646
f 6608/32/6 6610/31/6 6614/25/6
f 6636/2110/1643 6622/18/1643 6620/24/1643
f 6622/18/4 6618/37/4 6616/33/4
f 6634/135/1644 6632/154/1644 6610/34/1644
f 6621/2578/7 6637/2579/7 6620/24/7
f 6616/33/7 6628/136/7 6645/2580/7
f 6617/2112/7 6621/2578/7 6620/24/7
f 6616/33/7 6645/2580/7 6617/2112/7
f 6615/2581/1 6638/2582/1 6614/15/1
f 6610/139/1 6632/140/1 6640/2583/1
f 6611/2113/1 6615/2581/1 6614/15/1
f 6610/139/1 6640/2583/1 6611/2113/1
f 6630/2114/1 6642/2121/1 6627/153/1
f 6631/142/1 6644/2584/1 6630/2114/1
f 6634/146/7 6641/2585/7 6635/2115/7
f 6625/145/7 6634/146/7 6635/2115/7
f 6635/2115/2246 6624/2116/2246 6643/2116/2246
f 6628/147/11 6631/155/11 6627/148/11
f 6616/33/1645 6618/37/1645 6631/155/1645
f 6619/2117/1 6644/2584/1 6631/142/1
f 6622/18/1 6636/2586/1 6623/2587/1
f 6619/2117/1 6631/142/1 6618/37/1
f 6622/18/1 6623/2587/1 6619/2117/1
f 6628/136/7 6625/145/7 6643/2116/7
f 6629/2118/7 6645/2580/7 6628/136/7
f 6614/25/1646 6638/2588/1646 6639/2119/1646
f 6609/2120/7 6641/2585/7 6634/146/7
f 6612/13/7 6639/2589/7 6613/2590/7
f 6609/2120/7 6634/146/7 6608/36/7
f 6612/13/7 6613/2590/7 6609/2120/7
f 6633/2122/1 6640/2583/1 6632/140/1
f 6632/140/1 6627/153/1 6642/2121/1
f 6626/2121/1 6633/2122/1 6632/140/1
f 6625/149/11 6627/148/11 6632/154/11
f 6611/31/4 6609/32/4 6613/19/4
f 6621/24/1647 6623/18/1647 6636/2123/1647
f 6619/37/6 6623/18/6 6621/24/6
f 6640/2125/1649 6633/154/1649 6635/135/1649
f 6635/135/2247 6641/2131/2247 6609/35/2247
f 6609/35/1649 6611/34/1654 6640/2125/1649
f 6624/149/2248 6626/148/2248 6642/2126/2248
f 6642/2126/21 6630/155/21 6629/147/21
f 6643/2127/2249 6624/149/2249 6642/2126/2249
f 6629/147/1651 6630/155/1650 6644/2128/1651
f 6644/2128/1651 6619/37/1651 6617/33/1651
f 6617/33/2250 6645/2132/2251 6629/147/2251
f 6615/25/1652 6613/19/1652 6639/2129/1652
f 6633/154/21 6626/148/21 6624/149/21
f 6654/2120/7 6652/2585/7 6649/146/7
f 6647/13/7 6683/2589/423 6655/2590/7
f 6654/2120/7 6649/146/7 6646/36/7
f 6647/13/7 6655/2590/7 6654/2120/7
f 6646/32/6 6648/31/6 6682/25/6
f 6649/135/1656 6650/154/1656 6648/34/1656
f 6651/149/11 6680/148/11 6650/154/11
f 6663/2116/7 6651/145/7 6649/146/7
f 6649/146/7 6652/2585/7 6653/2115/7
f 6662/2116/2252 6663/2116/2252 6649/146/2253
f 6658/2125/1664 6659/154/1664 6653/135/1664
f 6652/2131/1664 6654/35/1670 6656/34/1670
f 6658/2125/1664 6653/135/1664 6652/2131/1664
f 6654/32/4 6655/19/4 6657/25/4
f 6657/2581/1 6681/2582/2254 6682/15/1
f 6648/139/1 6650/140/1 6658/2583/1
f 6656/2113/1 6657/2581/1 6682/15/1
f 6648/139/1 6658/2583/1 6656/2113/1
f 6659/2122/1 6658/2583/1 6650/140/1
f 6650/140/1 6680/153/1 6661/2121/1
f 6660/2121/1 6659/2122/1 6650/140/1
f 6659/154/21 6660/148/1701 6662/149/1754
f 6662/149/1754 6660/148/1701 6661/2126/1754
f 6661/2126/1754 6666/155/21 6664/147/21
f 6663/2127/21 6662/149/1754 6661/2126/1754
f 6679/136/7 6651/145/7 6663/2116/7
f 6664/2118/7 6665/2580/7 6679/136/7
f 6664/147/1666 6666/155/1666 6667/2128/1666
f 6667/2128/1666 6669/37/1665 6671/33/1666
f 6671/33/2255 6665/2132/2256 6664/147/2257
f 6666/2114/1 6661/2121/1 6680/153/1
f 6668/142/1 6667/2584/1 6666/2114/1
f 6669/2117/1 6667/2584/1 6668/142/1
f 6676/18/1 6674/2586/1 6670/2587/1
f 6669/2117/1 6668/142/1 6678/37/1
f 6676/18/1 6670/2587/1 6669/2117/1
f 6670/18/6 6672/24/6 6671/33/6
f 6672/2578/7 6673/2579/640 6675/24/7
f 6677/33/7 6679/136/7 6665/2580/7
f 6671/2112/7 6672/2578/7 6675/24/7
f 6677/33/7 6665/2580/7 6671/2112/7
f 6672/24/1713 6670/18/1662 6674/2123/1662
f 6674/2110/1655 6676/18/1655 6675/24/1655
f 6676/18/4 6678/37/4 6677/33/4
f 6677/33/1657 6678/37/1657 6668/155/1657
f 6679/147/11 6668/155/11 6680/148/11
f 6657/25/1667 6655/19/1755 6683/2129/1755
f 6682/25/1658 6681/2588/1658 6683/2119/1658
f 6692/2120/7 6690/2585/7 6687/146/7
f 6685/13/7 6721/2589/7 6693/2590/7
f 6692/2120/7 6687/146/7 6684/36/7
f 6685/13/7 6693/2590/7 6692/2120/7
f 6686/31/6 6720/25/6 6685/19/6
f 6687/135/1644 6688/154/1644 6686/34/1644
f 6689/149/11 6718/148/11 6688/154/11
f 6701/2116/7 6689/145/7 6687/146/7
f 6687/146/7 6690/2585/7 6691/2115/7
f 6700/2116/2145 6701/2116/2145 6687/146/2258
f 6696/2125/1649 6697/154/1649 6691/135/1649
f 6691/135/2259 6690/2131/2260 6692/35/2260
f 6692/35/1649 6694/34/1649 6696/2125/1649
f 6692/32/4 6693/19/4 6695/25/4
f 6695/2581/1 6719/2582/1 6720/15/1
f 6686/139/1 6688/140/1 6696/2583/1
f 6694/2113/1 6695/2581/1 6720/15/1
f 6686/139/1 6696/2583/1 6694/2113/1
f 6697/2122/1 6696/2583/1 6688/140/1
f 6688/140/1 6718/153/1 6699/2121/1
f 6698/2121/1 6697/2122/1 6688/140/1
f 6697/154/21 6698/148/1754 6700/149/1700
f 6700/149/1700 6698/148/1754 6699/2126/1700
f 6699/2126/1700 6704/155/21 6702/147/21
f 6702/147/1768 6701/2127/1768 6700/149/1769
f 6717/136/7 6689/145/7 6701/2116/7
f 6702/2118/7 6703/2580/7 6717/136/7
f 6702/147/1651 6704/155/1651 6705/2128/1651
f 6705/2128/1651 6707/37/1651 6709/33/1651
f 6709/33/2261 6703/2132/2261 6702/147/2262
f 6704/2114/1 6699/2121/1 6718/153/1
f 6706/142/1 6705/2584/1 6704/2114/1
f 6707/2117/1 6705/2584/1 6706/142/1
f 6714/18/1 6712/2586/1 6708/2587/1
f 6707/2117/1 6706/142/1 6716/37/1
f 6714/18/1 6708/2587/1 6707/2117/1
f 6708/18/6 6710/24/6 6709/33/6
f 6710/2578/7 6711/2579/7 6713/24/7
f 6715/33/7 6717/136/7 6703/2580/7
f 6709/2112/7 6710/2578/7 6713/24/7
f 6715/33/7 6703/2580/7 6709/2112/7
f 6710/24/1647 6708/18/1647 6712/2123/1647
f 6712/2110/1643 6714/18/1643 6713/24/1643
f 6714/18/4 6716/37/4 6715/33/4
f 6715/33/1645 6716/37/1645 6706/155/1645
f 6717/147/11 6706/155/11 6718/148/11
f 6695/25/1652 6693/19/1652 6721/2129/1652
f 6720/25/1646 6719/2588/1646 6721/2119/1646
f 6730/2120/7 6728/2585/7 6725/146/7
f 6723/13/7 6759/2589/7 6731/2590/7
f 6730/2120/7 6725/146/7 6722/36/7
f 6723/13/7 6731/2590/7 6730/2120/7
f 6722/32/6 6724/31/6 6758/25/6
f 6725/135/1656 6726/154/1656 6724/34/1656
f 6727/149/11 6756/148/11 6726/154/11
f 6739/2116/7 6727/145/7 6725/146/7
f 6725/146/7 6728/2585/7 6729/2115/7
s 0
f 6729/2115/2263 6738/2116/2263 6739/2116/2263
s 1
f 6734/2125/1670 6735/154/1670 6729/135/1670
f 6729/135/2264 6728/2131/2265 6730/35/2266
f 6730/35/1670 6732/34/1664 6734/2125/1670
f 6730/32/4 6731/19/4 6733/25/4
f 6733/2581/1 6757/2582/1 6758/15/1
f 6724/139/1 6726/140/1 6734/2583/1
f 6732/2113/1 6733/2581/1 6758/15/1
f 6724/139/1 6734/2583/1 6732/2113/1
f 6735/2122/1 6734/2583/1 6726/140/1
f 6726/140/1 6756/153/1 6737/2121/1
f 6736/2121/1 6735/2122/1 6726/140/1
f 6735/154/21 6736/148/21 6738/149/21
f 6738/149/2175 6736/148/2070 6737/2126/2070
f 6737/2126/21 6742/155/21 6740/147/21
f 6739/2127/21 6738/149/21 6737/2126/21
f 6755/136/7 6727/145/7 6739/2116/7
f 6740/2118/7 6741/2580/7 6755/136/7
f 6740/147/1666 6742/155/1666 6743/2128/1666
f 6743/2128/1666 6745/37/1665 6747/33/1665
f 6741/2132/1665 6740/147/1666 6743/2128/1666
f 6742/2114/1 6737/2121/1 6756/153/1
f 6744/142/1 6743/2584/1 6742/2114/1
f 6745/2117/1 6743/2584/1 6744/142/1
f 6752/18/1 6750/2586/1 6746/2587/1
f 6745/2117/1 6744/142/1 6754/37/1
f 6752/18/1 6746/2587/1 6745/2117/1
f 6745/37/6 6746/18/6 6748/24/6
f 6748/2578/7 6749/2579/7 6751/24/7
f 6753/33/7 6755/136/7 6741/2580/7
f 6747/2112/7 6748/2578/7 6751/24/7
f 6753/33/7 6741/2580/7 6747/2112/7
f 6748/24/1663 6746/18/1663 6750/2123/1663
f 6750/2110/1655 6752/18/1655 6751/24/1655
f 6751/24/4 6752/18/4 6754/37/4
f 6753/33/1657 6754/37/1657 6744/155/1657
f 6755/147/11 6744/155/11 6756/148/11
f 6733/25/1667 6731/19/1667 6759/2129/1667
f 6758/25/1658 6757/2588/1658 6759/2119/1658
f 6768/2120/7 6766/2585/7 6763/146/7
f 6761/13/7 6797/2589/7 6769/2590/7
f 6768/2120/7 6763/146/7 6760/36/7
f 6761/13/7 6769/2590/7 6768/2120/7
f 6762/31/6 6796/25/6 6761/19/6
f 6763/135/1656 6764/154/1656 6762/34/1656
f 6765/149/11 6794/148/11 6764/154/11
f 6763/146/7 6766/2585/7 6767/2115/7
f 6765/145/7 6763/146/7 6767/2115/7
s 0
f 6767/2115/2267 6776/2116/2267 6777/2116/2267
s 1
f 6772/2125/1664 6773/154/1664 6767/135/1664
f 6767/135/2268 6766/2131/2269 6768/35/2270
f 6768/35/1664 6770/34/1670 6772/2125/1664
f 6768/32/4 6769/19/4 6771/25/4
f 6771/2581/1 6795/2582/1 6796/15/1
f 6762/139/1 6764/140/1 6772/2583/1
f 6770/2113/1 6771/2581/1 6796/15/1
f 6762/139/1 6772/2583/1 6770/2113/1
f 6773/2122/1 6772/2583/1 6764/140/1
f 6773/2122/1 6764/140/1 6794/153/1
s 0
f 6775/2121/2271 6774/2121/2271 6773/2122/2271
s 1
f 6773/154/21 6774/148/21 6776/149/21
f 6776/149/2272 6774/148/2272 6775/2126/2272
f 6775/2126/21 6780/155/21 6778/147/21
s 0
f 6778/147/2070 6777/2127/2070 6776/149/2156
s 1
f 6793/136/7 6765/145/7 6777/2116/7
f 6778/2118/7 6779/2580/7 6793/136/7
f 6778/147/1666 6780/155/1666 6781/2128/1666
f 6781/2128/1666 6783/37/1665 6785/33/1665
f 6779/2132/1665 6778/147/1666 6781/2128/1666
f 6780/2114/1 6775/2121/1 6794/153/1
f 6782/142/1 6781/2584/1 6780/2114/1
f 6783/2117/1 6781/2584/1 6782/142/1
f 6790/18/1 6788/2586/1 6784/2587/1
f 6783/2117/1 6782/142/1 6792/37/1
f 6790/18/1 6784/2587/1 6783/2117/1
f 6784/18/6 6786/24/6 6785/33/6
f 6786/2578/7 6787/2579/7 6789/24/7
f 6791/33/7 6793/136/7 6779/2580/7
f 6785/2112/7 6786/2578/7 6789/24/7
f 6791/33/7 6779/2580/7 6785/2112/7
f 6786/24/1662 6784/18/1663 6788/2123/1663
f 6788/2110/1655 6790/18/1655 6789/24/1655
f 6790/18/4 6792/37/4 6791/33/4
f 6791/33/1657 6792/37/1657 6782/155/1657
f 6793/147/11 6782/155/11 6794/148/11
f 6771/25/1667 6769/19/1667 6797/2129/1667
f 6796/25/1658 6795/2588/1658 6797/2119/1658
f 6806/2120/7 6804/2585/7 6801/146/7
f 6799/13/7 6835/2589/7 6807/2590/7
f 6806/2120/7 6801/146/7 6798/36/7
f 6799/13/7 6807/2590/7 6806/2120/7
f 6800/31/6 6834/25/6 6799/19/6
f 6801/135/1644 6802/154/1644 6800/34/1644
f 6803/149/11 6832/148/11 6802/154/11
f 6815/2116/7 6803/145/7 6801/146/7
f 6801/146/7 6804/2585/7 6805/2115/7
s 0
f 6805/2115/2273 6814/2116/2273 6815/2116/2273
s 1
f 6810/2125/1649 6811/154/1649 6805/135/1654
f 6804/2131/1649 6806/35/1649 6808/34/1649
f 6810/2125/1649 6805/135/1654 6804/2131/1649
f 6806/32/4 6807/19/4 6809/25/4
f 6809/2581/1 6833/2582/2048 6834/15/1
f 6800/139/1 6802/140/1 6810/2583/1
f 6808/2113/1 6809/2581/1 6834/15/1
f 6800/139/1 6810/2583/1 6808/2113/1
f 6811/2122/1 6810/2583/1 6802/140/1
f 6802/140/1 6832/153/1 6813/2121/1
f 6812/2121/1 6811/2122/1 6802/140/1
f 6811/154/21 6812/148/21 6814/149/21
f 6814/149/2274 6812/148/2274 6813/2126/2274
f 6813/2126/21 6818/155/21 6816/147/21
s 0
f 6816/147/2070 6815/2127/2070 6814/149/2156
s 1
f 6831/136/7 6803/145/7 6815/2116/7
f 6816/2118/7 6817/2580/7 6831/136/7
f 6816/147/1651 6818/155/1651 6819/2128/1651
f 6819/2128/1651 6821/37/1650 6823/33/1650
f 6817/2132/1651 6816/147/1651 6819/2128/1651
f 6818/2114/1 6813/2121/1 6832/153/1
f 6820/142/1 6819/2584/1 6818/2114/1
f 6821/2117/1 6819/2584/1 6820/142/1
f 6828/18/1 6826/2586/1 6822/2587/1
f 6821/2117/1 6820/142/1 6830/37/1
f 6828/18/1 6822/2587/1 6821/2117/1
f 6822/18/6 6824/24/6 6823/33/6
f 6824/2578/7 6825/2579/536 6827/24/7
f 6829/33/7 6831/136/7 6817/2580/7
f 6823/2112/7 6824/2578/7 6827/24/7
f 6829/33/7 6817/2580/7 6823/2112/7
f 6824/24/1647 6822/18/1647 6826/2123/1647
f 6826/2110/1643 6828/18/1643 6827/24/1643
f 6828/18/4 6830/37/4 6829/33/4
f 6829/33/1645 6830/37/1645 6820/155/1645
f 6831/147/11 6820/155/11 6832/148/11
f 6809/25/1652 6807/19/1652 6835/2129/1652
f 6834/25/1646 6833/2588/1646 6835/2119/1646
f 6844/2120/7 6842/2585/7 6839/146/7
f 6837/13/7 6873/2589/7 6845/2590/7
f 6844/2120/7 6839/146/7 6836/36/7
f 6837/13/7 6845/2590/7 6844/2120/7
f 6838/31/6 6872/25/6 6837/19/6
f 6839/135/1644 6840/154/1644 6838/34/1644
f 6841/149/11 6870/148/11 6840/154/11
f 6853/2116/7 6841/145/7 6839/146/7
f 6839/146/7 6842/2585/7 6843/2115/7
f 6852/2116/2275 6853/2116/2275 6839/146/2275
f 6848/2125/1649 6849/154/1649 6843/135/1649
f 6842/2131/1649 6844/35/1649 6846/34/1649
f 6848/2125/1649 6843/135/1649 6842/2131/1649
f 6846/31/4 6844/32/4 6845/19/4
f 6847/2581/1 6871/2582/1 6872/15/1
f 6838/139/1 6840/140/1 6848/2583/1
f 6846/2113/1 6847/2581/1 6872/15/1
f 6838/139/1 6848/2583/1 6846/2113/1
f 6849/2122/1 6848/2583/1 6840/140/1
f 6840/140/1 6870/153/1 6851/2121/1
f 6851/2121/1769 6850/2121/1768 6849/2122/2120
f 6849/154/21 6850/148/2276 6852/149/1763
f 6852/149/1763 6850/148/2276 6851/2126/2277
f 6851/2126/21 6856/155/21 6854/147/21
s 0
f 6854/147/2278 6853/2127/2278 6852/149/2278
s 1
f 6869/136/7 6841/145/7 6853/2116/7
f 6854/2118/7 6855/2580/7 6869/136/7
f 6854/147/1651 6856/155/1651 6857/2128/1651
f 6857/2128/1651 6859/37/1651 6861/33/1651
f 6861/33/2279 6855/2132/2279 6854/147/2280
f 6856/2114/1 6851/2121/1 6870/153/1
f 6858/142/1 6857/2584/1 6856/2114/1
f 6859/2117/1 6857/2584/1 6858/142/1
f 6866/18/1 6864/2586/1 6860/2587/1
f 6859/2117/1 6858/142/1 6868/37/1
f 6866/18/1 6860/2587/1 6859/2117/1
f 6860/18/6 6862/24/6 6861/33/6
f 6862/2578/7 6863/2579/7 6865/24/7
f 6867/33/7 6869/136/7 6855/2580/7
f 6861/2112/7 6862/2578/7 6865/24/7
f 6867/33/7 6855/2580/7 6861/2112/7
f 6862/24/1647 6860/18/1647 6864/2123/1647
f 6864/2110/1643 6866/18/1643 6865/24/1643
f 6865/24/4 6866/18/4 6868/37/4
f 6867/33/1645 6868/37/1645 6858/155/1645
f 6869/147/11 6858/155/11 6870/148/11
f 6847/25/1652 6845/19/1652 6873/2129/1652
f 6872/25/1646 6871/2588/1646 6873/2119/1646
f 6882/2120/7 6880/2585/7 6877/146/7
f 6875/13/7 6911/2589/7 6883/2590/7
f 6882/2120/7 6877/146/7 6874/36/7
f 6875/13/7 6883/2590/7 6882/2120/7
f 6876/31/6 6910/25/6 6875/19/6
f 6877/135/1656 6878/154/1656 6876/34/1656
f 6879/149/11 6908/148/11 6878/154/11
f 6891/2116/7 6879/145/7 6877/146/7
f 6877/146/7 6880/2585/7 6881/2115/7
f 6890/2116/2070 6891/2116/2070 6877/146/2070
f 6886/2125/1670 6887/154/1670 6881/135/1664
f 6880/2131/1664 6882/35/1670 6884/34/1664
f 6886/2125/1670 6881/135/1664 6880/2131/1664
f 6882/32/4 6883/19/4 6885/25/4
f 6885/2581/1 6909/2582/1 6910/15/1
f 6876/139/1 6878/140/1 6886/2583/1
f 6884/2113/1 6885/2581/1 6910/15/1
f 6876/139/1 6886/2583/1 6884/2113/1
f 6887/2122/1 6886/2583/1 6878/140/1
f 6878/140/1 6908/153/1 6889/2121/1
f 6888/2121/1 6887/2122/1 6878/140/1
f 6887/154/21 6888/148/21 6890/149/21
f 6890/149/2281 6888/148/2281 6889/2126/2281
f 6889/2126/21 6894/155/21 6892/147/21
f 6891/2127/21 6890/149/21 6889/2126/21
f 6907/136/7 6879/145/7 6891/2116/7
f 6892/2118/7 6893/2580/7 6907/136/7
f 6892/147/1666 6894/155/1666 6895/2128/1665
f 6895/2128/1665 6897/37/1665 6899/33/1665
f 6893/2132/1666 6892/147/1666 6895/2128/1665
f 6894/2114/1 6889/2121/1 6908/153/1
f 6896/142/1 6895/2584/1 6894/2114/1
f 6897/2117/1 6895/2584/1 6896/142/1
f 6904/18/1 6902/2586/1 6898/2587/1
f 6897/2117/1 6896/142/1 6906/37/1
f 6904/18/1 6898/2587/1 6897/2117/1
f 6897/37/6 6898/18/6 6900/24/6
f 6900/2578/7 6901/2579/7 6903/24/7
f 6905/33/7 6907/136/7 6893/2580/7
f 6899/2112/7 6900/2578/7 6903/24/7
f 6905/33/7 6893/2580/7 6899/2112/7
f 6900/24/1663 6898/18/1663 6902/2123/1663
f 6902/2110/1655 6904/18/1655 6903/24/1655
f 6903/24/4 6904/18/4 6906/37/4
f 6905/33/1657 6906/37/1657 6896/155/1657
f 6907/147/11 6896/155/11 6908/148/11
f 6885/25/1667 6883/19/1667 6911/2129/1667
f 6910/25/1658 6909/2588/1658 6911/2119/1658
f 6920/2120/7 6918/2585/7 6915/146/7
f 6913/13/7 6949/2589/7 6921/2590/7
f 6920/2120/7 6915/146/7 6912/36/7
f 6913/13/7 6921/2590/7 6920/2120/7
f 6914/31/6 6948/25/6 6913/19/6
f 6915/135/1656 6916/154/1656 6914/34/1656
f 6917/149/11 6946/148/11 6916/154/11
f 6929/2116/7 6917/145/7 6915/146/7
f 6915/146/7 6918/2585/7 6919/2115/7
f 6928/2116/2070 6929/2116/2070 6915/146/2070
f 6924/2125/1664 6925/154/1664 6919/135/1670
f 6919/135/2156 6918/2131/2070 6920/35/2069
f 6920/35/1670 6922/34/1664 6924/2125/1664
f 6922/31/4 6920/32/4 6921/19/4
f 6923/2581/1 6947/2582/1 6948/15/1
f 6914/139/1 6916/140/1 6924/2583/1
f 6922/2113/1 6923/2581/1 6948/15/1
f 6914/139/1 6924/2583/1 6922/2113/1
f 6925/2122/1 6924/2583/1 6916/140/1
f 6916/140/1 6946/153/1 6927/2121/1
f 6926/2121/1 6925/2122/1 6916/140/1
f 6925/154/21 6926/148/2282 6928/149/1767
f 6928/149/1767 6926/148/2282 6927/2126/2283
f 6927/2126/21 6932/155/21 6930/147/21
f 6929/2127/2071 6928/149/2072 6927/2126/2071
f 6945/136/7 6917/145/7 6929/2116/7
f 6930/2118/7 6931/2580/7 6945/136/7
f 6930/147/1666 6932/155/1666 6933/2128/1666
f 6933/2128/1666 6935/37/1665 6937/33/1665
f 6931/2132/1666 6930/147/1666 6933/2128/1666
f 6932/2114/1 6927/2121/1 6946/153/1
f 6934/142/1 6933/2584/1 6932/2114/1
f 6935/2117/1 6933/2584/1 6934/142/1
f 6942/18/1 6940/2586/1 6936/2587/1
f 6935/2117/1 6934/142/1 6944/37/1
f 6942/18/1 6936/2587/1 6935/2117/1
f 6936/18/6 6938/24/6 6937/33/6
f 6938/2578/7 6939/2579/7 6941/24/7
f 6943/33/7 6945/136/7 6931/2580/7
f 6937/2112/7 6938/2578/7 6941/24/7
f 6943/33/7 6931/2580/7 6937/2112/7
f 6938/24/1663 6936/18/1663 6940/2123/1663
f 6940/2110/1655 6942/18/1655 6941/24/1655
f 6942/18/4 6944/37/4 6943/33/4
f 6943/33/1657 6944/37/1657 6934/155/1657
f 6945/147/11 6934/155/11 6946/148/11
f 6923/25/1755 6921/19/1667 6949/2129/1667
f 6948/25/1658 6947/2588/1658 6949/2119/1658
f 6958/2120/7 6956/2585/7 6953/146/7
f 6951/13/7 6987/2589/7 6959/2590/7
f 6958/2120/7 6953/146/7 6950/36/7
f 6951/13/7 6959/2590/7 6958/2120/7
f 6952/31/6 6986/25/6 6951/19/6
f 6953/135/1644 6954/154/1644 6952/34/1644
f 6955/149/11 6984/148/11 6954/154/11
f 6967/2116/7 6955/145/7 6953/146/7
f 6953/146/7 6956/2585/7 6957/2115/7
f 6966/2116/2284 6967/2116/2284 6953/146/2284
f 6962/2125/1649 6963/154/1649 6957/135/1649
f 6957/135/2285 6956/2131/21 6958/35/2286
f 6958/35/1649 6960/34/1649 6962/2125/1649
f 6958/32/4 6959/19/4 6961/25/4
f 6961/2581/1 6985/2582/1 6986/15/1
f 6952/139/1 6954/140/1 6962/2583/1
f 6960/2113/1 6961/2581/1 6986/15/1
f 6952/139/1 6962/2583/1 6960/2113/1
f 6963/2122/1 6962/2583/1 6954/140/1
f 6954/140/1 6984/153/1 6965/2121/1
f 6964/2121/1 6963/2122/1 6954/140/1
f 6963/154/21 6964/148/21 6966/149/21
f 6966/149/2287 6964/148/2287 6965/2126/2288
f 6965/2126/21 6970/155/21 6968/147/21
f 6967/2127/2249 6966/149/2289 6965/2126/2289
f 6983/136/7 6955/145/7 6967/2116/7
f 6968/2118/7 6969/2580/7 6983/136/7
f 6968/147/1651 6970/155/1651 6971/2128/1651
f 6971/2128/1651 6973/37/1651 6975/33/1651
f 6975/33/2290 6969/2132/2290 6968/147/2291
f 6970/2114/1 6965/2121/1 6984/153/1
f 6972/142/1 6971/2584/1 6970/2114/1
f 6973/2117/1 6971/2584/1 6972/142/1
f 6980/18/1 6978/2586/1 6974/2587/1
f 6973/2117/1 6972/142/1 6982/37/1
f 6980/18/1 6974/2587/1 6973/2117/1
f 6973/37/6 6974/18/6 6976/24/6
f 6976/2578/7 6977/2579/7 6979/24/7
f 6981/33/7 6983/136/7 6969/2580/7
f 6975/2112/7 6976/2578/7 6979/24/7
f 6981/33/7 6969/2580/7 6975/2112/7
f 6976/24/1647 6974/18/1647 6978/2123/1647
f 6978/2110/1643 6980/18/1643 6979/24/1643
f 6979/24/4 6980/18/4 6982/37/4
f 6981/33/1645 6982/37/1645 6972/155/1645
f 6983/147/11 6972/155/11 6984/148/11
f 6961/25/1652 6959/19/1652 6987/2129/1652
f 6986/25/1646 6985/2588/1646 6987/2119/1646
f 6990/31/6 6994/25/6 6992/19/6
f 7016/2110/1643 7002/18/1643 7000/24/1643
f 7002/18/4 6998/37/4 6996/33/4
f 7014/135/1644 7012/154/1644 6990/34/1644
f 7001/2578/7 7017/2579/7 7000/24/7
f 6996/33/7 7008/136/7 7025/2580/7
f 6997/2112/7 7001/2578/7 7000/24/7
f 6996/33/7 7025/2580/7 6997/2112/7
f 6995/2581/1 7018/2582/1 6994/15/1
f 6990/139/1 7012/140/1 7020/2583/1
f 6991/2113/1 6995/2581/1 6994/15/1
f 6990/139/1 7020/2583/1 6991/2113/1
f 7010/2114/1 7022/2121/1 7007/153/1
f 7011/142/1 7024/2584/1 7010/2114/1
f 7023/2116/7 7005/145/7 7014/146/7
f 7014/146/7 7021/2585/7 7015/2115/7
s 0
f 7015/2115/1768 7004/2116/1768 7023/2116/1769
s 1
f 7008/147/11 7011/155/11 7007/148/11
f 6996/33/1645 6998/37/1645 7011/155/1645
f 6999/2117/1 7024/2584/1 7011/142/1
f 7002/18/1 7016/2586/1 7003/2587/1
f 6999/2117/1 7011/142/1 6998/37/1
f 7002/18/1 7003/2587/1 6999/2117/1
f 7008/136/7 7005/145/7 7023/2116/7
f 7009/2118/7 7025/2580/7 7008/136/7
f 6994/25/1646 7018/2588/1646 7019/2119/1646
f 6989/2120/7 7021/2585/7 7014/146/7
f 6992/13/7 7019/2589/7 6993/2590/7
f 6989/2120/7 7014/146/7 6988/36/7
f 6992/13/7 6993/2590/7 6989/2120/7
f 7013/2122/1 7020/2583/1 7012/140/1
f 7013/2122/1 7012/140/1 7007/153/1
s 0
f 7022/2121/2292 7006/2121/2292 7013/2122/2292
s 1
f 7005/149/11 7007/148/11 7012/154/11
f 6989/32/4 6993/19/4 6995/25/4
f 7001/24/1647 7003/18/1647 7016/2123/1647
f 6999/37/6 7003/18/6 7001/24/6
f 7020/2125/1649 7013/154/1649 7015/135/1654
f 7021/2131/1654 6989/35/1649 6991/34/1649
f 7020/2125/1649 7015/135/1654 7021/2131/1654
f 7004/149/2293 7006/148/2293 7022/2126/2293
f 7022/2126/21 7010/155/21 7009/147/21
s 0
f 7009/147/2294 7023/2127/2294 7004/149/2294
s 1
f 7009/147/1651 7010/155/1651 7024/2128/1651
f 7024/2128/1651 6999/37/1651 6997/33/1651
f 7025/2132/1651 7009/147/1651 7024/2128/1651
f 6995/25/1652 6993/19/1652 7019/2129/1652
f 7013/154/21 7006/148/21 7004/149/21
f 7034/2120/7 7032/2585/7 7029/146/7
f 7027/13/7 7063/2589/7 7035/2590/7
f 7034/2120/7 7029/146/7 7026/36/7
f 7027/13/7 7035/2590/7 7034/2120/7
f 7028/31/6 7062/25/6 7027/19/6
f 7029/135/1656 7030/154/1656 7028/34/1656
f 7031/149/11 7060/148/11 7030/154/11
f 7029/146/7 7032/2585/7 7033/2115/7
f 7031/145/7 7029/146/7 7033/2115/7
f 7033/2115/2295 7042/2116/2296 7043/2116/2296
f 7038/2125/1664 7039/154/1664 7033/135/1664
f 7032/2131/1664 7034/35/1670 7036/34/1670
f 7038/2125/1664 7033/135/1664 7032/2131/1664
f 7034/32/4 7035/19/4 7037/25/4
f 7037/2581/1 7061/2582/1 7062/15/1
f 7028/139/1 7030/140/1 7038/2583/1
f 7036/2113/1 7037/2581/1 7062/15/1
f 7028/139/1 7038/2583/1 7036/2113/1
f 7039/2122/1 7038/2583/1 7030/140/1
f 7030/140/1 7060/153/1 7041/2121/1
s 0
f 7041/2121/2297 7040/2121/2297 7039/2122/2298
s 1
f 7039/154/21 7040/148/2299 7042/149/1700
f 7042/149/1700 7040/148/2299 7041/2126/1771
f 7041/2126/21 7046/155/21 7044/147/21
f 7044/147/2300 7043/2127/2296 7042/149/2296
f 7059/136/7 7031/145/7 7043/2116/7
f 7044/2118/7 7045/2580/7 7059/136/7
f 7044/147/1665 7046/155/1666 7047/2128/1666
f 7047/2128/1666 7049/37/1665 7051/33/1665
f 7051/33/2301 7045/2132/2302 7044/147/2303
f 7046/2114/1 7041/2121/1 7060/153/1
f 7048/142/1 7047/2584/1 7046/2114/1
f 7049/2117/1 7047/2584/1 7048/142/1
f 7056/18/1 7054/2586/1 7050/2587/1
f 7049/2117/1 7048/142/1 7058/37/1
f 7056/18/1 7050/2587/1 7049/2117/1
f 7050/18/6 7052/24/6 7051/33/6
f 7052/2578/7 7053/2579/7 7055/24/7
f 7057/33/7 7059/136/7 7045/2580/7
f 7051/2112/7 7052/2578/7 7055/24/7
f 7057/33/7 7045/2580/7 7051/2112/7
f 7052/24/1663 7050/18/1663 7054/2123/1663
f 7054/2110/1655 7056/18/1655 7055/24/1655
f 7056/18/4 7058/37/4 7057/33/4
f 7057/33/1657 7058/37/1657 7048/155/1657
f 7059/147/11 7048/155/11 7060/148/11
f 7037/25/1667 7035/19/1667 7063/2129/1667
f 7062/25/1658 7061/2588/1658 7063/2119/1658
f 7072/2120/7 7070/2585/7 7067/146/7
f 7065/13/7 7101/2589/7 7073/2590/7
f 7072/2120/7 7067/146/7 7064/36/7
f 7065/13/7 7073/2590/7 7072/2120/7
f 7064/32/6 7066/31/6 7100/25/6
f 7067/135/1644 7068/154/1644 7066/34/1644
f 7069/149/11 7098/148/11 7068/154/11
f 7081/2116/7 7069/145/7 7067/146/7
f 7067/146/7 7070/2585/7 7071/2115/7
f 7071/2115/2304 7080/2116/2305 7081/2116/2305
f 7076/2125/1649 7077/154/1649 7071/135/1654
f 7070/2131/1649 7072/35/1649 7074/34/1649
f 7076/2125/1649 7071/135/1654 7070/2131/1649
f 7072/32/4 7073/19/4 7075/25/4
f 7075/2581/1 7099/2582/1 7100/15/1
f 7066/139/1 7068/140/1 7076/2583/1
f 7074/2113/1 7075/2581/1 7100/15/1
f 7066/139/1 7076/2583/1 7074/2113/1
f 7077/2122/1 7076/2583/1 7068/140/1
f 7077/2122/1 7068/140/1 7098/153/1
f 7079/2121/2306 7078/2121/2306 7077/2122/2306
f 7077/154/21 7078/148/2307 7080/149/1770
f 7080/149/1770 7078/148/2307 7079/2126/1701
f 7079/2126/1701 7084/155/21 7082/147/21
f 7082/147/2308 7081/2127/2305 7080/149/2305
f 7097/136/7 7069/145/7 7081/2116/7
f 7082/2118/7 7083/2580/7 7097/136/7
f 7082/147/1651 7084/155/1651 7085/2128/1651
f 7085/2128/1651 7087/37/1651 7089/33/1651
f 7089/33/2309 7083/2132/2309 7082/147/2309
f 7084/2114/1 7079/2121/1 7098/153/1
f 7086/142/1 7085/2584/1 7084/2114/1
f 7087/2117/1 7085/2584/1 7086/142/1
f 7094/18/1 7092/2586/1 7088/2587/1
f 7087/2117/1 7086/142/1 7096/37/1
f 7094/18/1 7088/2587/1 7087/2117/1
f 7088/18/6 7090/24/6 7089/33/6
f 7090/2578/7 7091/2579/7 7093/24/7
f 7095/33/7 7097/136/7 7083/2580/7
f 7089/2112/7 7090/2578/7 7093/24/7
f 7095/33/7 7083/2580/7 7089/2112/7
f 7090/24/1647 7088/18/1647 7092/2123/1647
f 7092/2110/1643 7094/18/1643 7093/24/1643
f 7094/18/4 7096/37/4 7095/33/4
f 7095/33/1645 7096/37/1645 7086/155/1645
f 7097/147/11 7086/155/11 7098/148/11
f 7075/25/1652 7073/19/1652 7101/2129/1652
f 7100/25/1646 7099/2588/1646 7101/2119/1646
f 7110/2120/7 7108/2585/7 7105/146/7
f 7103/13/7 7139/2589/7 7111/2590/7
f 7110/2120/7 7105/146/7 7102/36/7
f 7103/13/7 7111/2590/7 7110/2120/7
f 7104/31/6 7138/25/6 7103/19/6
f 7105/135/1656 7106/154/1656 7104/34/1656
f 7107/149/11 7136/148/11 7106/154/11
f 7119/2116/7 7107/145/7 7105/146/7
f 7105/146/7 7108/2585/7 7109/2115/7
f 7109/2115/2310 7118/2116/2310 7119/2116/2310
f 7114/2125/1670 7115/154/1670 7109/135/1664
f 7108/2131/1664 7110/35/1664 7112/34/1664
f 7114/2125/1670 7109/135/1664 7108/2131/1664
f 7110/32/4 7111/19/4 7113/25/4
f 7113/2581/1 7137/2582/1 7138/15/1
f 7104/139/1 7106/140/1 7114/2583/1
f 7112/2113/1 7113/2581/1 7138/15/1
f 7104/139/1 7114/2583/1 7112/2113/1
f 7115/2122/1 7114/2583/1 7106/140/1
f 7106/140/1 7136/153/1 7117/2121/1
f 7117/2121/2311 7116/2121/2311 7115/2122/2311
f 7115/154/21 7116/148/21 7118/149/21
f 7118/149/2312 7116/148/2312 7117/2126/2312
f 7117/2126/21 7122/155/21 7120/147/21
f 7120/147/2313 7119/2127/2313 7118/149/2313
f 7135/136/7 7107/145/7 7119/2116/7
f 7120/2118/7 7121/2580/7 7135/136/7
f 7120/147/1665 7122/155/1666 7123/2128/1666
f 7123/2128/1666 7125/37/1665 7127/33/1665
f 7121/2132/1665 7120/147/1665 7123/2128/1666
f 7122/2114/1 7117/2121/1 7136/153/1
f 7124/142/1 7123/2584/1 7122/2114/1
f 7125/2117/1 7123/2584/1 7124/142/1
f 7132/18/1 7130/2586/1 7126/2587/1
f 7125/2117/1 7124/142/1 7134/37/1
f 7132/18/1 7126/2587/1 7125/2117/1
f 7126/18/6 7128/24/6 7127/33/6
f 7128/2578/7 7129/2579/7 7131/24/7
f 7133/33/7 7135/136/7 7121/2580/7
f 7127/2112/7 7128/2578/7 7131/24/7
f 7133/33/7 7121/2580/7 7127/2112/7
f 7128/24/1663 7126/18/1663 7130/2123/1663
f 7130/2110/1655 7132/18/1655 7131/24/1655
f 7132/18/4 7134/37/4 7133/33/4
f 7133/33/1657 7134/37/1657 7124/155/1657
f 7135/147/11 7124/155/11 7136/148/11
f 7113/25/1667 7111/19/1667 7139/2129/1667
f 7138/25/1658 7137/2588/1658 7139/2119/1658
f 7148/2120/7 7146/2585/7 7143/146/7
f 7141/13/7 7177/2589/7 7149/2590/7
f 7148/2120/7 7143/146/7 7140/36/7
f 7141/13/7 7149/2590/7 7148/2120/7
f 7142/31/6 7176/25/6 7141/19/6
f 7143/135/1656 7144/154/1656 7142/34/1656
f 7145/149/11 7174/148/11 7144/154/11
f 7157/2116/7 7145/145/7 7143/146/7
f 7143/146/7 7146/2585/7 7147/2115/7
f 7156/2116/2314 7157/2116/2314 7143/146/2314
f 7152/2125/1664 7153/154/1670 7147/135/1670
f 7147/135/2315 7146/2131/2316 7148/35/2316
f 7148/35/1670 7150/34/1664 7152/2125/1664
f 7148/32/4 7149/19/4 7151/25/4
f 7151/2581/1 7175/2582/1 7176/15/1
f 7142/139/1 7144/140/1 7152/2583/1
f 7150/2113/1 7151/2581/1 7176/15/1
f 7142/139/1 7152/2583/1 7150/2113/1
f 7153/2122/1 7152/2583/1 7144/140/1
f 7153/2122/1 7144/140/1 7174/153/1
s 0
f 7155/2121/11 7154/2121/11 7153/2122/11
s 1
f 7153/154/21 7154/148/21 7156/149/21
f 7156/149/2317 7154/148/2317 7155/2126/2317
f 7155/2126/21 7160/155/21 7158/147/21
f 7158/147/2318 7157/2127/2318 7156/149/2318
f 7173/136/7 7145/145/7 7157/2116/7
f 7158/2118/7 7159/2580/7 7173/136/7
f 7158/147/1666 7160/155/1666 7161/2128/1665
f 7161/2128/1665 7163/37/1665 7165/33/1665
f 7159/2132/1666 7158/147/1666 7161/2128/1665
f 7160/2114/1 7155/2121/1 7174/153/1
f 7162/142/1 7161/2584/1 7160/2114/1
f 7163/2117/1 7161/2584/1 7162/142/1
f 7170/18/1 7168/2586/1 7164/2587/1
f 7163/2117/1 7162/142/1 7172/37/1
f 7170/18/1 7164/2587/1 7163/2117/1
f 7164/18/6 7166/24/6 7165/33/6
f 7166/2578/7 7167/2579/7 7169/24/7
f 7171/33/7 7173/136/7 7159/2580/7
f 7165/2112/7 7166/2578/7 7169/24/7
f 7171/33/7 7159/2580/7 7165/2112/7
f 7166/24/1663 7164/18/1663 7168/2123/1663
f 7168/2110/1655 7170/18/1655 7169/24/1655
f 7170/18/4 7172/37/4 7171/33/4
f 7171/33/1657 7172/37/1657 7162/155/1657
f 7173/147/11 7162/155/11 7174/148/11
f 7151/25/1667 7149/19/1667 7177/2129/1667
f 7176/25/1658 7175/2588/1658 7177/2119/1658
f 7186/2120/7 7184/2585/7 7181/146/7
f 7179/13/7 7215/2589/7 7187/2590/7
f 7186/2120/7 7181/146/7 7178/36/7
f 7179/13/7 7187/2590/7 7186/2120/7
f 7180/31/6 7214/25/6 7179/19/6
f 7181/135/1644 7182/154/1644 7180/34/1644
f 7183/149/11 7212/148/11 7182/154/11
f 7181/146/7 7184/2585/7 7185/2115/7
f 7183/145/7 7181/146/7 7185/2115/7
s 0
f 7185/2115/2319 7194/2116/21 7195/2116/2319
s 1
f 7190/2125/1654 7191/154/1654 7185/135/1654
f 7184/2131/1649 7186/35/1649 7188/34/1649
f 7190/2125/1654 7185/135/1654 7184/2131/1649
f 7186/32/4 7187/19/4 7189/25/4
f 7189/2581/1 7213/2582/1 7214/15/1
f 7180/139/1 7182/140/1 7190/2583/1
f 7188/2113/1 7189/2581/1 7214/15/1
f 7180/139/1 7190/2583/1 7188/2113/1
f 7191/2122/1 7190/2583/1 7182/140/1
f 7191/2122/1 7182/140/1 7212/153/1
s 0
f 7193/2121/11 7192/2121/11 7191/2122/11
s 1
f 7191/154/21 7192/148/21 7194/149/21
s 0
f 7194/149/2272 7192/148/21 7193/2126/2272
s 1
f 7193/2126/21 7198/155/21 7196/147/21
s 0
f 7196/147/2320 7195/2127/21 7194/149/2320
s 1
f 7211/136/7 7183/145/7 7195/2116/7
f 7196/2118/7 7197/2580/7 7211/136/7
f 7196/147/1651 7198/155/1651 7199/2128/1651
f 7199/2128/1651 7201/37/1651 7203/33/1651
f 7203/33/2321 7197/2132/2322 7196/147/2323
f 7198/2114/1 7193/2121/1 7212/153/1
f 7200/142/1 7199/2584/1 7198/2114/1
f 7201/2117/1 7199/2584/1 7200/142/1
f 7208/18/1 7206/2586/1 7202/2587/1
f 7201/2117/1 7200/142/1 7210/37/1
f 7208/18/1 7202/2587/1 7201/2117/1
f 7202/18/6 7204/24/6 7203/33/6
f 7204/2578/7 7205/2579/7 7207/24/7
f 7209/33/7 7211/136/7 7197/2580/7
f 7203/2112/7 7204/2578/7 7207/24/7
f 7209/33/7 7197/2580/7 7203/2112/7
f 7204/24/1647 7202/18/1647 7206/2123/1647
f 7206/2110/1643 7208/18/1643 7207/24/1643
f 7208/18/4 7210/37/4 7209/33/4
f 7209/33/1645 7210/37/1645 7200/155/1645
f 7211/147/11 7200/155/11 7212/148/11
f 7189/25/1652 7187/19/1652 7215/2129/1652
f 7214/25/1646 7213/2588/1646 7215/2119/1646
f 7224/2120/7 7222/2585/7 7219/146/7
f 7217/13/7 7253/2589/7 7225/2590/7
f 7224/2120/7 7219/146/7 7216/36/7
f 7217/13/7 7225/2590/7 7224/2120/7
f 7218/31/6 7252/25/6 7217/19/6
f 7219/135/1644 7220/154/1644 7218/34/1644
f 7221/149/11 7250/148/11 7220/154/11
f 7219/146/7 7222/2585/7 7223/2115/7
f 7221/145/7 7219/146/7 7223/2115/7
s 0
f 7223/2115/2324 7232/2116/2324 7233/2116/2324
s 1
f 7228/2125/1654 7229/154/1654 7223/135/1649
f 7223/135/11 7222/2131/11 7224/35/378
f 7224/35/1649 7226/34/1649 7228/2125/1654
f 7224/32/4 7225/19/4 7227/25/4
f 7227/2581/1 7251/2582/1 7252/15/1
f 7218/139/1 7220/140/1 7228/2583/1
f 7226/2113/1 7227/2581/1 7252/15/1
f 7218/139/1 7228/2583/1 7226/2113/1
f 7229/2122/1 7228/2583/1 7220/140/1
f 7229/2122/1 7220/140/1 7250/153/1
s 0
f 7231/2121/11 7230/2121/11 7229/2122/11
s 1
f 7229/154/21 7230/148/21 7232/149/21
f 7232/149/2325 7230/148/2325 7231/2126/2325
f 7231/2126/21 7236/155/21 7234/147/21
f 7234/147/2308 7233/2127/2308 7232/149/2308
f 7249/136/7 7221/145/7 7233/2116/7
f 7234/2118/7 7235/2580/7 7249/136/7
f 7234/147/1651 7236/155/1651 7237/2128/1651
f 7237/2128/1651 7239/37/1651 7241/33/1651
f 7235/2132/1651 7234/147/1651 7237/2128/1651
f 7236/2114/1 7231/2121/1 7250/153/1
f 7238/142/1 7237/2584/1 7236/2114/1
f 7239/2117/1 7237/2584/1 7238/142/1
f 7246/18/1 7244/2586/1 7240/2587/1
f 7239/2117/1 7238/142/1 7248/37/1
f 7246/18/1 7240/2587/1 7239/2117/1
f 7240/18/6 7242/24/6 7241/33/6
f 7242/2578/7 7243/2579/7 7245/24/7
f 7247/33/7 7249/136/7 7235/2580/7
f 7241/2112/7 7242/2578/7 7245/24/7
f 7247/33/7 7235/2580/7 7241/2112/7
f 7242/24/1647 7240/18/1647 7244/2123/1647
f 7244/2110/1643 7246/18/1643 7245/24/1643
f 7246/18/4 7248/37/4 7247/33/4
f 7247/33/1645 7248/37/1645 7238/155/1645
f 7249/147/11 7238/155/11 7250/148/11
f 7227/25/1652 7225/19/1652 7253/2129/1652
f 7252/25/1646 7251/2588/1646 7253/2119/1646
f 7262/2120/7 7260/2585/7 7257/146/7
f 7255/13/7 7291/2589/7 7263/2590/7
f 7262/2120/7 7257/146/7 7254/36/7
f 7255/13/7 7263/2590/7 7262/2120/7
f 7256/31/6 7290/25/6 7255/19/6
f 7257/135/1656 7258/154/1656 7256/34/1656
f 7259/149/11 7288/148/11 7258/154/11
f 7257/146/7 7260/2585/7 7261/2115/7
f 7259/145/7 7257/146/7 7261/2115/7
f 7261/2115/2326 7270/2116/2326 7271/2116/2326
f 7266/2125/1664 7267/154/1664 7261/135/1670
f 7261/135/2234 7260/2131/2327 7262/35/2328
f 7262/35/1670 7264/34/1664 7266/2125/1664
f 7264/31/4 7262/32/4 7263/19/4
f 7265/2581/1 7289/2582/1 7290/15/1
f 7256/139/1 7258/140/1 7266/2583/1
f 7264/2113/1 7265/2581/1 7290/15/1
f 7256/139/1 7266/2583/1 7264/2113/1
f 7267/2122/1 7266/2583/1 7258/140/1
f 7267/2122/1 7258/140/1 7288/153/1
s 0
f 7269/2121/1769 7268/2121/1768 7267/2122/1768
s 1
f 7267/154/21 7268/148/1701 7270/149/1771
f 7270/149/1771 7268/148/1701 7269/2126/2329
f 7269/2126/21 7274/155/21 7272/147/21
f 7272/147/2308 7271/2127/2308 7270/149/2308
f 7287/136/7 7259/145/7 7271/2116/7
f 7272/2118/7 7273/2580/7 7287/136/7
f 7272/147/1665 7274/155/1666 7275/2128/1665
f 7275/2128/1665 7277/37/1665 7279/33/1665
f 7279/33/2330 7273/2132/2331 7272/147/2332
f 7274/2114/1 7269/2121/1 7288/153/1
f 7276/142/1 7275/2584/1 7274/2114/1
f 7277/2117/1 7275/2584/1 7276/142/1
f 7284/18/1 7282/2586/1 7278/2587/1
f 7277/2117/1 7276/142/1 7286/37/1
f 7284/18/1 7278/2587/1 7277/2117/1
f 7278/18/6 7280/24/6 7279/33/6
f 7280/2578/7 7281/2579/7 7283/24/7
f 7285/33/7 7287/136/7 7273/2580/7
f 7279/2112/7 7280/2578/7 7283/24/7
f 7285/33/7 7273/2580/7 7279/2112/7
f 7280/24/1663 7278/18/1663 7282/2123/1663
f 7282/2110/1655 7284/18/1655 7283/24/1655
f 7283/24/4 7284/18/4 7286/37/4
f 7285/33/1657 7286/37/1657 7276/155/1657
f 7287/147/11 7276/155/11 7288/148/11
f 7265/25/1667 7263/19/1667 7291/2129/1667
f 7290/25/1658 7289/2588/1658 7291/2119/1658
f 7300/2120/7 7298/2585/7 7295/146/7
f 7293/13/7 7329/2589/7 7301/2590/7
f 7300/2120/7 7295/146/7 7292/36/7
f 7293/13/7 7301/2590/7 7300/2120/7
f 7294/31/6 7328/25/6 7293/19/6
f 7295/135/1656 7296/154/1656 7294/34/1656
f 7297/149/11 7326/148/11 7296/154/11
f 7309/2116/7 7297/145/7 7295/146/7
f 7295/146/7 7298/2585/7 7299/2115/7
f 7308/2116/2333 7309/2116/2334 7295/146/2333
f 7304/2125/1664 7305/154/1664 7299/135/1670
f 7298/2131/1670 7300/35/1664 7302/34/1670
f 7304/2125/1664 7299/135/1670 7298/2131/1670
f 7300/32/4 7301/19/4 7303/25/4
f 7303/2581/1 7327/2582/1 7328/15/1
f 7294/139/1 7296/140/1 7304/2583/1
f 7302/2113/1 7303/2581/1 7328/15/1
f 7294/139/1 7304/2583/1 7302/2113/1
f 7305/2122/1 7304/2583/1 7296/140/1
f 7296/140/1 7326/153/1 7307/2121/1
f 7307/2121/2335 7306/2121/2336 7305/2122/21
f 7305/154/21 7306/148/2336 7308/149/1772
f 7308/149/1772 7306/148/2336 7307/2126/2335
f 7307/2126/21 7312/155/21 7310/147/21
s 0
f 7310/147/2337 7309/2127/2337 7308/149/2337
s 1
f 7325/136/7 7297/145/7 7309/2116/7
f 7310/2118/7 7311/2580/7 7325/136/7
f 7310/147/1666 7312/155/1666 7313/2128/1666
f 7313/2128/1666 7315/37/1665 7317/33/1665
f 7311/2132/1665 7310/147/1666 7313/2128/1666
f 7312/2114/1 7307/2121/1 7326/153/1
f 7314/142/1 7313/2584/1 7312/2114/1
f 7315/2117/1 7313/2584/1 7314/142/1
f 7322/18/1 7320/2586/1 7316/2587/1
f 7315/2117/1 7314/142/1 7324/37/1
f 7322/18/1 7316/2587/1 7315/2117/1
f 7316/18/6 7318/24/6 7317/33/6
f 7318/2578/7 7319/2579/7 7321/24/7
f 7323/33/7 7325/136/7 7311/2580/7
f 7317/2112/7 7318/2578/7 7321/24/7
f 7323/33/7 7311/2580/7 7317/2112/7
f 7318/24/1663 7316/18/1663 7320/2123/1663
f 7320/2110/1655 7322/18/1655 7321/24/1655
f 7322/18/4 7324/37/4 7323/33/4
f 7323/33/1657 7324/37/1657 7314/155/1657
f 7325/147/11 7314/155/11 7326/148/11
f 7303/25/1667 7301/19/1671 7329/2129/1671
f 7328/25/1658 7327/2588/1658 7329/2119/1658
f 7338/2120/7 7336/2585/7 7333/146/7
f 7331/13/7 7367/2589/7 7339/2590/7
f 7338/2120/7 7333/146/7 7330/36/7
f 7331/13/7 7339/2590/7 7338/2120/7
f 7332/31/6 7366/25/6 7331/19/6
f 7333/135/1644 7334/154/1644 7332/34/1644
f 7335/149/11 7364/148/11 7334/154/11
f 7347/2116/7 7335/145/7 7333/146/7
f 7333/146/7 7336/2585/7 7337/2115/7
f 7337/2115/2338 7346/2116/2338 7347/2116/2338
f 7342/2125/1649 7343/154/1649 7337/135/1649
f 7337/135/2339 7336/2131/2339 7338/35/2339
f 7338/35/1649 7340/34/1649 7342/2125/1649
f 7338/32/4 7339/19/4 7341/25/4
f 7341/2581/1 7365/2582/1 7366/15/1
f 7332/139/1 7334/140/1 7342/2583/1
f 7340/2113/1 7341/2581/1 7366/15/1
f 7332/139/1 7342/2583/1 7340/2113/1
f 7343/2122/1 7342/2583/1 7334/140/1
f 7343/2122/1 7334/140/1 7364/153/1
f 7345/2121/2271 7344/2121/2271 7343/2122/2271
f 7343/154/21 7344/148/21 7346/149/21
s 0
f 7346/149/2272 7344/148/2340 7345/2126/2340
s 1
f 7345/2126/21 7350/155/21 7348/147/21
f 7347/2127/21 7346/149/21 7345/2126/21
f 7363/136/7 7335/145/7 7347/2116/7
f 7348/2118/7 7349/2580/7 7363/136/7
f 7348/147/1651 7350/155/1651 7351/2128/1651
f 7351/2128/1651 7353/37/1651 7355/33/1651
f 7349/2132/1651 7348/147/1651 7351/2128/1651
f 7350/2114/1 7345/2121/1 7364/153/1
f 7352/142/1 7351/2584/1 7350/2114/1
f 7353/2117/1 7351/2584/1 7352/142/1
f 7360/18/1 7358/2586/1 7354/2587/1
f 7353/2117/1 7352/142/1 7362/37/1
f 7360/18/1 7354/2587/1 7353/2117/1
f 7354/18/6 7356/24/6 7355/33/6
f 7356/2578/7 7357/2579/7 7359/24/7
f 7361/33/7 7363/136/7 7349/2580/7
f 7355/2112/7 7356/2578/7 7359/24/7
f 7361/33/7 7349/2580/7 7355/2112/7
f 7356/24/1647 7354/18/1647 7358/2123/1647
f 7358/2110/1643 7360/18/1643 7359/24/1643
f 7360/18/4 7362/37/4 7361/33/4
f 7361/33/1645 7362/37/1645 7352/155/1645
f 7363/147/11 7352/155/11 7364/148/11
f 7341/25/1652 7339/19/1675 7367/2129/1675
f 7366/25/1646 7365/2588/1646 7367/2119/1646
f 7370/31/1773 7374/25/1773 7372/19/1773
f 7396/2110/1774 7382/18/1774 7380/24/1775
f 7382/18/1776 7378/37/1776 7376/33/1776
f 7394/135/1777 7392/154/1777 7370/34/1777
f 7381/2578/1778 7397/2579/1778 7380/24/1778
f 7376/33/1778 7388/136/1778 7405/2580/1778
f 7377/2112/1778 7381/2578/1778 7380/24/1778
f 7376/33/1778 7405/2580/1778 7377/2112/1778
f 7375/2581/1779 7398/2582/1779 7374/15/1779
f 7370/139/1779 7392/140/1779 7400/2583/1779
f 7371/2113/1779 7375/2581/1779 7374/15/1779
f 7370/139/1779 7400/2583/1779 7371/2113/1779
f 7390/2114/1779 7402/2121/1779 7387/153/1779
f 7391/142/1779 7404/2584/1779 7390/2114/1779
f 7403/2116/1778 7385/145/1778 7394/146/1778
f 7394/146/1778 7401/2585/1778 7395/2115/1778
f 7384/2116/2341 7403/2116/2342 7394/146/2342
f 7388/147/11 7391/155/11 7387/148/11
f 7376/33/1780 7378/37/1781 7391/155/1781
f 7379/2117/1779 7404/2584/1779 7391/142/1779
f 7382/18/1779 7396/2586/1779 7383/2587/1779
f 7379/2117/1779 7391/142/1779 7378/37/1779
f 7382/18/1779 7383/2587/1779 7379/2117/1779
f 7388/136/1778 7385/145/1778 7403/2116/1778
f 7389/2118/1778 7405/2580/1778 7388/136/1778
f 7374/25/1782 7398/2588/1782 7399/2119/1782
f 7369/2120/1778 7401/2585/1778 7394/146/1778
f 7372/13/1778 7399/2589/1778 7373/2590/1778
f 7369/2120/1778 7394/146/1778 7368/36/1778
f 7372/13/1778 7373/2590/1778 7369/2120/1778
f 7393/2122/1779 7400/2583/1779 7392/140/1779
f 7392/140/1779 7387/153/1779 7402/2121/1779
f 7402/2121/2343 7386/2121/2343 7393/2122/2343
f 7385/149/11 7387/148/11 7392/154/11
f 7369/32/1776 7373/19/1776 7375/25/1776
f 7381/24/1783 7383/18/1783 7396/2123/1783
f 7383/18/1773 7381/24/1773 7377/33/1773
f 7400/2125/1784 7393/154/1784 7395/135/1784
f 7395/135/2344 7401/2131/2344 7369/35/2344
f 7369/35/1784 7371/34/1784 7400/2125/1784
f 7384/149/1786 7386/148/2345 7402/2126/1785
f 7402/2126/1785 7390/155/21 7389/147/21
f 7389/147/2346 7403/2127/2346 7384/149/2346
f 7389/147/1787 7390/155/1787 7404/2128/1787
f 7404/2128/1787 7379/37/1787 7377/33/1787
f 7405/2132/1787 7389/147/1787 7404/2128/1787
f 7375/25/1788 7373/19/1788 7399/2129/1788
f 7393/154/21 7386/148/2345 7384/149/1786
f 7406/174/2347 7435/2136/2347 7437/2144/2347
f 7432/2211/11 7436/2591/11 7408/2592/11
f 7408/2592/11 7411/2593/11 7414/2209/11
f 7414/2209/11 7415/2594/11 7418/2595/11
f 7418/2595/11 7424/2596/11 7427/2210/11
f 7427/2210/11 7429/2597/11 7432/2211/11
f 7432/2211/11 7408/2592/11 7414/2209/11
f 7414/2209/11 7418/2595/11 7427/2210/11
f 7412/2142/2348 7416/2147/2348 7415/2146/2348
f 7415/2146/2349 7417/2145/2349 7419/2149/2349
f 7421/6/2350 7419/2149/2350 7420/2201/2350
f 7428/2155/2351 7430/2212/2351 7445/2162/2351
f 7428/2155/2352 7431/2159/2352 7432/2158/2352
f 7431/2159/2353 7445/2162/2353 7434/2160/2353
f 7435/2136/2354 7433/2157/2354 7434/2160/2354
f 7432/2158/2355 7433/2157/2355 7435/2136/2355
f 7440/2213/1857 7495/2199/2356 7438/2161/1858
f 7493/2215/2357 7440/2213/2357 7439/2214/2357
f 7450/1/21 7464/1/21 7477/1/21
f 7439/2214/2358 7443/2219/2358 7442/2218/2358
f 7438/2161/2359 7444/2163/2359 7443/2219/2359
f 7444/2163/2360 7446/2220/2360 7452/2164/2360
f 7445/2162/2361 7430/2212/2361 7446/2220/2361
f 7443/2219/2362 7447/2166/2362 7448/2165/2362
f 7491/2217/2363 7442/2218/2363 7448/2165/2363
f 7492/2221/2364 7491/2217/2364 7449/2172/2364
f 7453/2169/2365 7452/2164/2365 7446/2220/2365
f 7456/2171/2366 7451/2173/2366 7453/2169/2366
f 7455/2168/2367 7454/2167/2367 7459/2206/2367
f 7460/2175/1880 7459/2206/2368 7461/2203/1881
f 7467/2180/1883 7501/2202/2369 7469/2223/1884
f 7419/2149/2370 7417/2145/2370 7470/2183/2370
f 7416/2147/2371 7471/2181/2371 7470/2183/2371
f 7469/2223/1900 7472/2182/2372 7473/2226/1901
f 7466/627/2373 7468/2178/2373 7473/2226/2373
f 7473/2226/2374 7479/2186/2374 7475/2228/2374
f 7476/1/2375 7449/1/1893 7466/1/1892
f 7449/1/2376 7476/1/2376 7477/1/2376
f 7480/2188/1908 7482/2200/2377 7483/2184/1909
f 7472/2182/1913 7480/2188/2378 7479/2186/1914
f 7412/2142/2379 7481/2187/2379 7471/2181/2379
f 7487/2229/2380 7483/2184/2380 7482/2200/2380
f 7484/235/2381 7483/2184/2381 7487/2229/2381
f 7486/2191/2382 7485/2189/2382 7487/2229/2382
f 7487/2229/1922 7500/2198/2383 7488/2196/1923
f 7489/2230/1925 7488/2196/2384 7496/2193/1926
f 7486/2191/2385 7489/2230/2385 7494/2231/2385
f 7486/2191/1929 7490/2192/2386 7491/1523/1930
f 7476/2190/2387 7491/1523/2387 7492/2232/2387
f 7490/2192/2388 7494/2231/2388 7440/96/2388
f 7494/2231/2389 7496/2193/2389 7495/96/2389
f 7462/2176/2390 7461/2203/2390 7501/2202/2390
f 7446/2220/2391 7430/2212/2391 7504/2208/2391
f 7506/31/6 7508/25/6 7507/19/6
f 7508/25/21 7512/18/21 7511/24/21
f 7512/18/4 7510/37/4 7509/33/4
f 7509/33/11 7510/37/11 7506/34/11
f 7511/24/7 7509/33/7 7505/36/7
f 7508/15/1 7506/139/1 7510/37/1
f 7517/24/7 7516/33/7 7513/36/7
f 7515/31/6 7520/25/6 7514/19/6
f 7516/33/11 7518/37/11 7515/34/11
f 7519/18/4 7518/37/4 7516/33/4
f 7520/15/1 7515/139/1 7518/37/1
f 7520/25/21 7519/18/21 7517/24/21
f 7522/31/6 7524/25/6 7523/19/6
f 7524/25/21 7528/18/21 7527/24/21
f 7528/18/4 7526/37/4 7525/33/4
f 7525/33/11 7526/37/11 7522/34/11
f 7527/24/7 7525/33/7 7521/36/7
f 7524/15/1 7522/139/1 7526/37/1
f 7530/31/6 7532/25/6 7531/19/6
f 7532/25/21 7536/18/21 7535/24/21
f 7536/18/4 7534/37/4 7533/33/4
f 7533/33/11 7534/37/11 7530/34/11
f 7535/24/7 7533/33/7 7529/36/7
f 7536/18/1 7532/15/1 7530/139/1
f 7537/32/6 7538/31/6 7540/25/6
f 7540/25/21 7544/18/21 7543/24/21
f 7544/18/4 7542/37/4 7541/33/4
f 7541/33/11 7542/37/11 7538/34/11
f 7539/13/7 7543/24/7 7541/33/7
f 7540/15/1 7538/139/1 7542/37/1
f 7546/31/6 7548/25/6 7547/19/6
f 7548/25/21 7552/18/21 7551/24/21
f 7552/18/4 7550/37/4 7549/33/4
f 7549/33/11 7550/37/11 7546/34/11
f 7547/13/7 7551/24/7 7549/33/7
f 7548/15/1 7546/139/1 7550/37/1
f 7554/31/6 7556/25/6 7555/19/6
f 7556/25/21 7560/18/21 7559/24/21
f 7560/18/4 7558/37/4 7557/33/4
f 7557/33/11 7558/37/11 7554/34/11
f 7559/24/7 7557/33/7 7553/36/7
f 7556/15/1 7554/139/1 7558/37/1
f 7562/31/6 7564/25/6 7563/19/6
f 7564/25/21 7568/18/21 7567/24/21
f 7568/18/4 7566/37/4 7565/33/4
f 7565/33/11 7566/37/11 7562/34/11
f 7567/24/7 7565/33/7 7561/36/7
f 7564/15/1 7562/139/1 7566/37/1
o 円柱.003
v -15.746635 -1.501508 9.195237
v 2.493364 -1.501512 9.195237
v -15.746635 8.758492 9.195237
v 2.493366 8.758490 9.195237
vn -0.0000 -0.0000 1.0000
vt 1.000000 0.000000
vt 0.000000 1.000000
vt 0.000000 0.000000
vt 1.000000 1.000000
s 1
usemtl マテリアル.011
f 7570/2598/2392 7571/2599/2392 7569/2600/2392
f 7570/2598/2392 7572/2601/2392 7571/2599/2392
