# Blender 4.4.1
# www.blender.org
mtllib TV_Stadio.mtl
o 円柱.027
v 14.602283 6.838220 -75.062164
v 15.094307 40.906429 -75.158905
v 14.908691 63.736660 -75.168053
v 15.369301 66.753227 -75.240356
v 16.034729 40.592892 -74.332039
v 15.642048 41.463009 -75.043930
v 15.885502 36.294491 -74.513367
v 15.656895 7.855768 -75.098564
v 15.406815 41.430264 -75.155014
v 15.439354 6.599298 -75.196220
v 15.123127 7.333612 -75.198875
v 15.913143 6.061762 -74.554977
v 16.220444 7.626856 -74.319527
v 16.036465 6.599573 -74.398590
v 16.863937 39.669674 -74.108978
v 15.289703 42.112087 -75.000732
v 15.842113 37.769680 -74.239975
v 15.868652 7.832391 -74.278656
v 16.071434 42.854580 -74.125328
v 16.508072 43.044521 -74.069328
v 16.990353 42.649685 -73.416306
v 17.180683 42.020565 -73.220619
v 17.142361 6.599634 -73.306747
v 17.731934 43.043758 -73.131386
v 18.285656 40.268612 -72.371178
v 18.411102 8.059473 -72.332436
v 18.516258 36.335445 -72.252838
v 19.102287 41.975552 -72.148727
v 18.571850 66.865257 -72.320503
v 19.267471 43.044521 -71.954575
v 19.490013 66.875206 -71.616890
v 19.519325 36.002071 -71.422562
v 19.742989 42.854702 -71.311508
v 20.184132 42.372005 -71.252739
v 20.966843 42.854427 -70.373573
v 21.542362 42.535213 -70.280418
v 21.713242 42.694637 -70.080490
v 21.957470 38.979946 -69.550194
v 22.190697 42.854671 -69.435638
v 22.631832 42.372189 -69.376862
v 23.279480 39.969234 -68.539566
v 23.106613 42.854000 -68.733688
v 23.855686 42.372250 -68.438927
v 24.395596 33.544979 -67.684097
v 24.638401 42.854061 -67.559761
v 25.079536 42.372158 -67.500992
v 25.631075 39.860958 -66.737305
v 25.709328 6.599574 -66.741173
v 25.862255 42.854183 -66.621826
v 26.303389 42.372036 -66.563049
v 26.843296 33.545559 -65.808228
v 27.086111 42.854305 -65.683884
v 27.662821 42.228420 -65.589142
v 27.833654 42.975582 -65.389885
v 28.077751 39.944363 -64.862267
v 28.157034 6.599635 -64.865295
v 28.309965 42.854458 -64.745941
v 28.883112 42.805691 -64.653854
v 29.058844 37.432278 -64.457764
v 29.110655 66.825005 -64.521858
v 29.399227 39.922329 -63.849548
v 29.229050 43.031582 -64.040405
v 29.380886 6.599513 -63.927361
v 29.970451 43.044155 -63.752010
v 30.524881 39.934322 -62.986889
v 30.664488 7.787165 -62.945168
v 30.757660 42.854671 -62.870075
v 31.194304 43.044003 -62.814072
v 31.846567 39.953335 -61.973919
v 31.673588 42.855221 -62.168129
v 31.828590 6.599543 -62.051483
v 32.422661 42.371792 -61.873360
v 33.066566 39.220211 -61.036488
v 32.897438 42.854366 -61.230186
v 33.786091 42.248287 -60.898243
v 33.945599 42.257320 -60.703411
v 34.028923 43.309353 -60.424053
v 34.064575 51.653500 -59.915203
v 34.183800 6.169825 -60.055008
v 34.064186 40.543423 -60.857910
v 33.132030 6.528163 -61.293427
v 33.019100 36.934383 -61.383953
v 32.769741 40.597927 -61.916988
v 32.537319 41.174892 -62.029911
v 31.946547 6.599574 -62.205395
v 31.795246 36.934048 -62.321888
v 31.623508 41.175014 -62.730244
v 30.722694 6.599665 -63.143333
v 30.571392 36.933376 -63.259830
v 30.327660 41.243191 -63.792549
v 30.089611 41.174892 -63.905788
v 29.498844 6.599574 -64.081268
v 29.347536 36.934780 -64.197769
v 29.175804 41.174526 -64.606110
v 28.274990 6.599543 -65.019211
v 28.123947 41.045834 -65.131226
v 27.949581 41.003780 -65.546906
v 27.051136 6.599574 -65.957146
v 26.899832 36.933743 -66.073639
v 26.728098 41.174892 -66.481987
v 25.775351 6.151698 -66.929451
v 25.675978 36.933926 -67.011581
v 25.432671 41.186459 -67.543602
v 25.203835 41.245388 -67.655762
v 24.603428 6.599635 -67.833023
v 24.452126 36.934597 -67.949516
v 24.280396 41.174801 -68.357857
v 23.970345 41.174648 -68.595474
v 23.335941 5.483882 -68.800339
v 23.228275 36.933590 -68.887451
v 23.056545 41.174496 -69.295799
v 22.115250 5.986872 -69.735886
v 22.004425 36.935238 -69.825394
v 21.751900 40.281826 -70.362839
v 21.526752 40.574245 -70.469162
v 20.931873 6.599635 -70.646835
v 20.780567 36.933987 -70.763329
v 20.535728 40.879360 -71.295937
v 20.303467 42.452267 -71.411255
v 19.859844 36.933346 -71.468956
v 19.386944 40.577084 -72.106384
v 18.436634 6.360316 -72.554375
v 18.332863 36.934109 -72.639206
v 18.086926 40.734646 -73.173492
v 17.860714 41.245937 -73.283386
v 17.210682 6.477960 -73.495926
v 17.112125 42.487637 -73.571861
v 17.267250 40.007168 -73.390724
v 16.822620 66.890190 -74.244865
v 16.112259 66.879601 -74.380592
v 16.989334 66.883141 -74.049011
v 15.932568 66.890862 -74.581490
v 14.756783 63.037563 -75.009682
v 14.497845 51.650356 -74.909828
v 14.994774 42.115993 -75.007866
v 15.298599 66.990959 -75.089622
v 15.584229 66.897972 -74.963692
v 15.524567 42.806271 -74.894623
v 15.895733 66.897209 -74.302444
v 16.126221 66.877708 -74.200157
v 16.773239 66.879845 -74.070572
v 16.753132 42.533627 -73.948112
v 17.141262 66.913475 -73.334511
v 18.044357 66.888878 -73.307671
v 17.236702 66.877556 -73.521584
v 17.462570 66.875877 -73.408432
v 18.482834 40.551357 -72.455841
v 19.214161 41.047787 -72.310104
v 19.643860 40.330166 -71.565552
v 20.930046 40.609005 -70.580368
v 22.153877 40.607510 -69.642441
v 22.888107 40.821621 -69.494293
v 23.378235 40.551998 -68.704086
v 24.155640 40.581112 -68.516159
v 24.601974 40.600826 -67.766357
v 25.825436 40.609158 -66.828629
v 26.559336 40.809231 -66.680573
v 27.049288 40.608913 -65.890686
v 27.783188 40.820522 -65.742645
v 28.281605 40.112270 -64.949593
v 29.007046 40.809109 -64.804703
v 29.497505 40.550259 -64.014397
v 30.720840 40.608608 -63.076878
v 31.454746 40.809566 -62.928829
v 31.945206 40.551937 -62.138527
v 33.168549 40.608150 -61.201000
v 33.905350 40.872646 -61.052052
v 34.149807 41.811031 -60.560822
v 34.207008 62.042934 -60.260685
v 34.053288 66.712151 -60.669292
v 34.092422 63.151028 -60.194462
v 33.828320 66.896355 -60.982075
v 33.116844 66.893150 -61.104465
v 32.955467 66.881004 -61.302547
v 32.657845 42.499508 -61.761532
v 32.686859 66.878044 -61.875156
v 31.892710 66.896049 -62.042587
v 31.731676 66.888603 -62.240494
v 31.433968 42.455624 -62.699413
v 31.463139 66.879601 -62.813663
v 30.579958 66.893608 -63.048542
v 30.812443 66.887962 -62.944973
v 30.210718 42.516048 -63.636898
v 30.238726 66.881523 -63.751774
v 29.369440 66.900749 -63.977348
v 29.588591 66.889091 -63.882919
v 28.931240 66.892662 -64.734276
v 28.131948 66.895073 -64.924751
v 28.364748 66.877708 -64.820770
v 27.764074 66.883812 -65.648293
v 26.904442 66.897057 -65.863747
v 27.140882 66.887352 -65.758781
v 26.530588 42.379055 -66.453178
v 26.541759 66.885277 -66.585167
v 25.685020 66.892052 -66.799927
v 25.917032 66.885460 -66.696709
v 25.312157 42.299191 -67.390587
v 25.342625 66.875969 -67.503197
v 24.459404 66.864494 -67.737328
v 24.693169 66.891624 -67.634697
v 24.085163 42.336147 -68.331512
v 24.116795 66.883842 -68.442001
v 23.325657 66.889488 -68.608147
v 23.164730 66.891594 -68.806068
v 22.870667 42.891445 -69.259903
v 22.867851 66.869713 -69.399742
v 22.012436 66.894920 -69.614731
v 22.245468 66.890800 -69.510567
v 21.644215 66.879814 -70.338295
v 20.736927 45.208065 -70.488434
v 21.021622 66.886253 -70.448463
v 20.784054 66.892570 -70.563072
v 20.545715 66.888786 -71.094093
v 20.412895 43.615963 -71.142670
v 20.364277 66.893181 -71.299843
v 19.649925 66.884209 -71.423271
v 19.200577 66.883568 -72.210258
v 18.347050 66.882591 -72.422066
v 17.971413 42.555538 -73.018288
v 18.022209 66.885918 -73.093964
v 17.792023 66.891502 -73.204300
v 18.211987 66.891350 -73.116890
v 18.559490 66.887444 -72.505043
v 19.269073 66.891289 -72.369301
v 18.380272 66.890465 -72.705620
v 19.435009 66.890923 -72.180023
v 19.605087 66.888969 -71.766434
v 19.783115 66.884087 -71.567261
v 20.546429 66.881065 -71.406303
v 20.898640 66.858879 -70.711601
v 21.134151 66.887016 -70.594627
v 21.803749 66.890739 -70.427162
v 21.576660 66.876305 -70.538353
v 22.226852 66.860313 -69.693672
v 22.052711 66.889702 -69.890663
v 22.991753 66.893120 -69.535530
v 23.454788 66.872978 -68.753349
v 23.277382 66.889702 -68.951668
v 24.165939 66.899498 -68.617035
v 24.330025 66.884941 -68.428772
v 24.678574 66.874138 -67.815468
v 24.501228 66.883263 -68.013725
v 25.442085 66.879112 -67.654358
v 25.898462 66.860680 -66.879845
v 25.725088 66.888542 -67.075798
v 26.663359 66.890068 -66.721687
v 26.948935 66.885948 -66.137856
v 27.122311 66.872063 -65.941933
v 27.886583 66.876854 -65.783928
v 28.172966 66.885277 -65.202202
v 28.334229 66.861015 -65.007370
v 29.111729 66.897392 -64.845421
v 29.394945 66.889580 -64.264175
v 29.574085 66.876122 -64.063660
v 30.337524 66.881126 -63.902737
v 30.620495 66.883781 -63.324028
v 30.793850 66.866936 -63.128109
v 31.559040 66.891716 -62.969769
v 31.843752 66.887016 -62.386871
v 32.017761 66.852684 -62.190113
v 32.782707 66.892540 -62.032124
v 33.067608 66.888969 -61.448933
v 33.241501 66.863701 -61.252254
v 33.955078 66.899101 -61.118542
v 34.150261 66.749931 -60.861317
v 34.170788 47.572720 -60.045605
v 15.675083 66.898186 -75.129906
v 16.631344 40.573605 -74.220909
v 16.888817 6.599695 -74.151978
v 16.660660 6.599391 -74.262535
v 17.446194 6.599329 -73.382294
v 18.112663 6.599909 -73.214043
v 17.886841 6.599512 -73.325447
v 18.665905 6.600123 -72.446091
v 19.231342 6.599360 -72.357315
v 19.414364 6.599513 -72.152145
v 19.586201 6.486689 -71.739578
v 19.748154 7.791468 -71.550003
v 20.558052 6.523402 -71.336807
v 20.333424 7.110713 -71.449104
v 20.810295 6.599879 -70.802841
v 21.118122 6.599574 -70.568321
v 21.694042 6.466273 -70.465965
v 21.865723 6.340937 -70.269463
v 22.341972 6.600093 -69.630386
v 22.917763 6.458979 -69.528069
v 23.086792 6.066371 -69.334862
v 23.561310 6.599543 -68.694336
v 24.141651 6.510951 -68.589996
v 24.309834 6.088526 -68.401657
v 24.482960 6.969722 -67.985870
v 24.787304 6.341700 -67.755501
v 25.454136 6.408259 -67.584290
v 25.228840 7.110621 -67.697350
v 26.013536 6.599543 -66.816566
v 26.677813 6.412745 -66.646645
v 26.451485 6.599574 -66.759026
v 26.930803 7.073085 -66.109741
v 27.237383 6.599360 -65.878632
v 27.901525 6.471003 -65.708862
v 27.675335 6.599574 -65.821091
v 28.153751 6.599543 -65.174774
v 28.461235 6.599543 -64.940689
v 29.124098 6.475489 -64.771873
v 28.899193 6.599574 -64.883148
v 29.379780 6.599543 -64.234032
v 29.680573 6.599574 -64.004646
v 30.261889 6.423457 -63.899948
v 30.429043 6.599299 -63.710701
v 30.599979 6.970485 -63.300804
v 30.908943 6.599574 -63.064816
v 31.571796 6.474787 -62.896000
v 31.346891 6.599208 -63.007275
v 31.827488 6.599543 -62.358154
v 32.128277 6.599421 -62.128769
v 32.716507 5.768550 -62.021767
v 32.880257 6.599604 -61.830303
v 33.356647 6.599482 -61.188938
v 33.934952 6.547389 -61.085716
v 34.095833 6.599818 -60.898243
v 34.176392 7.902461 -60.617588
v 34.062668 6.786433 -60.445808
v 33.816711 6.519709 -60.931942
v 33.977890 6.599971 -60.744362
v 33.051834 5.840785 -61.112755
v 33.238693 6.599604 -61.035027
v 32.929726 6.970546 -61.271019
v 32.679276 6.407893 -61.802910
v 32.452797 6.599574 -61.915424
v 32.012550 6.228419 -61.973927
v 31.707355 6.599513 -62.207047
v 31.455597 6.407771 -62.740440
v 31.228933 6.599574 -62.853363
v 30.480562 6.748835 -63.148773
v 30.143028 6.269130 -63.746361
v 30.311146 7.110469 -63.558052
v 29.564846 6.970576 -63.849800
v 29.259651 6.599299 -64.082932
v 29.009995 6.720423 -64.615227
v 28.781235 6.599574 -64.729240
v 28.338760 6.599665 -64.788673
v 28.035795 6.599543 -65.020866
v 27.695887 6.575129 -65.622101
v 27.863379 6.599208 -65.432663
v 27.119431 6.599757 -65.724716
v 26.889311 8.097560 -65.833725
v 26.471836 6.518153 -66.560196
v 26.639523 6.600123 -66.370605
v 25.895573 6.599574 -66.662659
v 25.585091 6.599543 -66.900604
v 25.248051 6.516597 -67.498161
v 25.415668 6.599635 -67.308548
v 24.671726 6.599574 -67.600594
v 24.442829 8.542598 -67.708549
v 24.131519 6.599574 -68.357605
v 23.885822 6.599543 -68.480988
v 23.447876 6.599574 -68.538528
v 23.211872 7.310481 -68.652283
v 22.896126 7.541987 -69.302734
v 22.661972 6.599696 -69.418930
v 22.224022 6.599543 -69.476471
v 21.983700 6.357753 -69.592178
v 21.576710 6.410853 -70.311554
v 21.745808 6.070094 -70.120178
v 20.995647 6.599421 -70.416306
v 20.762794 6.119502 -70.526863
v 20.354004 6.564418 -71.248947
v 20.518826 6.599482 -71.062149
v 19.767029 6.817744 -71.355171
v 19.539890 6.634272 -71.467072
v 19.120956 7.994349 -72.193741
v 19.296413 6.599574 -71.998230
v 18.242222 6.599543 -72.527924
v 18.000717 7.540827 -73.054482
v 17.766560 6.599542 -73.170685
v 17.324089 6.599634 -73.230118
v 17.020538 6.486444 -73.461533
v 16.672989 9.091608 -74.073418
v 16.848415 6.599573 -73.877228
v 16.099087 7.525873 -74.167091
v 15.555874 6.600885 -74.930344
v 15.321430 6.599420 -75.042328
v 15.036636 6.116693 -75.048737
v 14.489670 5.882745 -74.915047
v 14.626709 53.431881 -75.064293
v 34.071537 6.950527 -59.908363
vn -0.1258 -0.0006 -0.9921
vn -0.6034 0.0046 -0.7975
vn -0.3395 0.0086 -0.9406
vn 0.7244 -0.0009 -0.6894
vn 0.2185 -0.0009 -0.9758
vn 0.6710 0.0071 -0.7414
vn 0.2815 -0.0008 -0.9596
vn 0.4635 0.0113 -0.8860
vn 0.4970 0.0074 -0.8677
vn 0.8458 0.0100 -0.5335
vn 0.5251 -0.0009 -0.8511
vn 0.8474 -0.0003 -0.5310
vn 0.6895 0.0014 -0.7243
vn 0.8558 0.0014 -0.5173
vn 0.2470 0.0013 -0.9690
vn 0.2931 0.0014 -0.9561
vn 0.6154 0.0017 -0.7882
vn -0.8233 -0.0003 0.5675
vn 0.1143 0.0007 0.9934
vn -0.8529 0.0055 0.5220
vn 0.1008 -0.0010 0.9949
vn -0.2224 0.0011 0.9750
vn -0.2966 0.0011 0.9550
vn -0.7107 0.0124 0.7034
vn -0.7105 0.0004 0.7037
vn -0.2872 -0.0013 0.9579
vn -0.2560 0.0008 0.9667
vn -0.2454 -0.0015 0.9694
vn -0.2856 0.0012 0.9583
vn -0.4448 0.0010 0.8956
vn -0.8545 -0.0014 0.5194
vn -0.7102 0.0009 0.7040
vn -0.7127 0.0012 0.7014
vn -0.5003 -0.0019 0.8659
vn -0.3074 0.0004 0.9516
vn -0.4806 0.0013 0.8769
vn -0.2983 0.0134 0.9544
vn -0.2793 0.0011 0.9602
vn -0.5034 0.0125 0.8639
vn -0.7108 0.0002 0.7034
vn -0.2975 -0.0013 0.9547
vn -0.4696 0.0014 0.8829
vn -0.3048 0.0010 0.9524
vn -0.7139 0.0006 0.7002
vn -0.8544 0.0009 0.5197
vn -0.7216 -0.0015 0.6923
vn -0.2954 0.0011 0.9554
vn -0.7116 0.0124 0.7025
vn -0.7208 -0.0017 0.6931
vn -0.8455 0.0011 0.5339
vn -0.7393 0.0012 0.6734
vn -0.3049 0.0011 0.9524
vn -0.7088 0.0122 0.7053
vn -0.7189 -0.0000 0.6951
vn -0.8689 -0.0015 0.4950
vn -0.7089 0.0007 0.7053
vn -0.7264 0.0012 0.6872
vn -0.2942 0.0011 0.9557
vn -0.7082 0.0125 0.7059
vn -0.3188 0.0011 0.9478
vn -0.7084 0.0122 0.7058
vn -0.3065 0.0011 0.9519
vn -0.7111 0.0126 0.7029
vn -0.7153 0.0007 0.6988
vn -0.2677 -0.0014 0.9635
vn -0.4717 0.0012 0.8818
vn -0.2519 -0.0012 0.9678
vn -0.2653 0.0009 0.9642
vn -0.4856 0.0007 0.8742
vn -0.8556 -0.0016 0.5176
vn -0.7152 0.0008 0.6989
vn -0.7286 0.0012 0.6849
vn -0.2818 0.0010 0.9595
vn -0.7090 0.0126 0.7051
vn -0.4557 -0.0018 0.8901
vn -0.2677 0.0009 0.9635
vn -0.5037 0.0006 0.8639
vn -0.8391 0.0011 0.5440
vn -0.8533 -0.0012 0.5214
vn 0.9534 0.0004 0.3017
vn 0.9296 0.0016 0.3686
vn -0.2857 0.0056 0.9583
vn 0.9873 0.0010 -0.1591
vn 0.8866 -0.0008 -0.4625
vn 0.9909 -0.0005 -0.1344
vn 0.2763 0.0013 -0.9611
vn 0.5269 -0.0009 -0.8499
vn 0.5033 -0.0009 -0.8641
vn 0.7297 -0.0008 -0.6838
vn 0.8473 0.0099 -0.5311
vn 0.8546 -0.0003 -0.5193
vn 0.8558 0.0015 -0.5173
vn 0.8662 -0.0007 -0.4997
vn 0.8531 0.0099 -0.5216
vn 0.8568 -0.0003 -0.5157
vn 0.8610 0.0013 -0.5086
vn 0.2548 0.0014 -0.9670
vn 0.5300 -0.0009 -0.8480
vn 0.4773 -0.0009 -0.8787
vn 0.7321 -0.0008 -0.6812
vn 0.8640 0.0120 -0.5033
vn 0.8491 -0.0004 -0.5282
vn 0.8626 0.0016 -0.5059
vn 0.8663 -0.0007 -0.4994
vn 0.8474 0.0100 -0.5309
vn 0.8567 -0.0003 -0.5158
vn 0.2546 0.0014 -0.9670
vn 0.5102 -0.0007 -0.8601
vn 0.8601 0.0013 -0.5101
vn 0.8663 -0.0007 -0.4995
vn 0.8481 -0.0008 -0.5298
vn 0.4770 -0.0009 -0.8789
vn 0.8541 0.0104 -0.5200
vn 0.8568 -0.0003 -0.5156
vn 0.8606 0.0013 -0.5093
vn 0.2698 0.0014 -0.9629
vn 0.5253 -0.0009 -0.8509
vn 0.7309 -0.0009 -0.6825
vn 0.8414 0.0100 -0.5403
vn 0.8578 -0.0004 -0.5140
vn 0.7156 0.0017 -0.6985
vn 0.2458 0.0012 -0.9693
vn 0.5246 -0.0009 -0.8514
vn 0.2850 -0.0007 -0.9585
vn 0.8659 -0.0009 -0.5003
vn 0.8559 0.0101 -0.5171
vn 0.8566 -0.0004 -0.5160
vn 0.8661 0.0015 -0.4999
vn 0.8592 -0.0006 -0.5117
vn 0.8488 0.0101 -0.5287
vn 0.8667 -0.0002 -0.4988
vn 0.7187 0.0018 -0.6953
vn 0.2756 0.0013 -0.9613
vn 0.5263 -0.0009 -0.8503
vn 0.4824 -0.0010 -0.8759
vn 0.7142 -0.0007 -0.6999
vn 0.8462 0.0100 -0.5328
vn 0.8544 -0.0003 -0.5196
vn 0.8561 0.0015 -0.5169
vn 0.2566 0.0013 -0.9665
vn 0.5206 -0.0008 -0.8538
vn 0.2778 -0.0008 -0.9606
vn 0.7281 -0.0010 -0.6855
vn 0.7308 0.0110 -0.6826
vn 0.8536 -0.0004 -0.5209
vn 0.2568 -0.0003 -0.9665
vn 0.6932 -0.0008 -0.7208
vn 0.4605 0.0112 -0.8876
vn 0.8522 -0.0008 -0.5233
vn 0.8651 0.0100 -0.5014
vn 0.8640 0.0013 -0.5036
vn 0.7208 -0.0010 -0.6932
vn 0.8479 0.0099 -0.5301
vn 0.8571 -0.0003 -0.5152
vn 0.2618 0.0014 -0.9651
vn 0.4987 -0.0007 -0.8668
vn 0.2790 -0.0008 -0.9603
vn 0.7187 0.0017 -0.6953
vn 0.7186 -0.0009 -0.6954
vn 0.8530 -0.0010 -0.5219
vn 0.2718 0.0100 -0.9623
vn 0.4875 0.0075 -0.8731
vn 0.7186 0.0107 -0.6953
vn 0.8608 0.0082 -0.5088
vn -0.6130 0.0124 0.7899
vn -0.2618 0.0194 0.9649
vn -0.4296 0.0211 0.9028
vn -0.6250 0.0222 0.7803
vn -0.2722 0.0143 0.9621
vn -0.3136 0.0171 0.9494
vn 0.4703 0.0113 -0.8825
vn 0.5250 -0.0009 -0.8511
vn 0.4928 -0.0009 -0.8701
vn 0.5067 0.0073 -0.8621
vn 0.8449 0.0079 -0.5349
vn 0.2734 -0.0008 -0.9619
vn 0.6066 0.0071 -0.7950
vn 0.2587 0.0101 -0.9659
vn 0.2915 0.0080 -0.9565
vn 0.4765 0.0111 -0.8791
vn 0.6093 0.0070 -0.7929
vn 0.4361 0.0101 -0.8999
vn 0.5200 -0.0009 -0.8542
vn 0.2573 -0.0008 -0.9663
vn 0.5082 0.0073 -0.8612
vn 0.4679 0.0113 -0.8837
vn 0.6176 0.0071 -0.7864
vn 0.4764 0.0111 -0.8792
vn 0.6128 0.0070 -0.7902
vn 0.4690 0.0111 -0.8831
vn 0.6105 0.0070 -0.7920
vn 0.8496 0.0096 -0.5273
vn 0.4972 0.0115 -0.8676
vn 0.6092 0.0070 -0.7930
vn 0.4673 0.0112 -0.8840
vn 0.5242 -0.0009 -0.8516
vn 0.2715 -0.0007 -0.9624
vn 0.6117 0.0071 -0.7911
vn 0.4763 0.0112 -0.8792
vn 0.6114 0.0070 -0.7913
vn 0.4720 0.0113 -0.8815
vn 0.5234 -0.0009 -0.8521
vn 0.2730 -0.0008 -0.9620
vn 0.6094 0.0070 -0.7929
vn 0.4754 0.0111 -0.8797
vn 0.5245 0.0072 -0.8514
vn 0.9267 0.0079 -0.3758
vn 0.9862 0.0077 0.1652
vn -0.8535 0.0191 0.5207
vn -0.8716 0.0201 0.4899
vn -0.8833 0.0010 0.4688
vn -0.9892 0.0009 0.1464
vn -0.6901 0.0129 0.7236
vn -0.8409 0.0164 0.5409
vn -0.8524 0.0011 0.5229
vn -0.7301 0.0011 0.6833
vn -0.5963 0.0224 0.8024
vn -0.2556 0.0010 0.9668
vn -0.5956 0.0222 0.8030
vn -0.2669 0.0010 0.9637
vn -0.7209 0.0014 0.6930
vn -0.4828 0.0202 0.8755
vn -0.2637 0.0012 0.9646
vn -0.6899 0.0122 0.7238
vn 0.8684 0.0079 -0.4959
vn -0.5891 0.0224 0.8077
vn -0.8520 0.0173 0.5233
vn -0.7300 0.0132 0.6833
vn 0.7101 0.0072 -0.7040
vn -0.8526 0.0145 0.5223
vn -0.2698 0.0143 0.9628
vn -0.6253 0.0221 0.7800
vn 0.8504 0.0080 -0.5261
vn -0.2715 0.0144 0.9623
vn -0.5864 0.0223 0.8097
vn -0.4882 0.0209 0.8725
vn -0.2753 0.0144 0.9612
vn -0.6225 0.0222 0.7823
vn -0.4935 0.0126 0.8697
vn -0.6296 0.0222 0.7766
vn -0.4932 0.0126 0.8698
vn -0.8547 0.0144 0.5189
vn 0.0973 0.0079 -0.9952
vn 0.2917 0.0014 -0.9565
vn 0.7044 0.0013 -0.7098
vn 0.8460 0.0013 -0.5332
vn 0.3049 0.0015 -0.9524
vn 0.7132 0.0013 -0.7010
vn 0.4912 0.0010 -0.8711
vn 0.4987 0.0013 -0.8668
vn 0.8387 0.0013 -0.5447
vn 0.8476 0.0013 -0.5306
vn 0.2957 0.0013 -0.9553
vn 0.7097 0.0013 -0.7045
vn 0.2617 0.0012 -0.9652
vn 0.7156 0.0010 -0.6985
vn 0.2613 0.0012 -0.9652
vn 0.7165 0.0010 -0.6976
vn 0.2609 0.0012 -0.9654
vn 0.7144 0.0010 -0.6997
vn 0.8625 0.0013 -0.5061
vn 0.2609 0.0013 -0.9654
vn 0.5000 0.0013 -0.8660
vn -0.2506 -0.0004 0.9681
vn -0.9882 -0.0010 0.1534
vn -0.8790 -0.0013 0.4769
vn -0.6271 -0.0015 0.7789
vn -0.2567 -0.0014 0.9665
vn -0.3119 -0.0013 0.9501
vn -0.8614 -0.0013 0.5079
vn -0.4830 -0.0009 0.8756
vn -0.2657 -0.0013 0.9641
vn -0.7010 -0.0020 0.7131
vn -0.8515 -0.0014 0.5244
vn -0.8633 -0.0013 0.5046
vn -0.6949 -0.0020 0.7191
vn -0.7199 -0.0015 0.6941
vn -0.2794 -0.0014 0.9602
vn -0.4995 -0.0012 0.8663
vn -0.2913 -0.0013 0.9566
vn -0.6157 -0.0017 0.7880
vn -0.8402 0.0010 0.5423
vn -0.8655 -0.0013 0.5010
vn -0.8610 -0.0012 0.5086
vn -0.7465 0.0010 0.6654
vn -0.4854 -0.0011 0.8743
vn -0.7143 -0.0015 0.6998
vn -0.7017 0.0012 0.7125
vn -0.7030 -0.0013 0.7112
vn -0.5506 0.0004 -0.8348
vn 0.2160 0.0014 -0.9764
vn -0.7258 -0.0015 0.6879
vn -0.8566 0.0008 0.5160
vn -0.8564 0.0132 0.5161
vn -0.2927 -0.0013 0.9562
vn -0.7119 -0.0014 0.7023
vn -0.7037 0.0014 0.7105
vn -0.4840 0.0008 0.8751
vn -0.4937 0.0124 0.8695
vn -0.2615 -0.0015 0.9652
vn -0.2746 0.0009 0.9616
vn -0.7185 0.0013 0.6955
vn -0.2841 -0.0013 0.9588
vn -0.2565 0.0009 0.9665
vn -0.2691 -0.0012 0.9631
vn -0.2924 -0.0014 0.9563
vn -0.4717 0.0013 0.8818
vn -0.8736 -0.0013 0.4867
vn -0.8566 0.0010 0.5160
vn -0.7182 -0.0010 0.6958
vn -0.8581 0.0004 0.5134
vn -0.8558 -0.0013 0.5173
vn -0.8392 0.0011 0.5438
vn -0.7304 0.0014 0.6831
vn -0.4894 0.0008 0.8721
vn -0.2442 -0.0014 0.9697
vn -0.2771 0.0009 0.9608
vn -0.7312 0.0014 0.6822
vn -0.5053 0.0012 0.8629
vn 0.7051 0.0019 -0.7091
vn 0.2567 0.0011 -0.9665
vn 0.2564 0.0012 -0.9666
vn 0.2701 0.0012 -0.9628
vn 0.7069 0.0019 -0.7073
vn 0.8570 0.0014 -0.5154
vn 0.4938 0.0019 -0.8696
vn 0.2738 0.0014 -0.9618
vn 0.7126 0.0017 -0.7016
vn -0.6931 0.0207 0.7205
vn 0.6186 -0.0009 -0.7857
vn -0.8550 0.0145 0.5184
vn -0.2733 0.0143 0.9618
vn -0.2586 0.0139 0.9659
vn -0.2780 0.0145 0.9605
vn -0.2690 0.0143 0.9630
vn -0.6972 0.0202 0.7166
vn -0.5858 0.0222 0.8101
vn -0.2874 0.0144 0.9577
vn -0.6234 0.0221 0.7816
vn -0.6274 0.0223 0.7784
vn -0.5099 0.0210 0.8600
vn 0.7009 0.0014 -0.7133
vn 0.4752 0.0014 -0.8799
vn 0.4995 0.0011 -0.8663
vn 0.4874 0.0010 -0.8732
vn 0.4972 0.0011 -0.8676
vn 0.8760 0.0013 -0.4823
vn -0.4997 -0.0012 0.8662
vn -0.7093 -0.0012 0.7049
vn -0.2929 -0.0013 0.9562
vn -0.7103 -0.0012 0.7039
vn -0.8455 -0.0013 0.5339
vn -0.4948 -0.0013 0.8690
vn -0.4886 -0.0010 0.8725
vn -0.4864 -0.0010 0.8737
vn -0.2932 -0.0013 0.9560
vn -0.7009 -0.0014 0.7132
vn -0.2907 -0.0014 0.9568
vn -0.8401 -0.0013 0.5425
vn -0.8536 -0.0013 0.5210
vn -0.4901 -0.0010 0.8716
vn -0.8384 -0.0013 0.5450
vn -0.7131 -0.0013 0.7011
vn -0.2319 -0.0013 0.9727
vn -0.1152 0.0011 -0.9933
vn -0.5960 -0.0017 0.8030
vn -0.5959 -0.0017 0.8031
vn -0.8597 -0.0012 0.5108
vn -0.6212 -0.0016 0.7837
vn -0.6205 -0.0016 0.7842
vn 0.6145 0.0017 -0.7889
vn 0.6138 0.0017 -0.7895
vn 0.6171 0.0016 -0.7869
vn 0.6121 0.0017 -0.7908
vn 0.6123 0.0017 -0.7906
vn 0.6143 0.0017 -0.7890
vn -0.4913 -0.0015 0.8710
vt 0.480695 0.474635
vt 0.480642 0.474802
vt 0.480596 0.474703
vt 0.480697 0.474424
vt 0.480694 0.474518
vt 0.480585 0.474415
vt 0.046479 0.496145
vt 0.046593 0.495941
vt 0.046595 0.496213
vt 0.035702 0.496155
vt 0.035703 0.496255
vt 0.035587 0.496255
vt 0.035591 0.495949
vt 0.035568 0.496168
vt 0.480841 0.474425
vt 0.035438 0.496160
vt 0.046337 0.495987
vt 0.046334 0.496154
vt 0.046478 0.495916
vt 0.035442 0.496234
vt 0.319404 0.492656
vt 0.319560 0.492470
vt 0.319602 0.492650
vt 0.319405 0.492458
vt 0.319559 0.492359
vt 0.016860 0.495767
vt 0.016754 0.495693
vt 0.016881 0.495676
vt 0.017012 0.495776
vt 0.016858 0.495933
vt 0.493395 0.495804
vt 0.493237 0.495960
vt 0.493242 0.495750
vt 0.129681 0.496144
vt 0.129826 0.496083
vt 0.129835 0.496354
vt 0.024461 0.495708
vt 0.024339 0.495750
vt 0.024321 0.495659
vt 0.024314 0.495974
vt 0.024206 0.495767
vt 0.004328 0.495888
vt 0.004223 0.495848
vt 0.004357 0.495800
vt 0.003425 0.495901
vt 0.003270 0.496111
vt 0.003269 0.495891
vt 0.130085 0.496051
vt 0.130101 0.496271
vt 0.129945 0.496062
vt 0.038238 0.495508
vt 0.038344 0.495583
vt 0.038223 0.495600
vt 0.155997 0.495606
vt 0.156150 0.495649
vt 0.156151 0.495866
vt 0.000898 0.495543
vt 0.000793 0.495467
vt 0.000937 0.495446
vt 0.027956 0.495997
vt 0.028099 0.495932
vt 0.028111 0.496206
vt 0.001422 0.495891
vt 0.001316 0.495816
vt 0.001434 0.495799
vt 0.130839 0.495799
vt 0.130734 0.495722
vt 0.130878 0.495702
vt 0.002217 0.495538
vt 0.002111 0.495463
vt 0.002228 0.495446
vt 0.002373 0.495547
vt 0.002217 0.495757
vt 0.484380 0.495844
vt 0.484224 0.495999
vt 0.484238 0.495781
vt 0.005011 0.495544
vt 0.005153 0.495480
vt 0.005167 0.495751
vt 0.001159 0.495539
vt 0.001054 0.495463
vt 0.001171 0.495446
vt 0.001310 0.495501
vt 0.001158 0.495704
vt 0.131401 0.495702
vt 0.131416 0.495794
vt 0.131262 0.495804
vt 0.320797 0.428747
vt 0.320798 0.428568
vt 0.320832 0.428552
vt 0.154196 0.493912
vt 0.154335 0.493809
vt 0.154341 0.493921
vt 0.130471 0.496142
vt 0.130618 0.496071
vt 0.130619 0.496354
vt 0.069537 0.494220
vt 0.069651 0.494429
vt 0.069520 0.494440
vt 0.069392 0.494270
vt 0.131145 0.495799
vt 0.131256 0.495953
vt 0.131125 0.495964
vt 0.130995 0.495959
vt 0.035176 0.495999
vt 0.035322 0.495927
vt 0.035324 0.496209
vt 0.035326 0.495618
vt 0.035437 0.495825
vt 0.035306 0.495837
vt 0.035178 0.495829
vt 0.130621 0.495799
vt 0.130732 0.495952
vt 0.130601 0.495964
vt 0.130471 0.495959
vt 0.027693 0.495999
vt 0.027836 0.495931
vt 0.027841 0.496209
vt 0.156781 0.495811
vt 0.156929 0.495651
vt 0.156928 0.495819
vt 0.046599 0.495991
vt 0.046744 0.495919
vt 0.046747 0.496200
vt 0.131671 0.495799
vt 0.131782 0.495953
vt 0.131651 0.495964
vt 0.131523 0.495959
vt 0.156519 0.495651
vt 0.156665 0.495579
vt 0.156667 0.495861
vt 0.001734 0.495839
vt 0.001845 0.496046
vt 0.001714 0.496058
vt 0.001583 0.496104
vt 0.078288 0.495968
vt 0.078435 0.495898
vt 0.078438 0.496128
vt 0.001697 0.495699
vt 0.001586 0.495545
vt 0.001718 0.495534
vt 0.001846 0.495541
vt 0.001467 0.495546
vt 0.001581 0.495698
vt 0.001450 0.495711
vt 0.001316 0.495762
vt 0.483596 0.495854
vt 0.483742 0.495783
vt 0.483743 0.496065
vt 0.003309 0.495489
vt 0.003426 0.495699
vt 0.003295 0.495712
vt 0.003165 0.495543
vt 0.156256 0.495647
vt 0.156402 0.495576
vt 0.156403 0.495804
vt 0.002258 0.495841
vt 0.002372 0.496099
vt 0.002241 0.496060
vt 0.031821 0.495671
vt 0.031837 0.495585
vt 0.031952 0.495636
vt 0.154333 0.494205
vt 0.154447 0.494357
vt 0.154331 0.494429
vt 0.154186 0.494363
vt 0.000677 0.495498
vt 0.000791 0.495706
vt 0.000660 0.495718
vt 0.016492 0.495770
vt 0.016636 0.495702
vt 0.016642 0.495929
vt 0.000268 0.495765
vt 0.000409 0.495499
vt 0.000421 0.495720
vt 0.016753 0.495773
vt 0.016754 0.495996
vt 0.481031 0.467053
vt 0.480930 0.466858
vt 0.481109 0.467067
vt 0.481032 0.466520
vt 0.481013 0.466420
vt 0.481105 0.466473
vt 0.481007 0.466114
vt 0.481073 0.465980
vt 0.481155 0.465970
vt 0.480908 0.466217
vt 0.481168 0.465919
vt 0.319651 0.492557
vt 0.319668 0.492359
vt 0.480974 0.466788
vt 0.481083 0.466565
vt 0.480910 0.466763
vt 0.480999 0.467291
vt 0.480910 0.467343
vt 0.481014 0.467146
vt 0.000793 0.495805
vt 0.000676 0.495806
vt 0.129565 0.496355
vt 0.129678 0.496099
vt 0.129678 0.496371
vt 0.154448 0.494190
vt 0.154449 0.494456
vt 0.031846 0.495839
vt 0.031952 0.495929
vt 0.156517 0.495650
vt 0.156518 0.495818
vt 0.003428 0.495797
vt 0.003313 0.495800
vt 0.483857 0.495807
vt 0.483857 0.496101
vt 0.001584 0.495797
vt 0.001468 0.495799
vt 0.153749 0.496240
vt 0.153861 0.496039
vt 0.153861 0.496311
vt 0.001585 0.495446
vt 0.001701 0.495446
vt 0.078550 0.495923
vt 0.078550 0.496217
vt 0.001847 0.496143
vt 0.001731 0.496146
vt 0.156780 0.495603
vt 0.156781 0.495897
vt 0.131783 0.496050
vt 0.131668 0.496052
vt 0.046860 0.495942
vt 0.046861 0.496236
vt 0.157042 0.495806
vt 0.027953 0.495946
vt 0.027955 0.496245
vt 0.130734 0.496051
vt 0.130617 0.496052
vt 0.131406 0.496278
vt 0.131518 0.496076
vt 0.131519 0.496370
vt 0.035438 0.495922
vt 0.035323 0.495925
vt 0.035437 0.495950
vt 0.035438 0.496244
vt 0.131257 0.496050
vt 0.131141 0.496052
vt 0.128776 0.496279
vt 0.128886 0.496074
vt 0.128890 0.496368
vt 0.069653 0.494526
vt 0.069537 0.494528
vt 0.130732 0.496095
vt 0.130733 0.496368
vt 0.154450 0.493821
vt 0.154428 0.494026
vt 0.154364 0.494090
vt 0.481181 0.475202
vt 0.481108 0.475163
vt 0.481244 0.475200
vt 0.481154 0.475144
vt 0.481021 0.475024
vt 0.319668 0.492388
vt 0.319775 0.492360
vt 0.319771 0.492469
vt 0.072703 0.493900
vt 0.072703 0.494127
vt 0.072599 0.493944
vt 0.001424 0.496149
vt 0.001316 0.496146
vt 0.001423 0.496059
vt 0.038237 0.495245
vt 0.038343 0.495253
vt 0.038236 0.495340
vt 0.004324 0.496147
vt 0.004222 0.496120
vt 0.004329 0.496056
vt 0.129942 0.496091
vt 0.480929 0.467437
vt 0.481032 0.467681
vt 0.481013 0.467581
vt 0.481106 0.467636
vt 0.481106 0.468255
vt 0.480929 0.468017
vt 0.480974 0.467940
vt 0.480910 0.467924
vt 0.480906 0.468527
vt 0.481032 0.468262
vt 0.481014 0.468163
vt 0.480979 0.468497
vt 0.480999 0.468598
vt 0.481014 0.468888
vt 0.481033 0.468791
vt 0.481103 0.468791
vt 0.480929 0.469033
vt 0.480905 0.469686
vt 0.481033 0.469421
vt 0.481105 0.469375
vt 0.481014 0.469324
vt 0.480910 0.469127
vt 0.480974 0.469680
vt 0.481083 0.469905
vt 0.481083 0.469469
vt 0.481032 0.470004
vt 0.481014 0.469905
vt 0.480910 0.470248
vt 0.480974 0.470273
vt 0.481014 0.470486
vt 0.480929 0.470340
vt 0.481083 0.470630
vt 0.481106 0.470537
vt 0.480906 0.470849
vt 0.481032 0.470584
vt 0.481033 0.471163
vt 0.481014 0.471067
vt 0.481105 0.471118
vt 0.480905 0.471428
vt 0.481033 0.471744
vt 0.480973 0.471423
vt 0.481106 0.471697
vt 0.481105 0.472279
vt 0.480905 0.472009
vt 0.480973 0.472003
vt 0.481013 0.472228
vt 0.480905 0.472590
vt 0.481034 0.472320
vt 0.480979 0.472561
vt 0.481083 0.472372
vt 0.481002 0.472664
vt 0.481032 0.472907
vt 0.481014 0.472808
vt 0.481105 0.472866
vt 0.480906 0.473172
vt 0.481014 0.473389
vt 0.480973 0.473177
vt 0.480905 0.473751
vt 0.481033 0.473486
vt 0.481106 0.473440
vt 0.481033 0.474067
vt 0.481014 0.473970
vt 0.481106 0.474063
vt 0.480905 0.474332
vt 0.480974 0.474339
vt 0.481033 0.474647
vt 0.481014 0.474550
vt 0.481106 0.474644
vt 0.481083 0.474550
vt 0.480941 0.475009
vt 0.480909 0.474891
vt 0.480945 0.466101
vt 0.016494 0.495938
vt 0.016639 0.496020
vt 0.016492 0.496028
vt 0.154187 0.494196
vt 0.031694 0.495848
vt 0.031838 0.495932
vt 0.031690 0.495939
vt 0.156256 0.495867
vt 0.483596 0.496074
vt 0.001317 0.495541
vt 0.001847 0.495708
vt 0.078292 0.496136
vt 0.078437 0.496220
vt 0.078288 0.496226
vt 0.001585 0.495830
vt 0.156520 0.495817
vt 0.131522 0.495736
vt 0.046600 0.496157
vt 0.156781 0.495590
vt 0.027694 0.496166
vt 0.130472 0.495736
vt 0.035178 0.495664
vt 0.035177 0.496165
vt 0.130996 0.495736
vt 0.130471 0.496363
vt 0.320832 0.428745
vt 0.319928 0.492467
vt 0.319928 0.492351
vt 0.002637 0.496144
vt 0.002634 0.496217
vt 0.002493 0.496153
vt 0.001315 0.495716
vt 0.005015 0.495711
vt 0.005011 0.495801
vt 0.484383 0.496065
vt 0.002373 0.495716
vt 0.131529 0.496054
vt 0.131639 0.496052
vt 0.131523 0.496277
vt 0.027957 0.496163
vt 0.005011 0.496147
vt 0.005118 0.496142
vt 0.005011 0.496418
vt 0.038082 0.495593
vt 0.038082 0.495497
vt 0.003425 0.496123
vt 0.493394 0.495972
vt 0.066276 0.494229
vt 0.066122 0.494168
vt 0.066278 0.494157
vt 0.066278 0.493988
vt 0.066124 0.493948
vt 0.066269 0.493894
vt 0.017005 0.495995
vt 0.016861 0.496030
vt 0.001847 0.496156
vt 0.002002 0.496417
vt 0.001847 0.496428
vt 0.320798 0.428945
vt 0.320798 0.428747
vt 0.320832 0.428939
vt 0.480582 0.474536
vt 0.035703 0.495928
vt 0.480843 0.474511
vt 0.035448 0.495935
vt 0.046474 0.496238
vt 0.000529 0.495542
vt 0.000527 0.495446
vt 0.001975 0.496144
vt 0.066123 0.494264
vt 0.066015 0.494218
vt 0.003958 0.495832
vt 0.004084 0.495820
vt 0.004114 0.496041
vt 0.004218 0.495891
vt 0.004483 0.495896
vt 0.483857 0.495773
vt 0.484025 0.495764
vt 0.484018 0.496038
vt 0.156138 0.495556
vt 0.156256 0.495572
vt 0.004748 0.495540
vt 0.004593 0.495696
vt 0.004604 0.495476
vt 0.005164 0.496411
vt 0.005263 0.496146
vt 0.001054 0.495554
vt 0.000899 0.495710
vt 0.001578 0.495902
vt 0.131677 0.496322
vt 0.131784 0.496062
vt 0.130995 0.495810
vt 0.130841 0.496019
vt 0.156518 0.495980
vt 0.156661 0.495918
vt 0.156675 0.496137
vt 0.072443 0.494176
vt 0.072575 0.494113
vt 0.072597 0.494207
vt 0.072586 0.493852
vt -0.000000 0.495903
vt 0.000156 0.495894
vt 0.000155 0.496113
vt 0.000144 0.495801
vt 0.000262 0.495817
vt 0.031689 0.496010
vt 0.031533 0.496167
vt 0.031544 0.495947
vt 0.131415 0.496014
vt 0.131522 0.495718
vt 0.002480 0.496428
vt 0.069390 0.494492
vt 0.128625 0.496123
vt 0.128770 0.496052
vt 0.131257 0.496120
vt 0.131403 0.496051
vt 0.153600 0.496082
vt 0.153746 0.496013
vt 0.003163 0.495763
vt 0.002111 0.496054
vt 0.002258 0.496148
vt 0.031697 0.495625
vt 0.129417 0.496143
vt 0.129563 0.496074
vt 0.000529 0.495766
vt 0.016754 0.495683
vt 0.000529 0.495760
vt 0.481244 0.465916
vt 0.480979 0.466228
vt 0.002103 0.496155
vt 0.002108 0.496430
vt 0.016755 0.495784
vt 0.000793 0.495540
vt 0.000791 0.495446
vt 0.002372 0.495806
vt 0.156518 0.495556
vt 0.003426 0.495478
vt 0.001579 0.495454
vt 0.153746 0.496314
vt 0.001584 0.495712
vt 0.001847 0.495805
vt 0.131783 0.495709
vt 0.157043 0.495562
vt 0.131405 0.496373
vt 0.130734 0.495709
vt 0.035438 0.495584
vt 0.131257 0.495709
vt 0.128774 0.496372
vt 0.069653 0.494185
vt 0.319685 0.492558
vt 0.319737 0.492650
vt 0.131521 0.495810
vt 0.000261 0.495909
vt 0.001054 0.495555
vt 0.484121 0.495850
vt 0.484120 0.495764
vt 0.072703 0.494228
vt 0.002112 0.495555
vt 0.130734 0.495815
vt 0.131784 0.496365
vt 0.001317 0.495907
vt 0.000793 0.495559
vt 0.005273 0.496441
vt 0.156255 0.495664
vt 0.038343 0.495491
vt 0.484120 0.496002
vt 0.484119 0.496100
vt 0.004218 0.496139
vt 0.024206 0.496008
vt 0.129942 0.496372
vt 0.481105 0.469998
vt 0.480979 0.467385
vt 0.481085 0.467727
vt 0.481085 0.468163
vt 0.480973 0.469099
vt 0.481083 0.468888
vt 0.480974 0.470854
vt 0.481083 0.471211
vt 0.481014 0.471647
vt 0.481083 0.471792
vt 0.481083 0.472953
vt 0.481083 0.473534
vt 0.480973 0.473758
vt 0.481083 0.473970
vt 0.480979 0.474885
vt 0.000268 0.495491
vt 0.000531 0.495490
vt 0.129417 0.496358
vt 0.154193 0.494455
vt 0.156400 0.495894
vt 0.002111 0.495833
vt 0.003163 0.495446
vt 0.153600 0.496304
vt 0.131257 0.496343
vt 0.035176 0.495570
vt 0.128625 0.496348
vt 0.069387 0.494176
vt 0.154189 0.493806
vt 0.002635 0.496438
vt 0.131257 0.495731
vt 0.131260 0.496026
vt 0.031687 0.496177
vt -0.000000 0.496125
vt 0.002373 0.495806
vt 0.156519 0.496148
vt 0.130995 0.496030
vt 0.001578 0.496122
vt 0.001054 0.495774
vt 0.004747 0.495706
vt 0.155999 0.495878
vt 0.038082 0.495331
vt 0.129944 0.496280
vt 0.483859 0.495995
vt 0.004483 0.496120
vt 0.003958 0.496052
vt 0.129685 0.496362
vt 0.319406 0.492351
vt 0.480843 0.474815
vt 0.480653 0.474841
vt 0.480839 0.474629
vt 0.017010 0.495685
vt 0.046333 0.495914
vt 0.493394 0.495732
vt 0.129688 0.496051
vt 0.004483 0.495806
vt 0.004219 0.495800
vt 0.003427 0.495808
vt 0.003258 0.495800
vt 0.001045 0.495463
vt 0.004744 0.495446
vt 0.001577 0.495829
vt 0.027956 0.495923
vt 0.130988 0.495718
vt 0.002372 0.495476
vt 0.156518 0.495908
vt 0.072442 0.493954
vt 0.072443 0.493882
vt 0.000000 0.495831
vt 0.484382 0.495771
vt 0.005016 0.495446
vt 0.319930 0.492654
vt 0.031687 0.495937
vt 0.130996 0.496031
vt 0.130472 0.496052
vt 0.128625 0.496051
vt 0.035177 0.495904
vt 0.035176 0.495925
vt 0.130472 0.496031
vt 0.131258 0.496048
vt 0.156781 0.495885
vt 0.156925 0.495908
vt 0.027693 0.495925
vt 0.131522 0.496031
vt 0.046599 0.495917
vt 0.001847 0.495468
vt 0.078290 0.495895
vt 0.002112 0.496128
vt 0.153597 0.495992
vt 0.483595 0.495764
vt 0.156257 0.495573
vt 0.319560 0.492266
vt 0.129417 0.496051
vt 0.016493 0.495676
vt 0.000412 0.495809
vt 0.066017 0.493909
vt 0.016754 0.496032
vt 0.493133 0.495979
vt 0.154333 0.494106
vt 0.156517 0.495909
vt 0.001700 0.495775
vt 0.001463 0.495449
vt 0.157043 0.495900
vt 0.131668 0.495702
vt 0.156927 0.495556
vt 0.154447 0.493700
vt 0.154332 0.493715
vt 0.130618 0.495702
vt 0.131142 0.495702
vt 0.319669 0.492246
vt 0.002373 0.496168
vt 0.031426 0.495961
vt 0.031426 0.496266
vt 0.031533 0.496260
vt 0.001054 0.495804
vt 0.001161 0.495799
vt 0.005271 0.495491
vt 0.484120 0.496099
vt 0.484227 0.496095
vt 0.156779 0.495931
vt 0.156671 0.496232
vt 0.156780 0.496236
vt 0.028217 0.495945
vt 0.000793 0.495808
vt 0.000900 0.495802
vt 0.004487 0.495490
vt 0.004487 0.495793
vt 0.004594 0.495787
vt 0.130207 0.496065
vt 0.003164 0.495908
vt 0.130100 0.496365
vt 0.130207 0.496370
vt 0.484120 0.495782
vt 0.493240 0.496055
vt 0.004109 0.496133
vt 0.046333 0.496245
vt 0.046599 0.496248
vt 0.027693 0.496256
vt 0.035176 0.496255
vt 0.154186 0.494095
vt 0.319777 0.492269
vt 0.319930 0.492262
vt 0.156518 0.496239
vt 0.131522 0.496368
vt 0.027956 0.496254
vt 0.038085 0.495238
vt 0.129944 0.496372
vt 0.483858 0.496084
vt 0.003963 0.496146
vt 0.024461 0.495980
vt 0.024206 0.495679
vt 0.319665 0.492246
vt 0.493133 0.495730
vt 0.154447 0.494097
vt 0.001584 0.495805
vt 0.002373 0.496440
vt 0.131522 0.496048
vt 0.000262 0.496148
vt 0.005274 0.495785
vt 0.002112 0.495771
vt 0.130734 0.496053
vt 0.028218 0.496240
vt 0.156256 0.495914
vt 0.003163 0.495814
vt 0.003163 0.496146
vt 0.493134 0.496070
vt 0.154186 0.494094
vt 0.001316 0.495446
vt 0.001846 0.495802
vt 0.154186 0.493714
vt 0.031689 0.496267
vt 0.001316 0.495806
vt 0.004748 0.495804
vt 0.493391 0.496065
vt 0.319404 0.492258
s 1
usemtl マテリアル.011
f 2/1/1 385/2/2 3/3/3
f 6/4/4 9/5/5 267/6/6
f 268/7/7 130/8/8 129/9/9
f 132/10/10 130/11/8 5/12/11
f 6/13/4 132/10/10 7/14/12
f 9/5/5 6/4/4 8/15/13
f 12/16/14 6/13/4 7/14/12
f 13/17/15 268/7/7 270/18/16
f 13/17/15 5/19/11 268/7/7
f 14/20/17 7/14/12 5/12/11
f 384/21/18 135/22/19 134/23/20
f 383/24/21 16/25/22 135/22/19
f 19/26/23 139/27/24 17/28/25
f 380/29/26 20/30/27 19/26/23
f 376/31/28 24/32/29 22/33/30
f 373/34/31 25/35/32 219/36/33
f 26/37/34 27/38/35 25/39/32
f 28/40/36 29/41/37 27/38/35
f 33/42/38 216/43/39 32/44/40
f 365/45/41 36/46/42 35/47/43
f 38/48/44 37/49/45 362/50/46
f 39/51/47 207/52/48 38/53/44
f 358/54/49 42/55/50 205/56/51
f 45/57/52 199/58/53 44/59/54
f 350/60/55 47/61/56 197/62/57
f 49/63/58 195/64/59 47/65/56
f 52/66/60 191/67/61 51/68/54
f 57/69/62 188/70/63 55/71/64
f 341/72/65 58/73/66 57/69/62
f 337/74/67 64/75/68 61/76/69
f 334/77/70 65/78/71 183/79/72
f 67/80/73 181/81/74 65/82/71
f 66/83/75 68/84/76 67/80/73
f 73/85/77 74/86/78 327/87/79
f 79/88/80 266/89/81 78/90/82
f 321/91/83 80/92/84 168/93/85
f 318/94/86 166/95/87 167/96/88
f 83/97/89 262/98/90 82/99/91
f 317/100/92 83/97/89 82/99/91
f 87/101/93 259/102/94 86/103/95
f 314/104/96 87/101/93 86/103/95
f 311/105/97 163/106/98 164/107/99
f 90/108/100 256/109/101 89/110/102
f 310/111/103 90/108/100 89/110/102
f 94/112/104 253/113/105 93/114/106
f 306/115/96 94/112/104 93/114/106
f 303/116/107 160/117/108 161/118/99
f 302/119/109 97/120/110 96/121/111
f 299/122/97 158/123/98 159/124/112
f 100/125/110 247/126/113 99/127/114
f 298/128/115 100/125/110 99/127/114
f 295/129/116 156/130/117 157/131/99
f 103/132/118 245/133/119 102/134/120
f 101/135/121 103/132/118 102/134/120
f 292/136/122 155/137/123 104/138/124
f 107/139/125 242/140/126 106/141/127
f 291/142/128 107/139/125 106/141/127
f 111/143/129 238/144/130 110/145/131
f 109/146/132 111/143/129 110/145/131
f 285/147/133 151/148/134 152/149/135
f 114/150/136 235/151/137 113/152/138
f 284/153/139 114/150/136 113/152/138
f 282/154/140 150/155/141 115/156/142
f 118/157/143 230/158/144 117/159/145
f 120/160/146 149/161/147 228/162/148
f 121/163/149 227/164/150 149/165/147
f 277/166/151 121/163/149 149/165/147
f 124/167/152 225/168/153 123/169/154
f 271/170/155 128/171/156 125/172/157
f 126/173/158 15/174/159 127/175/160
f 125/172/157 146/176/161 144/177/162
f 145/178/163 131/179/164 143/180/165
f 130/181/8 132/182/10 139/183/24
f 136/184/166 3/185/3 133/186/167
f 132/182/10 267/187/6 139/183/24
f 385/188/2 133/186/167 3/185/3
f 135/22/19 133/189/167 134/23/20
f 16/25/22 136/190/166 135/22/19
f 141/191/168 139/183/24 140/192/169
f 129/193/9 130/181/8 139/183/24
f 221/194/170 145/178/163 143/180/165
f 144/195/162 146/196/161 221/194/170
f 225/168/153 223/197/171 147/198/172
f 148/199/173 223/200/171 224/201/174
f 121/163/149 226/202/175 227/164/150
f 227/164/150 228/203/148 149/165/147
f 119/204/176 228/162/148 229/205/177
f 115/156/142 231/206/178 233/207/179
f 235/151/137 234/208/180 151/209/134
f 152/149/135 234/210/180 236/211/181
f 238/144/130 237/212/182 153/213/183
f 108/214/184 237/215/182 239/216/185
f 242/140/126 241/217/186 155/218/123
f 104/138/124 241/219/186 243/220/187
f 245/133/119 244/221/188 156/222/117
f 157/131/99 244/223/188 246/224/189
f 247/126/113 248/225/190 158/226/98
f 159/124/112 248/227/190 249/228/191
f 97/120/110 250/229/192 96/121/111
f 161/118/99 251/230/193 252/231/194
f 253/113/105 254/232/195 162/233/196
f 91/234/197 254/235/195 255/236/198
f 256/109/101 257/237/199 163/238/98
f 164/107/99 257/239/199 258/240/200
f 259/102/94 260/241/201 165/242/202
f 84/243/203 260/244/201 261/245/204
f 262/98/90 263/246/205 166/247/87
f 167/96/88 263/248/205 264/249/206
f 80/92/84 265/250/207 168/93/85
f 168/93/85 169/251/208 266/252/81
f 266/253/81 169/254/208 78/255/82
f 169/254/208 171/256/209 78/255/82
f 169/254/208 170/257/210 171/256/209
f 170/258/210 76/259/211 77/260/212
f 185/261/213 60/262/214 62/263/215
f 193/264/216 194/265/217 50/266/218
f 205/267/51 206/268/219 40/269/220
f 214/270/221 215/271/222 34/272/223
f 25/35/32 218/273/224 219/36/33
f 222/274/225 144/195/162 221/194/170
f 223/275/171 225/276/153 218/277/224
f 225/276/153 222/274/225 218/277/224
f 216/278/39 226/279/175 217/280/226
f 226/279/175 223/275/171 217/280/226
f 226/279/175 224/281/174 223/275/171
f 229/282/177 228/283/148 216/278/39
f 228/283/148 227/284/150 216/278/39
f 227/284/150 226/279/175 216/278/39
f 229/282/177 215/285/222 213/286/227
f 231/287/178 230/288/144 212/289/228
f 230/288/144 229/282/177 212/289/228
f 233/290/179 231/287/178 212/289/228
f 236/291/181 234/292/180 207/293/48
f 234/292/180 235/294/137 207/293/48
f 235/294/137 232/295/229 207/293/48
f 236/291/181 206/296/219 204/297/230
f 236/291/181 207/293/48 208/298/231
f 237/299/182 238/300/130 204/297/230
f 239/301/185 237/299/182 204/297/230
f 238/300/130 236/291/181 204/297/230
f 239/301/185 204/297/230 202/302/232
f 242/303/126 240/304/233 239/301/185
f 200/305/234 202/302/232 199/306/53
f 243/307/187 241/308/186 200/305/234
f 244/309/188 245/310/119 195/311/59
f 245/310/119 243/307/187 195/311/59
f 246/312/189 244/309/188 195/311/59
f 248/313/190 194/314/217 191/315/61
f 188/316/63 249/317/191 190/318/235
f 250/319/192 249/317/191 188/316/63
f 252/320/194 251/321/193 188/316/63
f 187/322/236 188/316/63 189/323/237
f 252/320/194 187/322/236 60/324/214
f 252/320/194 188/316/63 187/322/236
f 254/325/195 253/326/105 185/327/213
f 255/328/198 254/325/195 185/327/213
f 256/329/101 255/328/198 184/330/238
f 258/331/200 257/332/199 181/333/74
f 257/332/199 184/330/238 181/333/74
f 260/334/201 259/335/94 177/336/239
f 261/337/204 260/334/201 177/336/239
f 259/335/94 258/331/200 177/336/239
f 261/337/204 177/336/239 176/338/240
f 263/339/205 262/340/90 173/341/241
f 262/340/90 261/337/204 173/341/241
f 173/341/241 176/338/240 174/342/242
f 265/343/207 264/344/206 170/257/210
f 267/187/6 4/345/243 136/184/166
f 273/346/244 124/347/152 272/348/245
f 276/349/246 121/163/149 277/166/151
f 280/350/247 118/351/143 279/352/248
f 282/154/140 115/156/142 283/353/249
f 285/147/133 152/149/135 286/354/250
f 287/355/251 111/143/129 109/146/132
f 290/356/252 107/139/125 291/142/128
f 294/357/253 103/358/118 293/359/254
f 293/360/254 103/132/118 101/135/121
f 295/129/116 157/131/99 297/361/255
f 296/362/256 100/125/110 298/128/115
f 299/122/97 159/124/112 301/363/257
f 300/364/258 97/120/110 302/119/109
f 303/116/107 161/118/99 305/365/259
f 304/366/260 94/112/104 306/115/96
f 309/367/261 90/108/100 310/111/103
f 311/105/97 164/107/99 313/368/262
f 312/369/260 87/101/93 314/104/96
f 318/94/86 167/96/88 319/370/263
f 79/88/80 78/90/82 386/371/264
f 322/372/265 76/259/211 324/373/266
f 325/374/267 326/375/268 73/376/77
f 333/377/269 68/84/76 66/83/75
f 336/378/270 183/79/72 335/379/271
f 335/380/271 64/75/68 337/74/67
f 340/381/272 58/73/66 341/72/65
f 346/382/273 51/383/54 348/384/274
f 350/60/55 197/62/57 352/385/275
f 354/386/276 44/387/54 355/388/277
f 362/389/46 361/390/278 38/53/44
f 363/391/279 36/46/42 365/45/41
f 375/392/280 24/32/29 376/31/28
f 23/393/281 21/394/282 377/395/283
f 379/396/284 142/397/285 378/398/286
f 378/399/286 20/30/27 380/29/26
f 378/399/286 142/400/285 20/30/27
f 18/401/287 138/402/288 381/403/289
f 384/21/18 383/24/21 135/22/19
f 384/404/18 134/405/20 1/406/290
f 4/407/243 2/1/1 3/3/3
f 267/6/6 9/5/5 4/407/243
f 9/5/5 2/1/1 4/407/243
f 6/13/4 267/408/6 132/10/10
f 7/14/12 132/10/10 5/12/11
f 10/409/291 9/5/5 8/15/13
f 12/16/14 8/410/13 6/13/4
f 14/20/17 12/16/14 7/14/12
f 129/9/9 15/411/159 268/7/7
f 268/7/7 5/19/11 130/8/8
f 15/174/159 131/412/164 127/175/160
f 15/174/159 129/413/9 131/412/164
f 18/401/287 17/414/25 138/402/288
f 21/394/282 22/415/30 143/416/165
f 23/393/281 22/415/30 21/394/282
f 370/417/292 32/418/40 30/419/293
f 30/419/293 32/418/40 31/420/294
f 369/421/295 34/272/223 33/42/38
f 366/422/296 210/423/297 214/424/221
f 358/54/49 41/425/298 42/55/50
f 38/53/44 361/390/278 39/51/47
f 361/390/278 40/269/220 39/51/47
f 42/55/50 41/425/298 203/426/299
f 357/427/300 43/428/301 41/429/298
f 201/430/302 44/387/54 199/431/53
f 353/432/303 46/433/304 45/57/52
f 349/434/305 50/266/218 49/63/58
f 193/435/216 51/383/54 191/436/61
f 345/437/306 53/438/307 52/66/60
f 342/439/308 55/440/64 54/441/309
f 339/442/310 59/443/311 58/444/66
f 58/444/66 59/443/311 60/262/214
f 59/443/311 62/263/215 60/262/214
f 62/263/215 61/445/69 185/261/213
f 65/82/71 66/83/75 67/80/73
f 331/446/312 70/447/313 179/448/314
f 70/447/313 69/449/315 177/450/239
f 330/451/316 72/452/317 69/453/315
f 327/87/79 74/86/78 175/454/318
f 74/86/78 73/85/77 173/455/241
f 326/375/268 75/456/319 73/376/77
f 322/372/265 77/260/212 76/259/211
f 167/96/88 166/95/87 263/248/205
f 81/457/320 317/100/92 82/99/91
f 82/99/91 262/98/90 166/247/87
f 315/458/321 165/459/202 84/243/203
f 84/243/203 165/459/202 260/244/201
f 86/103/95 259/102/94 165/242/202
f 164/107/99 163/106/98 257/239/199
f 89/110/102 256/109/101 163/238/98
f 307/460/322 162/461/196 91/234/197
f 91/234/197 162/461/196 254/235/195
f 93/114/106 253/113/105 162/233/196
f 161/118/99 160/117/108 251/230/193
f 159/124/112 158/123/98 248/227/190
f 99/127/114 247/126/113 158/226/98
f 157/131/99 156/130/117 244/223/188
f 102/134/120 245/133/119 156/222/117
f 294/357/253 104/138/124 103/358/118
f 104/138/124 155/137/123 241/219/186
f 106/141/127 242/140/126 155/218/123
f 288/462/323 153/463/183 108/214/184
f 108/214/184 153/463/183 237/215/182
f 110/145/131 238/144/130 153/213/183
f 152/149/135 151/148/134 234/210/180
f 112/464/324 284/153/139 113/152/138
f 113/152/138 235/151/137 151/209/134
f 115/156/142 150/155/141 231/206/178
f 281/465/325 118/157/143 117/159/145
f 117/159/145 230/158/144 150/466/141
f 280/350/247 119/204/176 118/351/143
f 120/160/146 278/467/326 149/161/147
f 119/204/176 120/160/146 228/162/148
f 274/468/327 147/469/172 148/199/173
f 148/199/173 147/469/172 223/200/171
f 122/470/328 124/167/152 123/169/154
f 123/169/154 225/168/153 147/198/172
f 273/346/244 125/172/157 124/347/152
f 125/172/157 128/171/156 146/176/161
f 146/176/161 128/171/156 145/471/163
f 127/175/160 131/412/164 145/472/163
f 143/180/165 131/179/164 129/193/9
f 136/184/166 4/345/243 3/185/3
f 385/188/2 134/473/20 133/186/167
f 139/183/24 267/187/6 137/474/329
f 135/22/19 136/190/166 133/189/167
f 139/475/24 137/476/329 138/402/288
f 138/402/288 17/414/25 139/475/24
f 19/26/23 140/477/169 139/27/24
f 141/191/168 129/193/9 139/183/24
f 222/478/225 124/167/152 144/479/162
f 143/180/165 129/193/9 141/191/168
f 221/194/170 146/196/161 145/178/163
f 144/177/162 124/347/152 125/172/157
f 124/167/152 222/478/225 225/168/153
f 229/205/177 118/351/143 119/204/176
f 118/157/143 229/480/177 230/158/144
f 231/206/178 150/155/141 230/481/144
f 114/150/136 232/482/229 235/151/137
f 111/143/129 236/483/181 238/144/130
f 239/216/185 154/484/330 108/214/184
f 107/139/125 240/485/233 242/140/126
f 243/220/187 103/358/118 104/138/124
f 103/132/118 243/486/187 245/133/119
f 100/125/110 246/487/189 247/126/113
f 97/120/110 249/488/191 250/229/192
f 255/236/198 90/489/100 91/234/197
f 94/112/104 252/490/194 253/113/105
f 90/108/100 255/491/198 256/109/101
f 87/101/93 258/492/200 259/102/94
f 83/493/89 84/243/203 261/245/204
f 83/97/89 261/494/204 262/98/90
f 168/93/85 265/250/207 169/251/208
f 169/254/208 265/343/207 170/257/210
f 171/495/209 170/258/210 77/260/212
f 77/260/212 78/496/82 171/495/209
f 173/455/241 174/497/242 74/86/78
f 177/450/239 178/498/331 70/447/313
f 67/80/73 182/499/332 181/81/74
f 61/76/69 186/500/333 185/501/213
f 60/262/214 187/502/236 58/444/66
f 57/69/62 189/503/237 188/70/63
f 52/66/60 192/504/334 191/67/61
f 191/436/61 194/505/217 193/435/216
f 49/63/58 196/506/335 195/64/59
f 45/57/52 200/507/234 199/58/53
f 199/431/53 202/508/232 201/430/302
f 203/426/299 204/509/230 42/55/50
f 39/51/47 208/510/231 207/52/48
f 214/424/221 213/511/227 215/512/222
f 31/420/294 217/513/226 30/419/293
f 28/40/36 217/514/226 29/41/37
f 218/273/224 220/515/336 219/36/33
f 204/297/230 203/516/299 202/302/232
f 220/517/336 222/274/225 221/194/170
f 217/280/226 218/277/224 29/518/37
f 218/277/224 222/274/225 220/517/336
f 217/280/226 223/275/171 218/277/224
f 31/519/294 216/278/39 217/280/226
f 215/285/222 229/282/177 216/278/39
f 212/289/228 229/282/177 213/286/227
f 209/520/337 212/289/228 211/521/338
f 207/293/48 232/295/229 209/520/337
f 209/520/337 232/295/229 212/289/228
f 232/295/229 233/290/179 212/289/228
f 206/296/219 236/291/181 208/298/231
f 241/308/186 242/303/126 200/305/234
f 200/305/234 242/303/126 239/301/185
f 243/307/187 200/305/234 198/522/339
f 200/305/234 239/301/185 202/302/232
f 195/311/59 243/307/187 198/522/339
f 194/314/217 195/311/59 196/523/335
f 194/314/217 246/312/189 195/311/59
f 248/313/190 247/524/113 194/314/217
f 194/314/217 247/524/113 246/312/189
f 249/317/191 248/313/190 191/315/61
f 190/318/235 191/315/61 192/525/334
f 190/318/235 249/317/191 191/315/61
f 251/321/193 250/319/192 188/316/63
f 185/327/213 252/320/194 60/324/214
f 185/327/213 253/326/105 252/320/194
f 186/526/333 255/328/198 185/327/213
f 184/330/238 255/328/198 186/526/333
f 257/332/199 256/329/101 184/330/238
f 182/527/332 180/528/340 181/333/74
f 178/529/331 258/331/200 180/528/340
f 180/528/340 258/331/200 181/333/74
f 177/336/239 258/331/200 178/529/331
f 173/341/241 261/337/204 176/338/240
f 264/344/206 263/339/205 173/341/241
f 172/530/341 264/344/206 173/341/241
f 170/257/210 264/344/206 172/530/341
f 137/474/329 267/187/6 136/184/166
f 126/173/158 269/531/342 15/174/159
f 271/170/155 125/172/157 273/346/244
f 122/470/328 272/532/245 124/167/152
f 275/533/343 274/468/327 148/199/173
f 278/534/326 277/166/151 149/165/147
f 114/535/136 283/353/249 115/156/142
f 281/465/325 279/536/248 118/157/143
f 114/150/136 284/153/139 283/537/249
f 154/484/330 289/538/344 108/214/184
f 289/538/344 288/462/323 108/214/184
f 292/136/122 104/138/124 294/357/253
f 90/489/100 308/539/345 91/234/197
f 308/539/345 307/460/322 91/234/197
f 90/108/100 309/367/261 308/540/345
f 83/493/89 316/541/346 84/243/203
f 316/541/346 315/458/321 84/243/203
f 83/97/89 317/100/92 316/542/346
f 321/91/83 320/543/347 80/92/84
f 326/375/268 323/544/348 75/456/319
f 325/545/267 73/85/77 327/87/79
f 328/546/349 327/87/79 175/454/318
f 330/451/316 329/547/350 72/452/317
f 332/548/351 331/446/312 179/448/314
f 334/77/70 183/79/72 336/378/270
f 58/73/66 340/381/272 339/549/310
f 344/550/352 342/439/308 54/441/309
f 345/437/306 343/551/353 53/438/307
f 348/384/274 51/383/54 193/435/216
f 349/434/305 347/552/354 50/266/218
f 353/432/303 351/553/355 46/433/304
f 355/388/277 44/387/54 201/430/302
f 357/427/300 356/554/356 43/428/301
f 358/54/49 205/56/51 359/555/357
f 361/390/278 360/556/358 40/269/220
f 364/557/359 362/50/46 37/49/45
f 368/558/360 366/422/296 214/424/221
f 369/421/295 367/559/361 34/272/223
f 372/560/362 370/417/292 30/419/293
f 373/34/31 219/36/33 374/561/363
f 383/24/21 382/562/364 16/25/22
f 1/563/290 134/564/20 385/2/2
f 1/563/290 2/1/1 11/565/365
f 11/565/365 9/5/5 10/409/291
f 380/29/26 17/28/25 18/566/287
f 5/19/11 13/17/15 14/567/17
f 21/394/282 379/396/284 377/395/283
f 29/41/37 25/39/32 27/38/35
f 22/33/30 23/568/281 376/31/28
f 373/34/31 26/569/34 25/35/32
f 369/421/295 32/44/40 370/570/292
f 216/571/39 31/420/294 32/418/40
f 366/572/296 35/47/43 210/573/297
f 353/432/303 44/59/54 354/574/276
f 41/429/298 358/575/49 357/427/300
f 49/63/58 48/576/366 349/434/305
f 350/60/55 48/577/366 47/61/56
f 345/437/306 51/68/54 346/578/273
f 57/69/62 56/579/367 341/72/65
f 342/439/308 56/580/367 55/440/64
f 338/581/368 59/443/311 339/442/310
f 62/263/215 63/582/369 61/445/69
f 70/447/313 71/583/370 69/449/315
f 61/76/69 63/584/369 337/74/67
f 334/77/70 66/585/75 65/78/71
f 386/586/264 77/260/212 322/372/265
f 69/453/315 71/587/370 330/451/316
f 85/588/371 86/103/95 165/242/202
f 166/95/87 318/94/86 81/589/320
f 82/99/91 166/247/87 81/457/320
f 165/459/202 315/458/321 85/590/371
f 88/591/372 89/110/102 163/238/98
f 163/106/98 311/105/97 88/592/372
f 92/593/371 93/114/106 162/233/196
f 162/461/196 307/460/322 92/594/371
f 95/595/373 96/121/111 160/596/108
f 160/117/108 303/116/107 95/597/373
f 98/598/374 99/127/114 158/226/98
f 158/123/98 299/122/97 98/599/374
f 105/600/375 106/141/127 155/218/123
f 156/130/117 295/129/116 101/481/121
f 102/134/120 156/222/117 101/135/121
f 155/137/123 292/136/122 105/601/375
f 116/602/376 117/159/145 150/466/141
f 153/463/183 288/462/323 109/603/132
f 110/145/131 153/213/183 109/146/132
f 151/148/134 285/147/133 112/604/324
f 113/152/138 151/209/134 112/464/324
f 150/155/141 282/154/140 116/605/376
f 120/160/146 280/350/247 278/467/326
f 138/606/288 136/190/166 16/25/22
f 147/469/172 274/468/327 122/607/328
f 123/169/154 147/198/172 122/470/328
f 128/171/156 271/170/155 126/608/158
f 127/175/160 128/609/156 126/173/158
f 145/472/163 128/609/156 127/175/160
f 20/30/27 140/477/169 19/26/23
f 141/610/168 21/394/282 143/416/165
f 141/611/168 20/30/27 142/400/285
f 221/612/170 22/33/30 24/32/29
f 148/613/173 226/202/175 121/163/149
f 114/535/136 233/207/179 232/614/229
f 154/615/330 240/485/233 107/139/125
f 236/483/181 111/143/129 152/616/135
f 96/121/111 251/617/193 160/596/108
f 246/487/189 100/125/110 157/618/99
f 249/488/191 97/120/110 159/619/112
f 264/620/206 80/92/84 167/621/88
f 252/490/194 94/112/104 161/622/99
f 258/492/200 87/101/93 164/623/99
f 172/624/341 76/259/211 170/258/210
f 75/456/319 173/625/241 73/376/77
f 174/497/242 175/454/318 74/86/78
f 72/452/317 177/626/239 69/453/315
f 176/627/240 72/452/317 175/628/318
f 178/498/331 179/448/314 70/447/313
f 68/84/76 182/499/332 67/80/73
f 180/629/340 68/84/76 179/630/314
f 181/631/74 183/79/72 65/78/71
f 64/75/68 186/500/333 61/76/69
f 184/632/238 64/75/68 183/633/72
f 58/73/66 189/503/237 57/69/62
f 188/634/63 54/441/309 55/440/64
f 53/438/307 192/504/334 52/66/60
f 53/635/307 54/441/309 190/636/235
f 50/266/218 196/506/335 49/63/58
f 195/637/59 197/62/57 47/61/56
f 46/433/304 200/507/234 45/57/52
f 198/638/339 46/433/304 197/639/57
f 43/428/301 203/640/299 41/429/298
f 202/641/232 43/428/301 201/642/302
f 204/509/230 205/56/51 42/55/50
f 40/269/220 208/510/231 39/51/47
f 207/643/48 37/49/45 38/48/44
f 211/644/338 210/573/297 35/47/43
f 36/645/42 37/49/45 209/646/337
f 36/46/42 211/644/338 35/47/43
f 213/511/227 210/423/297 212/647/228
f 34/272/223 216/43/39 33/42/38
f 219/648/33 221/612/170 24/32/29
f 28/649/36 30/419/293 217/513/226
f 270/18/16 15/411/159 269/650/342
f 276/349/246 148/613/173 121/163/149
f 287/355/251 152/616/135 111/143/129
f 290/356/252 154/615/330 107/139/125
f 157/131/99 296/580/256 297/361/255
f 157/618/99 100/125/110 296/362/256
f 159/124/112 300/651/258 301/363/257
f 159/619/112 97/120/110 300/364/258
f 161/118/99 304/652/260 305/365/259
f 161/622/99 94/112/104 304/366/260
f 164/107/99 312/653/260 313/368/262
f 164/623/99 87/101/93 312/369/260
f 320/543/347 167/621/88 80/92/84
f 79/654/80 168/93/85 266/252/81
f 324/373/266 75/655/319 323/656/348
f 329/547/350 175/628/318 72/452/317
f 333/377/269 179/630/314 68/84/76
f 183/633/72 64/75/68 335/380/271
f 344/550/352 53/635/307 343/657/353
f 193/435/216 347/658/354 348/384/274
f 193/264/216 50/266/218 347/552/354
f 197/62/57 351/659/355 352/385/275
f 197/639/57 46/433/304 351/553/355
f 356/554/356 201/642/302 43/428/301
f 359/660/357 40/269/220 360/556/358
f 364/557/359 36/645/42 363/661/279
f 214/424/221 367/662/361 368/558/360
f 372/560/362 28/649/36 371/663/377
f 214/270/221 34/272/223 367/559/361
f 371/664/377 27/38/35 26/37/34
f 375/392/280 219/648/33 24/32/29
f 382/562/364 138/606/288 16/25/22
f 1/563/290 385/2/2 2/1/1
f 11/565/365 2/1/1 9/5/5
f 380/29/26 19/26/23 17/28/25
f 21/394/282 142/397/285 379/396/284
f 29/41/37 218/665/224 25/39/32
f 369/421/295 33/42/38 32/44/40
f 366/572/296 365/45/41 35/47/43
f 353/432/303 45/57/52 44/59/54
f 49/63/58 47/65/56 48/576/366
f 345/437/306 52/66/60 51/68/54
f 57/69/62 55/71/64 56/579/367
f 338/581/368 62/263/215 59/443/311
f 62/263/215 338/581/368 63/582/369
f 70/447/313 331/446/312 71/583/370
f 386/586/264 78/496/82 77/260/212
f 85/588/371 314/104/96 86/103/95
f 88/591/372 310/111/103 89/110/102
f 92/593/371 306/115/96 93/114/106
f 95/595/373 302/119/109 96/121/111
f 98/598/374 298/128/115 99/127/114
f 105/600/375 291/142/128 106/141/127
f 116/602/376 281/465/325 117/159/145
f 120/160/146 119/204/176 280/350/247
f 138/606/288 137/666/329 136/190/166
f 20/30/27 141/611/168 140/477/169
f 141/610/168 142/397/285 21/394/282
f 221/612/170 143/667/165 22/33/30
f 148/613/173 224/668/174 226/202/175
f 114/535/136 115/156/142 233/207/179
f 154/615/330 239/669/185 240/485/233
f 96/121/111 250/229/192 251/617/193
f 264/620/206 265/250/207 80/92/84
f 172/624/341 75/655/319 76/259/211
f 75/456/319 172/670/341 173/625/241
f 174/497/242 176/671/240 175/454/318
f 72/452/317 176/627/240 177/626/239
f 178/498/331 180/672/340 179/448/314
f 68/84/76 180/629/340 182/499/332
f 181/631/74 184/673/238 183/79/72
f 64/75/68 184/632/238 186/500/333
f 58/73/66 187/674/236 189/503/237
f 188/634/63 190/636/235 54/441/309
f 53/438/307 190/675/235 192/504/334
f 50/266/218 194/265/217 196/506/335
f 195/637/59 198/676/339 197/62/57
f 46/433/304 198/638/339 200/507/234
f 43/428/301 202/641/232 203/640/299
f 204/509/230 206/677/219 205/56/51
f 40/269/220 206/268/219 208/510/231
f 207/643/48 209/646/337 37/49/45
f 211/644/338 212/678/228 210/573/297
f 36/46/42 209/679/337 211/644/338
f 213/511/227 214/424/221 210/423/297
f 34/272/223 215/271/222 216/43/39
f 219/648/33 220/680/336 221/612/170
f 270/18/16 268/7/7 15/411/159
f 276/349/246 275/681/343 148/613/173
f 287/355/251 286/682/250 152/616/135
f 290/356/252 289/683/344 154/615/330
f 320/543/347 319/684/263 167/621/88
f 79/654/80 321/91/83 168/93/85
f 324/373/266 76/259/211 75/655/319
f 329/547/350 328/685/349 175/628/318
f 333/377/269 332/686/351 179/630/314
f 344/550/352 54/441/309 53/635/307
f 356/554/356 355/687/277 201/642/302
f 359/660/357 205/267/51 40/269/220
f 364/557/359 37/49/45 36/645/42
f 372/560/362 30/419/293 28/649/36
f 371/664/377 28/40/36 27/38/35
f 375/392/280 374/688/363 219/648/33
f 382/562/364 381/689/289 138/606/288
o 円柱.028
v 1.508486 15.966121 -32.314533
v 1.508486 18.489704 -32.314533
v 5.066115 15.966121 -31.964138
v 5.066115 18.489704 -31.964138
v 8.487026 15.966122 -30.926416
v 8.487026 18.489704 -30.926416
v 11.639757 15.966122 -29.241247
v 11.639757 18.489704 -29.241247
v 14.403148 15.966122 -26.973391
v 14.403148 18.489704 -26.973391
v 16.671003 15.966122 -24.210001
v 16.671003 18.489704 -24.210001
v 18.356173 15.966122 -21.057270
v 18.356173 18.489704 -21.057270
v 19.393894 15.966123 -17.636358
v 19.393894 18.489704 -17.636358
v 19.744291 15.966123 -14.078729
v 19.744291 18.489704 -14.078729
v 19.393894 15.966123 -10.521100
v 19.393894 18.489706 -10.521100
v 18.356173 15.966123 -7.100188
v 18.356173 18.489706 -7.100188
v 16.671003 15.966124 -3.947457
v 16.671003 18.489706 -3.947457
v 14.403148 15.966124 -1.184067
v 14.403148 18.489706 -1.184067
v 11.639757 15.966124 1.083789
v 11.639757 18.489706 1.083789
v 8.487026 15.966124 2.768958
v 8.487026 18.489706 2.768958
v 5.066115 15.966124 3.806680
v 5.066115 18.489706 3.806679
v 1.508486 15.966124 4.157076
v 1.508486 18.489706 4.157076
v -2.049143 15.966124 3.806680
v -2.049143 18.489706 3.806679
v -5.470055 15.966124 2.768958
v -5.470055 18.489706 2.768958
v -8.622786 15.966124 1.083789
v -8.622786 18.489706 1.083789
v -11.386176 15.966124 -1.184067
v -11.386176 18.489706 -1.184067
v -13.654032 15.966124 -3.947457
v -13.654032 18.489706 -3.947457
v -15.339201 15.966123 -7.100188
v -15.339201 18.489706 -7.100188
v -16.376923 15.966123 -10.521100
v -16.376923 18.489706 -10.521100
v -16.727320 15.966123 -14.078729
v -16.727320 18.489704 -14.078729
v -16.376923 15.966123 -17.636358
v -16.376923 18.489704 -17.636358
v -15.339201 15.966122 -21.057270
v -15.339201 18.489704 -21.057270
v -13.654032 15.966122 -24.210001
v -13.654032 18.489704 -24.210001
v -11.386176 15.966122 -26.973391
v -11.386176 18.489704 -26.973391
v -8.622786 15.966122 -29.241247
v -8.622786 18.489704 -29.241247
v -5.470055 15.966122 -30.926416
v -5.470055 18.489704 -30.926416
v -2.049143 15.966121 -31.964138
v -2.049143 18.489704 -31.964138
v 1.508486 17.952496 -30.605755
v 1.508486 20.239607 -30.605755
v 4.732748 17.952496 -30.288193
v 4.732748 20.239607 -30.288193
v 7.833103 17.952496 -29.347710
v 7.833103 20.239607 -29.347710
v 10.690407 17.952496 -27.820448
v 10.690407 20.239607 -27.820448
v 13.194854 17.952496 -25.765102
v 13.194854 20.239607 -25.765102
v 15.250201 17.952496 -23.260656
v 15.250201 20.239607 -23.260656
v 16.777462 17.952496 -20.403351
v 16.777462 20.239607 -20.403351
v 17.717943 17.952496 -17.302996
v 17.717943 20.239607 -17.302996
v 18.035507 17.952496 -14.078732
v 18.035507 20.239607 -14.078733
v 17.717943 17.952497 -10.854471
v 17.717943 20.239609 -10.854472
v 16.777462 17.952497 -7.754117
v 16.777462 20.239609 -7.754117
v 15.250201 17.952497 -4.896812
v 15.250201 20.239609 -4.896812
v 13.194854 17.952497 -2.392365
v 13.194854 20.239609 -2.392365
v 10.690407 17.952497 -0.337018
v 10.690407 20.239609 -0.337019
v 7.833103 17.952497 1.190243
v 7.833103 20.239609 1.190242
v 4.732748 17.952497 2.130725
v 4.732748 20.239609 2.130725
v 1.508486 17.952497 2.448287
v 1.508486 20.239609 2.448287
v -1.715776 17.952497 2.130725
v -1.715776 20.239609 2.130725
v -4.816132 17.952497 1.190243
v -4.816132 20.239609 1.190242
v -7.673435 17.952497 -0.337018
v -7.673435 20.239609 -0.337019
v -10.177882 17.952497 -2.392365
v -10.177882 20.239609 -2.392365
v -12.233230 17.952497 -4.896812
v -12.233230 20.239609 -4.896812
v -13.760490 17.952497 -7.754117
v -13.760490 20.239609 -7.754117
v -14.700972 17.952497 -10.854471
v -14.700972 20.239609 -10.854472
v -15.018536 17.952496 -14.078732
v -15.018536 20.239607 -14.078733
v -14.700972 17.952496 -17.302996
v -14.700972 20.239607 -17.302996
v -13.760490 17.952496 -20.403351
v -13.760490 20.239607 -20.403351
v -12.233230 17.952496 -23.260656
v -12.233230 20.239607 -23.260656
v -10.177882 17.952496 -25.765102
v -10.177882 20.239607 -25.765102
v -7.673435 17.952496 -27.820448
v -7.673435 20.239607 -27.820448
v -4.816132 17.952496 -29.347710
v -4.816132 20.239607 -29.347710
v -1.715776 17.952496 -30.288193
v -1.715776 20.239607 -30.288193
vn -0.0000 0.9973 -0.0732
vn 0.0143 -0.9973 -0.0718
vn 0.0003 -0.9973 -0.0733
vn 0.0142 0.9973 -0.0718
vn 0.0280 -0.9973 -0.0676
vn 0.0280 0.9973 -0.0677
vn 0.0407 -0.9973 -0.0609
vn 0.0406 0.9973 -0.0609
vn 0.0518 -0.9973 -0.0518
vn 0.0517 0.9973 -0.0518
vn 0.0609 -0.9973 -0.0407
vn 0.0609 0.9973 -0.0407
vn 0.0677 -0.9973 -0.0279
vn 0.0676 0.9973 -0.0281
vn 0.0719 -0.9973 -0.0143
vn 0.0717 0.9973 -0.0143
vn 0.0733 -0.9973 -0.0000
vn 0.0733 0.9973 -0.0000
vn 0.0718 -0.9973 0.0143
vn 0.0718 0.9973 0.0142
vn 0.0676 -0.9973 0.0280
vn 0.0676 0.9973 0.0280
vn 0.0609 -0.9973 0.0407
vn 0.0609 0.9973 0.0406
vn 0.0518 -0.9973 0.0518
vn 0.0518 0.9973 0.0517
vn 0.0407 -0.9973 0.0609
vn 0.0407 0.9973 0.0608
vn 0.0279 -0.9973 0.0677
vn 0.0281 0.9973 0.0676
vn 0.0143 -0.9973 0.0718
vn 0.0143 0.9973 0.0717
vn -0.0000 -0.9973 0.0733
vn -0.0000 0.9973 0.0732
vn -0.0143 -0.9973 0.0718
vn -0.0142 0.9973 0.0718
vn -0.0280 -0.9973 0.0676
vn -0.0280 0.9973 0.0677
vn -0.0407 -0.9973 0.0609
vn -0.0406 0.9973 0.0609
vn -0.0518 -0.9973 0.0518
vn -0.0517 0.9973 0.0518
vn -0.0609 -0.9973 0.0407
vn -0.0609 0.9973 0.0407
vn -0.0677 -0.9973 0.0279
vn -0.0676 0.9973 0.0281
vn -0.0719 -0.9973 0.0143
vn -0.0717 0.9973 0.0143
vn -0.0733 -0.9973 -0.0000
vn -0.0733 0.9973 -0.0000
vn -0.0718 -0.9973 -0.0143
vn -0.0718 0.9973 -0.0142
vn -0.0676 -0.9973 -0.0280
vn -0.0676 0.9973 -0.0280
vn -0.0609 -0.9973 -0.0407
vn -0.0609 0.9973 -0.0406
vn -0.0518 -0.9973 -0.0518
vn -0.0518 0.9973 -0.0517
vn -0.0407 -0.9973 -0.0609
vn -0.0407 0.9973 -0.0608
vn -0.0279 -0.9973 -0.0677
vn -0.0281 0.9973 -0.0676
vn -0.0143 -0.9973 -0.0718
vn -0.0143 0.9973 -0.0717
vn -0.0001 -0.9973 -0.0733
vn 0.0732 0.9973 -0.0000
vn 0.0407 0.9973 0.0609
vn -0.0732 0.9973 -0.0000
vn -0.0407 0.9973 -0.0609
vt 0.061727 0.487303
vt 0.062138 0.491499
vt 0.061727 0.491499
vt 0.062138 0.487303
vt 0.062542 0.491499
vt 0.062542 0.487303
vt 0.062921 0.491499
vt 0.062921 0.487303
vt 0.063263 0.491499
vt 0.063263 0.487303
vt 0.063554 0.491499
vt 0.035828 0.491042
vt 0.036170 0.495238
vt 0.035828 0.495238
vt 0.036170 0.491042
vt 0.036550 0.495238
vt 0.036550 0.491042
vt 0.036953 0.495238
vt 0.036953 0.491042
vt 0.037365 0.495238
vt 0.037365 0.491042
vt 0.037768 0.495238
vt 0.037768 0.491042
vt 0.038148 0.495238
vt 0.038148 0.491042
vt 0.038490 0.495238
vt 0.063554 0.487303
vt 0.063896 0.491499
vt 0.063896 0.487303
vt 0.064276 0.491499
vt 0.064276 0.487303
vt 0.064680 0.491499
vt 0.064680 0.487303
vt 0.065091 0.491499
vt 0.065091 0.487303
vt 0.065494 0.491499
vt 0.065494 0.487303
vt 0.065874 0.491499
vt 0.065874 0.487303
vt 0.066216 0.491499
vt 0.066216 0.487303
vt 0.066507 0.491499
vt 0.050740 0.487303
vt 0.051030 0.491499
vt 0.050740 0.491499
vt 0.051030 0.487303
vt 0.051372 0.491499
vt 0.051372 0.487303
vt 0.051752 0.491499
vt 0.051752 0.487303
vt 0.052156 0.491499
vt 0.052156 0.487303
vt 0.052567 0.491499
vt 0.052567 0.487303
vt 0.052970 0.491499
vt 0.052970 0.487303
vt 0.053350 0.491499
vt 0.053350 0.487303
vt 0.053692 0.491499
vt 0.053692 0.487303
vt 0.053983 0.491499
vt 0.060601 0.487303
vt 0.060943 0.491499
vt 0.060601 0.491499
vt 0.140859 0.487367
vt 0.141720 0.490206
vt 0.138881 0.491067
vt 0.060943 0.487303
vt 0.061323 0.491499
vt 0.061323 0.487303
vt 0.145377 0.487595
vt 0.145668 0.490548
vt 0.142715 0.490839
vt 0.014504 0.491115
vt 0.014876 0.494918
vt 0.014504 0.494918
vt 0.014876 0.491115
vt 0.015242 0.494918
vt 0.015242 0.491115
vt 0.015586 0.494918
vt 0.015586 0.491115
vt 0.015896 0.494918
vt 0.015896 0.491115
vt 0.016160 0.494918
vt 0.075993 0.487303
vt 0.076303 0.491106
vt 0.075993 0.491106
vt 0.076303 0.487303
vt 0.076647 0.491106
vt 0.076647 0.487303
vt 0.077013 0.491106
vt 0.077013 0.487303
vt 0.077386 0.491106
vt 0.077386 0.487303
vt 0.077751 0.491106
vt 0.077751 0.487303
vt 0.078096 0.491106
vt 0.078096 0.487303
vt 0.078406 0.491106
vt 0.057174 0.491106
vt 0.057484 0.494909
vt 0.057174 0.494909
vt 0.057484 0.491106
vt 0.057828 0.494909
vt 0.057828 0.491106
vt 0.058194 0.494909
vt 0.058194 0.491106
vt 0.058567 0.494909
vt 0.058567 0.491106
vt 0.058932 0.494909
vt 0.058932 0.491106
vt 0.059277 0.494909
vt 0.059277 0.491106
vt 0.059586 0.494909
vt 0.059586 0.491106
vt 0.059850 0.494909
vt 0.490803 0.490124
vt 0.491067 0.493927
vt 0.490803 0.493927
vt 0.491067 0.490124
vt 0.491377 0.493927
vt 0.491377 0.490124
vt 0.491721 0.493927
vt 0.491721 0.490124
vt 0.492087 0.493927
vt 0.492087 0.490124
vt 0.492459 0.493927
vt 0.492459 0.490124
vt 0.492825 0.493927
vt 0.492825 0.490124
vt 0.493169 0.493927
vt 0.493169 0.490124
vt 0.493479 0.493927
vt 0.493479 0.490124
vt 0.493743 0.493927
vt 0.013484 0.491115
vt 0.013794 0.494918
vt 0.013484 0.494918
vt 0.009277 0.487989
vt 0.009013 0.490665
vt 0.006337 0.490401
vt 0.013794 0.491115
vt 0.014138 0.494918
vt 0.014138 0.491115
vt 0.013268 0.488299
vt 0.012488 0.490872
vt 0.009914 0.490091
vt 0.038490 0.491042
vt 0.066507 0.487303
vt 0.053983 0.487303
vt 0.138539 0.490839
vt 0.138248 0.490548
vt 0.138020 0.490206
vt 0.137862 0.489826
vt 0.137782 0.489423
vt 0.137782 0.489011
vt 0.137862 0.488608
vt 0.138020 0.488228
vt 0.138248 0.487886
vt 0.138539 0.487595
vt 0.138881 0.487367
vt 0.139261 0.487209
vt 0.139664 0.487129
vt 0.140076 0.487129
vt 0.140479 0.487209
vt 0.141201 0.487595
vt 0.141492 0.487886
vt 0.141720 0.488228
vt 0.141878 0.488608
vt 0.141958 0.489011
vt 0.141958 0.489423
vt 0.141878 0.489826
vt 0.141492 0.490548
vt 0.141201 0.490839
vt 0.140859 0.491067
vt 0.140479 0.491225
vt 0.140076 0.491305
vt 0.139664 0.491305
vt 0.139261 0.491225
vt 0.142424 0.490548
vt 0.142196 0.490206
vt 0.142038 0.489826
vt 0.142038 0.488608
vt 0.142196 0.488228
vt 0.142424 0.487886
vt 0.142715 0.487595
vt 0.143057 0.487367
vt 0.143437 0.487209
vt 0.143840 0.487129
vt 0.144252 0.487129
vt 0.144655 0.487209
vt 0.145035 0.487367
vt 0.145668 0.487886
vt 0.145896 0.488228
vt 0.146054 0.488608
vt 0.146134 0.489011
vt 0.146134 0.489423
vt 0.146054 0.489826
vt 0.145896 0.490206
vt 0.145377 0.490839
vt 0.145035 0.491067
vt 0.144655 0.491225
vt 0.144252 0.491305
vt 0.143840 0.491305
vt 0.143437 0.491225
vt 0.143057 0.491067
vt 0.016160 0.491115
vt 0.078406 0.487303
vt 0.059850 0.491106
vt 0.493743 0.490124
vt 0.006130 0.490091
vt 0.005987 0.489747
vt 0.005915 0.489381
vt 0.005915 0.489009
vt 0.005987 0.488643
vt 0.006130 0.488299
vt 0.006337 0.487989
vt 0.006601 0.487725
vt 0.006911 0.487518
vt 0.007255 0.487375
vt 0.007620 0.487303
vt 0.007993 0.487303
vt 0.008359 0.487375
vt 0.008703 0.487518
vt 0.009013 0.487725
vt 0.009484 0.488299
vt 0.009626 0.488643
vt 0.009699 0.489009
vt 0.009699 0.489381
vt 0.009626 0.489747
vt 0.009484 0.490091
vt 0.009277 0.490401
vt 0.008703 0.490872
vt 0.008359 0.491015
vt 0.007993 0.491087
vt 0.007620 0.491087
vt 0.007255 0.491015
vt 0.006911 0.490872
vt 0.006601 0.490665
vt 0.009772 0.489747
vt 0.009772 0.488643
vt 0.009914 0.488299
vt 0.010122 0.487989
vt 0.010385 0.487725
vt 0.010695 0.487518
vt 0.011039 0.487375
vt 0.011405 0.487303
vt 0.011778 0.487303
vt 0.012143 0.487375
vt 0.012488 0.487518
vt 0.012798 0.487725
vt 0.013061 0.487989
vt 0.013411 0.488643
vt 0.013484 0.489009
vt 0.013484 0.489381
vt 0.013411 0.489747
vt 0.013268 0.490091
vt 0.013061 0.490401
vt 0.012798 0.490665
vt 0.012143 0.491015
vt 0.011778 0.491087
vt 0.011405 0.491087
vt 0.011039 0.491015
vt 0.010695 0.490872
vt 0.010385 0.490665
vt 0.010122 0.490401
s 1
usemtl マテリアル.004
f 388/690/378 389/691/379 387/692/380
f 390/693/381 391/694/382 389/691/379
f 392/695/383 393/696/384 391/694/382
f 394/697/385 395/698/386 393/696/384
f 396/699/387 397/700/388 395/698/386
f 398/701/389 399/702/390 397/703/388
f 400/704/391 401/705/392 399/702/390
f 402/706/393 403/707/394 401/705/392
f 404/708/395 405/709/396 403/707/394
f 406/710/397 407/711/398 405/709/396
f 408/712/399 409/713/400 407/711/398
f 410/714/401 411/715/402 409/713/400
f 412/716/403 413/717/404 411/700/402
f 414/718/405 415/719/406 413/717/404
f 416/720/407 417/721/408 415/719/406
f 418/722/409 419/723/410 417/721/408
f 420/724/411 421/725/412 419/723/410
f 422/726/413 423/727/414 421/725/412
f 424/728/415 425/729/416 423/727/414
f 426/730/417 427/731/418 425/729/416
f 428/732/419 429/733/420 427/734/418
f 430/735/421 431/736/422 429/733/420
f 432/737/423 433/738/424 431/736/422
f 434/739/425 435/740/426 433/738/424
f 436/741/427 437/742/428 435/740/426
f 438/743/429 439/744/430 437/742/428
f 440/745/431 441/746/432 439/744/430
f 442/747/433 443/748/434 441/746/432
f 444/749/435 445/750/436 443/748/434
f 446/751/437 447/752/438 445/753/436
f 424/754/415 408/755/399 392/756/383
f 448/757/439 449/758/440 447/752/438
f 450/759/441 387/692/380 449/758/440
f 417/760/408 433/761/424 449/762/440
f 452/763/378 453/764/379 451/765/442
f 454/766/381 455/767/382 453/764/379
f 456/768/383 457/769/384 455/767/382
f 458/770/385 459/771/386 457/769/384
f 460/772/387 461/773/388 459/771/386
f 462/774/389 463/775/390 461/776/388
f 464/777/391 465/778/392 463/775/390
f 466/779/393 467/780/394 465/778/392
f 468/781/443 469/782/396 467/780/394
f 470/783/397 471/784/398 469/782/396
f 472/785/399 473/786/400 471/784/398
f 474/787/401 475/788/402 473/786/400
f 476/789/403 477/790/404 475/791/402
f 478/792/444 479/793/406 477/790/404
f 480/794/407 481/795/408 479/793/406
f 482/796/409 483/797/410 481/795/408
f 484/798/411 485/799/412 483/797/410
f 486/800/413 487/801/414 485/799/412
f 488/802/415 489/803/416 487/801/414
f 490/804/417 491/805/418 489/803/416
f 492/806/419 493/807/420 491/808/418
f 494/809/421 495/810/422 493/807/420
f 496/811/423 497/812/424 495/810/422
f 498/813/425 499/814/426 497/812/424
f 500/815/445 501/816/428 499/814/426
f 502/817/429 503/818/430 501/816/428
f 504/819/431 505/820/432 503/818/430
f 506/821/433 507/822/434 505/820/432
f 508/823/435 509/824/436 507/822/434
f 510/825/446 511/826/438 509/827/436
f 488/828/415 472/829/399 456/830/383
f 512/831/439 513/832/440 511/826/438
f 514/833/441 451/765/442 513/832/440
f 481/834/408 497/835/424 513/836/440
f 388/690/378 390/693/381 389/691/379
f 390/693/381 392/695/383 391/694/382
f 392/695/383 394/697/385 393/696/384
f 394/697/385 396/699/387 395/698/386
f 396/699/387 398/716/389 397/700/388
f 398/701/389 400/704/391 399/702/390
f 400/704/391 402/706/393 401/705/392
f 402/706/393 404/708/395 403/707/394
f 404/708/395 406/710/397 405/709/396
f 406/710/397 408/712/399 407/711/398
f 408/712/399 410/714/401 409/713/400
f 410/714/401 412/837/403 411/715/402
f 412/716/403 414/718/405 413/717/404
f 414/718/405 416/720/407 415/719/406
f 416/720/407 418/722/409 417/721/408
f 418/722/409 420/724/411 419/723/410
f 420/724/411 422/726/413 421/725/412
f 422/726/413 424/728/415 423/727/414
f 424/728/415 426/730/417 425/729/416
f 426/730/417 428/838/419 427/731/418
f 428/732/419 430/735/421 429/733/420
f 430/735/421 432/737/423 431/736/422
f 432/737/423 434/739/425 433/738/424
f 434/739/425 436/741/427 435/740/426
f 436/741/427 438/743/429 437/742/428
f 438/743/429 440/745/431 439/744/430
f 440/745/431 442/747/433 441/746/432
f 442/747/433 444/749/435 443/748/434
f 444/749/435 446/839/437 445/750/436
f 446/751/437 448/757/439 447/752/438
f 392/756/383 390/840/381 388/841/378
f 388/841/378 450/842/441 448/843/439
f 448/843/439 446/844/437 444/845/435
f 444/845/435 442/846/433 440/847/431
f 440/847/431 438/848/429 436/849/427
f 436/849/427 434/850/425 432/851/423
f 432/851/423 430/852/421 428/853/419
f 428/853/419 426/854/417 424/754/415
f 424/754/415 422/855/413 420/856/411
f 420/856/411 418/857/409 416/858/407
f 416/858/407 414/859/405 412/860/403
f 412/860/403 410/861/401 408/755/399
f 408/755/399 406/862/397 404/863/395
f 404/863/395 402/864/393 400/865/391
f 400/865/391 398/866/389 396/867/387
f 396/867/387 394/868/385 392/756/383
f 392/756/383 388/841/378 448/843/439
f 448/843/439 444/845/435 440/847/431
f 440/847/431 436/849/427 432/851/423
f 432/851/423 428/853/419 424/754/415
f 424/754/415 420/856/411 416/858/407
f 416/858/407 412/860/403 408/755/399
f 408/755/399 404/863/395 400/865/391
f 400/865/391 396/867/387 392/756/383
f 392/756/383 448/843/439 440/847/431
f 440/847/431 432/851/423 424/754/415
f 424/754/415 416/858/407 408/755/399
f 408/755/399 400/865/391 392/756/383
f 392/756/383 440/847/431 424/754/415
f 448/757/439 450/759/441 449/758/440
f 450/759/441 388/690/378 387/692/380
f 449/762/440 387/869/380 389/870/379
f 389/870/379 391/871/382 393/860/384
f 393/860/384 395/859/386 397/872/388
f 397/872/388 399/873/390 401/874/392
f 401/874/392 403/875/394 405/876/396
f 405/876/396 407/877/398 409/878/400
f 409/878/400 411/879/402 413/880/404
f 413/880/404 415/881/406 417/760/408
f 417/760/408 419/882/410 421/883/412
f 421/883/412 423/884/414 425/885/416
f 425/885/416 427/886/418 429/887/420
f 429/887/420 431/888/422 433/761/424
f 433/761/424 435/889/426 437/890/428
f 437/890/428 439/891/430 441/892/432
f 441/892/432 443/893/434 445/894/436
f 445/894/436 447/895/438 449/762/440
f 449/762/440 389/870/379 393/860/384
f 393/860/384 397/872/388 401/874/392
f 401/874/392 405/876/396 409/878/400
f 409/878/400 413/880/404 417/760/408
f 417/760/408 421/883/412 425/885/416
f 425/885/416 429/887/420 433/761/424
f 433/761/424 437/890/428 441/892/432
f 441/892/432 445/894/436 449/762/440
f 449/762/440 393/860/384 401/874/392
f 401/874/392 409/878/400 417/760/408
f 417/760/408 425/885/416 433/761/424
f 433/761/424 441/892/432 449/762/440
f 449/762/440 401/874/392 417/760/408
f 452/763/378 454/766/381 453/764/379
f 454/766/381 456/768/383 455/767/382
f 456/768/383 458/770/385 457/769/384
f 458/770/385 460/772/387 459/771/386
f 460/772/387 462/896/389 461/773/388
f 462/774/389 464/777/391 463/775/390
f 464/777/391 466/779/393 465/778/392
f 466/779/393 468/781/443 467/780/394
f 468/781/443 470/783/397 469/782/396
f 470/783/397 472/785/399 471/784/398
f 472/785/399 474/787/401 473/786/400
f 474/787/401 476/897/403 475/788/402
f 476/789/403 478/792/444 477/790/404
f 478/792/444 480/794/407 479/793/406
f 480/794/407 482/796/409 481/795/408
f 482/796/409 484/798/411 483/797/410
f 484/798/411 486/800/413 485/799/412
f 486/800/413 488/802/415 487/801/414
f 488/802/415 490/804/417 489/803/416
f 490/804/417 492/898/419 491/805/418
f 492/806/419 494/809/421 493/807/420
f 494/809/421 496/811/423 495/810/422
f 496/811/423 498/813/425 497/812/424
f 498/813/425 500/815/445 499/814/426
f 500/815/445 502/817/429 501/816/428
f 502/817/429 504/819/431 503/818/430
f 504/819/431 506/821/433 505/820/432
f 506/821/433 508/823/435 507/822/434
f 508/823/435 510/899/446 509/824/436
f 510/825/446 512/831/439 511/826/438
f 456/830/383 454/900/381 452/901/378
f 452/901/378 514/902/441 512/903/439
f 512/903/439 510/904/446 508/905/435
f 508/905/435 506/906/433 504/907/431
f 504/907/431 502/908/429 500/909/445
f 500/909/445 498/910/425 496/911/423
f 496/911/423 494/912/421 492/913/419
f 492/913/419 490/914/417 488/828/415
f 488/828/415 486/915/413 484/916/411
f 484/916/411 482/917/409 480/918/407
f 480/918/407 478/919/444 476/920/403
f 476/920/403 474/921/401 472/829/399
f 472/829/399 470/922/397 468/923/443
f 468/923/443 466/924/393 464/925/391
f 464/925/391 462/926/389 460/927/387
f 460/927/387 458/928/385 456/830/383
f 456/830/383 452/901/378 512/903/439
f 512/903/439 508/905/435 504/907/431
f 504/907/431 500/909/445 496/911/423
f 496/911/423 492/913/419 488/828/415
f 488/828/415 484/916/411 480/918/407
f 480/918/407 476/920/403 472/829/399
f 472/829/399 468/923/443 464/925/391
f 464/925/391 460/927/387 456/830/383
f 456/830/383 512/903/439 504/907/431
f 504/907/431 496/911/423 488/828/415
f 488/828/415 480/918/407 472/829/399
f 472/829/399 464/925/391 456/830/383
f 456/830/383 504/907/431 488/828/415
f 512/831/439 514/833/441 513/832/440
f 514/833/441 452/763/378 451/765/442
f 513/836/440 451/929/442 453/918/379
f 453/918/379 455/917/382 457/930/384
f 457/930/384 459/931/386 461/932/388
f 461/932/388 463/933/390 465/934/392
f 465/934/392 467/935/394 469/936/396
f 469/936/396 471/937/398 473/938/400
f 473/938/400 475/939/402 477/940/404
f 477/940/404 479/941/406 481/834/408
f 481/834/408 483/942/410 485/943/412
f 485/943/412 487/944/414 489/945/416
f 489/945/416 491/946/418 493/947/420
f 493/947/420 495/948/422 497/835/424
f 497/835/424 499/949/426 501/950/428
f 501/950/428 503/951/430 505/952/432
f 505/952/432 507/953/434 509/954/436
f 509/954/436 511/955/438 513/836/440
f 513/836/440 453/918/379 457/930/384
f 457/930/384 461/932/388 465/934/392
f 465/934/392 469/936/396 473/938/400
f 473/938/400 477/940/404 481/834/408
f 481/834/408 485/943/412 489/945/416
f 489/945/416 493/947/420 497/835/424
f 497/835/424 501/950/428 505/952/432
f 505/952/432 509/954/436 513/836/440
f 513/836/440 457/930/384 465/934/392
f 465/934/392 473/938/400 481/834/408
f 481/834/408 489/945/416 497/835/424
f 497/835/424 505/952/432 513/836/440
f 513/836/440 465/934/392 481/834/408
o 円柱.031
v 34.360245 5.666590 -60.133011
v 34.364647 51.145718 -60.129208
v 34.632378 63.067135 -60.232578
v 35.400047 40.671139 -60.129951
v 35.724377 42.327755 -59.468857
v 35.060287 40.000881 -60.259022
v 35.428741 6.845546 -60.159798
v 35.130890 6.086482 -60.290314
v 35.983910 6.599483 -59.395901
v 35.752293 4.667415 -59.504322
v 35.942726 41.566555 -59.360676
v 36.523396 40.713467 -59.265007
v 34.257679 6.884762 -59.999298
v 34.950569 41.976406 -60.105709
v 35.614033 38.998043 -59.307030
v 35.832321 42.952511 -59.207043
v 36.281433 43.440365 -59.145557
v 36.835915 38.658688 -58.370289
v 36.949646 5.944942 -58.342964
v 37.046104 42.192013 -58.269917
v 37.802517 43.415401 -57.979218
v 38.060028 38.782497 -57.432095
v 38.177475 5.536983 -57.401318
v 38.280022 42.948635 -57.331169
v 38.729118 43.436916 -57.269684
v 39.285835 38.937099 -56.492962
v 39.503872 42.949306 -56.393230
v 39.952980 43.436855 -56.331745
v 40.507149 38.716152 -55.556866
v 40.621712 5.986263 -55.528152
v 40.718334 42.111721 -55.455784
v 41.474335 43.410458 -55.164974
v 41.733528 38.930904 -54.617100
v 41.951584 42.954464 -54.517353
v 42.400711 43.440853 -54.455864
v 42.955051 38.682003 -53.680683
v 43.068752 5.894588 -53.653168
v 43.165379 42.183895 -53.580219
v 43.922081 43.424679 -53.289089
v 44.178600 38.597408 -52.742985
v 44.193718 6.759517 -52.789951
v 44.389229 42.190945 -52.642284
v 45.145634 43.414059 -52.351585
v 45.402756 38.682217 -51.804810
v 45.516586 5.941891 -51.777401
v 45.613083 42.190975 -51.704346
v 46.369732 43.413174 -51.413242
v 46.628590 38.829739 -50.865623
v 46.736759 6.719478 -50.841614
v 46.836937 42.190304 -50.766407
v 47.593597 43.410946 -50.475285
v 47.852440 38.830227 -49.927685
v 47.960953 6.714443 -49.903450
v 48.060787 42.189938 -49.828472
v 48.817436 43.408840 -49.537373
v 49.076653 38.931606 -48.989460
v 49.294701 42.953426 -48.889725
v 49.743820 43.440792 -48.828236
v 50.298164 38.682735 -48.053059
v 50.411995 5.942287 -48.025650
v 50.508492 42.191128 -47.952595
v 51.265148 43.412228 -47.661480
v 51.524002 38.831661 -47.113869
v 51.632202 6.717221 -47.089851
v 51.732349 42.189785 -47.014652
v 52.489010 43.411343 -46.723530
v 52.816769 38.862514 -46.123302
v 52.664810 43.047298 -46.306595
v 53.755867 42.740841 -45.695309
v 53.908936 41.105831 -45.653942
v 53.826069 40.860287 -45.942509
v 53.076668 41.564938 -46.229538
v 52.880329 5.862180 -46.376801
v 52.602032 40.892422 -46.884697
v 51.852802 41.564877 -47.167477
v 51.091656 40.904720 -48.041821
v 50.628658 41.474941 -48.105457
v 49.868736 40.864712 -48.979454
v 49.405113 41.567745 -49.043354
v 49.208099 5.776516 -49.191444
v 48.930473 40.893581 -49.698513
v 48.181255 41.566067 -49.981289
v 47.987171 5.766964 -50.126881
v 47.420135 40.914120 -50.855633
v 46.958031 41.555141 -50.919041
v 46.766880 6.701717 -51.062378
v 46.196285 40.915127 -51.793571
v 45.734184 41.554745 -51.856979
v 45.258923 40.896755 -52.512321
v 44.509693 41.567196 -52.795109
v 44.312683 5.775631 -52.943199
v 44.035061 40.891903 -53.450260
v 43.286148 41.551632 -53.732933
v 42.525627 40.865475 -54.607082
v 42.061993 41.566525 -54.670982
v 41.864738 5.787868 -54.819077
v 41.587357 40.891445 -55.326138
v 40.838741 41.557674 -55.608738
v 40.363503 40.892239 -56.264076
v 39.614277 41.566036 -56.546860
v 39.421658 5.795193 -56.691498
v 38.854130 40.827175 -57.420811
v 38.390739 41.552364 -57.484688
v 38.192970 7.308895 -57.635799
v 37.914948 40.792965 -58.141174
v 36.873718 41.396267 -58.647182
v 36.691109 40.868252 -59.079243
v 37.036140 42.334621 -58.464252
v 36.634880 66.885857 -59.292892
v 35.135666 66.831505 -60.315922
v 34.241066 46.780331 -59.974033
v 34.436329 61.779171 -60.064762
v 35.061005 66.865288 -60.164284
v 35.330353 66.898979 -60.047115
v 35.284920 42.698025 -59.975571
v 35.679733 66.831047 -59.348736
v 35.804256 66.820610 -59.485790
v 36.511604 66.861473 -59.163136
v 36.506104 42.210995 -59.040520
v 36.903912 66.872429 -58.410931
v 37.026165 66.874474 -58.548710
v 37.753742 40.846279 -58.325928
v 38.177563 41.825558 -57.584232
v 39.076218 40.906460 -57.309837
v 39.396118 42.406246 -56.654984
v 40.200897 40.998104 -56.450741
v 40.619473 42.445950 -55.717739
v 41.425682 41.146450 -55.511566
v 41.843666 42.403988 -54.779270
v 42.747780 40.902889 -54.496017
v 43.073036 41.826138 -53.832420
v 43.873650 41.110989 -53.635437
v 44.291370 42.404903 -52.903408
v 45.096283 40.995266 -52.698994
v 45.514851 42.372890 -51.965919
v 46.419277 40.895718 -51.682278
v 46.738899 42.445766 -51.027878
v 47.641647 40.823055 -50.748943
v 47.962891 42.334042 -50.089520
v 48.767845 40.995327 -49.885181
v 49.186783 42.405300 -49.151653
v 50.090897 40.904720 -48.868389
v 50.410484 42.442593 -48.214016
v 51.316441 40.754787 -47.928627
v 51.634449 42.335537 -47.275707
v 52.438488 40.923794 -47.071644
v 52.858341 42.404324 -46.337837
v 53.665665 40.840176 -46.132553
v 53.968075 63.379025 -45.440826
v 53.937996 51.431301 -45.128651
v 53.832691 55.127560 -45.023590
v 53.820862 67.283142 -45.757065
v 53.551758 43.179379 -45.976402
v 53.606598 66.893127 -46.040592
v 52.820232 66.851776 -46.208378
v 52.330109 43.277096 -46.910694
v 52.422020 66.864288 -46.969646
v 51.589943 66.830475 -47.155598
v 51.106270 43.278042 -47.848629
v 51.198181 66.868744 -47.907597
v 50.366135 66.823608 -48.093468
v 49.968502 42.214046 -48.723186
v 49.974121 66.869904 -48.845798
v 49.142349 66.830902 -49.031250
v 48.657990 43.262966 -49.724728
v 48.750397 66.850647 -49.783436
v 47.918369 66.835083 -49.969440
v 47.434708 43.277645 -50.662445
v 47.526619 66.874168 -50.721436
v 46.694557 66.836662 -50.907333
v 46.210846 43.277859 -51.600388
v 46.302750 66.856499 -51.659306
v 45.470726 66.829308 -51.845242
v 44.986969 43.278713 -52.538334
v 45.078873 66.855949 -52.597256
v 44.246918 66.835503 -52.783184
v 43.762566 43.261532 -53.476490
v 43.855030 66.857719 -53.535202
v 43.023052 66.828636 -53.721062
v 42.625393 42.212673 -54.350803
v 42.630959 66.848442 -54.473347
v 41.799194 66.837090 -54.658939
v 41.313847 43.275967 -55.352985
v 41.407391 66.868095 -55.411137
v 40.575325 66.829277 -55.596966
v 40.177677 42.211910 -56.226692
v 40.183220 66.848564 -56.349239
v 39.351566 66.830223 -56.534706
v 38.952877 42.302151 -57.164627
v 38.959400 66.851280 -57.287189
v 38.127769 66.830101 -57.472599
v 37.643845 43.278744 -58.165966
v 37.735764 66.863792 -58.224915
v 38.251022 66.849144 -57.610432
v 37.853626 66.877464 -58.357883
v 39.076717 66.879631 -57.420811
v 39.474884 66.845940 -56.672489
v 40.300522 66.878044 -56.482941
v 40.698723 66.836876 -55.734547
v 41.524361 66.880333 -55.545040
v 41.922585 66.849327 -54.796616
v 42.748245 66.879173 -54.607025
v 43.146442 66.849266 -53.858677
v 43.972084 66.878441 -53.669117
v 44.370285 66.845543 -52.920734
v 45.195995 66.878563 -52.731148
v 45.594139 66.846123 -51.982792
v 46.419735 66.879204 -51.793282
v 46.821030 66.876183 -51.041767
v 47.643051 66.886040 -50.858562
v 48.042725 66.823578 -50.106445
v 48.867535 66.878723 -49.917339
v 49.265697 66.843475 -49.168972
v 50.091423 66.878082 -48.979355
v 50.492496 66.874878 -48.228031
v 51.314751 66.885010 -48.044567
v 51.714294 66.820770 -47.292618
v 52.539108 66.887024 -47.103558
v 52.937233 66.845093 -46.355179
v 53.718311 66.896820 -46.189079
v 53.903748 66.978516 -45.957764
v 35.437531 66.894859 -60.204067
v 36.642982 5.996609 -59.233482
v 36.421860 6.599697 -59.338364
v 36.899933 6.599605 -58.692486
v 37.061913 6.031490 -58.499107
v 37.792122 5.984066 -58.352776
v 37.951714 6.599636 -58.165909
v 38.427376 6.940365 -57.520592
v 39.091682 5.987148 -57.356815
v 38.869564 6.599575 -57.462486
v 39.655472 6.599544 -56.582085
v 40.239914 5.966213 -56.476868
v 40.399422 6.599605 -56.290031
v 40.570534 6.293636 -55.878021
v 40.737595 6.399196 -55.682861
v 41.544365 6.669338 -55.473099
v 41.317268 6.599575 -55.586609
v 42.103172 6.599605 -54.706211
v 42.763214 5.983669 -54.543037
v 42.541126 6.599758 -54.648670
v 43.016541 6.599514 -54.006226
v 43.185005 6.218624 -53.805878
v 43.991936 6.595882 -53.597553
v 43.764977 6.599575 -53.710732
v 44.550880 6.599544 -52.830334
v 45.135155 5.981075 -52.725178
v 45.294830 6.599453 -52.538280
v 45.466595 7.060879 -52.125359
v 45.638561 7.197201 -51.929626
v 46.434753 5.965511 -51.729271
v 46.212681 6.599575 -51.834854
v 46.994202 6.293484 -50.955044
v 47.666962 5.263668 -50.785122
v 47.436535 6.599575 -50.896919
v 48.222439 6.599758 -50.016521
v 48.806717 5.980984 -49.911362
v 48.966389 6.599544 -49.724468
v 49.446289 6.599666 -49.078583
v 50.106335 5.983761 -48.915405
v 49.884243 6.599575 -49.021042
v 50.359657 6.599697 -48.378593
v 50.525272 5.983486 -48.180866
v 51.238266 7.155636 -48.044445
v 51.414093 6.599575 -47.848591
v 51.585739 7.092953 -47.435822
v 51.763741 7.667661 -47.239616
v 52.471104 6.614957 -47.099895
v 52.637947 6.599576 -46.910652
v 53.117847 6.599637 -46.264767
v 53.696720 6.622159 -46.161282
v 53.894516 7.623685 -45.911007
v 53.923569 5.333646 -45.661484
v 53.578266 6.644009 -46.007614
v 53.772720 8.002560 -45.762405
v 52.999893 6.599606 -46.110855
v 52.760712 5.966275 -46.223522
v 52.360172 5.977231 -46.943779
v 52.519993 6.599514 -46.756741
v 51.467705 6.234829 -47.281803
v 51.136452 5.965725 -47.881668
v 51.296139 6.599636 -47.694679
v 50.241699 6.599636 -48.224686
v 49.988159 5.965999 -48.761681
v 49.766289 6.599544 -48.867130
v 49.323006 6.234981 -48.925461
v 49.090210 5.550350 -49.035938
v 48.681267 6.650478 -49.759964
v 48.848431 6.599666 -49.570557
v 47.796143 6.234646 -50.095619
v 47.464890 5.965572 -50.695484
v 47.624580 6.599575 -50.508495
v 46.572990 6.111446 -51.032524
v 46.240868 5.980526 -51.633484
v 46.400726 6.599575 -51.446434
v 45.346291 6.599575 -51.976437
v 45.017185 5.965877 -52.571358
v 45.176872 6.599575 -52.384373
v 44.432922 6.599544 -52.676422
v 43.785858 6.650326 -53.511719
v 43.953022 6.599514 -53.322308
v 42.898582 6.599544 -53.852314
v 42.645103 5.959499 -54.389248
v 42.423168 6.599575 -54.494759
v 41.979889 6.234737 -54.553093
v 41.747097 5.551754 -54.663559
v 41.329010 6.035641 -55.394379
v 41.505314 6.599575 -55.198185
v 40.450878 6.599605 -55.728191
v 40.197334 5.966488 -56.265190
v 39.975464 6.599666 -56.370636
v 39.532181 6.234768 -56.428967
v 39.299652 6.267696 -56.540585
v 38.888611 6.341305 -57.264008
v 39.057610 6.599697 -57.074062
v 38.003174 6.599605 -57.604065
v 37.674072 5.965389 -58.198990
v 37.833755 6.598873 -58.011997
v 36.779320 6.599697 -58.542004
v 36.525841 5.959896 -59.078938
v 36.303902 6.599575 -59.184448
v 35.856575 6.540066 -59.243454
v 35.631264 5.533779 -59.350330
v 35.315208 7.394099 -60.004105
v 35.011635 7.083613 -60.138390
v 53.835258 6.515347 -44.986919
vn 0.0539 -0.0007 -0.9985
vn -0.6229 0.0033 -0.7823
vn -0.3428 0.0083 -0.9394
vn 0.6823 -0.0009 -0.7311
vn 0.6561 0.0073 -0.7546
vn 0.6152 0.0124 -0.7883
vn 0.7180 -0.0008 -0.6960
vn 0.7070 0.0013 -0.7072
vn 0.6918 0.0012 -0.7221
vn 0.2832 0.0014 -0.9591
vn 0.4600 -0.0008 -0.8879
vn 0.2578 0.0010 -0.9662
vn 0.2835 -0.0010 -0.9590
vn 0.6120 0.0072 -0.7908
vn -0.7112 -0.0013 0.7030
vn -0.6996 0.0006 0.7145
vn -0.6879 0.0012 0.7258
vn -0.2610 0.0015 0.9653
vn -0.6325 0.0121 0.7745
vn -0.2760 -0.0012 0.9612
vn -0.2720 0.0013 0.9623
vn -0.8569 -0.0013 0.5155
vn -0.7093 0.0007 0.7049
vn -0.7194 0.0012 0.6946
vn -0.2873 0.0012 0.9578
vn -0.6412 0.0122 0.7673
vn -0.8664 -0.0013 0.4993
vn -0.7099 0.0007 0.7043
vn -0.8538 0.0010 0.5206
vn -0.2501 0.0015 0.9682
vn -0.6331 0.0121 0.7740
vn -0.4724 -0.0015 0.8814
vn -0.2690 0.0013 0.9631
vn -0.2612 0.0015 0.9653
vn -0.6306 0.0121 0.7760
vn -0.6982 0.0006 0.7159
vn -0.2758 -0.0013 0.9612
vn -0.2719 0.0013 0.9623
vn -0.8570 -0.0013 0.5153
vn -0.7100 0.0007 0.7042
vn -0.7195 0.0012 0.6945
vn -0.2869 0.0012 0.9580
vn -0.6410 0.0122 0.7674
vn -0.4815 -0.0016 0.8764
vn -0.4793 0.0014 0.8777
vn -0.6337 0.0121 0.7735
vn -0.7033 0.0006 0.7109
vn -0.2749 -0.0012 0.9615
vn -0.7095 0.0007 0.7047
vn -0.2872 0.0012 0.9579
vn -0.6412 0.0120 0.7673
vn -0.2994 0.0012 0.9541
vn -0.6437 0.0121 0.7652
vn -0.7092 0.0005 0.7050
vn -0.8669 -0.0013 0.4985
vn -0.7136 0.0007 0.7006
vn -0.8538 0.0010 0.5205
vn -0.2860 0.0011 0.9582
vn -0.6441 0.0120 0.7649
vn -0.7113 0.0007 0.7029
vn -0.6336 0.0121 0.7735
vn -0.6412 0.0121 0.7673
vn -0.6442 0.0121 0.7648
vn 0.9250 0.0011 -0.3799
vn 0.8781 -0.0008 -0.4784
vn 0.9914 -0.0007 -0.1310
vn 0.2939 0.0013 -0.9558
vn 0.2844 -0.0010 -0.9587
vn 0.4951 -0.0009 -0.8688
vn 0.7173 0.0013 -0.6968
vn 0.8460 -0.0007 -0.5333
vn 0.7231 -0.0008 -0.6907
vn 0.4730 0.0016 -0.8810
vn 0.2707 -0.0010 -0.9627
vn 0.4772 -0.0009 -0.8788
vn 0.8524 0.0014 -0.5228
vn 0.7346 -0.0008 -0.6785
vn 0.7202 -0.0009 -0.6938
vn 0.2776 0.0013 -0.9607
vn 0.2703 -0.0011 -0.9628
vn 0.2862 -0.0007 -0.9582
vn 0.7182 0.0013 -0.6958
vn 0.8466 -0.0007 -0.5322
vn 0.7230 -0.0008 -0.6909
vn 0.2924 0.0013 -0.9563
vn 0.2840 -0.0010 -0.9588
vn 0.4741 -0.0010 -0.8805
vn 0.7103 0.0013 -0.7039
vn 0.7206 -0.0009 -0.6933
vn 0.7183 -0.0008 -0.6957
vn 0.8599 0.0013 -0.5105
vn 0.8486 -0.0007 -0.5290
vn 0.7259 -0.0009 -0.6878
vn 0.2943 0.0013 -0.9557
vn 0.4742 -0.0010 -0.8804
vn 0.7143 0.0012 -0.6998
vn 0.8517 -0.0006 -0.5240
vn 0.4861 0.0017 -0.8739
vn 0.2633 -0.0011 -0.9647
vn 0.4741 -0.0008 -0.8805
vn 0.2774 0.0013 -0.9608
vn 0.7142 0.0012 -0.6999
vn 0.7229 -0.0008 -0.6909
vn 0.8621 0.0013 -0.5068
vn 0.8488 -0.0007 -0.5288
vn 0.7263 -0.0010 -0.6874
vn 0.2920 0.0013 -0.9564
vn 0.2839 -0.0010 -0.9589
vn 0.2855 0.0013 -0.9584
vn 0.2643 -0.0010 -0.9644
vn 0.2863 -0.0007 -0.9581
vn 0.5001 0.0013 -0.8660
vn 0.4813 -0.0008 -0.8765
vn 0.4811 -0.0009 -0.8767
vn 0.1073 0.0081 -0.9942
vn -0.7003 0.0203 0.7136
vn -0.0595 0.0008 0.9982
vn -0.8485 0.0036 0.5291
vn 0.6109 0.0125 -0.7916
vn 0.6073 0.0073 -0.7944
vn 0.8456 -0.0006 -0.5338
vn 0.6167 0.0125 -0.7871
vn 0.7093 -0.0007 -0.7049
vn 0.6025 0.0073 -0.7981
vn 0.7271 -0.0009 -0.6866
vn 0.6067 0.0124 -0.7948
vn 0.7179 -0.0008 -0.6962
vn 0.6062 0.0072 -0.7953
vn 0.6184 0.0124 -0.7858
vn 0.4740 -0.0008 -0.8805
vn 0.6042 0.0072 -0.7968
vn 0.6059 0.0125 -0.7955
vn 0.6042 0.0073 -0.7968
vn 0.7291 -0.0009 -0.6844
vn 0.6079 0.0124 -0.7939
vn 0.7095 -0.0009 -0.7047
vn 0.6046 0.0073 -0.7965
vn 0.6181 0.0125 -0.7860
vn 0.6074 0.0073 -0.7943
vn 0.6149 0.0125 -0.7885
vn 0.2921 -0.0007 -0.9564
vn 0.6067 0.0072 -0.7949
vn 0.7252 -0.0009 -0.6885
vn 0.6068 0.0126 -0.7947
vn 0.7199 -0.0008 -0.6941
vn 0.2796 -0.0008 -0.9601
vn 0.6047 0.0073 -0.7964
vn 0.6137 0.0124 -0.7894
vn 0.6053 0.0073 -0.7960
vn 0.6150 0.0125 -0.7884
vn 0.6069 0.0072 -0.7948
vn 0.7290 -0.0009 -0.6845
vn 0.6071 0.0125 -0.7945
vn 0.7222 -0.0009 -0.6917
vn 0.5990 0.0072 -0.8007
vn 0.6165 0.0125 -0.7873
vn 0.5258 0.0074 -0.8506
vn 0.9870 0.0098 0.1607
vn 0.8972 0.0040 0.4416
vn 0.9129 0.0080 -0.4081
vn -0.8621 0.0221 0.5063
vn -0.3089 0.0073 0.9511
vn -0.5860 0.0219 0.8100
vn -0.5865 0.0220 0.8096
vn -0.5994 0.0215 0.8002
vn 0.6039 0.0072 -0.7970
vn -0.5863 0.0219 0.8098
vn -0.6031 0.0120 0.7975
vn -0.2756 0.0191 0.9611
vn 0.5106 0.0012 -0.8598
vn 0.2879 0.0013 -0.9577
vn 0.5044 0.0012 -0.8635
vn 0.8502 0.0013 -0.5264
vn 0.7153 0.0009 -0.6989
vn 0.2870 0.0013 -0.9579
vn 0.2791 0.0012 -0.9603
vn 0.7150 0.0018 -0.6991
vn 0.5042 0.0012 -0.8636
vn 0.8489 0.0013 -0.5285
vn 0.7102 0.0012 -0.7040
vn 0.8422 0.0013 -0.5391
vn 0.5074 0.0012 -0.8617
vn 0.8401 0.0013 -0.5425
vn 0.5096 0.0011 -0.8604
vn -0.9652 -0.0001 0.2614
vn -0.7054 -0.0011 0.7088
vn -0.2871 -0.0012 0.9579
vn -0.8498 -0.0012 0.5270
vn -0.7055 -0.0011 0.7087
vn -0.2872 -0.0012 0.9579
vn -0.4843 -0.0012 0.8749
vn -0.4876 -0.0008 0.8731
vn -0.2880 -0.0012 0.9576
vn -0.8952 -0.0006 0.4457
vn -0.1291 -0.0010 0.9916
vn -0.5171 0.0002 -0.8559
vn -0.4828 -0.0016 0.8757
vn -0.4807 0.0014 0.8769
vn -0.7168 -0.0014 0.6973
vn -0.7207 0.0011 0.6932
vn -0.7209 -0.0013 0.6931
vn -0.8515 0.0010 0.5243
vn -0.4838 -0.0016 0.8752
vn -0.4803 0.0014 0.8771
vn -0.7220 -0.0014 0.6919
vn -0.8518 0.0010 0.5238
vn -0.2936 -0.0013 0.9559
vn -0.4780 0.0014 0.8784
vn -0.4830 -0.0016 0.8756
vn -0.4808 0.0014 0.8768
vn -0.8650 -0.0013 0.5018
vn -0.4860 -0.0016 0.8740
vn -0.4813 0.0014 0.8765
vn -0.8653 -0.0013 0.5013
vn -0.4862 -0.0016 0.8738
vn -0.8518 0.0010 0.5239
vn -0.8653 -0.0013 0.5012
vn -0.4813 0.0014 0.8766
vn -0.7284 -0.0016 0.6852
vn -0.8698 0.0013 0.4934
vn -0.8560 0.0010 0.5170
vn -0.4994 0.0007 0.8664
vn -0.2741 -0.0013 0.9617
vn -0.5278 0.0012 0.8494
vn -0.9459 0.0011 0.3245
vn 0.4900 0.0015 -0.8717
vn 0.2554 -0.0010 -0.9668
vn 0.2808 -0.0007 -0.9598
vn 0.8559 0.0012 -0.5172
vn 0.2786 0.0013 -0.9604
vn 0.2705 -0.0010 -0.9627
vn 0.7054 0.0013 -0.7088
vn 0.4718 0.0016 -0.8817
vn 0.2549 -0.0010 -0.9670
vn 0.8564 0.0012 -0.5163
vn 0.4858 0.0016 -0.8741
vn 0.2714 -0.0010 -0.9625
vn 0.7076 0.0013 -0.7066
vn 0.7219 0.0014 -0.6920
vn 0.8512 0.0012 -0.5248
vn 0.8544 -0.0008 -0.5197
vn 0.8589 -0.0010 -0.5121
vn -0.5994 0.0214 0.8002
vn -0.5866 0.0220 0.8096
vn -0.5865 0.0219 0.8097
vn -0.5864 0.0220 0.8097
vn -0.5869 0.0220 0.8093
vn -0.5998 0.0214 0.7998
vn -0.5989 0.0214 0.8005
vn -0.5990 0.0214 0.8005
vn -0.5549 0.0202 0.8316
vn -0.6797 0.0200 0.7333
vn 0.7089 0.0010 -0.7053
vn 0.8404 0.0013 -0.5420
vn 0.6992 0.0012 -0.7149
vn 0.2807 0.0012 -0.9598
vn 0.7042 0.0012 -0.7100
vn 0.3065 0.0013 -0.9519
vn 0.6952 0.0013 -0.7188
vn 0.2918 0.0013 -0.9565
vn 0.4850 0.0010 -0.8745
vn 0.9942 0.0009 -0.1072
vn -0.9236 -0.0010 0.3834
vn -0.5084 -0.0011 0.8611
vn -0.8426 -0.0012 0.5385
vn -0.5074 -0.0012 0.8617
vn -0.8502 -0.0012 0.5264
vn -0.5052 -0.0012 0.8630
vn -0.8412 -0.0012 0.5407
vn -0.5003 -0.0012 0.8659
vn -0.5076 -0.0012 0.8616
vn -0.5050 -0.0012 0.8631
vn -0.4992 -0.0012 0.8665
vn -0.8400 -0.0012 0.5426
vn -0.4977 -0.0012 0.8673
vn -0.8383 -0.0011 0.5452
vn -0.8540 -0.0012 0.5203
vn -0.6980 -0.0012 0.7161
vn 0.1200 0.0010 -0.9928
vt 0.480435 0.474562
vt 0.480386 0.474812
vt 0.480333 0.474717
vt 0.480437 0.474428
vt 0.480322 0.474415
vt 0.130848 0.496337
vt 0.130734 0.496053
vt 0.130841 0.496060
vt 0.131003 0.496068
vt 0.130993 0.496343
vt 0.000262 0.495701
vt 0.000117 0.495492
vt 0.000263 0.495535
vt 0.000112 0.495713
vt -0.000000 0.495771
vt 0.000003 0.495451
vt 0.145139 0.496093
vt 0.145284 0.496081
vt 0.145299 0.496361
vt 0.005573 0.495710
vt 0.005679 0.495779
vt 0.005557 0.495799
vt 0.005417 0.495705
vt 0.005576 0.495541
vt 0.130210 0.495797
vt 0.130348 0.495729
vt 0.130364 0.496010
vt 0.002528 0.496057
vt 0.002637 0.496123
vt 0.002514 0.496144
vt 0.028217 0.495826
vt 0.028078 0.495894
vt 0.028058 0.495666
vt 0.046493 0.495824
vt 0.046599 0.495893
vt 0.046476 0.495914
vt 0.046333 0.495869
vt 0.046496 0.495655
vt 0.004328 0.495535
vt 0.004223 0.495465
vt 0.004345 0.495446
vt 0.004486 0.495542
vt 0.004325 0.495704
vt 0.129419 0.495797
vt 0.129558 0.495729
vt 0.129573 0.496010
vt 0.004641 0.496058
vt 0.004751 0.496124
vt 0.004628 0.496145
vt 0.004487 0.496101
vt 0.004647 0.495832
vt 0.003588 0.495710
vt 0.003693 0.495779
vt 0.003571 0.495799
vt 0.003430 0.495704
vt 0.003590 0.495541
vt 0.129683 0.495797
vt 0.129821 0.495729
vt 0.129837 0.496010
vt 0.005166 0.496056
vt 0.005275 0.496122
vt 0.005152 0.496142
vt 0.000904 0.495895
vt 0.000796 0.495828
vt 0.000919 0.495808
vt 0.023944 0.495753
vt 0.024082 0.495685
vt 0.024104 0.495913
vt 0.002002 0.496057
vt 0.002111 0.496123
vt 0.001988 0.496144
vt 0.000377 0.495895
vt 0.000269 0.495827
vt 0.000391 0.495809
vt 0.493547 0.495984
vt 0.493655 0.496050
vt 0.493533 0.496070
vt 0.003852 0.495710
vt 0.003958 0.495779
vt 0.003836 0.495799
vt 0.003695 0.495704
vt 0.003855 0.495541
vt 0.129946 0.495797
vt 0.130085 0.495729
vt 0.130100 0.496010
vt 0.002793 0.496057
vt 0.002901 0.496123
vt 0.002779 0.496144
vt 0.492717 0.495815
vt 0.492609 0.495748
vt 0.492732 0.495730
vt 0.156865 0.493440
vt 0.157007 0.493415
vt 0.157010 0.493527
vt 0.038084 0.496051
vt 0.038233 0.496038
vt 0.038231 0.496262
vt 0.155997 0.496226
vt 0.156146 0.496007
vt 0.156154 0.496235
vt 0.002902 0.495858
vt 0.003047 0.495893
vt 0.003048 0.496116
vt 0.035697 0.495665
vt 0.035553 0.495876
vt 0.035546 0.495602
vt 0.002640 0.495548
vt 0.002790 0.495534
vt 0.002788 0.495710
vt 0.157045 0.495926
vt 0.156894 0.496142
vt 0.156888 0.495915
vt 0.005416 0.495901
vt 0.005566 0.495887
vt 0.005564 0.496110
vt 0.153595 0.496009
vt 0.153445 0.496275
vt 0.153438 0.495999
vt 0.480582 0.474943
vt 0.480432 0.475105
vt 0.480431 0.474878
vt 0.003430 0.495901
vt 0.003580 0.495887
vt 0.003578 0.496111
vt 0.153861 0.496299
vt 0.154010 0.496081
vt 0.154019 0.496308
vt 0.004748 0.495490
vt 0.004899 0.495531
vt 0.004897 0.495756
vt 0.002376 0.495548
vt 0.002526 0.495534
vt 0.002524 0.495710
vt 0.016747 0.496339
vt 0.016895 0.496120
vt 0.016904 0.496347
vt 0.038346 0.495693
vt 0.038196 0.495856
vt 0.038191 0.495629
vt 0.003695 0.495901
vt 0.003845 0.495887
vt 0.003843 0.496111
vt 0.003962 0.495544
vt 0.004110 0.495531
vt 0.004108 0.495707
vt 0.130207 0.496068
vt 0.130362 0.496060
vt 0.130357 0.496335
vt 0.481116 0.465336
vt 0.481247 0.465610
vt 0.481046 0.465342
vt 0.481212 0.465726
vt 0.481072 0.465858
vt 0.480977 0.465878
vt 0.042970 0.493981
vt 0.043055 0.494161
vt 0.042989 0.494224
vt 0.481248 0.465044
vt 0.481115 0.464756
vt 0.481045 0.464762
vt 0.130470 0.496051
vt 0.130470 0.496370
vt 0.031804 0.496173
vt 0.031690 0.495939
vt 0.031800 0.495941
vt 0.004222 0.495471
vt 0.004222 0.495790
vt 0.072555 0.494509
vt 0.072442 0.494228
vt 0.072549 0.494234
vt 0.003956 0.495827
vt 0.003956 0.496146
vt 0.038084 0.495621
vt 0.003051 0.495758
vt 0.003163 0.495474
vt 0.003163 0.495793
vt 0.017012 0.496352
vt 0.002637 0.495474
vt 0.002637 0.495792
vt 0.000643 0.496110
vt 0.000531 0.495828
vt 0.000641 0.495831
vt 0.005011 0.495472
vt 0.005010 0.495790
vt 0.154126 0.496313
vt 0.003691 0.495828
vt 0.003691 0.496146
vt 0.480324 0.474869
vt 0.001998 0.495710
vt 0.002111 0.495474
vt 0.002111 0.495792
vt 0.129267 0.496333
vt 0.129153 0.496051
vt 0.129260 0.496059
vt 0.480737 0.475105
vt 0.480850 0.474871
vt 0.480850 0.475187
vt 0.153331 0.495992
vt 0.005677 0.495827
vt 0.005677 0.496145
vt 0.156781 0.495908
vt 0.002902 0.495474
vt 0.002902 0.495792
vt 0.492983 0.496032
vt 0.492871 0.495749
vt 0.492978 0.495758
vt 0.035438 0.495595
vt 0.003157 0.495832
vt 0.003162 0.496150
vt 0.156261 0.496241
vt 0.038345 0.495978
vt 0.038345 0.496278
vt 0.157107 0.493606
vt 0.157055 0.493710
vt 0.481061 0.456690
vt 0.481201 0.456827
vt 0.481122 0.456806
vt 0.480905 0.456635
vt 0.481246 0.464465
vt 0.481180 0.464470
vt 0.481113 0.464175
vt 0.481044 0.464181
vt 0.481245 0.463885
vt 0.481112 0.463595
vt 0.481043 0.463600
vt 0.481244 0.463304
vt 0.481243 0.462724
vt 0.481111 0.463014
vt 0.481042 0.463020
vt 0.481110 0.462433
vt 0.481040 0.462439
vt 0.481242 0.462143
vt 0.481109 0.461853
vt 0.481039 0.461858
vt 0.481240 0.461562
vt 0.481174 0.461567
vt 0.481038 0.461277
vt 0.481107 0.461272
vt 0.481239 0.460981
vt 0.481106 0.460691
vt 0.481037 0.460697
vt 0.481236 0.459239
vt 0.481104 0.459529
vt 0.481034 0.459535
vt 0.481103 0.458949
vt 0.481033 0.458955
vt 0.481234 0.458659
vt 0.481101 0.458367
vt 0.481168 0.458663
vt 0.481100 0.457787
vt 0.481234 0.458079
vt 0.481031 0.457793
vt 0.481232 0.457497
vt 0.481165 0.457502
vt 0.481099 0.457207
vt 0.481028 0.457209
vt 0.481228 0.456935
vt 0.481149 0.465714
vt 0.130207 0.496349
vt 0.003962 0.495711
vt 0.003693 0.496125
vt 0.038343 0.495861
vt 0.016747 0.496065
vt 0.002377 0.495714
vt 0.004750 0.495711
vt 0.153861 0.496025
vt 0.003428 0.496125
vt 0.480579 0.475112
vt 0.153597 0.496284
vt 0.005414 0.496124
vt 0.157041 0.496146
vt 0.002641 0.495714
vt 0.035699 0.495834
vt 0.002902 0.496130
vt 0.155999 0.496005
vt 0.038084 0.496273
vt 0.320798 0.428959
vt 0.320824 0.428945
vt 0.320824 0.429156
vt 0.129944 0.496020
vt 0.003697 0.495537
vt 0.023945 0.495920
vt 0.129681 0.496020
vt 0.003432 0.495537
vt 0.004487 0.495831
vt 0.129417 0.496021
vt 0.004483 0.495708
vt 0.046337 0.495597
vt 0.028217 0.495660
vt 0.130208 0.496020
vt 0.005418 0.495537
vt 0.042817 0.494224
vt 0.042820 0.493966
vt 0.480580 0.474849
vt 0.480582 0.474819
vt 0.480318 0.474534
vt 0.130734 0.496357
vt 0.002373 0.496100
vt 0.002534 0.495830
vt 0.023942 0.496023
vt 0.024083 0.496009
vt 0.024097 0.496291
vt 0.013478 0.496193
vt 0.013334 0.496206
vt 0.013316 0.495978
vt 0.005011 0.496099
vt 0.005172 0.495829
vt 0.128893 0.496065
vt 0.129030 0.496051
vt 0.129051 0.496278
vt 0.001056 0.495908
vt 0.000896 0.496122
vt 0.001847 0.496101
vt 0.002007 0.495830
vt 0.129154 0.495793
vt 0.129295 0.495727
vt 0.129315 0.495955
vt 0.000529 0.495851
vt 0.000369 0.496122
vt 0.128627 0.495794
vt 0.128767 0.495727
vt 0.128787 0.495955
vt 0.493395 0.496029
vt 0.493552 0.495757
vt 0.075956 0.496260
vt 0.075812 0.496273
vt 0.075795 0.496044
vt 0.002637 0.496101
vt 0.002798 0.495830
vt 0.128891 0.495794
vt 0.129031 0.495727
vt 0.129051 0.495955
vt 0.492870 0.495772
vt 0.492710 0.496042
vt 0.031427 0.495628
vt 0.031586 0.495671
vt 0.031588 0.495841
vt 0.031569 0.495585
vt 0.031690 0.495613
vt 0.049873 0.496196
vt 0.050031 0.495981
vt 0.050012 0.496262
vt 0.043081 0.493835
vt 0.042871 0.493821
vt 0.042924 0.493579
vt 0.046599 0.495608
vt 0.046750 0.495650
vt 0.046749 0.495826
vt 0.493132 0.495823
vt 0.480587 0.474941
vt 0.480738 0.474929
vt 0.129414 0.496067
vt 0.001853 0.495495
vt 0.002000 0.495534
vt 0.000792 0.495901
vt 0.002902 0.495493
vt 0.003052 0.495534
vt 0.072706 0.494243
vt 0.031948 0.495957
vt 0.027954 0.495671
vt 0.027806 0.495836
vt 0.027805 0.495659
vt 0.043078 0.493945
vt 0.480979 0.465914
vt 0.480905 0.465916
vt 0.481181 0.465051
vt 0.031690 0.496257
vt 0.004107 0.495797
vt 0.072442 0.494546
vt 0.038082 0.495940
vt 0.017007 0.496034
vt 0.002522 0.495799
vt 0.000529 0.496147
vt 0.154122 0.495995
vt 0.480318 0.475187
vt 0.001996 0.495799
vt 0.129153 0.496371
vt 0.153331 0.496312
vt 0.156781 0.496227
vt 0.002786 0.495799
vt 0.492870 0.496069
vt 0.035438 0.495915
vt 0.156259 0.495922
vt 0.157121 0.493419
vt 0.480960 0.456627
vt 0.042817 0.493567
vt 0.031690 0.495936
vt 0.031587 0.495930
vt 0.129153 0.496050
vt 0.129050 0.496044
vt 0.075694 0.495948
vt 0.075797 0.495955
vt 0.128889 0.496050
vt 0.128786 0.496044
vt 0.129417 0.496050
vt 0.129314 0.496044
vt 0.024206 0.496007
vt 0.024103 0.496001
vt 0.129153 0.496373
vt 0.129050 0.496367
vt 0.013215 0.495883
vt 0.013318 0.495888
vt 0.027957 0.495571
vt 0.028060 0.495577
vt 0.481178 0.463889
vt 0.481177 0.463309
vt 0.481176 0.462728
vt 0.481175 0.462147
vt 0.481172 0.460986
vt 0.481238 0.460401
vt 0.481036 0.460116
vt 0.481171 0.460405
vt 0.481238 0.459821
vt 0.481105 0.460109
vt 0.481170 0.459825
vt 0.481169 0.459244
vt 0.481032 0.458374
vt 0.481166 0.458082
vt 0.481158 0.456935
vt 0.481176 0.465607
vt 0.027956 0.495897
vt 0.031951 0.496177
vt 0.072705 0.494523
vt 0.002903 0.495714
vt 0.000792 0.496125
vt 0.001851 0.495714
vt 0.129416 0.496348
vt 0.480590 0.475109
vt 0.046747 0.495917
vt 0.046604 0.495881
vt 0.493133 0.496047
vt 0.156856 0.493530
vt 0.043074 0.493560
vt 0.049874 0.495976
vt 0.031430 0.495848
vt 0.492870 0.496051
vt 0.128893 0.495962
vt 0.002638 0.495824
vt 0.075953 0.496039
vt 0.493395 0.495753
vt 0.128629 0.495962
vt 0.000529 0.496130
vt 0.129156 0.495962
vt 0.001847 0.495824
vt 0.001056 0.496130
vt 0.128893 0.496285
vt 0.005014 0.495825
vt 0.013475 0.495972
vt 0.023943 0.496244
vt 0.002373 0.495823
vt 0.145147 0.496367
vt 0.480409 0.474849
vt 0.027808 0.495925
vt 0.027693 0.495917
vt 0.130208 0.495702
vt 0.028221 0.495923
vt 0.129417 0.495702
vt 0.129681 0.495702
vt 0.023942 0.495659
vt 0.129157 0.495702
vt 0.128629 0.495702
vt 0.129944 0.495702
vt 0.128893 0.495702
vt 0.049872 0.496294
vt 0.003050 0.495805
vt 0.035693 0.495570
vt 0.046756 0.495563
vt 0.493133 0.495730
vt 0.002005 0.495446
vt 0.480581 0.474849
vt 0.000792 0.495806
vt 0.003057 0.495446
vt 0.038345 0.495600
vt 0.027693 0.495601
vt 0.027799 0.495571
vt 0.031805 0.496262
vt 0.038196 0.495945
vt 0.016893 0.496031
vt 0.154008 0.495992
vt 0.480432 0.475194
vt 0.156895 0.496232
vt 0.156144 0.495918
vt 0.000268 0.495446
vt 0.002902 0.495805
vt 0.004748 0.495802
vt 0.023942 0.496335
vt 0.046490 0.495563
vt 0.480580 0.474541
vt 0.000106 0.495801
vt 0.000268 0.495793
vt 0.038082 0.495956
vt 0.002638 0.495452
vt 0.005414 0.495807
vt 0.480591 0.474850
vt 0.003428 0.495806
vt 0.002374 0.495452
vt 0.004902 0.495446
vt 0.003693 0.495808
vt 0.003966 0.495450
vt 0.027955 0.495580
vt 0.042969 0.493847
vt 0.043075 0.493835
vt 0.145405 0.496085
vt 0.145405 0.496379
vt 0.002637 0.495803
vt 0.005679 0.495459
vt 0.005570 0.495448
vt 0.130471 0.495732
vt 0.130471 0.496051
vt 0.046862 0.495592
vt 0.004113 0.495446
vt 0.003850 0.495800
vt 0.002531 0.495446
vt 0.003585 0.495800
vt 0.480744 0.474841
vt 0.480735 0.475194
vt 0.005570 0.495799
vt 0.002795 0.495446
vt 0.157116 0.493310
vt 0.046862 0.495909
vt 0.038239 0.495950
vt 0.042924 0.493451
vt 0.042820 0.493437
vt 0.050135 0.496270
vt 0.050135 0.495968
vt 0.492606 0.496069
vt 0.129153 0.495731
vt 0.002901 0.495803
vt 0.130207 0.495732
vt 0.130208 0.496051
vt 0.003958 0.495459
vt 0.003849 0.495449
vt 0.075690 0.496267
vt 0.493655 0.495730
vt 0.128889 0.495731
vt 0.000265 0.496148
vt 0.129417 0.495731
vt 0.002111 0.495803
vt 0.024205 0.495688
vt 0.000793 0.496148
vt 0.129153 0.496054
vt 0.005275 0.495801
vt 0.129944 0.495732
vt 0.129944 0.496051
vt 0.003693 0.495459
vt 0.003584 0.495448
vt 0.013213 0.496202
vt 0.004751 0.495804
vt 0.129680 0.495732
vt 0.129681 0.496051
vt 0.004222 0.495786
vt 0.004331 0.495797
vt 0.024204 0.496012
vt 0.024204 0.496332
vt 0.046599 0.495573
vt 0.027956 0.495890
vt 0.031954 0.496266
vt 0.003958 0.495800
vt 0.038346 0.495950
vt 0.002373 0.495803
vt 0.480582 0.475201
vt 0.157045 0.496235
vt 0.035698 0.495928
vt 0.155997 0.495914
vt 0.156856 0.493324
vt 0.157003 0.493325
vt 0.003693 0.495446
vt 0.003428 0.495446
vt 0.004487 0.495800
vt 0.005414 0.495446
vt 0.042817 0.493842
vt 0.480582 0.474423
vt 0.005414 0.495798
vt 0.004485 0.495446
vt 0.003428 0.495800
vt 0.001055 0.495809
vt 0.003693 0.495800
vt 0.001847 0.495803
vt 0.480582 0.475202
vt 0.043081 0.493445
vt 0.031426 0.495937
vt 0.128889 0.496051
vt 0.075955 0.495948
vt 0.128625 0.496051
vt 0.023942 0.496009
vt 0.128892 0.496376
vt 0.013478 0.495877
vt 0.028221 0.495571
s 1
usemtl マテリアル
f 520/956/447 516/957/448 517/958/449
f 518/959/450 520/956/447 736/960/451
f 518/961/450 631/962/452 519/963/453
f 524/964/454 518/961/450 519/963/453
f 521/965/455 518/961/450 524/964/454
f 523/966/456 526/967/457 738/968/458
f 523/966/456 525/969/459 526/967/457
f 526/967/457 631/970/452 623/971/460
f 837/972/461 529/973/462 629/974/463
f 530/975/464 630/976/465 529/977/462
f 836/978/466 531/979/467 530/975/464
f 833/980/468 532/981/469 633/982/470
f 534/983/471 634/984/472 532/985/469
f 830/986/473 536/987/474 535/988/475
f 538/989/476 705/990/477 536/991/474
f 537/992/478 539/993/479 538/989/476
f 541/994/480 702/995/481 540/996/482
f 826/997/483 542/998/484 541/994/480
f 823/999/485 543/1000/486 700/1001/487
f 545/1002/488 699/1003/489 543/1004/486
f 544/1005/490 697/1006/491 545/1002/488
f 548/1007/480 696/1008/492 547/1009/493
f 819/1010/494 549/1011/484 548/1007/480
f 816/1012/485 550/1013/495 694/1014/487
f 552/1015/496 693/1016/497 550/1017/495
f 556/1018/498 690/1019/499 554/1020/500
f 810/1021/501 558/1022/502 557/1023/503
f 560/1024/471 687/1025/499 558/1026/502
f 564/1027/504 684/1028/505 562/1029/506
f 568/1030/504 681/1031/505 566/1032/506
f 571/1033/480 678/1034/507 570/1035/493
f 800/1036/494 572/1037/484 571/1033/480
f 797/1038/468 573/1039/495 676/1040/487
f 575/1041/471 675/1042/508 573/1043/495
f 579/1044/504 672/1045/509 577/1046/506
f 786/1047/510 585/1048/511 584/1049/512
f 784/1050/513 586/1051/514 662/1052/515
f 587/1053/516 588/1054/517 661/1055/518
f 781/1056/519 589/1057/520 660/1058/521
f 780/1059/522 658/1060/523 659/1061/524
f 773/1062/525 593/1063/526 592/1064/527
f 594/1065/528 595/1066/529 655/1067/530
f 770/1068/531 596/1069/532 654/1070/533
f 597/1071/534 652/1072/535 653/1073/536
f 763/1074/537 603/1075/538 649/1076/539
f 760/1077/540 604/1078/514 648/1079/541
f 605/1080/542 606/1081/543 647/1082/530
f 757/1083/544 607/1084/545 646/1085/546
f 753/1086/547 609/1087/526 608/1088/527
f 610/1089/548 611/1090/543 643/1091/549
f 749/1092/550 613/1093/551 641/1094/552
f 746/1095/553 614/1096/554 640/1097/541
f 743/1098/555 617/1099/556 616/1100/557
f 740/1101/558 622/1102/559 636/1103/560
f 631/1104/452 736/1105/451 630/1106/465
f 624/1107/561 517/1108/449 626/1109/562
f 528/1110/563 626/1111/562 625/1112/564
f 623/1113/460 631/1104/452 630/1106/465
f 635/1114/565 623/1113/460 634/1115/472
f 636/1103/560 635/1116/565 709/1117/566
f 619/1118/567 708/1119/568 637/1120/569
f 616/1100/557 708/1121/568 710/1122/570
f 638/1123/571 711/1124/572 639/1125/573
f 640/1097/541 711/1126/572 712/1127/574
f 613/1093/551 713/1128/575 641/1094/552
f 642/1129/576 713/1130/575 714/1131/577
f 611/1090/543 715/1132/578 643/1091/549
f 608/1088/527 715/1133/578 716/1134/579
f 644/1135/580 717/1136/581 645/1137/582
f 646/1085/546 717/1138/581 718/1139/583
f 606/1081/543 719/1140/584 647/1082/530
f 648/1079/541 719/1141/584 720/1142/585
f 603/1075/538 721/1143/586 649/1076/539
f 601/1144/587 721/1145/586 722/1146/588
f 650/1147/589 723/1148/590 651/1149/591
f 598/1150/592 723/1151/590 724/1152/593
f 652/1072/535 725/1153/594 653/1073/536
f 654/1070/533 725/1154/594 726/1155/595
f 595/1066/529 727/1156/596 655/1067/530
f 592/1064/527 727/1157/596 728/1158/597
f 656/1159/598 729/1160/599 657/1161/600
f 658/1060/523 731/1162/594 659/1061/524
f 660/1058/521 731/1163/594 732/1164/601
f 588/1054/517 733/1165/602 661/1055/518
f 662/1052/515 733/1166/602 734/1167/603
f 584/1049/512 663/1168/604 664/1169/605
f 663/1170/604 735/1171/606 666/1172/607
f 663/1170/604 666/1172/607 665/1173/608
f 709/1174/566 634/1115/472 707/1175/609
f 708/1176/568 709/1174/566 705/1177/477
f 709/1174/566 635/1114/565 634/1115/472
f 710/1178/570 708/1176/568 705/1177/477
f 711/1179/572 710/1178/570 702/1180/481
f 712/1181/574 711/1179/572 702/1180/481
f 714/1182/577 713/1183/575 699/1184/489
f 715/1185/578 714/1182/577 696/1186/492
f 716/1187/579 715/1185/578 696/1186/492
f 717/1188/581 716/1187/579 693/1189/497
f 718/1190/583 692/1191/610 690/1192/499
f 718/1190/583 693/1189/497 692/1191/610
f 719/1193/584 718/1190/583 690/1192/499
f 720/1194/585 719/1193/584 690/1192/499
f 721/1195/586 720/1194/585 687/1196/499
f 726/1197/595 725/1198/594 681/1199/505
f 727/1200/596 726/1197/595 678/1201/507
f 728/1202/597 727/1200/596 678/1201/507
f 729/1203/599 728/1202/597 677/1204/611
f 731/1205/594 730/1206/612 672/1207/509
f 732/1208/601 672/1207/509 671/1209/613
f 733/1210/602 732/1208/601 669/1211/614
f 734/1212/603 733/1210/602 669/1211/614
f 735/1171/606 734/1212/603 666/1172/607
f 736/1105/451 624/1107/561 627/1213/615
f 740/1101/558 636/1103/560 741/1214/616
f 743/1098/555 616/1100/557 745/1215/617
f 746/1095/553 640/1097/541 747/1216/618
f 748/1217/619 613/1093/551 749/1092/550
f 751/1218/620 611/1090/543 610/1089/548
f 753/1086/547 608/1088/527 755/1219/621
f 757/1083/544 646/1085/546 759/1220/622
f 758/1221/623 606/1081/543 605/1080/542
f 760/1077/540 648/1079/541 761/1222/624
f 762/1223/625 603/1075/538 763/1074/537
f 768/1224/626 652/1072/535 597/1071/534
f 770/1068/531 654/1070/533 771/1225/624
f 772/1226/627 595/1066/529 594/1065/528
f 773/1062/525 592/1064/527 775/1227/621
f 779/1228/550 658/1060/523 780/1059/522
f 781/1056/519 660/1058/521 782/1229/628
f 783/1230/629 588/1054/517 587/1053/516
f 784/1050/513 662/1052/515 785/1231/630
f 664/1232/605 665/1233/608 840/1234/631
f 797/1038/468 676/1040/487 798/1235/632
f 799/1236/633 572/1037/484 800/1036/494
f 810/1021/501 557/1023/503 812/1237/634
f 816/1012/485 694/1014/487 817/1238/635
f 818/1239/636 549/1011/484 819/1010/494
f 821/1240/637 697/1006/491 544/1005/490
f 823/999/485 700/1001/487 824/1241/632
f 825/1242/633 542/998/484 826/997/483
f 828/1243/638 539/993/479 537/992/478
f 830/986/473 535/988/475 832/1244/634
f 833/980/468 633/982/470 834/1245/635
f 835/1246/639 531/979/467 836/978/466
f 527/1247/640 839/1248/641 528/1110/563
f 527/1247/640 528/1110/563 625/1112/564
f 527/1249/640 516/957/448 515/1250/642
f 624/1251/561 520/956/447 517/958/449
f 736/960/451 520/956/447 624/1251/561
f 518/961/450 736/1252/451 631/962/452
f 526/967/457 525/969/459 631/970/452
f 533/1253/643 706/1254/644 534/983/471
f 827/1255/645 540/1256/482 703/1257/646
f 820/1258/647 547/1259/493 546/1260/648
f 551/1261/649 691/1262/650 552/1015/496
f 555/1263/651 554/1264/500 553/1265/652
f 813/1266/653 688/1267/654 556/1018/498
f 559/1268/655 685/1269/656 560/1024/471
f 807/1270/657 562/1271/506 561/1272/475
f 563/1273/658 682/1274/659 564/1027/504
f 804/1275/660 566/1276/506 565/1277/503
f 567/1278/661 679/1279/656 568/1030/504
f 801/1280/647 570/1281/493 569/1282/662
f 574/1283/655 673/1284/656 575/1041/471
f 794/1285/663 577/1286/506 576/1287/503
f 578/1288/658 670/1289/664 579/1044/504
f 791/1290/665 582/1291/666 580/1292/667
f 582/1291/666 581/1293/668 669/1294/614
f 790/1295/669 667/1296/670 581/1297/668
f 840/1298/631 665/1299/608 583/1300/671
f 777/1301/672 591/1302/673 590/1303/674
f 776/1304/675 656/1159/598 657/1161/600
f 767/1305/676 599/1306/677 598/1150/592
f 600/1307/678 650/1147/589 651/1149/591
f 764/1308/679 602/1309/680 601/1144/587
f 756/1310/681 644/1135/580 645/1137/582
f 750/1311/682 612/1312/683 642/1129/576
f 615/1313/684 638/1123/571 639/1125/573
f 618/1314/685 619/1118/567 637/1120/569
f 739/1315/686 621/1316/687 620/1317/688
f 636/1103/560 622/1102/559 635/1116/565
f 626/1111/562 528/1110/563 627/1318/615
f 516/1319/448 626/1109/562 517/1108/449
f 516/1319/448 625/1320/564 626/1109/562
f 627/1213/615 624/1107/561 626/1109/562
f 632/1321/689 623/1113/460 630/1106/465
f 634/1115/472 623/1113/460 632/1321/689
f 619/1118/567 709/1322/566 708/1119/568
f 616/1100/557 617/1099/556 708/1121/568
f 710/1122/570 638/1323/571 616/1100/557
f 638/1123/571 710/1324/570 711/1124/572
f 640/1097/541 614/1096/554 711/1126/572
f 613/1093/551 712/1325/574 713/1128/575
f 642/1129/576 612/1312/683 713/1130/575
f 611/1090/543 714/1326/577 715/1132/578
f 608/1088/527 609/1087/526 715/1133/578
f 716/1134/579 644/1327/580 608/1088/527
f 644/1135/580 716/1328/579 717/1136/581
f 646/1085/546 607/1084/545 717/1138/581
f 606/1081/543 718/1329/583 719/1140/584
f 648/1079/541 604/1078/514 719/1141/584
f 603/1075/538 720/1330/585 721/1143/586
f 601/1144/587 602/1309/680 721/1145/586
f 722/1146/588 650/1331/589 601/1144/587
f 650/1147/589 722/1332/588 723/1148/590
f 598/1150/592 599/1306/677 723/1151/590
f 652/1072/535 724/1333/593 725/1153/594
f 654/1070/533 596/1069/532 725/1154/594
f 595/1066/529 726/1334/595 727/1156/596
f 592/1064/527 593/1063/526 727/1157/596
f 728/1158/597 656/1335/598 592/1064/527
f 656/1159/598 728/1336/597 729/1160/599
f 658/1060/523 730/1337/612 731/1162/594
f 660/1058/521 589/1057/520 731/1163/594
f 588/1054/517 732/1338/601 733/1165/602
f 662/1052/515 586/1051/514 733/1166/602
f 663/1168/604 584/1049/512 735/1339/606
f 664/1340/605 663/1170/604 665/1173/608
f 583/1300/671 665/1299/608 666/1341/607
f 580/1292/667 671/1342/613 670/1343/664
f 576/1287/503 674/1344/690 673/1345/656
f 569/1282/662 680/1346/691 679/1347/656
f 565/1277/503 683/1348/692 682/1349/659
f 561/1272/475 686/1350/691 685/1351/656
f 557/1023/503 689/1352/692 688/1353/654
f 553/1265/652 692/1354/610 691/1355/650
f 546/1260/648 698/1356/693 697/1357/491
f 535/988/475 707/1358/609 706/1359/644
f 705/1177/477 709/1174/566 707/1175/609
f 704/1360/694 710/1178/570 705/1177/477
f 702/1180/481 710/1178/570 704/1360/694
f 699/1184/489 712/1181/574 701/1361/695
f 701/1361/695 712/1181/574 702/1180/481
f 699/1184/489 713/1183/575 712/1181/574
f 696/1186/492 714/1182/577 698/1362/693
f 698/1362/693 714/1182/577 699/1184/489
f 695/1363/696 716/1187/579 696/1186/492
f 718/1190/583 717/1188/581 693/1189/497
f 689/1364/692 720/1194/585 690/1192/499
f 722/1365/588 721/1195/586 687/1196/499
f 687/1196/499 720/1194/585 689/1364/692
f 684/1366/505 722/1365/588 686/1367/691
f 686/1367/691 722/1365/588 687/1196/499
f 724/1368/593 723/1369/590 684/1366/505
f 684/1366/505 723/1369/590 722/1365/588
f 683/1370/692 724/1368/593 684/1366/505
f 681/1199/505 725/1198/594 724/1368/593
f 681/1199/505 724/1368/593 683/1370/692
f 678/1201/507 726/1197/595 680/1371/691
f 680/1371/691 726/1197/595 681/1199/505
f 677/1204/611 728/1202/597 678/1201/507
f 675/1372/508 729/1203/599 677/1204/611
f 730/1206/612 729/1203/599 675/1372/508
f 674/1373/690 730/1206/612 675/1372/508
f 672/1207/509 730/1206/612 674/1373/690
f 732/1208/601 731/1205/594 672/1207/509
f 669/1211/614 732/1208/601 671/1209/613
f 666/1172/607 734/1212/603 668/1374/697
f 668/1374/697 734/1212/603 669/1211/614
f 628/1375/698 736/1105/451 627/1213/615
f 630/1106/465 736/1105/451 628/1375/698
f 739/1315/686 737/1376/699 621/1316/687
f 618/1314/685 742/1377/700 619/1118/567
f 615/1313/684 744/1378/701 638/1123/571
f 752/1379/702 750/1311/682 642/1129/576
f 756/1310/681 754/1380/703 644/1135/580
f 766/1381/704 764/1308/679 601/1144/587
f 600/1307/678 765/1382/705 650/1147/589
f 769/1383/706 767/1305/676 598/1150/592
f 658/1384/523 778/1385/707 590/1303/674
f 776/1304/675 774/1386/703 656/1159/598
f 778/1385/707 777/1301/672 590/1303/674
f 787/1387/708 786/1047/510 664/1169/605
f 840/1298/631 583/1300/671 789/1388/709
f 790/1295/669 788/1389/710 667/1296/670
f 793/1390/711 791/1290/665 580/1292/667
f 578/1288/658 792/1391/712 670/1289/664
f 796/1392/713 794/1285/663 576/1287/503
f 574/1283/655 795/1393/714 673/1284/656
f 803/1394/715 801/1280/647 569/1282/662
f 567/1278/661 802/1395/716 679/1279/656
f 806/1396/713 804/1275/660 565/1277/503
f 563/1273/658 805/1397/717 682/1274/659
f 809/1398/713 807/1270/657 561/1272/475
f 559/1268/655 808/1399/718 685/1269/656
f 813/1266/653 811/1400/719 688/1267/654
f 815/1401/720 555/1263/651 553/1265/652
f 551/1261/649 814/1402/721 691/1262/650
f 822/1403/722 820/1258/647 546/1260/648
f 829/1404/723 827/1255/645 703/1257/646
f 533/1253/643 831/1405/714 706/1254/644
f 837/972/461 629/974/463 838/1406/724
f 527/1249/640 625/1407/564 516/957/448
f 526/1408/457 623/1409/460 621/1316/687
f 532/981/469 833/980/468 533/1410/643
f 536/987/474 830/986/473 537/1411/478
f 543/1000/486 823/999/485 544/1412/490
f 550/1013/495 816/1012/485 551/1413/649
f 558/1022/502 810/1021/501 559/1414/655
f 562/1271/506 807/1270/657 563/1415/658
f 566/1276/506 804/1275/660 567/1416/661
f 573/1039/495 797/1038/468 574/1417/655
f 577/1286/506 794/1285/663 578/1418/658
f 790/1295/669 581/1297/668 791/1419/665
f 589/1057/520 781/1056/519 659/1420/524
f 780/1059/522 659/1061/524 781/1421/519
f 591/1302/673 777/1301/672 657/1422/600
f 657/1161/600 777/1423/672 776/1304/675
f 602/1309/680 764/1308/679 649/1424/539
f 763/1074/537 649/1076/539 764/1425/679
f 645/1137/582 757/1426/544 756/1310/681
f 612/1312/683 750/1311/682 641/1427/552
f 641/1094/552 750/1428/682 749/1092/550
f 620/1317/688 635/1429/565 622/1430/559
f 636/1431/560 709/1322/566 619/1118/567
f 640/1432/541 712/1325/574 613/1093/551
f 642/1433/576 714/1326/577 611/1090/543
f 646/1434/546 718/1329/583 606/1081/543
f 648/1435/541 720/1330/585 603/1075/538
f 654/1436/533 726/1334/595 595/1066/529
f 660/1437/521 732/1338/601 588/1054/517
f 735/1339/606 584/1049/512 585/1048/511
f 738/968/458 526/967/457 737/1438/699
f 526/1408/457 621/1316/687 737/1376/699
f 752/1379/702 642/1129/576 751/1439/620
f 751/1218/620 642/1433/576 611/1090/543
f 759/1220/622 646/1085/546 758/1440/623
f 758/1221/623 646/1434/546 606/1081/543
f 829/1404/723 703/1257/646 828/1441/638
f 828/1243/638 703/1442/646 539/993/479
f 520/956/447 515/1250/642 516/957/448
f 518/959/450 522/1443/725 520/956/447
f 525/969/459 519/1444/453 631/970/452
f 524/1445/454 525/969/459 523/966/456
f 529/977/462 836/978/466 530/975/464
f 540/996/482 826/997/483 541/994/480
f 533/1253/643 534/983/471 532/985/469
f 537/992/478 538/989/476 536/991/474
f 547/1009/493 819/1010/494 548/1007/480
f 544/1005/490 545/1002/488 543/1004/486
f 554/1020/500 813/1266/653 556/1018/498
f 551/1261/649 552/1015/496 550/1017/495
f 570/1035/493 800/1036/494 571/1033/480
f 559/1268/655 560/1024/471 558/1026/502
f 563/1273/658 564/1027/504 562/1029/506
f 567/1278/661 568/1030/504 566/1032/506
f 587/1446/516 586/1051/514 784/1050/513
f 574/1283/655 575/1041/471 573/1043/495
f 578/1288/658 579/1044/504 577/1046/506
f 581/1293/668 582/1291/666 791/1290/665
f 594/1447/528 593/1063/526 773/1062/525
f 597/1448/534 596/1069/532 770/1068/531
f 600/1449/678 599/1306/677 767/1305/676
f 605/1450/542 604/1078/514 760/1077/540
f 610/1451/548 609/1087/526 753/1086/547
f 645/1452/582 607/1084/545 757/1083/544
f 615/1453/684 614/1096/554 746/1095/553
f 618/1454/685 617/1099/556 743/1098/555
f 740/1455/558 620/1317/688 622/1430/559
f 635/1429/565 621/1316/687 623/1409/460
f 627/1318/615 629/1456/463 628/1457/698
f 531/979/467 630/976/465 530/975/464
f 629/974/463 630/1458/465 628/1459/698
f 534/983/471 707/1460/609 634/984/472
f 632/1461/689 531/979/467 633/1462/470
f 633/982/470 634/1463/472 632/1464/689
f 729/1465/599 590/1303/674 591/1302/673
f 617/1099/556 637/1466/569 708/1121/568
f 614/1096/554 639/1467/573 711/1126/572
f 612/1312/683 641/1427/552 713/1130/575
f 609/1087/526 643/1468/549 715/1133/578
f 607/1084/545 645/1452/582 717/1138/581
f 604/1078/514 647/1469/530 719/1141/584
f 602/1309/680 649/1424/539 721/1145/586
f 599/1306/677 651/1470/591 723/1151/590
f 652/1471/535 598/1150/592 724/1152/593
f 596/1069/532 653/1472/536 725/1154/594
f 593/1063/526 655/1473/530 727/1157/596
f 585/1048/511 734/1474/603 735/1339/606
f 591/1302/673 657/1422/600 729/1465/599
f 658/1384/523 590/1303/674 730/1475/612
f 589/1057/520 659/1420/524 731/1163/594
f 586/1051/514 661/1476/518 733/1166/602
f 667/1477/670 666/1341/607 668/1478/697
f 669/1479/614 667/1296/670 668/1480/697
f 580/1292/667 669/1294/614 671/1342/613
f 579/1044/504 671/1481/613 672/1045/509
f 576/1287/503 672/1482/509 674/1344/690
f 575/1041/471 674/1483/690 675/1042/508
f 676/1040/487 675/1484/508 677/1485/611
f 572/1037/484 678/1034/507 571/1033/480
f 677/1486/611 572/1037/484 676/1487/487
f 569/1282/662 678/1488/507 680/1346/691
f 568/1030/504 680/1489/691 681/1031/505
f 565/1277/503 681/1490/505 683/1348/692
f 564/1027/504 683/1491/692 684/1028/505
f 561/1272/475 684/1492/505 686/1350/691
f 560/1024/471 686/1493/691 687/1025/499
f 557/1023/503 687/1494/499 689/1352/692
f 556/1018/498 689/1495/692 690/1019/499
f 553/1265/652 690/1496/499 692/1354/610
f 552/1015/496 692/1497/610 693/1016/497
f 694/1014/487 693/1498/497 695/1499/696
f 549/1011/484 696/1008/492 548/1007/480
f 695/1500/696 549/1011/484 694/1501/487
f 546/1260/648 696/1502/492 698/1356/693
f 545/1002/488 698/1503/693 699/1003/489
f 700/1001/487 699/1504/489 701/1505/695
f 542/998/484 702/995/481 541/994/480
f 701/1506/695 542/998/484 700/1507/487
f 703/1257/646 702/1508/481 704/1509/694
f 539/993/479 705/990/477 538/989/476
f 704/1510/694 539/993/479 703/1442/646
f 535/988/475 705/1511/477 707/1358/609
f 716/1187/579 695/1363/696 693/1189/497
f 636/1431/560 742/1377/700 741/1512/616
f 744/1513/701 616/1100/557 638/1323/571
f 640/1432/541 748/1217/619 747/1514/618
f 754/1515/703 608/1088/527 644/1327/580
f 648/1435/541 762/1223/625 761/1516/624
f 650/1331/589 766/1381/704 601/1144/587
f 652/1471/535 769/1383/706 598/1150/592
f 654/1436/533 772/1226/627 771/1517/624
f 774/1460/703 592/1064/527 656/1335/598
f 779/1228/550 778/1518/707 658/1060/523
f 588/1054/517 782/1519/628 660/1437/521
f 585/1048/511 785/1520/630 662/1521/515
f 667/1477/670 789/1388/709 583/1300/671
f 664/1169/605 786/1047/510 584/1049/512
f 670/1343/664 793/1390/711 580/1292/667
f 673/1345/656 796/1392/713 576/1287/503
f 676/1487/487 799/1236/633 798/1522/632
f 679/1347/656 803/1394/715 569/1282/662
f 682/1349/659 806/1396/713 565/1277/503
f 685/1351/656 809/1398/713 561/1272/475
f 688/1353/654 812/1237/634 557/1023/503
f 691/1355/650 815/1401/720 553/1265/652
f 694/1501/487 818/1239/636 817/1523/635
f 697/1357/491 822/1403/722 546/1260/648
f 700/1507/487 825/1242/633 824/1524/632
f 706/1359/644 832/1244/634 535/988/475
f 633/1462/470 835/1246/639 834/1525/635
f 629/1456/463 839/1248/641 838/1526/724
f 520/956/447 522/1443/725 515/1250/642
f 518/959/450 521/1527/455 522/1443/725
f 524/1445/454 519/1444/453 525/969/459
f 529/977/462 837/1528/461 836/978/466
f 540/996/482 827/1529/645 826/997/483
f 547/1009/493 820/1530/647 819/1010/494
f 554/1020/500 555/1531/651 813/1266/653
f 570/1035/493 801/1532/647 800/1036/494
f 587/1446/516 661/1476/518 586/1051/514
f 594/1447/528 655/1473/530 593/1063/526
f 597/1448/534 653/1472/536 596/1069/532
f 600/1449/678 651/1470/591 599/1306/677
f 605/1450/542 647/1469/530 604/1078/514
f 610/1451/548 643/1468/549 609/1087/526
f 615/1453/684 639/1467/573 614/1096/554
f 618/1454/685 637/1466/569 617/1099/556
f 740/1455/558 739/1315/686 620/1317/688
f 635/1429/565 620/1317/688 621/1316/687
f 627/1318/615 528/1110/563 629/1456/463
f 531/979/467 632/1461/689 630/976/465
f 629/974/463 529/973/462 630/1458/465
f 534/983/471 706/1254/644 707/1460/609
f 633/982/470 532/981/469 634/1463/472
f 729/1465/599 730/1475/612 590/1303/674
f 585/1048/511 662/1521/515 734/1474/603
f 667/1477/670 583/1300/671 666/1341/607
f 669/1479/614 581/1297/668 667/1296/670
f 580/1292/667 582/1291/666 669/1294/614
f 579/1044/504 670/1289/664 671/1481/613
f 576/1287/503 577/1286/506 672/1482/509
f 575/1041/471 673/1284/656 674/1483/690
f 676/1040/487 573/1039/495 675/1484/508
f 572/1037/484 677/1486/611 678/1034/507
f 569/1282/662 570/1281/493 678/1488/507
f 568/1030/504 679/1279/656 680/1489/691
f 565/1277/503 566/1276/506 681/1490/505
f 564/1027/504 682/1274/659 683/1491/692
f 561/1272/475 562/1271/506 684/1492/505
f 560/1024/471 685/1269/656 686/1493/691
f 557/1023/503 558/1022/502 687/1494/499
f 556/1018/498 688/1267/654 689/1495/692
f 553/1265/652 554/1264/500 690/1496/499
f 552/1015/496 691/1262/650 692/1497/610
f 694/1014/487 550/1013/495 693/1498/497
f 549/1011/484 695/1500/696 696/1008/492
f 546/1260/648 547/1259/493 696/1502/492
f 545/1002/488 697/1006/491 698/1503/693
f 700/1001/487 543/1000/486 699/1504/489
f 542/998/484 701/1506/695 702/995/481
f 703/1257/646 540/1256/482 702/1508/481
f 539/993/479 704/1510/694 705/990/477
f 535/988/475 536/987/474 705/1511/477
f 636/1431/560 619/1118/567 742/1377/700
f 744/1513/701 745/1215/617 616/1100/557
f 640/1432/541 613/1093/551 748/1217/619
f 754/1515/703 755/1219/621 608/1088/527
f 648/1435/541 603/1075/538 762/1223/625
f 650/1331/589 765/1533/705 766/1381/704
f 652/1471/535 768/1534/626 769/1383/706
f 654/1436/533 595/1066/529 772/1226/627
f 774/1460/703 775/1227/621 592/1064/527
f 588/1054/517 783/1230/629 782/1519/628
f 585/1048/511 786/1047/510 785/1520/630
f 667/1477/670 788/1535/710 789/1388/709
f 670/1343/664 792/1536/712 793/1390/711
f 673/1345/656 795/1537/714 796/1392/713
f 676/1487/487 572/1037/484 799/1236/633
f 679/1347/656 802/1538/716 803/1394/715
f 682/1349/659 805/1539/717 806/1396/713
f 685/1351/656 808/1148/718 809/1398/713
f 688/1353/654 811/1540/719 812/1237/634
f 691/1355/650 814/1541/721 815/1401/720
f 694/1501/487 549/1011/484 818/1239/636
f 697/1357/491 821/1542/637 822/1403/722
f 700/1507/487 542/998/484 825/1242/633
f 706/1359/644 831/1543/714 832/1244/634
f 633/1462/470 531/979/467 835/1246/639
f 629/1456/463 528/1110/563 839/1248/641
o 円柱.033
v 1.206057 -75.443001 -45.176907
v 1.206057 16.294598 -45.176910
v 7.053273 -75.443001 -44.601009
v 7.053273 16.294598 -44.601013
v 12.675785 -75.443001 -42.895435
v 12.675785 16.294598 -42.895439
v 17.857519 -75.443001 -40.125744
v 17.857519 16.294598 -40.125748
v 22.399349 -75.443001 -36.398357
v 22.399349 16.294600 -36.398361
v 26.126732 -75.443001 -31.856527
v 26.126732 16.294600 -31.856535
v 28.896427 -75.443001 -26.674793
v 28.896427 16.294600 -26.674801
v 30.601997 -75.443001 -21.052280
v 30.601997 16.294600 -21.052288
v 31.177898 -75.443001 -15.205064
v 31.177898 16.294600 -15.205070
v 30.601997 -75.443001 -9.357849
v 30.601997 16.294601 -9.357856
v 28.896427 -75.443001 -3.735336
v 28.896427 16.294601 -3.735343
v 26.126732 -75.443001 1.446398
v 26.126732 16.294601 1.446391
v 22.399349 -75.443001 5.988228
v 22.399349 16.294601 5.988221
v 17.857519 -75.443001 9.715611
v 17.857519 16.294601 9.715604
v 12.675785 -75.443001 12.485306
v 12.675785 16.294601 12.485299
v 7.053273 -75.443001 14.190876
v 7.053273 16.294603 14.190869
v 1.206057 -75.443001 14.766777
v 1.206057 16.294603 14.766770
v -4.641160 -75.443001 14.190876
v -4.641160 16.294603 14.190869
v -10.263672 -75.443001 12.485306
v -10.263672 16.294601 12.485299
v -15.445406 -75.443001 9.715611
v -15.445406 16.294601 9.715604
v -19.987236 -75.443001 5.988228
v -19.987236 16.294601 5.988221
v -23.714619 -75.443001 1.446398
v -23.714619 16.294601 1.446391
v -26.484314 -75.443001 -3.735336
v -26.484314 16.294601 -3.735343
v -28.189884 -75.443001 -9.357849
v -28.189884 16.294601 -9.357856
v -28.765785 -75.443001 -15.205064
v -28.765785 16.294600 -15.205070
v -28.189884 -75.443001 -21.052280
v -28.189884 16.294600 -21.052288
v -26.484314 -75.443001 -26.674793
v -26.484314 16.294600 -26.674801
v -23.714619 -75.443001 -31.856527
v -23.714619 16.294600 -31.856535
v -19.987236 -75.443001 -36.398357
v -19.987236 16.294600 -36.398361
v -15.445406 -75.443001 -40.125744
v -15.445406 16.294598 -40.125748
v -10.263672 -75.443001 -42.895435
v -10.263672 16.294598 -42.895439
v -4.641160 -75.443001 -44.601009
v -4.641160 16.294598 -44.601013
v -16.727324 16.294600 -14.078732
v -15.339203 16.294601 -7.100192
v -16.376926 16.294601 -10.521104
v -16.376926 16.294600 -17.636364
v -13.654035 16.294601 -3.947461
v -13.654035 16.294600 -24.210005
v -15.339203 16.294600 -21.057276
v -11.386179 16.294600 -26.973394
v -8.622788 16.294601 1.083785
v -8.622788 16.294600 -29.241251
v -2.049146 16.294600 -31.964144
v 5.066113 16.294600 -31.964144
v 1.508483 16.294600 -32.314537
v -5.470058 16.294600 -30.926420
v -11.386179 16.294601 -1.184071
v -5.470058 16.294601 2.768954
v 1.508483 16.294601 4.157073
v 5.066113 16.294601 3.806676
v -2.049146 16.294601 3.806676
v 8.487024 16.294601 2.768954
v 11.639754 16.294600 -29.241251
v 11.639754 16.294601 1.083785
v 8.487024 16.294600 -30.926420
v 16.671001 16.294600 -24.210005
v 16.671001 16.294601 -3.947461
v 14.403145 16.294600 -26.973394
v 19.744289 16.294600 -14.078732
v 19.393892 16.294600 -17.636364
v 18.356169 16.294601 -7.100192
v 19.393892 16.294601 -10.521104
v 18.356169 16.294600 -21.057276
v 14.403145 16.294601 -1.184071
v -2.049146 -75.443001 -31.964136
v 1.508483 -75.443001 -32.314533
v 5.066113 -75.443001 -31.964136
v 8.487024 -75.443001 2.768961
v 11.639754 -75.443001 1.083792
v 8.487024 -75.443001 -30.926413
v 5.066113 -75.443001 3.806683
v 11.639754 -75.443001 -29.241243
v 16.671001 -75.443001 -24.209997
v 16.671001 -75.443001 -3.947454
v 14.403145 -75.443001 -26.973387
v 19.744289 -75.443001 -14.078726
v 19.393892 -75.443001 -17.636356
v 18.356169 -75.443001 -7.100184
v 19.393892 -75.443001 -10.521097
v 18.356169 -75.443001 -21.057268
v 14.403145 -75.443001 -1.184064
v -16.727324 -75.443001 -14.078726
v -15.339203 -75.443001 -7.100184
v -16.376926 -75.443001 -10.521097
v -16.376926 -75.443001 -17.636356
v -13.654035 -75.443001 -3.947454
v -13.654035 -75.443001 -24.209997
v -11.386179 -75.443001 -1.184064
v -15.339203 -75.443001 -21.057268
v -5.470058 -75.443001 -30.926413
v -8.622788 -75.443001 1.083792
v -8.622788 -75.443001 -29.241243
v 1.508483 -75.443001 4.157080
v -2.049146 -75.443001 3.806683
v -5.470058 -75.443001 2.768961
v -11.386179 -75.443001 -26.973387
vn 0.0980 -0.0000 -0.9952
vn 0.2903 -0.0000 -0.9569
vn 0.4714 -0.0000 -0.8819
vn 0.6344 -0.0000 -0.7730
vn 0.7730 -0.0000 -0.6344
vn 0.8819 -0.0000 -0.4714
vn 0.9569 -0.0000 -0.2903
vn 0.9952 -0.0000 -0.0980
vn 0.9952 -0.0000 0.0980
vn 0.9569 -0.0000 0.2903
vn 0.8819 -0.0000 0.4714
vn 0.7730 -0.0000 0.6344
vn 0.6344 -0.0000 0.7730
vn 0.4714 -0.0000 0.8819
vn 0.2903 -0.0000 0.9569
vn 0.0980 -0.0000 0.9952
vn -0.0980 -0.0000 0.9952
vn -0.2903 -0.0000 0.9569
vn -0.4714 -0.0000 0.8819
vn -0.6344 -0.0000 0.7730
vn -0.7730 -0.0000 0.6344
vn -0.8819 -0.0000 0.4714
vn -0.9569 -0.0000 0.2903
vn -0.9952 -0.0000 0.0980
vn -0.9952 -0.0000 -0.0980
vn -0.9569 -0.0000 -0.2903
vn -0.8819 -0.0000 -0.4714
vn -0.7730 -0.0000 -0.6344
vn -0.6344 -0.0000 -0.7730
vn -0.4714 -0.0000 -0.8819
vn -0.0000 1.0000 -0.0000
vn -0.2903 -0.0000 -0.9569
vn -0.0980 -0.0000 -0.9952
vn -0.0000 -1.0000 -0.0000
vt 0.525906 0.000000
vt 0.526286 0.613284
vt 0.525906 0.613284
vt 0.526286 0.000000
vt 0.526628 0.613284
vt 0.509085 0.000000
vt 0.509376 0.613284
vt 0.509085 0.613284
vt 0.509376 0.000000
vt 0.509718 0.613284
vt 0.509718 0.000000
vt 0.510098 0.613284
vt 0.510098 0.000000
vt 0.510501 0.613284
vt 0.510501 0.000000
vt 0.510913 0.613284
vt 0.510913 0.000000
vt 0.511316 0.613284
vt 0.511316 0.000000
vt 0.511696 0.613284
vt 0.511696 0.000000
vt 0.512038 0.613284
vt 0.512038 0.000000
vt 0.512329 0.613284
vt 0.526628 0.000000
vt 0.526970 0.613284
vt 0.526970 0.000000
vt 0.527350 0.613284
vt 0.527350 0.000000
vt 0.527753 0.613284
vt 0.527753 0.000000
vt 0.528164 0.613284
vt 0.528164 0.000000
vt 0.528568 0.613284
vt 0.528568 0.000000
vt 0.528948 0.613284
vt 0.528948 0.000000
vt 0.529290 0.613284
vt 0.512329 0.000000
vt 0.512620 0.613284
vt 0.512620 0.000000
vt 0.512962 0.613284
vt 0.512962 0.000000
vt 0.513342 0.613284
vt 0.513342 0.000000
vt 0.513745 0.613284
vt 0.513745 0.000000
vt 0.514156 0.613284
vt 0.514156 0.000000
vt 0.514560 0.613284
vt 0.514560 0.000000
vt 0.514940 0.613284
vt 0.514940 0.000000
vt 0.515282 0.613284
vt 0.515282 0.000000
vt 0.515572 0.613284
vt 0.523966 0.000000
vt 0.524308 0.613284
vt 0.523966 0.613284
vt 0.524308 0.000000
vt 0.524688 0.613284
vt 0.524688 0.000000
vt 0.525091 0.613284
vt 0.149211 0.487367
vt 0.150072 0.490206
vt 0.149518 0.488813
vt 0.147233 0.491067
vt 0.146372 0.488228
vt 0.147075 0.489554
vt 0.525091 0.000000
vt 0.525502 0.613284
vt 0.525502 0.000000
vt 0.154020 0.490548
vt 0.151067 0.490839
vt 0.152570 0.490421
vt 0.150776 0.487886
vt 0.153729 0.487595
vt 0.152320 0.487880
vt 0.549130 0.386716
vt 0.549361 1.000000
vt 0.549130 1.000000
vt 0.548922 0.386716
vt 0.548922 1.000000
vt 0.548745 0.386716
vt 0.548745 1.000000
vt 0.552130 0.386716
vt 0.552338 1.000000
vt 0.552130 1.000000
vt 0.551899 1.000000
vt 0.551899 0.386716
vt 0.551653 1.000000
vt 0.551653 0.386716
vt 0.551403 1.000000
vt 0.551403 0.386716
vt 0.551158 1.000000
vt 0.551158 0.386716
vt 0.550926 1.000000
vt 0.550926 0.386716
vt 0.550718 1.000000
vt 0.550718 0.386716
vt 0.550541 1.000000
vt 0.550541 0.386716
vt 0.554135 0.386716
vt 0.553927 1.000000
vt 0.553927 0.386716
vt 0.553695 1.000000
vt 0.553695 0.386716
vt 0.553450 1.000000
vt 0.553450 0.386716
vt 0.553200 1.000000
vt 0.553200 0.386716
vt 0.552954 1.000000
vt 0.552954 0.386716
vt 0.552723 1.000000
vt 0.552723 0.386716
vt 0.552515 1.000000
vt 0.552515 0.386716
vt 0.552338 0.386716
vt 0.555931 0.386716
vt 0.555723 1.000000
vt 0.555723 0.386716
vt 0.555492 0.386716
vt 0.555492 1.000000
vt 0.555246 0.386716
vt 0.555246 1.000000
vt 0.554996 0.386716
vt 0.554996 1.000000
vt 0.554751 0.386716
vt 0.554751 1.000000
vt 0.554520 0.386716
vt 0.554520 1.000000
vt 0.554312 0.386716
vt 0.554312 1.000000
vt 0.554135 1.000000
vt 0.550333 0.386716
vt 0.550333 1.000000
vt 0.550102 0.386716
vt 0.550102 1.000000
vt 0.549857 0.386716
vt 0.549857 1.000000
vt 0.549606 0.386716
vt 0.549606 1.000000
vt 0.549361 0.386716
vt 0.529290 0.000000
vt 0.515572 0.000000
vt 0.149106 0.488197
vt 0.148898 0.488058
vt 0.149553 0.487595
vt 0.149844 0.487886
vt 0.150072 0.488228
vt 0.150230 0.488608
vt 0.150310 0.489011
vt 0.150310 0.489423
vt 0.150230 0.489826
vt 0.149422 0.489785
vt 0.149518 0.489554
vt 0.149567 0.489309
vt 0.149283 0.488374
vt 0.149422 0.488582
vt 0.149567 0.489058
vt 0.149283 0.489993
vt 0.149844 0.490548
vt 0.149553 0.490839
vt 0.149211 0.491067
vt 0.148831 0.491225
vt 0.148427 0.491305
vt 0.148016 0.491305
vt 0.147613 0.491225
vt 0.146891 0.490839
vt 0.146600 0.490548
vt 0.146372 0.490206
vt 0.146214 0.489826
vt 0.146134 0.489423
vt 0.146134 0.489011
vt 0.146214 0.488608
vt 0.146600 0.487886
vt 0.146891 0.487595
vt 0.147233 0.487367
vt 0.147613 0.487209
vt 0.148016 0.487129
vt 0.148427 0.487129
vt 0.148831 0.487209
vt 0.148667 0.487962
vt 0.148421 0.487913
vt 0.149106 0.490170
vt 0.148898 0.490309
vt 0.148171 0.487913
vt 0.147926 0.487962
vt 0.148667 0.490405
vt 0.147694 0.488058
vt 0.148421 0.490454
vt 0.148171 0.490454
vt 0.147486 0.488197
vt 0.147309 0.488374
vt 0.147926 0.490405
vt 0.147694 0.490309
vt 0.147170 0.488582
vt 0.147075 0.488813
vt 0.147486 0.490170
vt 0.147309 0.489993
vt 0.147026 0.489058
vt 0.147026 0.489309
vt 0.147170 0.489785
vt 0.153432 0.488341
vt 0.153255 0.488164
vt 0.154020 0.487886
vt 0.154248 0.488228
vt 0.154405 0.488608
vt 0.154486 0.489011
vt 0.154486 0.489423
vt 0.154405 0.489826
vt 0.154248 0.490206
vt 0.153729 0.490839
vt 0.153387 0.491067
vt 0.153007 0.491225
vt 0.152603 0.491305
vt 0.152192 0.491305
vt 0.151789 0.491225
vt 0.151409 0.491067
vt 0.150776 0.490548
vt 0.150547 0.490206
vt 0.150390 0.489826
vt 0.150390 0.488608
vt 0.150547 0.488228
vt 0.151458 0.488341
vt 0.151319 0.488549
vt 0.151224 0.488780
vt 0.153571 0.488549
vt 0.153667 0.488780
vt 0.151175 0.489026
vt 0.151175 0.489276
vt 0.153716 0.489026
vt 0.151224 0.489521
vt 0.153716 0.489276
vt 0.153667 0.489521
vt 0.151319 0.489753
vt 0.151458 0.489961
vt 0.153571 0.489753
vt 0.153432 0.489961
vt 0.151635 0.490138
vt 0.151844 0.490277
vt 0.153255 0.490138
vt 0.153047 0.490277
vt 0.152075 0.490372
vt 0.152320 0.490421
vt 0.152816 0.490372
vt 0.151635 0.488164
vt 0.151067 0.487595
vt 0.151409 0.487367
vt 0.151789 0.487209
vt 0.152192 0.487129
vt 0.152603 0.487129
vt 0.153007 0.487209
vt 0.153387 0.487367
vt 0.153047 0.488025
vt 0.152816 0.487929
vt 0.151844 0.488025
vt 0.152075 0.487929
vt 0.152570 0.487880
vt 0.555931 1.000000
s 1
usemtl マテリアル.003
f 842/1544/726 843/1545/726 841/1546/726
f 844/1547/727 845/1548/727 843/1545/727
f 846/1549/728 847/1550/728 845/1551/728
f 848/1552/729 849/1553/729 847/1550/729
f 850/1554/730 851/1555/730 849/1553/730
f 852/1556/731 853/1557/731 851/1555/731
f 854/1558/732 855/1559/732 853/1557/732
f 856/1560/733 857/1561/733 855/1559/733
f 858/1562/734 859/1563/734 857/1561/734
f 860/1564/735 861/1565/735 859/1563/735
f 862/1566/736 863/1567/736 861/1565/736
f 864/1568/737 865/1569/737 863/1548/737
f 866/1570/738 867/1571/738 865/1569/738
f 868/1572/739 869/1573/739 867/1571/739
f 870/1574/740 871/1575/740 869/1573/740
f 872/1576/741 873/1577/741 871/1575/741
f 874/1578/742 875/1579/742 873/1577/742
f 876/1580/743 877/1581/743 875/1579/743
f 878/1582/744 879/1583/744 877/1567/744
f 880/1584/745 881/1585/745 879/1583/745
f 882/1586/746 883/1587/746 881/1585/746
f 884/1588/747 885/1589/747 883/1587/747
f 886/1590/748 887/1591/748 885/1589/748
f 888/1592/749 889/1593/749 887/1591/749
f 890/1594/750 891/1595/750 889/1593/750
f 892/1596/751 893/1597/751 891/1595/751
f 894/1598/752 895/1599/752 893/1597/752
f 896/1600/753 897/1601/753 895/1602/753
f 898/1603/754 899/1604/754 897/1601/754
f 900/1605/755 901/1606/755 899/1604/755
f 878/1607/756 862/1608/756 924/1609/756
f 846/1610/756 894/1611/756 918/1612/756
f 902/1613/757 903/1614/757 901/1606/757
f 904/1615/758 841/1546/758 903/1614/758
f 887/1616/759 903/1617/759 959/1618/759
f 855/1619/759 871/1620/759 946/1621/759
f 916/1622/742 938/1623/742 939/1624/742
f 927/1625/743 939/1624/743 942/1626/743
f 925/1627/744 942/1626/744 944/1628/744
f 930/1629/745 944/1630/745 947/1631/745
f 930/1629/746 945/1632/746 928/1633/746
f 928/1633/747 952/1634/747 935/1635/747
f 935/1635/748 949/1636/748 932/1637/748
f 932/1637/749 948/1638/749 931/1639/749
f 931/1639/750 951/1640/750 934/1641/750
f 934/1641/751 950/1642/751 933/1643/751
f 933/1643/752 946/1644/752 929/1645/752
f 929/1646/753 953/1647/753 936/1648/753
f 936/1648/754 941/1649/754 926/1650/754
f 926/1650/755 940/1651/755 924/1652/755
f 924/1652/757 943/1653/757 922/1654/757
f 922/1654/758 965/1655/758 921/1656/758
f 921/1656/726 966/1657/726 923/1658/726
f 923/1658/727 967/1659/727 920/1660/727
f 920/1660/728 963/1630/728 913/1661/728
f 913/1662/729 960/1663/729 919/1664/729
f 909/1665/730 960/1663/730 958/1666/730
f 906/1667/731 958/1666/731 955/1668/731
f 907/1669/732 955/1668/732 956/1670/732
f 905/1671/733 956/1670/733 954/1672/733
f 908/1673/734 954/1672/734 957/1674/734
f 911/1675/735 957/1674/735 961/1676/735
f 910/1646/736 961/1676/736 959/1677/736
f 912/1678/737 959/1644/737 968/1679/737
f 914/1680/738 968/1679/738 964/1681/738
f 918/1682/739 964/1681/739 962/1683/739
f 915/1684/740 962/1683/740 937/1685/740
f 917/1686/741 937/1685/741 938/1623/741
f 842/1544/726 844/1547/726 843/1545/726
f 844/1547/727 846/1568/727 845/1548/727
f 846/1549/728 848/1552/728 847/1550/728
f 848/1552/729 850/1554/729 849/1553/729
f 850/1554/730 852/1556/730 851/1555/730
f 852/1556/731 854/1558/731 853/1557/731
f 854/1558/732 856/1560/732 855/1559/732
f 856/1560/733 858/1562/733 857/1561/733
f 858/1562/734 860/1564/734 859/1563/734
f 860/1564/735 862/1566/735 861/1565/735
f 862/1566/736 864/1582/736 863/1567/736
f 864/1568/737 866/1570/737 865/1569/737
f 866/1570/738 868/1572/738 867/1571/738
f 868/1572/739 870/1574/739 869/1573/739
f 870/1574/740 872/1576/740 871/1575/740
f 872/1576/741 874/1578/741 873/1577/741
f 874/1578/742 876/1580/742 875/1579/742
f 876/1580/743 878/1687/743 877/1581/743
f 878/1582/744 880/1584/744 879/1583/744
f 880/1584/745 882/1586/745 881/1585/745
f 882/1586/746 884/1588/746 883/1587/746
f 884/1588/747 886/1590/747 885/1589/747
f 886/1590/748 888/1592/748 887/1591/748
f 888/1592/749 890/1594/749 889/1593/749
f 890/1594/750 892/1596/750 891/1595/750
f 892/1596/751 894/1598/751 893/1597/751
f 894/1598/752 896/1688/752 895/1599/752
f 896/1600/753 898/1603/753 897/1601/753
f 898/1603/754 900/1605/754 899/1604/754
f 900/1605/755 902/1613/755 901/1606/755
f 923/1689/756 920/1690/756 878/1607/756
f 878/1607/756 876/1691/756 874/1692/756
f 874/1692/756 872/1693/756 870/1694/756
f 870/1694/756 868/1695/756 866/1696/756
f 866/1696/756 864/1697/756 862/1608/756
f 862/1608/756 933/1698/756 929/1699/756
f 862/1608/756 929/1699/756 936/1700/756
f 870/1694/756 866/1696/756 862/1608/756
f 878/1607/756 874/1692/756 870/1694/756
f 921/1701/756 923/1689/756 878/1607/756
f 922/1702/756 921/1701/756 878/1607/756
f 878/1607/756 870/1694/756 862/1608/756
f 862/1608/756 936/1700/756 926/1703/756
f 924/1609/756 922/1702/756 878/1607/756
f 862/1608/756 926/1703/756 924/1609/756
f 934/1704/756 933/1698/756 862/1608/756
f 862/1608/756 860/1705/756 858/1706/756
f 858/1706/756 856/1707/756 854/1708/756
f 854/1708/756 852/1709/756 850/1710/756
f 850/1710/756 848/1711/756 846/1610/756
f 846/1610/756 844/1712/756 842/1713/756
f 842/1713/756 904/1714/756 902/1715/756
f 902/1715/756 900/1716/756 898/1717/756
f 898/1717/756 896/1718/756 894/1611/756
f 894/1611/756 892/1719/756 890/1720/756
f 890/1720/756 888/1721/756 886/1722/756
f 886/1722/756 884/1723/756 882/1724/756
f 882/1724/756 880/1725/756 878/1607/756
f 878/1607/756 920/1690/756 913/1726/756
f 878/1607/756 913/1726/756 919/1727/756
f 886/1722/756 882/1724/756 878/1607/756
f 894/1611/756 890/1720/756 886/1722/756
f 902/1715/756 898/1717/756 894/1611/756
f 846/1610/756 842/1713/756 902/1715/756
f 854/1708/756 850/1710/756 846/1610/756
f 862/1608/756 858/1706/756 854/1708/756
f 931/1728/756 934/1704/756 862/1608/756
f 932/1729/756 931/1728/756 862/1608/756
f 862/1608/756 854/1708/756 846/1610/756
f 846/1610/756 902/1715/756 894/1611/756
f 894/1611/756 886/1722/756 878/1607/756
f 878/1607/756 919/1727/756 909/1730/756
f 878/1607/756 909/1730/756 906/1731/756
f 932/1729/756 862/1608/756 846/1610/756
f 935/1732/756 932/1729/756 846/1610/756
f 894/1611/756 878/1607/756 906/1731/756
f 894/1611/756 906/1731/756 907/1733/756
f 928/1734/756 935/1732/756 846/1610/756
f 930/1735/756 928/1734/756 846/1610/756
f 894/1611/756 907/1733/756 905/1736/756
f 894/1611/756 905/1736/756 908/1737/756
f 925/1738/756 930/1735/756 846/1610/756
f 927/1739/756 925/1738/756 846/1610/756
f 894/1611/756 908/1737/756 911/1740/756
f 894/1611/756 911/1740/756 910/1741/756
f 916/1742/756 927/1739/756 846/1610/756
f 917/1743/756 916/1742/756 846/1610/756
f 894/1611/756 910/1741/756 912/1744/756
f 894/1611/756 912/1744/756 914/1745/756
f 915/1746/756 917/1743/756 846/1610/756
f 894/1611/756 914/1745/756 918/1612/756
f 918/1612/756 915/1746/756 846/1610/756
f 902/1613/757 904/1615/757 903/1614/757
f 904/1615/758 842/1544/758 841/1546/758
f 965/1747/759 943/1748/759 871/1620/759
f 871/1620/759 873/1749/759 875/1750/759
f 875/1750/759 877/1751/759 879/1752/759
f 879/1752/759 881/1753/759 883/1754/759
f 883/1754/759 885/1755/759 887/1616/759
f 887/1616/759 889/1756/759 891/1757/759
f 891/1757/759 893/1758/759 895/1759/759
f 895/1759/759 897/1760/759 899/1761/759
f 899/1761/759 901/1762/759 903/1617/759
f 903/1617/759 841/1763/759 843/1764/759
f 843/1764/759 845/1765/759 847/1696/759
f 847/1696/759 849/1695/759 851/1766/759
f 851/1766/759 853/1767/759 855/1619/759
f 855/1619/759 949/1768/759 952/1769/759
f 855/1619/759 952/1769/759 945/1770/759
f 847/1696/759 851/1766/759 855/1619/759
f 903/1617/759 843/1764/759 847/1696/759
f 895/1759/759 899/1761/759 903/1617/759
f 887/1616/759 891/1757/759 895/1759/759
f 879/1752/759 883/1754/759 887/1616/759
f 871/1620/759 875/1750/759 879/1752/759
f 966/1771/759 965/1747/759 871/1620/759
f 967/1772/759 966/1771/759 871/1620/759
f 871/1620/759 879/1752/759 887/1616/759
f 887/1616/759 895/1759/759 903/1617/759
f 903/1617/759 847/1696/759 855/1619/759
f 855/1619/759 945/1770/759 947/1773/759
f 855/1619/759 947/1773/759 944/1774/759
f 967/1772/759 871/1620/759 887/1616/759
f 963/1775/759 967/1772/759 887/1616/759
f 903/1617/759 855/1619/759 944/1774/759
f 903/1617/759 944/1774/759 942/1776/759
f 960/1777/759 963/1775/759 887/1616/759
f 958/1778/759 960/1777/759 887/1616/759
f 903/1617/759 942/1776/759 939/1779/759
f 903/1617/759 939/1779/759 938/1780/759
f 955/1781/759 958/1778/759 887/1616/759
f 956/1782/759 955/1781/759 887/1616/759
f 903/1617/759 938/1780/759 937/1783/759
f 903/1617/759 937/1783/759 962/1784/759
f 954/1785/759 956/1782/759 887/1616/759
f 957/1786/759 954/1785/759 887/1616/759
f 903/1617/759 962/1784/759 964/1787/759
f 903/1617/759 964/1787/759 968/1788/759
f 961/1789/759 957/1786/759 887/1616/759
f 903/1617/759 968/1788/759 959/1618/759
f 959/1618/759 961/1789/759 887/1616/759
f 948/1790/759 949/1768/759 855/1619/759
f 855/1619/759 857/1791/759 859/1792/759
f 859/1792/759 861/1793/759 863/1794/759
f 863/1794/759 865/1795/759 867/1796/759
f 867/1796/759 869/1797/759 871/1620/759
f 871/1620/759 943/1748/759 940/1798/759
f 871/1620/759 940/1798/759 941/1799/759
f 863/1794/759 867/1796/759 871/1620/759
f 855/1619/759 859/1792/759 863/1794/759
f 951/1800/759 948/1790/759 855/1619/759
f 950/1801/759 951/1800/759 855/1619/759
f 855/1619/759 863/1794/759 871/1620/759
f 871/1620/759 941/1799/759 953/1802/759
f 946/1621/759 950/1801/759 855/1619/759
f 871/1620/759 953/1802/759 946/1621/759
f 916/1622/742 917/1686/742 938/1623/742
f 927/1625/743 916/1622/743 939/1624/743
f 925/1627/744 927/1625/744 942/1626/744
f 930/1629/745 925/1661/745 944/1630/745
f 930/1629/746 947/1631/746 945/1632/746
f 928/1633/747 945/1632/747 952/1634/747
f 935/1635/748 952/1634/748 949/1636/748
f 932/1637/749 949/1636/749 948/1638/749
f 931/1639/750 948/1638/750 951/1640/750
f 934/1641/751 951/1640/751 950/1642/751
f 933/1643/752 950/1642/752 946/1644/752
f 929/1646/753 946/1677/753 953/1647/753
f 936/1648/754 953/1647/754 941/1649/754
f 926/1650/755 941/1649/755 940/1651/755
f 924/1652/757 940/1651/757 943/1653/757
f 922/1654/758 943/1653/758 965/1655/758
f 921/1656/726 965/1655/726 966/1657/726
f 923/1658/727 966/1657/727 967/1659/727
f 920/1660/728 967/1659/728 963/1630/728
f 913/1662/729 963/1803/729 960/1663/729
f 909/1665/730 919/1664/730 960/1663/730
f 906/1667/731 909/1665/731 958/1666/731
f 907/1669/732 906/1667/732 955/1668/732
f 905/1671/733 907/1669/733 956/1670/733
f 908/1673/734 905/1671/734 954/1672/734
f 911/1675/735 908/1673/735 957/1674/735
f 910/1646/736 911/1675/736 961/1676/736
f 912/1678/737 910/1645/737 959/1644/737
f 914/1680/738 912/1678/738 968/1679/738
f 918/1682/739 914/1680/739 964/1681/739
f 915/1684/740 918/1682/740 962/1683/740
f 917/1686/741 915/1684/741 937/1685/741
o 円柱.035
v 78.961166 15.489700 28.703529
v 76.707458 66.774628 28.920462
v 74.234688 66.774628 30.474928
v 76.538681 15.489700 28.976534
v 74.836250 15.489700 29.984612
v 73.170982 66.774628 33.306675
v 73.406509 15.489701 32.047958
v 73.381973 66.774628 35.273899
v 73.366905 15.489701 35.525967
v 75.179085 15.489701 37.816597
v 74.936447 66.774628 37.746670
v 78.228241 66.774628 38.870136
v 76.963089 15.489701 38.672058
v 80.650452 66.774628 38.211029
v 79.987480 15.489701 38.614452
v 82.278107 15.489701 36.802280
v 82.168922 66.774628 36.942661
v 83.234787 66.774628 34.750198
v 83.277832 15.489701 34.499653
v 82.940048 66.774628 31.798037
v 83.004822 15.489701 32.077168
v 81.645683 15.489700 29.966658
v 81.404175 66.774628 29.812435
v 79.211716 66.774628 28.746571
v 59.280647 15.489689 -47.045860
v 58.475563 66.774628 -47.184185
v 56.060440 66.774628 -46.852360
v 56.256275 15.489689 -46.988266
v 53.769539 66.774628 -44.967152
v 52.912098 66.774628 -42.126919
v 53.633892 15.489689 -44.752151
v 52.918762 15.489690 -41.872787
v 54.022663 66.774628 -38.864452
v 53.923843 15.489690 -39.081375
v 57.505844 66.774628 -36.993832
v 56.793697 15.489690 -37.116173
v 60.451309 66.774628 -37.682613
v 60.701481 15.489690 -37.717018
v 62.275074 66.774628 -39.300304
v 62.998314 66.774628 -41.278843
v 62.837234 15.489690 -40.421768
v 63.033001 66.774628 -43.137363
v 62.976891 15.489690 -43.385307
v 61.446541 15.489689 -45.927017
v 61.307297 66.774628 -46.120487
v 13.213867 15.337131 -82.175903
v 10.533722 66.622070 -82.636368
v 7.411674 66.622070 -81.103119
v 9.778381 15.337131 -82.449051
v 7.236694 15.337132 -80.918716
v 5.890060 66.622070 -78.010918
v 5.869125 15.337132 -77.720604
v 6.578835 66.622070 -75.065460
v 7.220795 15.337132 -74.005096
v 8.196510 66.622070 -73.241714
v 10.576683 66.622070 -72.444023
v 9.771614 15.337132 -72.582329
v 12.543953 66.622070 -72.655014
v 14.280689 66.622070 -73.602783
v 12.281555 15.337132 -72.539886
v 14.415157 15.337132 -73.719162
v 15.970337 66.622070 -75.985184
v 16.047504 15.337132 -76.265831
v 15.590569 66.622070 -79.920609
v 15.645180 15.337132 -79.688576
v 13.381470 66.622070 -81.987015
v -51.734344 66.622070 -63.433041
v -51.988464 15.337132 -63.426369
v -54.156586 66.622070 -62.773930
v -54.311172 15.337132 -62.686028
v -55.784210 15.337132 -61.365181
v -55.675049 66.622070 -61.505566
v -56.740906 66.622070 -59.313099
v -56.888382 15.337132 -58.548973
v -56.288147 66.622070 -55.896648
v -55.826035 15.337133 -55.270485
v -53.236816 66.622070 -53.382435
v -52.956161 15.337133 -53.305275
v -49.765640 66.622070 -53.604221
v -50.044785 15.337133 -53.539444
v -47.562111 15.337133 -55.267593
v -47.176552 66.622070 -55.878712
v -46.621780 15.337132 -59.107872
v -46.716858 66.622070 -59.326458
v -48.442551 66.622070 -62.309566
v -48.672302 15.337132 -62.488251
v -97.243637 66.622086 56.467052
v -97.497772 15.337141 56.473717
v -100.081573 66.622086 57.332050
v -100.289185 15.337142 57.478767
v -101.729401 66.622086 59.225796
v -102.347061 66.622086 61.584061
v -102.051773 15.337142 59.865303
v -102.256622 15.337142 62.294491
v -101.236511 66.622086 64.846519
v -101.046036 15.337142 65.066605
v -98.666687 66.622086 66.442245
v -97.976593 15.337142 66.633659
v -95.747040 66.622086 66.523552
v -95.554077 15.337142 66.360649
v -93.071411 15.337142 64.632515
v -92.685852 66.622086 64.021385
v -92.131073 15.337142 60.792213
v -92.226166 66.622086 60.573601
v -93.951843 66.622086 57.590523
v -94.181610 15.337142 57.411839
v -107.022537 14.804154 89.014374
v -107.022537 15.938571 89.014374
v -107.022522 14.804141 -84.186821
v -107.022522 15.938558 -84.186821
v 112.939072 14.804154 89.014374
v 112.939072 15.938571 89.014374
v 112.939072 14.804141 -84.186813
v 112.939072 15.938558 -84.186813
v -16.727348 14.804147 -14.078736
v -16.376938 14.804147 -10.521104
v -16.376930 14.804147 -17.636362
v -13.654053 14.804148 -3.947465
v -15.339211 14.804147 -7.100190
v -15.339226 14.804146 -21.057272
v -13.654060 14.804146 -24.210005
v -2.049164 14.804148 3.806678
v -2.049164 14.804145 -31.964144
v -5.470078 14.804148 2.768956
v -5.470078 14.804146 -30.926416
v -11.386200 14.804148 -1.184072
v -11.386192 14.804146 -26.973398
v -8.622803 14.804146 -29.241255
v 5.066101 14.804148 3.806678
v 5.066093 14.804145 -31.964144
v 8.487007 14.804148 2.768954
v 8.487015 14.804146 -30.926424
v 19.744270 14.804147 -14.078736
v 19.393871 14.804147 -10.521104
v 19.393871 14.804147 -17.636362
v 16.670982 14.804148 -3.947461
v 18.356155 14.804147 -7.100194
v 18.356148 14.804146 -21.057272
v 16.670982 14.804146 -24.210001
v 11.639740 14.804148 1.083785
v 14.403126 14.804148 -1.184068
v 14.403122 14.804146 -26.973394
v 11.639732 14.804146 -29.241251
v 1.508469 14.804145 -32.314537
v -8.622803 14.804148 1.083785
v 1.508469 14.804148 4.157073
v -16.727348 15.938563 -14.078736
v -16.376938 15.938563 -10.521104
v -16.376930 15.938563 -17.636362
v -13.654053 15.938564 -3.947465
v -15.339211 15.938563 -7.100191
v -15.339226 15.938562 -21.057272
v -13.654060 15.938562 -24.210005
v -2.049164 15.938561 -31.964144
v -2.049164 15.938564 3.806678
v -5.470078 15.938562 -30.926416
v -5.470078 15.938564 2.768956
v -8.622803 15.938564 1.083785
v -11.386200 15.938564 -1.184072
v -11.386192 15.938562 -26.973398
v -8.622803 15.938562 -29.241255
v 5.066101 15.938564 3.806678
v 5.066093 15.938561 -31.964144
v 8.487007 15.938564 2.768954
v 8.487015 15.938562 -30.926424
v 19.744270 15.938563 -14.078736
v 19.393871 15.938563 -17.636362
v 19.393871 15.938563 -10.521104
v 18.356148 15.938562 -21.057272
v 16.670982 15.938564 -3.947461
v 18.356155 15.938563 -7.100194
v 16.670982 15.938562 -24.210001
v 14.403122 15.938562 -26.973394
v 14.403126 15.938564 -1.184068
v 11.639732 15.938562 -29.241251
v 1.508469 15.938561 -32.314537
v 11.639740 15.938564 1.083785
v 1.508469 15.938564 4.157073
v -106.632233 66.692642 -84.233215
v -106.631897 71.069199 -84.234718
v 84.433281 66.692581 -84.148399
v 84.433624 71.069130 -84.149895
v -106.821320 66.709053 87.445091
v -106.820969 71.085609 87.443596
v 84.244194 66.708992 87.529915
v 84.244537 71.085548 87.528419
vn -0.7574 0.1647 -0.6318
vn -0.6654 -0.1727 -0.7262
vn -0.9392 -0.1675 -0.2997
vn -0.9781 0.1714 -0.1184
vn -0.9328 -0.1637 0.3210
vn -0.6139 0.1637 0.7722
vn -0.6170 -0.1719 0.7679
vn -0.2148 -0.1714 0.9615
vn -0.0309 0.1675 0.9854
vn 0.3364 -0.1646 0.9272
vn 0.9175 0.1669 -0.3609
vn 0.9300 -0.1703 -0.3258
vn 0.6483 -0.1669 -0.7429
vn 0.1080 0.1703 -0.9795
vn 0.2251 -0.1703 -0.9593
vn -0.3521 -0.1627 -0.9217
vn -0.7555 0.1607 0.6352
vn -0.7832 -0.1644 0.5996
vn -0.2227 -0.1609 0.9615
vn -0.1229 0.1614 0.9792
vn 0.4960 -0.1620 0.8531
vn 0.8144 0.1702 0.5548
vn 0.9251 -0.1663 0.3414
vn 0.6404 0.1626 -0.7506
vn 0.6770 -0.1671 -0.7168
vn -0.1135 0.1632 -0.9800
vn 0.4219 -0.1623 -0.8920
vn -0.2316 -0.1657 -0.9586
vn -0.5410 0.1698 0.8237
vn -0.7501 -0.1632 0.6409
vn -0.2541 -0.1710 0.9520
vn -0.1052 0.1728 0.9793
vn 0.2411 -0.1686 0.9558
vn 0.8866 0.1606 -0.4337
vn 0.8923 -0.1631 -0.4209
vn -0.8622 0.1616 0.4802
vn -0.9860 -0.1635 -0.0327
vn -0.7871 -0.1644 0.5945
vn 0.3729 0.1639 0.9133
vn 0.3267 -0.1674 0.9302
vn 0.8113 -0.1620 0.5617
vn 0.8714 0.1620 0.4630
vn 0.9751 -0.1597 -0.1536
vn -0.9853 0.1671 0.0356
vn -0.9222 -0.1682 -0.3482
vn -0.9719 -0.1701 0.1628
vn 0.3169 0.1627 0.9344
vn -0.1762 -0.1669 0.9701
vn 0.3450 -0.1700 0.9231
vn 0.8099 -0.1614 0.5639
vn 0.8636 0.1609 0.4778
vn 0.1607 -0.1668 -0.9728
vn 0.7818 -0.1698 0.5999
vn -0.3045 0.1699 -0.9372
vn 0.1852 0.1674 -0.9683
vn 0.4625 0.1727 0.8697
vn 0.6175 0.1703 -0.7679
vn -0.3154 -0.1717 -0.9333
vn -0.9317 0.1719 0.3199
vn 0.9707 0.1668 0.1732
vn 0.7772 0.1717 0.6053
vn 0.9756 -0.1674 0.1420
vn -0.8390 -0.1646 -0.5187
vn 0.9551 -0.1655 -0.2459
vn -0.3989 0.1670 -0.9017
vn -0.8193 0.1652 -0.5491
vn -0.9862 0.1646 0.0169
vn -0.9848 -0.1652 0.0531
vn 0.9688 0.1763 0.1744
vn 0.4498 0.1700 0.8768
vn 0.9540 0.1668 -0.2492
vn 0.4601 0.1687 -0.8717
vn -0.9864 -0.1611 -0.0315
vn 0.6726 -0.1693 0.7204
vn -0.6991 0.1639 -0.6960
vn -0.9803 0.1622 -0.1124
vn 0.2977 0.1734 0.9388
vn -0.7434 -0.1645 -0.6483
vn -0.8771 0.1703 0.4490
vn 0.9531 0.1613 0.2560
vn 0.6561 0.1704 0.7351
vn 0.9625 -0.1615 0.2180
vn 0.5970 -0.1601 -0.7861
vn 0.0303 0.1656 -0.9857
vn 0.6242 0.1605 -0.7646
vn -0.2480 -0.1614 0.9552
vn -0.4894 -0.1722 -0.8549
vn 0.9668 0.1631 -0.1967
vn -0.7758 0.1722 -0.6070
vn -0.0175 -0.1659 -0.9860
vn -0.4563 0.1720 -0.8731
vn -0.8075 -0.1710 -0.5645
vn -0.9722 0.1670 -0.1640
vn -0.2997 0.1604 0.9404
vn 0.0156 0.1645 -0.9863
vn -0.5878 -0.1662 -0.7918
vn -0.8697 0.1715 -0.4628
vn -0.0348 -0.1646 -0.9857
vn -0.5366 0.1669 -0.8272
vn -0.7714 0.1627 0.6152
vn -0.7195 -0.1627 0.6752
vn -0.2862 0.1690 0.9432
vn -1.0000 -0.0000 -0.0000
vn -0.0000 -0.0000 -1.0000
vn 1.0000 -0.0000 -0.0000
vn -0.0000 -0.0000 1.0000
vn -0.0000 -1.0000 -0.0000
vn -0.0000 1.0000 -0.0000
vn -0.0980 -0.0000 0.9952
vn -0.2903 -0.0000 0.9569
vn -0.4714 -0.0000 0.8819
vn -0.6344 -0.0000 0.7730
vn -0.7730 -0.0000 0.6344
vn -0.8819 -0.0000 0.4714
vn -0.9569 -0.0000 0.2903
vn -0.9952 -0.0000 0.0980
vn -0.9952 -0.0000 -0.0980
vn -0.9569 -0.0000 -0.2903
vn -0.8819 -0.0000 -0.4714
vn -0.7730 -0.0000 -0.6344
vn -0.6344 -0.0000 -0.7730
vn -0.4714 -0.0000 -0.8819
vn -0.2903 -0.0000 -0.9569
vn -0.0980 -0.0000 -0.9952
vn 0.0980 -0.0000 -0.9952
vn 0.2903 -0.0000 -0.9569
vn 0.4714 -0.0000 -0.8819
vn 0.6344 -0.0000 -0.7730
vn 0.7730 -0.0000 -0.6344
vn 0.8819 -0.0000 -0.4714
vn 0.9569 -0.0000 -0.2903
vn 0.9952 -0.0000 -0.0980
vn 0.9952 -0.0000 0.0980
vn 0.9569 -0.0000 0.2903
vn 0.8819 -0.0000 0.4714
vn 0.7730 -0.0000 0.6344
vn 0.6344 -0.0000 0.7730
vn 0.4714 -0.0000 0.8819
vn 0.2903 -0.0000 0.9569
vn 0.0980 -0.0000 0.9952
vn 0.0004 -0.0003 -1.0000
vn 1.0000 -0.0001 0.0011
vn -0.0004 0.0003 1.0000
vn -1.0000 0.0001 -0.0011
vn -0.0000 -1.0000 0.0001
vn -0.0000 1.0000 -0.0001
vt 0.490621 0.490124
vt 0.490803 0.493927
vt 0.490033 0.493927
vt 0.489560 0.490124
vt 0.488724 0.493927
vt 0.487880 0.490124
vt 0.487852 0.493927
vt 0.011353 0.491087
vt 0.011299 0.494891
vt 0.010612 0.494898
vt 0.010094 0.491100
vt 0.009475 0.494909
vt 0.021684 0.491097
vt 0.021790 0.494900
vt 0.020976 0.494901
vt 0.040300 0.491042
vt 0.040604 0.494845
vt 0.039466 0.494845
vt 0.484888 0.490158
vt 0.484888 0.493961
vt 0.483772 0.493949
vt 0.483543 0.490143
vt 0.482313 0.493933
vt 0.318905 0.488906
vt 0.319404 0.492720
vt 0.318416 0.492700
vt 0.041372 0.491042
vt 0.041426 0.494845
vt 0.074075 0.487335
vt 0.075151 0.491121
vt 0.073856 0.491143
vt 0.030714 0.491084
vt 0.031096 0.494887
vt 0.030110 0.494887
vt 0.029804 0.491084
vt 0.029165 0.494887
vt 0.067347 0.487328
vt 0.067477 0.491130
vt 0.066507 0.491141
vt 0.076179 0.491135
vt 0.077233 0.494924
vt 0.075993 0.494940
vt 0.058105 0.487303
vt 0.058209 0.491106
vt 0.057308 0.491106
vt 0.008424 0.491088
vt 0.008648 0.494891
vt 0.007216 0.494890
vt 0.048282 0.491075
vt 0.048982 0.494868
vt 0.048068 0.494881
vt 0.070811 0.487303
vt 0.071648 0.491106
vt 0.070742 0.491106
vt 0.069840 0.491106
vt 0.034621 0.491070
vt 0.034845 0.494873
vt 0.033413 0.494872
vt 0.037039 0.487303
vt 0.039567 0.489458
vt 0.036494 0.490649
vt 0.044985 0.494907
vt 0.044229 0.491084
vt 0.045171 0.491107
vt 0.042854 0.487896
vt 0.042007 0.490956
vt 0.039567 0.488634
vt 0.043439 0.494869
vt 0.044074 0.494885
vt 0.008648 0.494917
vt 0.009195 0.491109
vt 0.488819 0.490124
vt 0.023558 0.494901
vt 0.022799 0.491097
vt 0.023609 0.491098
vt 0.022705 0.494900
vt 0.046002 0.491127
vt 0.046002 0.494931
vt 0.020915 0.491098
vt 0.030412 0.491084
vt 0.028848 0.487890
vt 0.031094 0.487391
vt 0.039393 0.491042
vt 0.038540 0.491042
vt 0.050740 0.488547
vt 0.048220 0.490978
vt 0.048463 0.487303
vt 0.019425 0.494924
vt 0.018440 0.491121
vt 0.019505 0.491121
vt 0.018344 0.494924
vt 0.017206 0.491121
vt 0.317303 0.492678
vt 0.318171 0.488891
vt 0.482448 0.490131
vt 0.481792 0.490124
vt 0.316325 0.488855
vt 0.317472 0.488877
vt 0.075150 0.487317
vt 0.016360 0.487534
vt 0.015227 0.491115
vt 0.013484 0.489622
vt 0.072907 0.487355
vt 0.020915 0.489901
vt 0.017206 0.489575
vt 0.019482 0.487303
vt 0.487784 0.493927
vt 0.486695 0.490124
vt 0.487852 0.490124
vt 0.486586 0.493927
vt 0.485583 0.490124
vt 0.028384 0.494887
vt 0.029068 0.491084
vt 0.484888 0.490124
vt 0.485180 0.493927
vt 0.069706 0.491106
vt 0.068834 0.487312
vt 0.069706 0.487303
vt 0.068771 0.491115
vt 0.027315 0.494874
vt 0.026116 0.491084
vt 0.027362 0.491070
vt 0.075993 0.487303
vt 0.033866 0.487303
vt 0.035318 0.490563
vt 0.033255 0.491070
vt 0.026307 0.491070
vt 0.025273 0.487756
vt 0.027366 0.487391
vt 0.026061 0.494887
vt 0.025208 0.491093
vt 0.025190 0.494897
vt 0.024643 0.491099
vt 0.078288 0.494909
vt 0.077468 0.491117
vt 0.078288 0.491106
vt 0.060416 0.491106
vt 0.059407 0.487303
vt 0.060602 0.487303
vt 0.059300 0.491106
vt 0.005986 0.491088
vt 0.007133 0.491087
vt 0.057174 0.487303
vt 0.072006 0.494910
vt 0.070770 0.491131
vt 0.072016 0.491106
vt 0.044922 0.487303
vt 0.046588 0.490444
vt 0.044359 0.491016
vt 0.021028 0.489844
vt 0.023625 0.487418
vt 0.024643 0.489814
vt 0.070752 0.494935
vt 0.069706 0.491153
vt 0.049872 0.494855
vt 0.049167 0.491062
vt 0.049872 0.491052
vt 0.047048 0.491092
vt 0.072832 0.491106
vt 0.071911 0.487303
vt 0.072907 0.487303
vt 0.032183 0.491070
vt 0.033330 0.491070
vt 0.523557 0.539226
vt 0.523641 0.474004
vt 0.523641 0.539226
vt 0.481438 0.456627
vt 0.481353 0.539458
vt 0.481353 0.456627
vt 0.523557 0.474004
vt 0.523473 0.539187
vt 0.523473 0.474004
vt 0.481269 0.539364
vt 0.481269 0.456627
vt 0.386060 0.403999
vt 0.366393 0.446212
vt 0.366525 0.444873
vt 0.320832 0.486838
vt 0.352921 0.443533
vt 0.352789 0.444873
vt 0.451289 0.403999
vt 0.419199 0.446212
vt 0.419331 0.444873
vt 0.386060 0.486838
vt 0.405727 0.443533
vt 0.405595 0.444873
vt 0.480233 0.479365
vt 0.480318 0.478020
vt 0.480318 0.479365
vt 0.480233 0.478020
vt 0.480317 0.476714
vt 0.480233 0.475497
vt 0.480233 0.476714
vt 0.480232 0.474415
vt 0.480317 0.475497
vt 0.451170 0.487890
vt 0.451086 0.486838
vt 0.451170 0.486838
vt 0.451170 0.489086
vt 0.451086 0.487890
vt 0.451169 0.490379
vt 0.451086 0.489086
vt 0.451169 0.491720
vt 0.451085 0.490379
vt 0.451169 0.493058
vt 0.451085 0.491720
vt 0.451170 0.494341
vt 0.451085 0.493058
vt 0.451170 0.495520
vt 0.451086 0.494341
vt 0.451170 0.496549
vt 0.451086 0.495520
vt 0.451170 0.495521
vt 0.451255 0.496549
vt 0.451170 0.494343
vt 0.451255 0.495521
vt 0.451170 0.493060
vt 0.451255 0.494343
vt 0.451170 0.491722
vt 0.451255 0.493060
vt 0.451170 0.490381
vt 0.451255 0.491722
vt 0.451170 0.489087
vt 0.451255 0.490381
vt 0.451255 0.487891
vt 0.451255 0.489087
vt 0.451170 0.487891
vt 0.451255 0.486838
vt 0.480148 0.484121
vt 0.480231 0.483049
vt 0.480232 0.484121
vt 0.480147 0.483049
vt 0.480230 0.481839
vt 0.480146 0.481839
vt 0.480230 0.480537
vt 0.480146 0.480537
vt 0.480230 0.479193
vt 0.480146 0.479193
vt 0.480230 0.477859
vt 0.480146 0.477859
vt 0.480230 0.476586
vt 0.480146 0.476586
vt 0.480231 0.475423
vt 0.480147 0.475423
vt 0.480232 0.484116
vt 0.480317 0.483119
vt 0.480316 0.484116
vt 0.480233 0.483119
vt 0.480317 0.481964
vt 0.480233 0.481964
vt 0.480318 0.480697
vt 0.480233 0.480697
vt 0.481762 0.456627
vt 0.481438 0.528577
vt 0.543981 0.228192
vt 0.544306 0.292799
vt 0.543981 0.292800
vt 0.543981 0.156322
vt 0.544306 0.228192
vt 0.523966 0.474004
vt 0.523641 0.538652
vt 0.157127 0.500509
vt 0.221782 0.428595
vt 0.221782 0.500551
vt 0.286437 0.500509
vt 0.286437 0.428552
vt 0.035828 0.489773
vt 0.035828 0.488634
vt 0.036163 0.487969
vt 0.038348 0.487343
vt 0.039115 0.487896
vt 0.039482 0.488544
vt 0.039072 0.490460
vt 0.038268 0.490956
vt 0.037354 0.491042
vt 0.039902 0.487969
vt 0.040778 0.487303
vt 0.042087 0.487343
vt 0.043221 0.488544
vt 0.043307 0.489458
vt 0.042812 0.490460
vt 0.041093 0.491042
vt 0.040233 0.490649
vt 0.039567 0.489773
vt 0.043307 0.491062
vt 0.008648 0.491114
vt 0.032112 0.488477
vt 0.032112 0.489787
vt 0.031459 0.490693
vt 0.029159 0.490745
vt 0.028497 0.489817
vt 0.028384 0.488906
vt 0.029799 0.487303
vt 0.038490 0.494845
vt 0.049257 0.487310
vt 0.049916 0.487544
vt 0.050740 0.489686
vt 0.050303 0.490494
vt 0.049335 0.491052
vt 0.047217 0.490154
vt 0.047018 0.488679
vt 0.047651 0.487731
vt 0.017288 0.494924
vt 0.316325 0.492659
vt 0.013484 0.488704
vt 0.013955 0.487884
vt 0.014889 0.487303
vt 0.017165 0.488567
vt 0.017206 0.489684
vt 0.016490 0.490767
vt 0.014026 0.490624
vt 0.072907 0.491159
vt 0.020171 0.487588
vt 0.020899 0.488412
vt 0.020171 0.490763
vt 0.019130 0.491121
vt 0.017900 0.490672
vt 0.017345 0.488445
vt 0.017878 0.487697
vt 0.018737 0.487303
vt 0.028432 0.491084
vt 0.032165 0.490055
vt 0.032112 0.488567
vt 0.032835 0.487686
vt 0.035107 0.487721
vt 0.035828 0.488800
vt 0.035717 0.489933
vt 0.034552 0.491070
vt 0.028384 0.488477
vt 0.028384 0.489787
vt 0.027592 0.490815
vt 0.025144 0.490493
vt 0.024643 0.489283
vt 0.024832 0.488357
vt 0.026071 0.487303
vt 0.024643 0.494902
vt 0.005915 0.494891
vt 0.043307 0.489963
vt 0.043307 0.488474
vt 0.044060 0.487620
vt 0.046185 0.487601
vt 0.046876 0.488507
vt 0.047019 0.489413
vt 0.045656 0.491062
vt 0.023850 0.490842
vt 0.022565 0.491097
vt 0.021549 0.490633
vt 0.020915 0.488933
vt 0.021492 0.487770
vt 0.022531 0.487303
vt 0.024643 0.488504
vt 0.069706 0.494957
vt 0.047019 0.494896
vt 0.032112 0.494873
vt 0.481438 0.539458
vt 0.523557 0.539187
vt 0.481353 0.539364
vt 0.366393 0.443533
vt 0.366002 0.442244
vt 0.366002 0.447501
vt 0.365367 0.448688
vt 0.365367 0.441057
vt 0.364513 0.440016
vt 0.364513 0.449729
vt 0.363472 0.450583
vt 0.320832 0.403999
vt 0.363472 0.439162
vt 0.362285 0.451218
vt 0.362285 0.438528
vt 0.360997 0.438137
vt 0.360997 0.451608
vt 0.359657 0.451740
vt 0.359657 0.438005
vt 0.358317 0.438137
vt 0.358317 0.451608
vt 0.357029 0.451218
vt 0.357029 0.438528
vt 0.355842 0.439162
vt 0.355842 0.450583
vt 0.354801 0.449729
vt 0.354801 0.440016
vt 0.353947 0.441057
vt 0.353947 0.448688
vt 0.353312 0.447501
vt 0.353312 0.442244
vt 0.352921 0.446212
vt 0.406753 0.441057
vt 0.406118 0.442244
vt 0.406118 0.447501
vt 0.406753 0.448688
vt 0.407607 0.449729
vt 0.407607 0.440016
vt 0.408648 0.439162
vt 0.451289 0.486838
vt 0.408648 0.450583
vt 0.409835 0.438528
vt 0.409835 0.451218
vt 0.411123 0.451608
vt 0.411123 0.438137
vt 0.412463 0.438005
vt 0.412463 0.451740
vt 0.413803 0.451608
vt 0.413803 0.438137
vt 0.415091 0.438528
vt 0.415091 0.451218
vt 0.416279 0.450583
vt 0.416279 0.439162
vt 0.417319 0.440016
vt 0.417319 0.449729
vt 0.418173 0.448688
vt 0.418173 0.441057
vt 0.418808 0.442244
vt 0.418808 0.447501
vt 0.419199 0.443533
vt 0.405727 0.446212
vt 0.480316 0.474415
vt 0.451086 0.496549
vt 0.480148 0.474415
vt 0.481762 0.528577
vt 0.544306 0.156322
vt 0.523966 0.538653
vt 0.157127 0.428552
s 1
usemtl マテリアル.012
f 971/1804/760 973/1805/761 975/1806/762
f 974/1807/763 975/1806/762 977/1808/764
f 979/1809/765 977/1808/764 978/1810/766
f 979/1811/765 978/1812/766 981/1813/767
f 980/1814/768 981/1813/767 983/1815/769
f 988/1816/770 989/1817/771 990/1818/772
f 994/1819/773 993/1820/774 996/1821/775
f 1001/1822/776 1002/1823/777 1004/1824/778
f 1003/1825/779 1004/1824/778 1006/1826/780
f 1007/1827/781 1006/1828/780 1009/1829/782
f 1013/1830/783 1012/1831/784 993/1820/774
f 1015/1832/785 1014/1833/786 1017/1834/787
f 1023/1835/788 1022/1836/789 1025/1837/790
f 1024/1838/791 1025/1837/790 1028/1839/792
f 1032/1840/793 1033/1841/794 1014/1842/786
f 1043/1843/795 1042/1844/796 1044/1845/797
f 1047/1846/798 1048/1847/799 1049/1848/800
f 1050/1849/801 1049/1850/800 1051/1851/802
f 1060/1852/803 1061/1853/804 1062/1854/805
f 1067/1855/806 1066/1856/807 1068/1857/808
f 1067/1855/806 1068/1857/808 1069/1858/809
f 1070/1859/810 1069/1860/809 1071/1861/802
f 977/1862/764 969/1863/811 984/1864/812
f 969/1865/811 970/1866/813 992/1867/814
f 982/1868/815 991/1869/816 974/1870/763
f 973/1871/761 970/1866/813 972/1872/817
f 984/1873/812 982/1874/815 983/1815/769
f 974/1807/763 971/1804/760 975/1806/762
f 976/1875/818 974/1807/763 977/1808/764
f 979/1809/765 976/1875/818 977/1808/764
f 980/1814/768 979/1811/765 981/1813/767
f 982/1874/815 980/1814/768 983/1815/769
f 984/1876/812 986/1877/819 985/1878/820
f 989/1817/771 986/1877/819 987/1879/821
f 969/1865/811 991/1880/816 990/1881/772
f 991/1882/816 988/1816/770 990/1818/772
f 999/1883/822 1011/1884/823 1006/1885/780
f 994/1819/773 1013/1830/783 993/1820/774
f 995/1886/824 994/1819/773 996/1821/775
f 996/1821/775 997/1887/825 995/1886/824
f 1013/1888/783 998/1889/826 1007/1890/781
f 999/1891/822 998/1892/826 997/1893/825
f 1000/1894/827 1001/1895/776 998/1892/826
f 1011/1896/823 1008/1897/828 1009/1829/782
f 1003/1825/779 1001/1822/776 1004/1824/778
f 1005/1898/829 1003/1825/779 1006/1826/780
f 1007/1899/781 1005/1898/829 1006/1826/780
f 1008/1897/828 1007/1827/781 1009/1829/782
f 1011/1896/823 1013/1900/783 1010/1901/830
f 1015/1832/785 1034/1902/831 1014/1833/786
f 1020/1903/832 1033/1904/794 1029/1905/833
f 1017/1834/787 1016/1906/834 1015/1832/785
f 1032/1907/793 1019/1908/835 1026/1909/836
f 1018/1910/837 1019/1911/835 1016/1912/834
f 1020/1913/832 1021/1914/838 1019/1911/835
f 1029/1915/833 1026/1916/836 1028/1839/792
f 1023/1917/788 1021/1914/838 1022/1918/789
f 1024/1838/791 1023/1835/788 1025/1837/790
f 1026/1916/836 1024/1838/791 1028/1839/792
f 1029/1919/833 1030/1920/839 1027/1921/840
f 1031/1922/841 1032/1840/793 1030/1920/839
f 1054/1923/842 1035/1924/843 1053/1925/844
f 1034/1902/831 1032/1926/793 1014/1833/786
f 1046/1927/845 1038/1928/846 1054/1929/842
f 1052/1930/847 1040/1931/848 1043/1932/795
f 1036/1933/849 1037/1934/850 1035/1924/843
f 1038/1935/846 1040/1936/848 1037/1934/850
f 1039/1937/851 1041/1938/852 1040/1939/848
f 1044/1940/797 1045/1941/853 1043/1942/795
f 1043/1843/795 1041/1938/852 1042/1844/796
f 1048/1847/799 1045/1941/853 1046/1943/845
f 1051/1851/802 1053/1944/844 1052/1945/847
f 1050/1946/801 1047/1846/798 1049/1848/800
f 1052/1945/847 1050/1849/801 1051/1851/802
f 1074/1947/842 1055/1948/854 1073/1949/844
f 1066/1950/807 1058/1951/855 1074/1952/842
f 1059/1953/856 1067/1954/806 1072/1955/847
f 1056/1956/857 1057/1957/858 1055/1948/854
f 1058/1958/855 1059/1959/856 1057/1960/858
f 1062/1854/805 1063/1961/859 1060/1852/803
f 1060/1852/803 1059/1959/856 1061/1853/804
f 1064/1962/860 1065/1963/861 1063/1964/859
f 1071/1861/802 1073/1965/844 1072/1966/847
f 1067/1855/806 1065/1963/861 1066/1856/807
f 1070/1921/810 1067/1855/806 1069/1858/809
f 1072/1966/847 1070/1859/810 1071/1861/802
f 1076/1967/862 1077/1968/862 1075/1969/862
f 1078/1970/863 1081/1971/863 1077/1972/863
f 1082/1973/864 1079/1974/864 1081/1975/864
f 1080/1972/865 1075/1976/865 1079/1977/865
f 1077/1978/866 1098/1979/866 1112/1980/866
f 1079/1981/866 1090/1982/866 1114/1983/866
f 1076/1984/867 1130/1985/867 1146/1986/867
f 1082/1987/867 1122/1988/867 1144/1989/867
f 1112/1990/868 1131/1991/868 1144/1992/868
f 1098/1993/869 1133/1994/869 1131/1991/869
f 1111/1995/870 1133/1994/870 1100/1996/870
f 1110/1997/871 1143/1998/871 1111/1995/871
f 1107/1999/872 1141/2000/872 1110/2001/872
f 1106/2002/873 1140/2003/873 1107/1999/873
f 1103/2004/874 1137/2005/874 1106/2002/874
f 1101/2006/875 1135/2007/875 1103/2004/875
f 1102/2008/876 1134/2009/876 1101/2006/876
f 1105/2010/877 1136/2011/877 1102/2008/877
f 1104/2012/878 1139/2013/878 1105/2010/878
f 1109/2014/879 1138/2015/879 1104/2012/879
f 1108/2016/880 1142/2017/880 1109/2014/880
f 1099/2018/881 1145/2019/881 1108/2016/881
f 1097/2020/882 1132/2021/882 1099/2018/882
f 1114/2022/883 1130/2023/883 1097/2020/883
f 1090/2024/884 1146/2025/884 1114/2022/884
f 1092/2026/885 1123/2027/885 1090/2024/885
f 1092/2026/886 1126/2028/886 1125/2029/886
f 1113/2030/887 1127/2031/887 1126/2028/887
f 1094/2032/888 1118/2033/888 1127/2034/888
f 1086/2035/889 1119/2036/889 1118/2033/889
f 1087/2037/890 1116/2038/890 1119/2036/890
f 1084/2039/891 1115/2040/891 1116/2038/891
f 1083/2041/892 1117/2042/892 1115/2040/892
f 1085/2043/893 1120/2044/893 1117/2042/893
f 1088/2045/894 1121/2046/894 1120/2044/894
f 1089/2047/895 1128/1997/895 1121/2046/895
f 1095/2048/896 1129/2049/896 1128/2050/896
f 1096/2051/897 1124/2052/897 1129/2049/897
f 1093/2053/898 1122/2054/898 1124/2052/898
f 1091/2055/899 1144/1992/899 1122/2054/899
f 1148/2056/900 1149/2057/900 1147/1970/900
f 1149/2058/901 1154/2059/901 1153/2060/901
f 1153/2061/902 1152/2062/902 1151/2058/902
f 1152/2063/903 1147/2064/903 1151/1968/903
f 1153/2065/904 1147/2066/904 1149/2067/904
f 1154/2068/905 1148/2066/905 1152/2069/905
f 984/1864/812 983/2070/769 981/2071/767
f 981/2071/767 978/2072/766 977/1862/764
f 977/1862/764 975/2073/762 973/2074/761
f 973/2074/761 972/2075/817 969/1863/811
f 969/1863/811 990/2076/772 989/2077/771
f 989/2077/771 987/2078/821 984/1864/812
f 984/1864/812 981/2071/767 977/1862/764
f 977/1862/764 973/2074/761 969/1863/811
f 969/1863/811 989/2077/771 984/1864/812
f 969/1865/811 972/1872/817 970/1866/813
f 974/1870/763 976/2079/818 979/2080/765
f 979/2080/765 980/2081/768 982/1868/815
f 982/1868/815 985/2082/820 986/2083/819
f 986/2083/819 988/2084/770 991/1869/816
f 991/1869/816 992/2085/814 970/2086/813
f 970/2086/813 971/2087/760 974/1870/763
f 974/1870/763 979/2080/765 982/1868/815
f 982/1868/815 986/2083/819 991/1869/816
f 991/1869/816 970/2086/813 974/1870/763
f 973/1871/761 971/2088/760 970/1866/813
f 984/1873/812 985/2089/820 982/1874/815
f 984/1876/812 987/1879/821 986/1877/819
f 989/1817/771 988/1816/770 986/1877/819
f 969/1865/811 992/1867/814 991/1880/816
f 1006/1885/780 1004/2090/778 1002/2091/777
f 1002/2091/777 1000/2092/827 999/1883/822
f 999/1883/822 996/2093/775 993/2094/774
f 993/2094/774 1012/2095/784 1011/1884/823
f 1011/1884/823 1009/2096/782 1006/1885/780
f 1006/1885/780 1002/2091/777 999/1883/822
f 999/1883/822 993/2094/774 1011/1884/823
f 996/1821/775 999/2097/822 997/1887/825
f 1008/2098/828 1010/2099/830 1013/1888/783
f 1013/1888/783 994/2100/773 995/2101/824
f 995/2101/824 997/2102/825 998/1889/826
f 998/1889/826 1001/2103/776 1003/2104/779
f 1003/2104/779 1005/2105/829 1007/1890/781
f 1007/1890/781 1008/2098/828 1013/1888/783
f 1013/1888/783 995/2101/824 998/1889/826
f 998/1889/826 1003/2104/779 1007/1890/781
f 999/1891/822 1000/1894/827 998/1892/826
f 1000/1894/827 1002/2106/777 1001/1895/776
f 1011/1896/823 1010/1901/830 1008/1897/828
f 1011/1896/823 1012/2107/784 1013/1900/783
f 1029/1905/833 1028/2108/792 1025/2109/790
f 1025/2109/790 1022/2110/789 1020/1903/832
f 1020/1903/832 1018/2111/837 1017/2112/787
f 1017/2112/787 1014/2113/786 1033/1904/794
f 1033/1904/794 1031/2114/841 1029/1905/833
f 1029/1905/833 1025/2109/790 1020/1903/832
f 1020/1903/832 1017/2112/787 1033/1904/794
f 1017/1834/787 1018/2115/837 1016/1906/834
f 1027/2116/840 1030/2117/839 1032/1907/793
f 1032/1907/793 1034/2118/831 1015/2119/785
f 1015/2119/785 1016/2120/834 1019/1908/835
f 1019/1908/835 1021/2121/838 1023/2122/788
f 1023/2122/788 1024/2123/791 1026/1909/836
f 1026/1909/836 1027/2116/840 1032/1907/793
f 1032/1907/793 1015/2119/785 1019/1908/835
f 1019/1908/835 1023/2122/788 1026/1909/836
f 1018/1910/837 1020/1913/832 1019/1911/835
f 1020/1913/832 1022/1918/789 1021/1914/838
f 1029/1915/833 1027/2124/840 1026/1916/836
f 1029/1919/833 1031/1922/841 1030/1920/839
f 1031/1922/841 1033/1841/794 1032/1840/793
f 1054/1923/842 1036/1933/849 1035/1924/843
f 1054/1929/842 1051/2125/802 1049/2126/800
f 1049/2126/800 1048/2127/799 1046/1927/845
f 1046/1927/845 1044/2128/797 1042/2129/796
f 1042/2129/796 1039/2130/851 1038/1928/846
f 1038/1928/846 1036/2131/849 1054/1929/842
f 1054/1929/842 1049/2126/800 1046/1927/845
f 1046/1927/845 1042/2129/796 1038/1928/846
f 1043/1932/795 1045/2132/853 1047/2133/798
f 1047/2133/798 1050/2134/801 1052/1930/847
f 1052/1930/847 1053/2135/844 1035/2136/843
f 1035/2136/843 1037/2137/850 1040/1931/848
f 1040/1931/848 1041/2138/852 1043/1932/795
f 1043/1932/795 1047/2133/798 1052/1930/847
f 1052/1930/847 1035/2136/843 1040/1931/848
f 1036/1933/849 1038/1935/846 1037/1934/850
f 1038/1935/846 1039/2139/851 1040/1936/848
f 1039/1937/851 1042/1844/796 1041/1938/852
f 1044/1940/797 1046/1943/845 1045/1941/853
f 1048/1847/799 1047/1846/798 1045/1941/853
f 1051/1851/802 1054/2140/842 1053/1944/844
f 1074/1947/842 1056/1956/857 1055/1948/854
f 1074/1952/842 1071/2141/802 1069/2142/809
f 1069/2142/809 1068/2143/808 1066/1950/807
f 1066/1950/807 1064/2144/860 1062/2145/805
f 1062/2145/805 1061/2146/804 1058/1951/855
f 1058/1951/855 1056/2147/857 1074/1952/842
f 1074/1952/842 1069/2142/809 1066/1950/807
f 1066/1950/807 1062/2145/805 1058/1951/855
f 1072/1955/847 1073/2148/844 1055/2149/854
f 1055/2149/854 1057/2150/858 1059/1953/856
f 1059/1953/856 1060/2151/803 1063/2152/859
f 1063/2152/859 1065/2153/861 1067/1954/806
f 1067/1954/806 1070/2154/810 1072/1955/847
f 1072/1955/847 1055/2149/854 1059/1953/856
f 1059/1953/856 1063/2152/859 1067/1954/806
f 1056/1956/857 1058/2155/855 1057/1957/858
f 1058/1958/855 1061/1853/804 1059/1959/856
f 1062/1854/805 1064/2156/860 1063/1961/859
f 1064/1962/860 1066/1856/807 1065/1963/861
f 1071/1861/802 1074/2157/842 1073/1965/844
f 1076/1967/862 1078/1973/862 1077/1968/862
f 1078/1970/863 1082/2158/863 1081/1971/863
f 1082/1973/864 1080/2159/864 1079/1974/864
f 1080/1972/865 1076/2160/865 1075/1976/865
f 1091/2161/866 1093/2162/866 1077/1978/866
f 1077/1978/866 1081/1987/866 1100/2163/866
f 1077/1978/866 1100/2163/866 1098/1979/866
f 1112/1980/866 1091/2161/866 1077/1978/866
f 1111/2164/866 1100/2163/866 1081/1987/866
f 1077/1978/866 1093/2162/866 1096/2165/866
f 1077/1978/866 1096/2165/866 1095/2166/866
f 1110/2167/866 1111/2164/866 1081/1987/866
f 1107/2168/866 1110/2167/866 1081/1987/866
f 1075/2169/866 1077/1978/866 1095/2166/866
f 1075/2169/866 1095/2166/866 1089/2170/866
f 1107/2168/866 1081/1987/866 1079/1981/866
f 1106/2171/866 1107/2168/866 1079/1981/866
f 1075/2169/866 1089/2170/866 1088/2172/866
f 1075/2169/866 1088/2172/866 1085/2173/866
f 1103/2174/866 1106/2171/866 1079/1981/866
f 1101/2175/866 1103/2174/866 1079/1981/866
f 1075/2169/866 1085/2173/866 1083/2176/866
f 1075/2169/866 1083/2176/866 1084/2177/866
f 1102/2178/866 1101/2175/866 1079/1981/866
f 1105/2179/866 1102/2178/866 1079/1981/866
f 1075/2169/866 1084/2177/866 1087/2180/866
f 1075/2169/866 1087/2180/866 1086/2181/866
f 1104/2182/866 1105/2179/866 1079/1981/866
f 1109/2183/866 1104/2182/866 1079/1981/866
f 1075/2169/866 1086/2181/866 1094/2184/866
f 1075/2169/866 1094/2184/866 1113/2185/866
f 1108/2186/866 1109/2183/866 1079/1981/866
f 1099/2187/866 1108/2186/866 1079/1981/866
f 1079/1981/866 1075/2169/866 1113/2185/866
f 1079/1981/866 1113/2185/866 1092/2188/866
f 1097/2189/866 1099/2187/866 1079/1981/866
f 1114/1983/866 1097/2189/866 1079/1981/866
f 1079/1981/866 1092/2188/866 1090/1982/866
f 1129/2190/867 1124/2191/867 1078/1978/867
f 1082/1987/867 1133/2192/867 1143/2193/867
f 1082/1987/867 1143/2193/867 1141/2194/867
f 1128/2195/867 1129/2190/867 1078/1978/867
f 1121/2196/867 1128/2195/867 1078/1978/867
f 1080/2197/867 1082/1987/867 1141/2194/867
f 1080/2197/867 1141/2194/867 1140/2198/867
f 1121/2196/867 1078/1978/867 1076/1984/867
f 1120/2199/867 1121/2196/867 1076/1984/867
f 1080/2197/867 1140/2198/867 1137/2200/867
f 1080/2197/867 1137/2200/867 1135/2201/867
f 1117/2202/867 1120/2199/867 1076/1984/867
f 1115/2203/867 1117/2202/867 1076/1984/867
f 1080/2197/867 1135/2201/867 1134/2204/867
f 1080/2197/867 1134/2204/867 1136/2205/867
f 1116/2206/867 1115/2203/867 1076/1984/867
f 1119/2207/867 1116/2206/867 1076/1984/867
f 1080/2197/867 1136/2205/867 1139/2208/867
f 1080/2197/867 1139/2208/867 1138/2209/867
f 1118/2210/867 1119/2207/867 1076/1984/867
f 1127/2211/867 1118/2210/867 1076/1984/867
f 1080/2197/867 1138/2209/867 1142/2212/867
f 1080/2197/867 1142/2212/867 1145/2213/867
f 1126/2214/867 1127/2211/867 1076/1984/867
f 1125/2215/867 1126/2214/867 1076/1984/867
f 1076/1984/867 1080/2197/867 1145/2213/867
f 1076/1984/867 1145/2213/867 1132/2216/867
f 1123/2217/867 1125/2215/867 1076/1984/867
f 1146/1986/867 1123/2217/867 1076/1984/867
f 1076/1984/867 1132/2216/867 1130/1985/867
f 1131/2218/867 1133/2192/867 1082/1987/867
f 1082/1987/867 1078/1978/867 1124/2191/867
f 1082/1987/867 1124/2191/867 1122/1988/867
f 1144/1989/867 1131/2218/867 1082/1987/867
f 1112/1990/868 1098/1993/868 1131/1991/868
f 1098/1993/869 1100/1996/869 1133/1994/869
f 1111/1995/870 1143/1998/870 1133/1994/870
f 1110/1997/871 1141/2219/871 1143/1998/871
f 1107/1999/872 1140/2003/872 1141/2000/872
f 1106/2002/873 1137/2005/873 1140/2003/873
f 1103/2004/874 1135/2007/874 1137/2005/874
f 1101/2006/875 1134/2009/875 1135/2007/875
f 1102/2008/876 1136/2011/876 1134/2009/876
f 1105/2010/877 1139/2013/877 1136/2011/877
f 1104/2012/878 1138/2015/878 1139/2013/878
f 1109/2014/879 1142/2220/879 1138/2015/879
f 1108/2016/880 1145/2019/880 1142/2017/880
f 1099/2018/881 1132/2021/881 1145/2019/881
f 1097/2020/882 1130/2023/882 1132/2021/882
f 1114/2022/883 1146/2025/883 1130/2023/883
f 1090/2024/884 1123/2027/884 1146/2025/884
f 1092/2026/885 1125/2029/885 1123/2027/885
f 1092/2026/886 1113/2030/886 1126/2028/886
f 1113/2030/887 1094/2001/887 1127/2031/887
f 1094/2032/888 1086/2035/888 1118/2033/888
f 1086/2035/889 1087/2037/889 1119/2036/889
f 1087/2037/890 1084/2039/890 1116/2038/890
f 1084/2039/891 1083/2041/891 1115/2040/891
f 1083/2041/892 1085/2043/892 1117/2042/892
f 1085/2043/893 1088/2045/893 1120/2044/893
f 1088/2045/894 1089/2047/894 1121/2046/894
f 1089/2047/895 1095/2221/895 1128/1997/895
f 1095/2048/896 1096/2051/896 1129/2049/896
f 1096/2051/897 1093/2053/897 1124/2052/897
f 1093/2053/898 1091/2055/898 1122/2054/898
f 1091/2055/899 1112/1990/899 1144/1992/899
f 1148/2056/900 1150/2222/900 1149/2057/900
f 1149/2058/901 1150/2062/901 1154/2059/901
f 1153/2061/902 1154/2223/902 1152/2062/902
f 1152/2063/903 1148/2224/903 1147/2064/903
f 1153/2065/904 1151/2225/904 1147/2066/904
f 1154/2068/905 1150/2067/905 1148/2066/905
o 立方体
v -0.991058 51.712448 -62.492008
v -1.026030 33.416164 -62.551250
v -1.076588 51.713497 -62.765327
v -1.111559 33.417213 -62.824570
v -34.024574 51.741131 -51.851227
v -34.059547 33.444851 -51.910473
v -34.110100 51.742180 -52.124550
v -34.145073 33.445900 -52.183792
vn 0.9544 -0.0009 -0.2986
vn 0.9544 -0.0009 -0.2987
vn -0.3066 0.0037 -0.9518
vn -0.9544 0.0009 0.2986
vn 0.3066 -0.0037 0.9518
vn 0.0019 1.0000 0.0032
vn 0.0019 1.0000 0.0033
vn -0.0019 -1.0000 -0.0032
vt 0.000000 0.217449
vt 0.280180 0.000000
vt 0.280180 0.217449
vt 0.280180 0.662431
vt 0.560359 0.217449
vt 0.560359 0.662431
vt 0.560359 0.000000
vt 0.000000 0.662431
vt 0.280179 0.662431
vt 0.780180 0.444981
vt 1.000000 0.217449
vt 0.780180 -0.000000
vt 0.000000 -0.000000
vt 0.780179 0.000000
vt 1.000000 0.662431
s 1
usemtl マテリアル.005
f 1156/2226/906 1157/2227/907 1155/2228/907
f 1158/2229/908 1161/2230/908 1157/2231/908
f 1162/2228/909 1159/2232/909 1161/2230/909
f 1160/2233/910 1155/2228/910 1159/2234/910
f 1161/2230/911 1155/2235/912 1157/2231/912
f 1162/2236/913 1156/2235/913 1160/2237/913
f 1156/2226/906 1158/2238/906 1157/2227/907
f 1158/2229/908 1162/2228/908 1161/2230/908
f 1162/2228/909 1160/2227/909 1159/2232/909
f 1160/2233/910 1156/2226/910 1155/2228/910
f 1161/2230/911 1159/2239/911 1155/2235/912
f 1162/2236/913 1158/2240/913 1156/2235/913
o 立方体.001
v 82.845779 -18.954662 42.887650
v 82.682655 -18.954670 42.929317
v 82.845772 66.417641 42.887642
v 61.204079 -18.954670 -41.837971
v 61.040958 -18.954678 -41.796307
v 61.204079 66.417641 -41.837975
v 61.040958 66.417641 -41.796307
v 82.682655 66.417641 42.929314
v -54.636345 -17.594082 -59.601631
v -54.681602 -17.594090 -59.763786
v -54.636353 66.347496 -59.601627
v 8.916058 -17.594084 -78.597801
v 8.870804 -17.594091 -78.759964
v 8.916054 66.347496 -78.597809
v 8.870804 66.347488 -78.759979
v -54.681595 66.347488 -59.763786
v -99.394531 -18.954670 59.065216
v -99.552689 -18.954670 59.007473
v -99.394531 66.417664 59.065216
v -56.134865 -18.954685 -59.420818
v -56.293015 -18.954678 -59.478550
v -56.134857 66.417641 -59.420811
v -56.293007 66.417648 -59.478554
v -99.552689 66.417664 59.007469
v 60.385990 62.311703 -37.864376
v 60.386024 66.688263 -37.865910
v 61.533707 62.311642 -38.012226
v 61.533745 66.688202 -38.013760
v 81.222839 62.328110 43.700424
v 81.222878 66.704659 43.698891
v 82.370560 62.328049 43.552582
v 82.370598 66.704597 43.551048
v -54.650612 62.323254 -58.531315
v -54.650620 66.699806 -58.531319
v -54.835556 62.323254 -59.673645
v -54.835556 66.699806 -59.673645
v 6.157753 62.323250 -76.483902
v 6.157753 66.699806 -76.483910
v 5.972809 62.323250 -77.626228
v 5.972809 66.699806 -77.626236
v 14.576176 62.323254 -73.687836
v 14.576176 66.699806 -73.687836
v 15.390217 62.323254 -74.510300
v 15.390221 66.699806 -74.510300
v 53.163937 62.323254 -44.113136
v 53.163937 66.699814 -44.113136
v 53.977985 62.323254 -44.935600
v 53.977989 66.699814 -44.935596
v -53.306587 62.311710 -59.418831
v -53.306244 66.688263 -59.420322
v -52.152496 62.311649 -59.334015
v -52.152153 66.688202 -59.335506
v -101.581314 62.328117 65.926758
v -101.580978 66.704674 65.925262
v -100.427216 62.328056 66.011581
v -100.426865 66.704613 66.010086
vn -0.0000 -1.0000 -0.0000
vn 0.2475 -0.0000 0.9689
vn 0.9689 -0.0000 -0.2475
vn -0.2475 -0.0000 -0.9689
vn -0.0000 1.0000 -0.0000
vn -0.9689 -0.0000 0.2475
vn -0.0000 -1.0000 -0.0003
vn -0.9632 -0.0000 0.2687
vn -0.9632 -0.0000 0.2688
vn 0.2864 -0.0000 0.9581
vn 0.9632 -0.0000 -0.2688
vn -0.0000 1.0000 0.0001
vn -0.0000 1.0000 -0.0001
vn -0.2864 -0.0000 -0.9581
vn -0.3430 -0.0000 0.9394
vn 0.9393 -0.0000 0.3430
vn 0.3429 -0.0000 -0.9394
vn 0.3430 -0.0000 -0.9393
vn -0.9394 -0.0000 -0.3430
vn -0.1278 -0.0003 -0.9918
vn 0.9689 -0.0001 -0.2475
vn 0.1278 0.0003 0.9918
vn -0.9689 0.0001 0.2475
vn -0.0000 -1.0000 0.0002
vn -0.0000 1.0000 -0.0002
vn -0.9871 -0.0000 0.1598
vn -0.2831 -0.0000 -0.9591
vn 0.9871 -0.0000 -0.1598
vn 0.2832 -0.0000 0.9591
vn 0.2831 -0.0000 0.9591
vn -0.7107 -0.0000 -0.7035
vn 0.6083 -0.0000 -0.7937
vn 0.7107 -0.0000 0.7035
vn -0.6083 -0.0000 0.7937
vn 0.0733 -0.0003 -0.9973
vn 0.9332 -0.0000 0.3594
vn -0.0733 0.0003 0.9973
vn -0.9332 -0.0001 -0.3594
vn -0.9332 -0.0000 -0.3594
vn -0.0001 -1.0000 0.0001
vn 0.0001 1.0000 -0.0001
vn -0.9393 -0.0000 -0.3430
vt 0.480146 0.464830
vt 0.480905 0.457319
vt 0.480905 0.465521
vt 0.309687 0.428584
vt 0.310713 0.510436
vt 0.309687 0.510436
vt 0.542906 0.081853
vt 0.548517 0.000032
vt 0.548517 0.081884
vt 0.541879 0.081852
vt 0.542906 0.000001
vt 0.480905 0.473724
vt 0.480146 0.466213
vt 0.310713 0.428584
vt 0.316325 0.510404
vt 0.558261 0.386750
vt 0.558273 0.790683
vt 0.558261 0.790717
vt 0.481792 0.403966
vt 0.401312 0.403954
vt 0.401312 0.403920
vt 0.481792 0.000045
vt 0.401312 -0.000000
vt 0.401312 0.000033
vt 0.320832 0.000045
vt 0.558250 0.790684
vt 0.558250 0.386716
vt 0.320832 0.000079
vt 0.320831 0.427699
vt 0.238980 0.428512
vt 0.238979 0.427659
vt 0.558208 0.387569
vt 0.558229 0.814589
vt 0.558208 0.815442
vt 0.320832 0.000040
vt 0.238980 -0.000000
vt 0.238979 0.000853
vt 0.157127 0.000040
vt 0.238979 -0.000000
vt 0.558250 0.387569
vt 0.558229 0.386716
vt 0.238979 0.428512
vt 0.157127 0.000893
vt 0.101986 0.487129
vt 0.097797 0.494145
vt 0.097790 0.487133
vt 0.101986 0.499559
vt 0.097790 0.499563
vt 0.093588 0.499559
vt 0.097790 0.492551
vt 0.097784 0.499563
vt 0.093594 0.492547
vt 0.097784 0.487133
vt 0.088416 0.491866
vt 0.083245 0.495036
vt 0.083245 0.487129
vt 0.093588 0.495036
vt 0.088416 0.499772
vt 0.529290 0.386716
vt 0.533486 0.386157
vt 0.533486 0.386714
vt 0.529290 0.000002
vt 0.533486 0.000000
vt 0.537682 0.000560
vt 0.533486 0.000557
vt 0.558128 0.772918
vt 0.558208 0.387275
vt 0.558208 0.773476
vt 0.558048 0.387275
vt 0.558128 0.386716
vt 0.537682 0.191795
vt 0.541879 0.197804
vt 0.537683 0.197807
vt 0.541879 0.383582
vt 0.537682 0.383585
vt 0.537682 0.191790
vt 0.541879 0.185781
vt 0.541879 0.191792
vt 0.537683 0.185778
vt 0.541879 0.000003
vt 0.543854 0.162334
vt 0.543727 0.342100
vt 0.543727 0.156322
vt 0.543981 0.342100
vt 0.543854 0.348112
vt 0.515572 0.006713
vt 0.519769 0.000002
vt 0.519769 0.006715
vt 0.523965 0.467288
vt 0.519769 0.467290
vt 0.523966 0.474002
vt 0.519769 0.474004
vt 0.515573 0.474002
vt 0.557914 0.854229
vt 0.557779 0.393429
vt 0.557914 0.386716
vt 0.558048 0.393429
vt 0.558048 0.860942
vt 0.480146 0.456627
vt 0.541879 0.000000
vt 0.480146 0.474415
vt 0.316325 0.428552
vt 0.558273 0.386716
vt 0.481792 0.403999
vt 0.320832 0.403999
vt 0.320832 0.428552
vt 0.558250 0.815442
vt 0.157128 0.428552
vt 0.101993 0.494141
vt 0.093588 0.487129
vt 0.529290 0.386159
vt 0.537682 0.000002
vt 0.537682 0.386716
vt 0.558048 0.773476
vt 0.537682 -0.000000
vt 0.543981 0.156322
vt 0.515573 -0.000000
vt 0.523966 -0.000000
vt 0.557779 0.860942
s 1
usemtl マテリアル.013
f 1164/2241/914 1166/2242/914 1163/2243/914
f 1165/2244/915 1164/2245/915 1163/2246/915
f 1166/2247/916 1165/2248/916 1163/2249/916
f 1167/2250/917 1168/2251/917 1166/2247/917
f 1170/2252/918 1168/2253/918 1169/2243/918
f 1170/2254/919 1167/2255/919 1164/2245/919
f 1175/2256/914 1171/2257/914 1172/2258/920
f 1173/2259/921 1172/2260/922 1171/2261/922
f 1176/2262/923 1171/2261/923 1174/2263/923
f 1175/2264/924 1176/2265/924 1174/2263/924
f 1177/2256/925 1173/2266/926 1176/2267/925
f 1172/2260/927 1177/2268/927 1175/2264/927
f 1181/2269/928 1180/2270/928 1179/2271/928
f 1183/2272/914 1179/2273/914 1180/2274/914
f 1184/2275/929 1179/2271/929 1182/2276/929
f 1183/2277/930 1184/2278/931 1182/2279/930
f 1185/2280/918 1181/2273/918 1184/2281/918
f 1180/2282/932 1185/2283/932 1183/2277/932
f 1188/2284/933 1189/2285/933 1187/2286/933
f 1189/2285/934 1194/2287/934 1193/2288/934
f 1194/2289/935 1191/2290/935 1193/2291/935
f 1192/2292/936 1187/2293/936 1191/2290/936
f 1189/2294/937 1191/2295/937 1187/2296/937
f 1190/2294/938 1192/2297/938 1194/2298/938
f 1196/2299/939 1197/2300/939 1195/2301/939
f 1197/2300/940 1202/2302/940 1201/2303/940
f 1201/2303/941 1200/2304/941 1199/2305/941
f 1200/2304/942 1195/2301/943 1199/2305/942
f 1197/2306/914 1199/2307/914 1195/2308/914
f 1198/2306/918 1200/2309/918 1202/2310/918
f 1203/2311/944 1206/2312/944 1205/2313/944
f 1205/2313/945 1210/2314/945 1209/2315/945
f 1210/2316/946 1207/2317/946 1209/2318/946
f 1208/2319/947 1203/2320/947 1207/2317/947
f 1205/2321/914 1207/2322/914 1203/2323/914
f 1206/2321/918 1208/2324/918 1210/2325/918
f 1212/2326/948 1213/2327/948 1211/2328/948
f 1213/2327/949 1218/2329/949 1217/2330/949
f 1217/2330/950 1216/2331/950 1215/2332/950
f 1216/2333/951 1211/2328/952 1215/2332/951
f 1217/2334/953 1211/2335/953 1213/2336/953
f 1218/2334/954 1212/2337/954 1216/2338/954
f 1164/2241/914 1167/2339/914 1166/2242/914
f 1165/2244/915 1170/2254/915 1164/2245/915
f 1166/2247/916 1168/2251/916 1165/2248/916
f 1167/2250/917 1169/2340/917 1168/2251/917
f 1170/2252/918 1165/2341/918 1168/2253/918
f 1170/2254/919 1169/2342/919 1167/2255/919
f 1175/2256/914 1174/2343/914 1171/2257/914
f 1173/2259/921 1178/2344/921 1172/2260/922
f 1176/2262/923 1173/2259/923 1171/2261/923
f 1175/2264/924 1177/2268/924 1176/2265/924
f 1177/2256/925 1178/2258/926 1173/2266/926
f 1172/2260/927 1178/2345/927 1177/2268/927
f 1181/2269/928 1186/2346/928 1180/2270/928
f 1183/2272/914 1182/2281/914 1179/2273/914
f 1184/2275/929 1181/2269/929 1179/2271/929
f 1183/2277/930 1185/2283/931 1184/2278/931
f 1185/2280/918 1186/2347/918 1181/2273/918
f 1180/2282/932 1186/2348/955 1185/2283/932
f 1188/2284/933 1190/2349/933 1189/2285/933
f 1189/2285/934 1190/2349/934 1194/2287/934
f 1194/2289/935 1192/2292/935 1191/2290/935
f 1192/2292/936 1188/2350/936 1187/2293/936
f 1189/2294/937 1193/2298/937 1191/2295/937
f 1190/2294/938 1188/2350/938 1192/2297/938
f 1196/2299/939 1198/2351/939 1197/2300/939
f 1197/2300/940 1198/2351/940 1202/2302/940
f 1201/2303/941 1202/2352/941 1200/2304/941
f 1200/2304/942 1196/2353/943 1195/2301/943
f 1197/2306/914 1201/2310/914 1199/2307/914
f 1198/2306/918 1196/2354/918 1200/2309/918
f 1203/2311/944 1204/2318/944 1206/2312/944
f 1205/2313/945 1206/2312/945 1210/2314/945
f 1210/2316/946 1208/2319/946 1207/2317/946
f 1208/2319/947 1204/2355/947 1203/2320/947
f 1205/2321/914 1209/2325/914 1207/2322/914
f 1206/2321/918 1204/2356/918 1208/2324/918
f 1212/2326/948 1214/2357/948 1213/2327/948
f 1213/2327/949 1214/2358/949 1218/2329/949
f 1217/2330/950 1218/2329/950 1216/2331/950
f 1216/2333/951 1212/2326/952 1211/2328/952
f 1217/2334/953 1215/2359/953 1211/2335/953
f 1218/2334/954 1214/2336/954 1212/2337/954
o 立方体.003
v -39.116844 24.322773 -47.026714
v -41.489563 24.322773 -54.412445
v -39.116844 25.961475 -47.026718
v 6.252514 24.322773 -61.601944
v 3.879795 24.322771 -68.987671
v 6.252514 25.961475 -61.601948
v 3.879795 25.961473 -68.987671
v -41.489563 25.961475 -54.412449
v -38.875465 14.022985 -48.263588
v -40.572983 14.022985 -53.547581
v -38.875465 25.084188 -48.263588
v 5.335976 14.022985 -62.466827
v 3.638456 14.022985 -67.750816
v 5.335976 25.084188 -62.466827
v 3.638456 25.084187 -67.750816
v -40.572983 25.084188 -53.547581
v -52.606750 15.252320 -24.897650
v -51.625046 15.252320 -26.316561
v -50.503731 15.252320 -27.573404
v -49.285881 15.252320 -28.619879
v -48.018303 15.252320 -29.415762
v -46.749702 15.252320 -29.930477
v -45.528839 15.252320 -30.144238
v -44.402626 15.252320 -30.048838
v -43.414352 15.252320 -29.647936
v -42.601974 15.252320 -28.956940
v -41.749924 15.252320 -27.462740
v -41.491821 15.252320 -25.458166
v -41.734474 15.252320 -23.194818
v -42.572559 15.252320 -20.827219
v -43.376900 15.252320 -19.300764
v -44.358597 15.252321 -17.881853
v -45.479919 15.252321 -16.625010
v -46.697769 15.252321 -15.578534
v -47.965347 15.252321 -14.782651
v -49.233940 15.252321 -14.267934
v -50.454811 15.252321 -14.054174
v -51.581017 15.252321 -14.149571
v -52.569305 15.252321 -14.550477
v -53.381676 15.252321 -15.241475
v -53.986916 15.252321 -16.196009
v -54.361771 15.252321 -17.377398
v -54.491837 15.252321 -18.740248
v -54.372101 15.252320 -20.232180
v -54.007179 15.252320 -21.795855
v -53.411087 15.252320 -23.371195
v -53.120392 15.229517 -26.016581
v -47.725887 15.229517 -30.701866
v -48.780632 16.676943 -30.186369
v -42.456223 15.229517 -30.353739
v -43.231438 16.676943 -30.823820
v -40.456078 15.229517 -25.138437
v -40.486580 16.676943 -26.312021
v -42.147263 16.676943 -19.362577
v -42.863258 15.229518 -18.181833
v -48.257759 15.229518 -13.496545
v -47.203018 16.676943 -14.012040
v -53.527428 15.229518 -13.844674
v -52.752213 16.676943 -13.374593
v -55.527573 15.229517 -19.059973
v -55.497063 16.676943 -17.886389
v -53.836380 16.676943 -24.835836
v -50.684380 15.259159 -27.489553
v -51.532349 28.498653 -26.539103
v -46.267494 15.259159 -30.225750
v -47.180641 28.498653 -29.958540
v -43.036152 15.259159 -29.429569
v -43.782825 28.498653 -29.882345
v -41.397781 15.259159 -26.451872
v -41.582993 28.498653 -27.385111
v -42.418091 15.259159 -21.012308
v -41.967319 28.498653 -22.203611
v -44.451317 28.498653 -17.659315
v -45.299278 15.259160 -16.708868
v -49.716164 15.259160 -13.972665
v -48.803017 28.498653 -14.239878
v -52.947502 15.259160 -14.768846
v -52.200829 28.498653 -14.316072
v -54.585876 15.259160 -17.746546
v -54.400665 28.498653 -16.813307
v -53.565567 15.259159 -23.186110
v -54.016342 28.498653 -21.994810
v -53.120399 28.475853 -26.016581
v -47.725887 28.475853 -30.701870
v -48.780640 29.923277 -30.186373
v -42.456226 28.475853 -30.353741
v -43.231441 29.923277 -30.823822
v -40.456085 28.475853 -25.138441
v -40.486588 29.923277 -26.312029
v -42.147270 29.923277 -19.362577
v -42.863258 28.475853 -18.181841
v -48.257767 28.475853 -13.496550
v -47.203018 29.923277 -14.012045
v -53.527428 28.475853 -13.844679
v -52.752220 29.923277 -13.374598
v -55.527580 28.475853 -19.059977
v -55.497070 29.923277 -17.886393
v -53.836388 29.923277 -24.835840
vn -0.0000 -1.0000 -0.0000
vn -0.9521 -0.0000 0.3059
vn 0.3059 -0.0000 0.9521
vn 0.9521 -0.0000 -0.3059
vn -0.0000 1.0000 -0.0000
vn -0.3059 -0.0000 -0.9521
vn -0.2878 0.3625 -0.8865
vn -0.2950 -0.2619 -0.9189
vn -0.0989 -0.9914 -0.0853
vn 0.0164 0.9842 -0.1765
vn 0.0480 -0.9961 -0.0735
vn 0.0658 0.9977 -0.0173
vn 0.0748 -0.9971 0.0113
vn 0.0845 0.9955 0.0417
vn 0.0990 -0.9914 0.0853
vn 0.2878 0.3625 0.8865
vn 0.2950 -0.2619 0.9189
vn -0.0164 0.9842 0.1765
vn -0.0479 -0.9961 0.0735
vn -0.0658 0.9977 0.0173
vn -0.0748 -0.9971 -0.0113
vn -0.0845 0.9955 -0.0417
vn -0.1018 0.9900 -0.0977
vn -0.1172 -0.9824 -0.1455
vn -0.0822 -0.9959 -0.0369
vn -0.2915 0.3036 -0.9071
vn -0.2902 -0.3047 -0.9072
vn 0.0307 0.9916 -0.1258
vn 0.0457 -0.9959 -0.0781
vn 0.0637 0.9977 -0.0216
vn 0.0676 -0.9977 -0.0092
vn 0.0786 0.9966 0.0259
vn 0.0822 -0.9959 0.0371
vn 0.1018 0.9900 0.0977
vn 0.1172 -0.9824 0.1455
vn 0.2915 0.3036 0.9071
vn 0.2902 -0.3046 0.9072
vn -0.0307 0.9916 0.1258
vn -0.0457 -0.9959 0.0782
vn -0.0637 0.9977 0.0216
vn -0.0676 -0.9977 0.0092
vn -0.0787 0.9966 -0.0259
vn -0.2950 -0.2620 -0.9189
vn 0.0479 -0.9961 -0.0735
vn 0.0989 -0.9914 0.0853
vn -0.0480 -0.9961 0.0735
vt 0.390700 0.515682
vt 0.396448 0.486838
vt 0.396448 0.515682
vt 0.438816 0.486838
vt 0.435858 0.515682
vt 0.435858 0.486838
vt -0.000000 0.493051
vt 0.002957 0.487303
vt 0.002957 0.493051
vt 0.441773 0.486838
vt 0.438816 0.515682
vt 0.402196 0.486838
vt 0.402196 0.515682
vt 0.005915 0.487303
vt 0.005915 0.493051
vt 0.407798 0.507474
vt 0.407798 0.486838
vt 0.384649 0.486838
vt 0.364687 0.507474
vt 0.364687 0.486838
vt 0.413399 0.486838
vt 0.419001 0.506799
vt 0.413399 0.506799
vt 0.344726 0.507474
vt 0.344726 0.486838
vt 0.413399 0.507474
vt 0.419001 0.486838
vt 0.424603 0.506799
vt 0.515572 0.474629
vt 0.518184 0.474004
vt 0.518186 0.484455
vt 0.316327 0.484176
vt 0.318939 0.481630
vt 0.318938 0.488855
vt 0.316328 0.465082
vt 0.318940 0.460893
vt 0.316327 0.442369
vt 0.318939 0.439004
vt 0.316325 0.429178
vt 0.318937 0.428552
vt 0.515574 0.529628
vt 0.518186 0.527082
vt 0.518185 0.534307
vt 0.515575 0.510534
vt 0.518187 0.506345
vt 0.515574 0.487821
vt 0.451290 0.493047
vt 0.475182 0.490647
vt 0.475183 0.502605
vt 0.451289 0.485891
vt 0.475181 0.485984
vt 0.320833 0.536504
vt 0.344725 0.534053
vt 0.344724 0.540546
vt 0.320833 0.525162
vt 0.344726 0.521649
vt 0.320833 0.507256
vt 0.344726 0.503552
vt 0.320833 0.493994
vt 0.344725 0.491595
vt 0.320832 0.486838
vt 0.344724 0.486931
vt 0.451290 0.535557
vt 0.475182 0.533106
vt 0.475181 0.539599
vt 0.451290 0.524215
vt 0.475183 0.520702
vt 0.451290 0.506309
vt 0.518187 0.474629
vt 0.520799 0.474004
vt 0.520800 0.484455
vt 0.520803 0.529628
vt 0.523415 0.527082
vt 0.523413 0.534307
vt 0.520803 0.510534
vt 0.523415 0.506345
vt 0.520803 0.487821
vt 0.523414 0.484455
vt 0.520801 0.474629
vt 0.523413 0.474004
vt 0.518188 0.529627
vt 0.520801 0.527082
vt 0.520799 0.534307
vt 0.518189 0.510534
vt 0.520801 0.506345
vt 0.518188 0.487821
vt 0.481310 0.406245
vt 0.481680 0.440970
vt 0.480592 0.454381
vt 0.316325 0.488230
vt 0.515572 0.533682
vt 0.543144 0.216624
vt 0.543662 0.252546
vt 0.542397 0.275673
vt 0.541879 0.188685
vt 0.542417 0.156322
vt 0.543727 0.184261
vt 0.320832 0.540638
vt 0.451289 0.539691
vt 0.442524 0.486838
vt 0.443025 0.536515
vt 0.442052 0.533480
vt 0.444892 0.523824
vt 0.443335 0.521574
vt 0.443614 0.491511
vt 0.520801 0.533682
vt 0.518187 0.533682
vt 0.543144 0.275673
vt 0.543662 0.311594
vt 0.542397 0.334722
vt 0.318940 0.460915
vt 0.319477 0.428552
vt 0.320788 0.456491
vt 0.390700 0.486838
vt 0.000000 0.487303
vt 0.441773 0.515682
vt 0.402196 0.507474
vt 0.384649 0.507474
vt 0.424603 0.486838
vt 0.480341 0.448471
vt 0.480208 0.442214
vt 0.480146 0.434824
vt 0.480146 0.427087
vt 0.480222 0.419657
vt 0.480306 0.415166
vt 0.480415 0.411257
vt 0.480545 0.408081
vt 0.480690 0.405759
vt 0.480845 0.404381
vt 0.481004 0.403999
vt 0.481161 0.404629
vt 0.481446 0.408787
vt 0.481562 0.412156
vt 0.481655 0.416222
vt 0.481721 0.420830
vt 0.481757 0.425803
vt 0.481762 0.430948
vt 0.481736 0.436070
vt 0.481596 0.445461
vt 0.481487 0.449369
vt 0.481358 0.452545
vt 0.481213 0.454867
vt 0.481058 0.456246
vt 0.480898 0.456627
vt 0.480741 0.455998
vt 0.480457 0.451840
vt 0.541879 0.262469
vt 0.541879 0.239752
vt 0.542404 0.220665
vt 0.543662 0.229828
vt 0.543138 0.271633
vt 0.543727 0.206157
vt 0.543189 0.216624
vt 0.542421 0.209415
vt 0.541879 0.166790
vt 0.543185 0.163531
vt 0.441773 0.520213
vt 0.441773 0.502306
vt 0.442082 0.490966
vt 0.443056 0.494002
vt 0.443335 0.507268
vt 0.443335 0.525176
vt 0.442583 0.540643
vt 0.444140 0.486838
vt 0.444596 0.493324
vt 0.444892 0.505726
vt 0.444613 0.535789
vt 0.444087 0.540462
vt 0.443631 0.533975
vt 0.443335 0.503475
vt 0.541879 0.321518
vt 0.541879 0.298801
vt 0.542404 0.279714
vt 0.543662 0.288877
vt 0.543138 0.330682
vt 0.320788 0.478387
vt 0.320250 0.488854
vt 0.319482 0.481645
vt 0.318940 0.439020
vt 0.320246 0.435761
s 1
usemtl マテリアル.021
f 1223/2360/956 1219/2361/956 1220/2362/956
f 1221/2363/957 1220/2364/957 1219/2365/957
f 1224/2366/958 1219/2367/958 1222/2368/958
f 1225/2369/959 1222/2370/959 1223/2363/959
f 1226/2362/960 1224/2371/960 1225/2372/960
f 1226/2368/961 1223/2373/961 1220/2374/961
f 1228/2375/956 1230/2371/956 1227/2376/956
f 1229/2377/957 1228/2378/957 1227/2379/957
f 1232/2380/958 1227/2381/958 1230/2382/958
f 1233/2379/959 1230/2383/959 1231/2384/959
f 1234/2375/960 1232/2380/960 1233/2385/960
f 1234/2386/961 1231/2387/961 1228/2381/961
f 1267/2388/962 1266/2389/963 1265/2390/964
f 1269/2391/965 1268/2392/966 1266/2393/963
f 1271/2394/967 1270/2395/968 1268/2392/966
f 1272/2396/969 1273/2397/970 1270/2395/968
f 1275/2398/971 1274/2399/972 1273/2397/970
f 1277/2400/973 1276/2401/974 1274/2402/972
f 1279/2403/975 1278/2404/976 1276/2401/974
f 1280/2405/977 1265/2390/964 1278/2404/976
f 1282/2406/978 1281/2407/979 1299/2408/980
f 1284/2409/981 1283/2410/982 1281/2407/979
f 1286/2411/983 1285/2412/984 1283/2413/982
f 1288/2414/985 1287/2415/986 1285/2412/984
f 1290/2416/987 1289/2417/988 1287/2415/986
f 1291/2418/989 1292/2419/990 1289/2417/988
f 1294/2420/991 1293/2421/992 1292/2419/990
f 1296/2422/993 1295/2423/994 1293/2424/992
f 1298/2425/995 1297/2426/996 1295/2423/994
f 1300/2427/997 1299/2408/980 1297/2426/996
f 1303/2428/962 1302/2429/998 1301/2430/964
f 1305/2431/965 1304/2432/999 1302/2433/998
f 1307/2434/967 1306/2435/968 1304/2432/999
f 1308/2436/969 1309/2437/1000 1306/2435/968
f 1311/2438/971 1310/2439/972 1309/2437/1000
f 1313/2440/973 1312/2441/1001 1310/2442/972
f 1315/2443/975 1314/2444/976 1312/2441/1001
f 1316/2445/977 1301/2430/964 1314/2444/976
f 1256/2446/956 1264/2447/956 1242/2448/956
f 1280/2405/977 1267/2388/962 1265/2390/964
f 1267/2449/962 1269/2391/965 1266/2393/963
f 1269/2391/965 1271/2394/967 1268/2392/966
f 1271/2394/967 1272/2396/969 1270/2395/968
f 1272/2396/969 1275/2398/971 1273/2397/970
f 1275/2450/971 1277/2400/973 1274/2402/972
f 1277/2400/973 1279/2403/975 1276/2401/974
f 1279/2403/975 1280/2405/977 1278/2404/976
f 1275/2451/971 1271/2452/967 1267/2453/962
f 1270/2454/968 1274/2455/972 1278/2456/976
f 1282/2406/978 1284/2409/981 1281/2407/979
f 1284/2457/981 1286/2411/983 1283/2413/982
f 1286/2411/983 1288/2414/985 1285/2412/984
f 1288/2414/985 1290/2416/987 1287/2415/986
f 1290/2416/987 1291/2418/989 1289/2417/988
f 1291/2418/989 1294/2420/991 1292/2419/990
f 1294/2458/991 1296/2422/993 1293/2424/992
f 1296/2422/993 1298/2425/995 1295/2423/994
f 1298/2425/995 1300/2427/997 1297/2426/996
f 1294/2459/991 1286/2460/983 1282/2461/978
f 1300/2427/997 1282/2406/978 1299/2408/980
f 1299/2462/980 1287/2463/986 1292/2464/990
f 1316/2445/977 1303/2428/962 1301/2430/964
f 1303/2465/962 1305/2431/965 1302/2433/998
f 1305/2431/965 1307/2434/967 1304/2432/999
f 1307/2434/967 1308/2436/969 1306/2435/968
f 1308/2436/969 1311/2438/971 1309/2437/1000
f 1311/2466/971 1313/2440/973 1310/2442/972
f 1313/2440/973 1315/2443/975 1312/2441/1001
f 1315/2443/975 1316/2445/977 1314/2444/976
f 1311/2467/971 1307/2468/967 1303/2469/962
f 1306/2470/968 1310/2471/972 1314/2472/976
f 1223/2360/956 1222/2473/956 1219/2361/956
f 1221/2363/957 1226/2370/957 1220/2364/957
f 1224/2366/958 1221/2474/958 1219/2367/958
f 1225/2369/959 1224/2475/959 1222/2370/959
f 1226/2362/960 1221/2361/960 1224/2371/960
f 1226/2368/961 1225/2367/961 1223/2373/961
f 1228/2375/956 1231/2476/956 1230/2371/956
f 1229/2377/957 1234/2477/957 1228/2378/957
f 1232/2380/958 1229/2386/958 1227/2381/958
f 1233/2379/959 1232/2378/959 1230/2383/959
f 1234/2375/960 1229/2376/960 1232/2380/960
f 1234/2386/961 1233/2478/961 1231/2387/961
f 1244/2479/956 1245/2480/956 1246/2481/956
f 1246/2481/956 1247/2482/956 1248/2483/956
f 1248/2483/956 1249/2484/956 1250/2485/956
f 1250/2485/956 1251/2486/956 1252/2487/956
f 1252/2487/956 1253/2488/956 1254/2489/956
f 1254/2489/956 1255/2490/956 1256/2446/956
f 1256/2446/956 1257/2491/956 1258/2492/956
f 1258/2492/956 1259/2493/956 1260/2494/956
f 1260/2494/956 1261/2495/956 1262/2496/956
f 1262/2496/956 1263/2497/956 1264/2447/956
f 1264/2447/956 1235/2498/956 1236/2499/956
f 1236/2499/956 1237/2500/956 1238/2501/956
f 1238/2501/956 1239/2502/956 1240/2503/956
f 1240/2503/956 1241/2504/956 1242/2448/956
f 1242/2448/956 1243/2505/956 1244/2479/956
f 1244/2479/956 1246/2481/956 1248/2483/956
f 1248/2483/956 1250/2485/956 1252/2487/956
f 1252/2487/956 1254/2489/956 1256/2446/956
f 1256/2446/956 1258/2492/956 1260/2494/956
f 1260/2494/956 1262/2496/956 1264/2447/956
f 1264/2447/956 1236/2499/956 1238/2501/956
f 1238/2501/956 1240/2503/956 1242/2448/956
f 1242/2448/956 1244/2479/956 1248/2483/956
f 1248/2483/956 1252/2487/956 1256/2446/956
f 1256/2446/956 1260/2494/956 1264/2447/956
f 1264/2447/956 1238/2501/956 1242/2448/956
f 1242/2448/956 1248/2483/956 1256/2446/956
f 1267/2453/962 1280/2506/977 1279/2507/975
f 1279/2507/975 1277/2508/973 1275/2451/971
f 1275/2451/971 1272/2509/969 1271/2452/967
f 1271/2452/967 1269/2510/965 1267/2453/962
f 1267/2453/962 1279/2507/975 1275/2451/971
f 1278/2456/976 1265/2511/964 1266/2512/963
f 1266/2512/963 1268/2513/966 1270/2454/968
f 1270/2454/968 1273/2514/970 1274/2455/972
f 1274/2455/972 1276/2515/974 1278/2456/976
f 1278/2456/976 1266/2512/963 1270/2454/968
f 1282/2461/978 1300/2516/997 1298/2517/995
f 1298/2517/995 1296/2518/993 1294/2459/991
f 1294/2459/991 1291/2519/989 1290/2520/987
f 1290/2520/987 1288/2521/985 1286/2460/983
f 1286/2460/983 1284/2522/981 1282/2461/978
f 1282/2461/978 1298/2517/995 1294/2459/991
f 1294/2459/991 1290/2520/987 1286/2460/983
f 1292/2464/990 1293/2523/992 1295/2524/994
f 1295/2524/994 1297/2525/996 1299/2462/980
f 1299/2462/980 1281/2526/979 1283/2527/982
f 1283/2527/982 1285/2528/984 1287/2463/986
f 1287/2463/986 1289/2529/988 1292/2464/990
f 1292/2464/990 1295/2524/994 1299/2462/980
f 1299/2462/980 1283/2527/982 1287/2463/986
f 1303/2469/962 1316/2530/977 1315/2531/975
f 1315/2531/975 1313/2532/973 1311/2467/971
f 1311/2467/971 1308/2533/969 1307/2468/967
f 1307/2468/967 1305/2534/965 1303/2469/962
f 1303/2469/962 1315/2531/975 1311/2467/971
f 1314/2472/976 1301/2535/964 1302/2536/998
f 1302/2536/998 1304/2537/999 1306/2470/968
f 1306/2470/968 1309/2538/1000 1310/2471/972
f 1310/2471/972 1312/2539/1001 1314/2472/976
f 1314/2472/976 1302/2536/998 1306/2470/968
o 立方体.005
v 52.094448 19.997530 27.579821
v 57.372253 19.997530 26.239332
v 52.094448 23.439478 27.579821
v 52.297428 19.997530 28.378996
v 57.575233 19.997530 27.038507
v 52.297428 23.439478 28.378996
v 57.575233 23.439478 27.038507
v 57.372253 23.439478 26.239332
v 52.698692 17.771585 28.018896
v 52.597755 20.054646 28.188047
v 52.393898 17.771572 27.943468
v 52.941322 20.054615 27.810385
v 52.771992 17.771572 27.725019
v 52.467194 17.771585 27.649588
v 52.568146 20.054646 27.480429
v 52.224564 20.054615 27.858095
v 57.142761 17.771585 26.890165
v 57.041817 20.054647 27.059320
v 56.803692 17.771509 26.762289
v 57.385387 20.054615 26.681650
v 57.167576 17.771439 26.507349
v 57.012207 20.054647 26.351698
v 56.668633 20.054615 26.729372
v 51.423199 20.054615 21.833166
v 51.079617 20.054647 22.210833
v 51.288139 17.771509 21.800257
v 51.050026 20.054647 21.503218
v 50.706440 20.054615 21.880884
v 50.949066 17.771585 21.672377
v 50.924255 17.771439 22.055185
v 50.562191 19.997530 21.546953
v 50.562191 23.439480 21.546949
v 55.839996 19.997530 20.206461
v 50.765171 23.439480 22.346128
v 50.765171 19.997530 22.346128
v 56.042976 19.997530 21.005640
v 56.042976 23.439480 21.005640
v 55.839996 23.439480 20.206461
v 55.624641 17.771587 20.912954
v 55.523685 20.054647 21.082102
v 55.285568 17.771509 20.785074
v 55.867264 20.054617 20.704443
v 55.649452 17.771439 20.530134
v 55.494087 20.054647 20.374491
v 55.150509 20.054617 20.752153
v 55.642559 20.783819 21.119925
v 56.034760 20.783819 21.020311
v 55.767433 25.653383 21.061197
v 57.161232 20.783819 26.277391
v 57.090004 25.653383 26.268465
v 50.768288 20.032904 22.358385
v 50.768288 20.781134 22.358385
v 52.088306 20.032904 27.555616
v 56.046089 20.032904 21.017900
v 52.088306 20.781134 27.555616
v 56.046093 20.781134 21.017900
v 57.366112 20.781134 26.215132
v 57.366112 20.032904 26.215132
v 50.757706 20.822575 22.431082
v 52.075569 20.821074 27.543329
v 50.780014 22.046072 22.458746
v 55.861717 20.816954 21.111643
v 55.845989 22.030844 21.049719
v 52.055107 22.031775 27.575514
v 57.158730 22.042025 26.218290
v 57.146301 20.815607 26.169367
v 54.826748 25.718409 21.460489
v 55.415119 25.974329 21.392157
v 55.749363 26.039095 25.559252
v 55.019230 21.791893 21.489603
v 54.934181 21.777531 21.968523
v 55.038754 26.101553 21.747297
v 55.153809 26.109964 23.185556
v 55.087334 21.760656 23.167906
v 55.847134 21.775713 25.783445
v 55.227512 21.528711 22.449118
v 56.110020 21.541397 25.660070
v 55.563313 21.528732 22.259039
v 55.337742 21.830395 21.352007
v 55.748913 21.775713 21.930025
v 56.378654 21.528505 25.367838
v 56.605217 21.861601 26.288992
v 56.508713 21.760654 24.545557
v 56.661869 21.777533 25.744944
v 56.688591 26.040546 25.448561
v 55.846680 26.039097 22.154211
v 56.630699 25.695768 26.399473
v 56.569901 26.081915 26.012720
v 56.356579 26.269590 25.404253
v 55.605003 26.270655 22.295668
v 55.243343 26.269579 22.380148
v 55.991047 26.270653 25.417807
v 56.223961 26.083700 26.139471
v 56.185596 25.670530 26.468336
v 56.260349 21.943926 26.418016
v 54.808155 20.074755 -6.814477
v 54.707203 22.357815 -6.645326
v 54.503357 20.074741 -6.889912
v 55.050781 22.357784 -7.022993
v 54.881447 20.074741 -7.108357
v 54.576649 20.074755 -7.183785
v 54.677605 22.357815 -7.352940
v 54.334023 22.357784 -6.975275
v 54.203907 22.300699 -7.253559
v 59.481716 22.300699 -8.594043
v 54.203907 25.742649 -7.253559
v 54.406887 22.300699 -6.454383
v 59.684692 22.300699 -7.794868
v 54.406887 25.742649 -6.454383
v 59.684692 25.742649 -7.794868
v 59.481716 25.742649 -8.594043
v 59.494846 22.357784 -8.151722
v 59.151272 22.357817 -7.774054
v 59.150139 20.074757 -8.345360
v 59.354736 20.074741 -8.122154
v 59.121674 22.357815 -8.481668
v 58.778091 22.357784 -8.104001
v 59.122807 20.074757 -7.910360
v 58.918201 20.074741 -8.133572
v 53.532658 22.357782 -13.000206
v 53.189079 22.357817 -12.622539
v 53.187946 20.074755 -13.193846
v 53.392548 20.074739 -12.970637
v 53.159481 22.357815 -13.330153
v 52.815899 22.357782 -12.952485
v 53.160614 20.074755 -12.758845
v 52.956013 20.074739 -12.982054
v 52.671654 22.300699 -13.286422
v 52.874630 22.300701 -12.487244
v 52.671654 25.742647 -13.286422
v 57.949455 22.300699 -14.626905
v 52.874630 25.742649 -12.487244
v 58.152435 25.742647 -13.827728
v 57.949455 25.742647 -14.626905
v 58.152435 22.300699 -13.827728
v 57.976723 22.357782 -14.128933
v 57.633144 22.357815 -13.751266
v 57.632015 20.074755 -14.322574
v 57.836613 20.074739 -14.099365
v 57.603550 22.357815 -14.458881
v 57.259968 22.357782 -14.081214
v 57.604679 20.074755 -13.887573
v 57.400078 20.074739 -14.110782
v 57.876892 27.956549 -13.772178
v 57.948120 23.086987 -13.763251
v 59.003365 27.956551 -8.515099
v 59.395561 27.956551 -8.614712
v 59.270691 23.086988 -8.555979
v 52.877743 22.336073 -12.474989
v 54.197765 22.336073 -7.277758
v 58.155548 22.336071 -13.815473
v 52.877743 23.084305 -12.474989
v 58.155548 23.084303 -13.815473
v 54.197765 23.084305 -7.277758
v 59.475571 23.084305 -8.618241
v 59.475571 22.336073 -8.618241
v 52.867165 23.125744 -12.402287
v 54.185028 23.124243 -7.290043
v 52.889477 24.349241 -12.374628
v 57.971176 23.120119 -13.721730
v 57.955448 24.334009 -13.783657
v 54.164566 24.334946 -7.257862
v 59.268188 24.345194 -8.615083
v 59.255760 23.118778 -8.664004
v 57.107433 28.341469 -13.260766
v 57.504807 28.258886 -13.481198
v 56.943932 27.986088 -12.831893
v 57.127876 24.112078 -13.388600
v 57.263268 28.413132 -11.647816
v 57.352802 28.572750 -12.453233
v 57.714462 28.573822 -12.537710
v 58.100502 28.573822 -9.415565
v 58.310158 28.258888 -8.472077
v 57.858822 28.342266 -9.274120
v 58.466038 28.572762 -9.429116
v 58.798050 28.343719 -9.384809
v 58.671177 28.393921 -8.810707
v 58.740158 27.998938 -8.433900
v 58.740158 24.406172 -8.433901
v 58.714737 24.032627 -8.792346
v 58.349106 24.115862 -8.509947
v 58.155079 23.832232 -9.350599
v 57.956593 24.078882 -9.049931
v 57.196789 24.063828 -11.665475
v 57.043636 24.080696 -12.864841
v 57.336971 23.831881 -12.384250
v 57.672771 23.831902 -12.574333
v 57.465858 24.115858 -13.443327
v 57.858368 24.078878 -12.903347
v 58.483158 23.831486 -9.512036
v 58.618172 24.063828 -10.287814
v 57.956139 28.342268 -12.679162
v 58.217110 22.357784 6.889675
v 57.873535 22.357815 7.267340
v 57.872398 20.074755 6.696031
v 58.077000 20.074741 6.919243
v 57.843929 22.357815 6.559723
v 57.500351 22.357784 6.937389
v 57.845066 20.074755 7.131033
v 57.640461 20.074741 6.907823
v 57.370235 22.300699 6.659105
v 62.648045 22.300699 5.318621
v 57.370235 25.742649 6.659105
v 57.573215 22.300699 7.458279
v 62.851021 22.300699 6.117794
v 57.573215 25.742649 7.458279
v 62.851021 25.742649 6.117794
v 62.648045 25.742649 5.318621
v 62.661175 22.357784 5.760944
v 62.317593 22.357817 6.138611
v 62.316463 20.074757 5.567304
v 62.521065 20.074741 5.790511
v 62.287994 22.357815 5.430992
v 61.944416 22.357784 5.808657
v 62.289131 20.074757 6.002303
v 62.084530 20.074741 5.779094
v 56.456360 20.074757 1.120975
v 56.355412 22.357817 1.290126
v 56.151562 20.074741 1.045542
v 56.698986 22.357784 0.912461
v 56.529652 20.074741 0.827096
v 56.224854 20.074757 0.751664
v 56.325806 22.357815 0.582510
v 55.982227 22.357784 0.960175
v 55.837982 22.300701 0.626244
v 56.040958 22.300701 1.425420
v 55.837978 25.742649 0.626244
v 61.115784 22.300701 -0.714242
v 56.040958 25.742649 1.425420
v 61.318764 25.742649 0.084934
v 61.115784 25.742649 -0.714242
v 61.318764 22.300701 0.084934
v 60.900429 20.074757 -0.007756
v 60.799477 22.357817 0.161397
v 60.561356 20.074680 -0.135635
v 61.143051 22.357784 -0.216267
v 60.925240 20.074608 -0.390573
v 60.769867 22.357817 -0.546219
v 60.426296 22.357784 -0.168552
v 61.043221 27.956551 0.140483
v 61.114445 23.086988 0.149414
v 62.169689 27.956551 5.397562
v 62.561890 27.956551 5.297949
v 62.437019 23.086988 5.356687
v 56.044071 22.336073 1.437677
v 56.044071 23.084305 1.437677
v 57.364094 22.336073 6.634903
v 61.321877 22.336073 0.097191
v 61.321877 23.084305 0.097191
v 62.641899 22.336073 5.294420
v 62.641899 23.084305 5.294420
v 57.364094 23.084305 6.634903
v 56.033493 23.125744 1.510375
v 57.351357 23.124243 6.622621
v 56.055801 24.349241 1.538034
v 61.137505 23.120123 0.190935
v 61.121777 24.334011 0.129007
v 57.330894 24.334944 6.654800
v 62.434517 24.345194 5.297584
v 62.422089 23.118778 5.248661
v 60.273762 28.341473 0.651899
v 60.671135 28.258888 0.431467
v 60.110260 27.986090 1.080770
v 60.294205 24.112078 0.524065
v 60.429596 28.413132 2.264848
v 60.519127 28.572750 1.459432
v 60.880791 28.573822 1.374956
v 61.266830 28.573822 4.497097
v 61.476486 28.258890 5.440586
v 61.025150 28.342266 4.638546
v 61.632366 28.572762 4.483545
v 61.964378 28.343719 4.527857
v 61.837505 28.393921 5.101957
v 61.906487 27.998936 5.478763
v 61.906487 24.406174 5.478763
v 61.881065 24.032627 5.120319
v 61.515434 24.115860 5.402716
v 61.321407 23.832232 4.562063
v 61.122921 24.078880 4.862732
v 60.363117 24.063828 2.247194
v 60.209965 24.080698 1.047823
v 60.503300 23.831881 1.528414
v 60.839096 23.831902 1.338333
v 60.632187 24.115860 0.469339
v 61.024696 24.078880 1.009315
v 61.649487 23.831486 4.400629
v 61.784500 24.063826 3.624859
v 61.122467 28.342268 1.233498
v 61.114605 20.074608 19.388830
v 61.191635 22.357777 19.556505
v 60.919750 22.357832 19.210707
v 61.478493 20.074680 19.133898
v 61.139420 20.074757 19.006018
v 61.099430 22.357817 18.872635
v 61.616215 22.357725 19.098886
v 60.766678 22.300701 18.936243
v 66.044479 22.300701 17.595758
v 60.766678 25.742651 18.936243
v 60.969658 22.300701 19.735422
v 66.247459 22.300701 18.394934
v 60.969658 25.742651 19.735422
v 66.247459 25.742651 18.394934
v 66.044479 25.742651 17.595758
v 66.057617 22.357786 18.038080
v 65.714035 22.357819 18.415751
v 65.922562 20.074680 18.005173
v 65.684441 22.357819 17.708132
v 65.340858 22.357786 18.085798
v 65.583488 20.074759 17.877293
v 65.558670 20.074610 18.260103
v 59.852802 20.074759 13.398113
v 59.751850 22.357819 13.567263
v 59.513729 20.074680 13.270231
v 60.095428 22.357786 13.189598
v 59.877617 20.074610 13.015297
v 59.722248 22.357817 12.859652
v 59.378670 22.357786 13.237314
v 59.234421 22.300703 12.903379
v 59.437401 22.300703 13.702558
v 59.234421 25.742651 12.903379
v 64.512222 22.300701 11.562897
v 59.437401 25.742651 13.702558
v 64.715202 25.742649 12.362070
v 64.512222 25.742649 11.562897
v 64.715202 22.300701 12.362070
v 64.296867 20.074757 12.269384
v 64.195923 22.357817 12.438540
v 63.957798 20.074680 12.141504
v 64.539497 22.357784 12.060871
v 64.321686 20.074608 11.886570
v 64.166313 22.357817 11.730921
v 63.822735 22.357784 12.108585
v 64.314789 23.086988 12.476356
v 64.706985 23.086988 12.376745
v 64.439659 27.956551 12.417627
v 65.833458 23.086990 17.633825
v 65.762230 27.956553 17.624899
v 59.440514 22.336075 13.714813
v 59.440514 23.084307 13.714813
v 60.760536 22.336075 18.912045
v 64.718323 22.336073 12.374331
v 60.760536 23.084307 18.912045
v 64.718323 23.084305 12.374331
v 66.038338 23.084307 17.571558
v 66.038338 22.336075 17.571558
v 59.429935 23.125746 13.787518
v 60.747799 23.124245 18.899761
v 59.452244 24.349243 13.815174
v 64.533943 23.120123 12.468077
v 64.518219 24.334011 12.406149
v 60.727337 24.334948 18.931942
v 65.830956 24.345196 17.574722
v 65.818535 23.118780 17.525799
v 63.670204 28.341475 12.929037
v 64.067574 28.258890 12.708607
v 63.506702 27.986094 13.357916
v 63.690643 24.112082 12.801203
v 63.826042 28.413136 14.542000
v 63.915569 28.572752 13.736572
v 64.277229 28.573824 13.652094
v 64.663269 28.573824 16.774239
v 64.872925 28.258894 17.717724
v 64.421593 28.342272 16.915680
v 65.028809 28.572763 16.760689
v 65.360825 28.343721 16.805000
v 65.233948 28.393923 17.379099
v 65.302925 27.998941 17.755905
v 65.302933 24.406172 17.755905
v 65.277504 24.032629 17.397459
v 64.911880 24.115862 17.679857
v 64.704971 23.831903 16.810867
v 64.519363 24.078882 17.139874
v 63.759563 24.063829 14.524341
v 63.606407 24.080702 13.324959
v 63.899742 23.831882 13.805557
v 64.235542 23.831903 13.615473
v 64.028625 24.115862 12.746475
v 64.421143 24.078882 13.286455
v 65.050888 23.831675 16.724276
v 65.180939 24.063828 15.902000
v 64.518906 28.342270 13.510637
v 46.659264 20.054613 2.939350
v 46.315685 20.054646 3.317016
v 46.314552 17.771584 2.745708
v 46.519154 17.771570 2.968917
v 46.286087 20.054646 2.609401
v 45.942505 20.054613 2.987065
v 46.287216 17.771584 3.180709
v 46.082619 17.771570 2.957500
v 45.812393 19.997528 2.708781
v 51.090199 19.997528 1.368295
v 45.812393 23.439478 2.708781
v 46.015373 19.997528 3.507960
v 51.293175 19.997528 2.167474
v 46.015373 23.439478 3.507959
v 51.293175 23.439478 2.167473
v 51.090199 23.439478 1.368295
v 51.103329 20.054615 1.810620
v 50.759750 20.054646 2.188287
v 50.758621 17.771585 1.616981
v 50.963219 17.771570 1.840189
v 50.730152 20.054646 1.480671
v 50.386574 20.054615 1.858337
v 50.731285 17.771585 2.051980
v 50.526684 17.771570 1.828772
v 44.898514 17.771585 -2.829350
v 44.797562 20.054646 -2.660197
v 44.593716 17.771570 -2.904780
v 45.141140 20.054615 -3.037860
v 44.971809 17.771570 -3.123226
v 44.667011 17.771585 -3.198660
v 44.767960 20.054646 -3.367812
v 44.424385 20.054615 -2.990149
v 44.280136 19.997530 -3.324081
v 44.483116 19.997530 -2.524902
v 44.280136 23.439478 -3.324082
v 49.557941 19.997530 -4.664567
v 44.483116 23.439478 -2.524903
v 49.760918 23.439478 -3.865391
v 49.557941 23.439478 -4.664568
v 49.760918 19.997530 -3.865391
v 49.342583 17.771585 -3.958077
v 49.241631 20.054646 -3.788925
v 49.037785 17.771572 -4.033508
v 49.585205 20.054615 -4.166588
v 49.415874 17.771572 -4.251955
v 49.111076 17.771585 -4.327390
v 49.212025 20.054646 -4.496542
v 48.868450 20.054615 -4.118877
v 49.485374 25.653381 -3.809838
v 49.556602 20.783817 -3.800910
v 50.611847 25.653381 1.447240
v 51.004044 25.653381 1.347628
v 50.879173 20.783817 1.406361
v 44.486229 20.032902 -2.512645
v 44.486229 20.781134 -2.512646
v 49.764030 20.032902 -3.853132
v 45.806248 20.032902 2.684586
v 45.806248 20.781134 2.684585
v 51.084053 20.032902 1.344097
v 51.084053 20.781134 1.344097
v 49.764030 20.781134 -3.853132
v 44.475647 20.822573 -2.439947
v 45.793510 20.821072 2.672295
v 44.497959 22.046072 -2.412288
v 49.579659 20.816952 -3.759387
v 49.563931 22.030842 -3.821315
v 45.773048 22.031776 2.704477
v 50.876671 22.042025 1.347258
v 50.864243 20.815605 1.298337
v 48.715916 26.038300 -3.298431
v 49.113289 25.955719 -3.518857
v 48.625397 26.040546 -2.606124
v 48.736359 21.808908 -3.426262
v 48.961285 26.269579 -2.490892
v 49.322945 26.270653 -2.575364
v 49.708988 26.270653 0.546777
v 49.918640 25.955715 1.490268
v 49.467308 26.039097 0.688228
v 50.074520 26.269590 0.533226
v 50.406532 26.040546 0.577530
v 50.279663 26.090746 1.151640
v 50.348644 25.695766 1.528443
v 50.348644 22.103001 1.528442
v 50.323219 21.729458 1.169997
v 49.957592 21.812691 1.452394
v 49.763565 21.529060 0.611742
v 49.565079 21.775711 0.912413
v 48.805275 21.760654 -1.703127
v 48.652122 21.777527 -2.902502
v 48.945454 21.528711 -2.421913
v 49.281254 21.528730 -2.611994
v 49.063503 21.802990 -3.466616
v 49.455166 21.787518 -2.988688
v 50.091644 21.528316 0.450313
v 50.226654 21.760653 -0.325476
v 49.564625 26.039097 -2.716823
v 49.582859 20.054615 15.019823
v 49.239285 20.054647 15.397491
v 49.447800 17.771509 14.986909
v 49.209679 20.054647 14.689873
v 48.866104 20.054615 15.067537
v 49.108727 17.771585 14.859033
v 49.083916 17.771439 15.241847
v 48.735989 19.997530 14.789257
v 54.013794 19.997530 13.448771
v 48.735989 23.439480 14.789257
v 48.938969 19.997530 15.588434
v 54.216774 19.997530 14.247946
v 48.938969 23.439480 15.588434
v 54.216774 23.439480 14.247946
v 54.013794 23.439480 13.448771
v 53.784302 17.771587 14.099612
v 53.683350 20.054647 14.268762
v 53.479504 17.771572 14.024180
v 54.026928 20.054617 13.891098
v 53.857597 17.771572 13.805734
v 53.552795 17.771587 13.730300
v 53.653748 20.054647 13.561146
v 53.310173 20.054617 13.938814
v 47.822113 17.771585 9.251128
v 47.721161 20.054646 9.420275
v 47.517311 17.771570 9.175694
v 48.064735 20.054615 9.042614
v 47.895401 17.771570 8.957248
v 47.590607 17.771585 8.881814
v 47.691566 20.054646 8.712660
v 47.347980 20.054615 9.090324
v 47.203732 19.997530 8.756392
v 47.203732 23.439478 8.756392
v 47.406712 19.997530 9.555572
v 52.481537 19.997530 7.415907
v 52.481537 23.439478 7.415907
v 52.684517 19.997530 8.215082
v 52.684517 23.439478 8.215082
v 47.406712 23.439478 9.555572
v 52.266178 17.771585 8.122396
v 52.165230 20.054646 8.291548
v 51.927109 17.771509 7.994512
v 52.508804 20.054615 7.913879
v 52.290993 17.771439 7.739583
v 52.135628 20.054646 7.583936
v 51.792049 20.054615 7.961597
v 52.284100 20.783817 8.329368
v 52.676300 20.783817 8.229759
v 52.408974 25.653381 8.270634
v 53.802773 20.783819 13.486837
v 53.731544 25.653383 13.477911
v 47.409824 20.032902 9.567831
v 47.409824 20.781134 9.567829
v 52.687630 20.781134 8.227345
v 48.729843 20.032904 14.765059
v 52.687630 20.032902 8.227345
v 48.729847 20.781136 14.765058
v 54.007652 20.781136 13.424574
v 54.007652 20.032904 13.424574
v 47.399246 20.822573 9.640526
v 48.717106 20.821074 14.752769
v 47.421555 22.046072 9.668184
v 52.503258 20.816952 8.321091
v 52.487530 22.030842 8.259159
v 48.696648 22.031778 14.784956
v 53.800270 22.042027 13.427734
v 53.787842 20.815607 13.378813
v 51.639515 26.038300 8.782047
v 52.036888 25.955719 8.561617
v 51.548996 26.040546 9.474342
v 51.659958 21.808907 8.654217
v 51.884884 26.269579 9.589582
v 52.246544 26.270653 9.505108
v 52.632584 26.270653 12.627251
v 52.842239 25.955719 13.570742
v 52.390903 26.039099 12.768696
v 52.998119 26.269590 12.613697
v 53.330132 26.040548 12.658008
v 53.203262 26.090750 13.232115
v 53.272240 25.695768 13.608917
v 52.896408 21.847929 13.582863
v 53.217022 21.784786 13.419300
v 53.020195 21.528503 12.577286
v 53.303406 21.777531 12.954380
v 53.150253 21.760653 11.755007
v 52.390453 21.775711 9.139469
v 52.488224 26.039097 9.363657
v 52.204849 21.528730 9.468479
v 51.997936 21.812689 8.599487
v 51.869053 21.528711 9.658566
v 52.674278 21.528732 12.663883
v 51.728874 21.760654 10.377352
v 51.575718 21.777531 9.177971
v 52.488674 21.775713 12.992884
v 43.413788 20.054613 -10.476898
v 43.070217 20.054646 -10.099232
v 43.278732 17.771507 -10.509812
v 43.040611 20.054646 -10.806848
v 42.697033 20.054613 -10.429183
v 42.939659 17.771584 -10.637691
v 42.914848 17.771437 -10.254876
v 42.566917 19.997528 -10.707467
v 47.844727 19.997528 -12.047951
v 42.566917 23.439478 -10.707467
v 42.769897 19.997528 -9.908289
v 48.047707 19.997528 -11.248774
v 42.769897 23.439478 -9.908289
v 48.047707 23.439478 -11.248774
v 47.844727 23.439478 -12.047951
v 47.857857 20.054615 -11.605624
v 47.514282 20.054646 -11.227960
v 47.513145 17.771585 -11.799266
v 47.717747 17.771570 -11.576058
v 47.484680 20.054646 -11.935575
v 47.141098 20.054615 -11.557911
v 47.485817 17.771585 -11.364264
v 47.281212 17.771570 -11.587476
v 41.895668 20.054613 -16.454107
v 41.552101 20.054644 -16.076441
v 41.550957 17.771584 -16.647753
v 41.755558 17.771568 -16.424540
v 41.522484 20.054644 -16.784061
v 41.178909 20.054613 -16.406397
v 41.523628 17.771584 -16.212751
v 41.319023 17.771568 -16.435963
v 41.034660 19.997528 -16.740328
v 41.034664 23.439476 -16.740328
v 46.312466 19.997528 -18.080814
v 41.237640 23.439476 -15.941150
v 41.237640 19.997528 -15.941150
v 46.515446 19.997528 -17.281637
v 46.515446 23.439476 -17.281637
v 46.312466 23.439476 -18.080814
v 46.097107 17.771584 -17.374325
v 45.996162 20.054644 -17.205172
v 45.792313 17.771570 -17.449755
v 46.339733 20.054613 -17.582836
v 46.170403 17.771570 -17.668205
v 45.865601 17.771584 -17.743635
v 45.966549 20.054644 -17.912790
v 45.622978 20.054613 -17.535126
v 46.115028 20.783815 -17.167356
v 46.507229 20.783815 -17.266966
v 46.239902 25.653379 -17.226086
v 47.633701 20.783817 -12.009885
v 47.562473 25.653381 -12.018811
v 41.240753 20.032900 -15.928891
v 42.560776 20.032902 -10.731665
v 46.518562 20.032900 -17.269377
v 41.240753 20.781132 -15.928891
v 42.560776 20.781134 -10.731665
v 46.518562 20.781132 -17.269377
v 47.838581 20.781134 -12.072149
v 47.838581 20.032902 -12.072149
v 41.230175 20.822571 -15.856195
v 42.548038 20.821072 -10.743952
v 41.252483 22.046070 -15.828536
v 46.334183 20.816950 -17.175636
v 46.318459 22.030840 -17.237562
v 42.527576 22.031776 -10.711769
v 47.631199 22.042025 -12.068989
v 47.618774 20.815605 -12.117909
v 45.470444 26.038296 -16.714678
v 45.867817 25.955717 -16.935106
v 45.379925 26.040545 -16.022379
v 45.490887 21.808907 -16.842508
v 45.715813 26.269577 -15.907140
v 46.077473 26.270651 -15.991611
v 46.463516 26.270651 -12.869471
v 46.673168 25.955715 -11.925979
v 46.221832 26.039095 -12.728024
v 46.829048 26.269588 -12.883022
v 47.161060 26.040545 -12.838719
v 47.034191 26.090748 -12.264609
v 47.103168 25.695766 -11.887806
v 47.103168 22.103001 -11.887806
v 47.077747 21.729458 -12.246252
v 46.712120 21.812691 -11.963852
v 46.505211 21.528728 -12.832841
v 46.319603 21.775711 -12.503836
v 45.559803 21.760653 -15.119373
v 45.406647 21.777529 -16.318750
v 45.699982 21.528709 -15.838163
v 46.035782 21.528728 -16.028240
v 45.828865 21.812689 -16.897236
v 46.221382 21.775709 -16.357250
v 46.851128 21.528502 -12.919436
v 46.981182 21.760653 -13.741715
v 46.319153 26.039095 -16.133066
vn -0.4740 -0.8557 -0.2078
vn 0.4740 -0.8557 0.2078
vn -0.3178 -0.8553 0.4092
vn 0.3178 0.8552 -0.4093
vn 0.3178 -0.8553 -0.4092
vn -0.4740 0.8557 -0.2078
vn -0.3178 0.8552 0.4093
vn 0.4740 0.8557 0.2078
vn 0.2561 -0.8937 0.3684
vn 0.5708 0.8190 -0.0587
vn 0.0033 0.8876 0.4605
vn -0.4843 -0.8386 0.2494
vn -0.2561 -0.8937 -0.3684
vn 0.4843 -0.8386 -0.2495
vn -0.0033 0.8876 -0.4605
vn -0.5708 0.8190 0.0587
vn 0.2871 -0.8862 0.3638
vn 0.5692 0.8202 -0.0576
vn 0.0027 0.8872 0.4613
vn -0.5514 -0.8290 0.0935
vn 0.3372 -0.8551 -0.3938
vn -0.0071 0.8869 -0.4620
vn -0.5757 0.8156 0.0576
vn 0.0071 0.8869 0.4620
vn -0.0027 0.8872 -0.4613
vn -0.5693 0.8201 0.0576
vn 0.5514 -0.8290 -0.0935
vn 0.5758 0.8156 -0.0576
vn -0.2871 -0.8862 -0.3637
vn -0.3372 -0.8551 0.3938
vn 0.3178 -0.8552 -0.4093
vn 0.3178 0.8553 -0.4092
vn -0.3178 0.8553 0.4093
vn 0.4740 -0.8556 0.2078
vn 0.5693 0.8201 -0.0576
vn -0.1262 0.8630 -0.4892
vn -0.3334 0.8504 0.4070
vn 0.4823 0.8532 0.1987
vn 0.0594 -0.9730 0.2232
vn -0.0670 -0.9583 -0.2777
vn -0.3177 0.8553 0.4093
vn -0.4739 -0.8557 -0.2079
vn 0.3178 -0.8553 -0.4093
vn 0.3177 0.8553 -0.4093
vn -0.3178 -0.8553 0.4093
vn 0.4740 0.8557 0.2077
vn 0.4739 -0.8557 0.2079
vn -0.4778 -0.8537 -0.2070
vn -0.3116 -0.8584 0.4075
vn -0.3209 0.8505 0.4168
vn 0.4720 -0.8584 0.2010
vn -0.4695 0.8596 -0.2017
vn 0.3184 0.8507 -0.4182
vn 0.3163 -0.8583 -0.4041
vn 0.4764 0.8542 0.2082
vn -0.8631 0.2170 -0.4561
vn 0.2590 -0.6344 -0.7283
vn -0.5002 -0.7479 -0.4364
vn 0.3063 0.6590 -0.6869
vn -0.4304 0.8678 -0.2483
vn -0.8260 0.5350 0.1776
vn -0.7943 0.4992 0.3463
vn -0.8409 -0.5083 0.1858
vn -0.8460 -0.5314 -0.0448
vn -0.1524 -0.9616 0.2282
vn -0.7406 -0.5401 0.3997
vn -0.2833 -0.9585 -0.0319
vn 0.1895 -0.9655 -0.1785
vn 0.2761 -0.9603 0.0394
vn 0.7507 -0.5291 -0.3957
vn 0.8390 -0.5125 -0.1827
vn 0.5542 -0.6656 0.4998
vn 0.8223 -0.5658 0.0612
vn 0.7339 0.2839 0.6171
vn 0.8439 0.5336 -0.0553
vn 0.2152 0.9618 -0.1693
vn 0.7955 0.5016 -0.3399
vn 0.4674 0.8239 0.3205
vn 0.2360 0.9701 0.0565
vn -0.2237 0.9611 0.1618
vn -0.2697 0.9616 -0.0505
vn -0.1853 0.8486 0.4956
vn -0.5017 0.2473 0.8289
vn -0.3410 -0.4450 0.8281
vn -0.0035 0.8861 -0.4635
vn 0.0035 0.8861 0.4635
vn 0.5749 0.8161 -0.0589
vn 0.5505 -0.8347 -0.0127
vn 0.0504 -0.8911 -0.4510
vn -0.5505 -0.8347 0.0127
vn -0.5749 0.8161 0.0589
vn -0.0504 -0.8911 0.4510
vn -0.4740 -0.8556 -0.2078
vn 0.3178 0.8553 -0.4093
vn 0.4740 0.8556 0.2078
vn -0.0670 -0.9583 -0.2778
vn -0.1261 0.8630 -0.4892
vn 0.0594 -0.9729 0.2232
vn -0.4739 -0.8557 -0.2077
vn 0.4739 -0.8557 0.2078
vn -0.4739 0.8557 -0.2078
vn -0.3178 0.8553 0.4092
vn 0.4739 0.8557 0.2077
vn -0.4977 0.7932 -0.3509
vn 0.2130 0.9617 -0.1726
vn 0.3008 0.5884 -0.7506
vn -0.5106 -0.7054 -0.4915
vn -0.9922 0.1200 -0.0336
vn -0.7714 0.6154 0.1618
vn -0.2777 0.9589 -0.0585
vn -0.2201 0.9604 0.1707
vn 0.3887 0.8670 0.3118
vn -0.3198 0.6582 0.6816
vn -0.7933 0.4994 0.3482
vn 0.2323 0.9707 0.0617
vn 0.8454 0.5313 -0.0558
vn 0.7155 0.1611 0.6798
vn 0.7358 -0.1393 0.6627
vn -0.2553 -0.6999 0.6670
vn 0.5414 -0.7977 0.2657
vn -0.1952 -0.9644 0.1785
vn -0.7594 -0.5173 0.3946
vn -0.8436 -0.5041 0.1849
vn -0.2834 -0.9584 -0.0344
vn -0.8349 -0.5480 -0.0510
vn 0.1881 -0.9658 -0.1784
vn 0.2876 -0.9571 0.0355
vn 0.2919 -0.6770 -0.6756
vn 0.7567 -0.5207 -0.3954
vn 0.8529 -0.4942 -0.1685
vn 0.7916 0.5064 -0.3420
vn -0.4740 -0.8556 -0.2079
vn -0.4740 0.8556 -0.2079
vn -0.3177 -0.8553 0.4093
vn -0.4740 -0.8557 -0.2077
vn 0.3177 -0.8553 -0.4093
vn 0.4739 0.8557 0.2079
vn 0.4740 -0.8557 0.2077
vn -0.7594 -0.5174 0.3946
vn -0.8349 -0.5481 -0.0510
vn -0.0571 0.8781 0.4750
vn -0.5497 0.8331 0.0620
vn -0.3392 -0.8531 0.3965
vn 0.5594 -0.8233 -0.0962
vn 0.5801 0.8042 -0.1294
vn -0.2882 -0.8840 -0.3681
vn -0.1582 0.8899 -0.4279
vn -0.4740 0.8556 -0.2078
vn 0.2871 -0.8862 0.3637
vn -0.5758 0.8156 0.0576
vn 0.1261 -0.8630 0.4892
vn -0.4823 -0.8532 -0.1987
vn 0.3334 -0.8504 -0.4070
vn -0.0594 0.9729 -0.2232
vn 0.0670 0.9583 0.2777
vn -0.3177 0.8553 0.4092
vn 0.3177 0.8553 -0.4092
vn -0.5106 -0.7054 -0.4916
vn -0.2542 -0.7044 0.6627
vn 0.5370 -0.8004 0.2663
vn -0.2085 -0.9624 0.1744
vn -0.7567 -0.5207 0.3954
vn 0.2790 -0.9588 0.0531
vn -0.8444 -0.5029 0.1846
vn -0.2833 -0.9584 -0.0345
vn 0.1881 -0.9658 -0.1783
vn 0.8501 -0.4991 -0.1680
vn 0.4843 -0.8386 -0.2494
vn 0.4739 -0.8557 0.2077
vn 0.4739 0.8557 0.2078
vn -0.4974 0.7696 -0.4005
vn 0.3003 0.5891 -0.7502
vn -0.5189 -0.6930 -0.5004
vn -0.2474 0.9677 -0.0478
vn -0.8467 0.5301 0.0464
vn -0.2248 0.9597 0.1684
vn -0.7916 0.5064 0.3420
vn -0.8447 -0.5025 0.1845
vn -0.8389 -0.5419 -0.0518
vn 0.1906 -0.9653 -0.1787
vn 0.2644 -0.7037 -0.6595
vn 0.7545 -0.5099 -0.4131
vn 0.8528 -0.4944 -0.1685
vn 0.7914 0.5069 -0.3417
vn -0.5692 0.8202 0.0576
vn 0.5757 0.8156 -0.0576
vn -0.2871 -0.8862 -0.3638
vn -0.0671 -0.9583 -0.2777
vn -0.4739 0.8557 -0.2077
vn -0.3208 0.8505 0.4168
vn -0.5155 -0.7012 -0.4925
vn -0.3198 0.6583 0.6814
vn 0.8453 0.5314 -0.0557
vn 0.7164 0.1601 0.6791
vn 0.8666 -0.4972 0.0420
vn 0.4850 -0.7592 0.4339
vn -0.2656 -0.5969 0.7570
vn -0.2074 -0.9620 0.1778
vn 0.2707 -0.9610 0.0570
vn -0.8455 -0.5012 0.1843
vn -0.7442 -0.5384 0.3953
vn 0.0072 0.8869 0.4620
vn -0.5749 0.8161 0.0590
vn 0.5749 0.8161 -0.0590
vn -0.4843 -0.8386 0.2495
vn -0.0594 0.9730 -0.2232
vn 0.0670 0.9583 0.2778
vn 0.8501 -0.4992 -0.1680
vt 0.069920 0.494957
vt 0.069706 0.496766
vt 0.069706 0.494957
vt 0.486693 0.496322
vt 0.488495 0.493928
vt 0.488495 0.496323
vt 0.005414 0.495446
vt 0.005627 0.493051
vt 0.005627 0.495446
vt 0.062406 0.493894
vt 0.064211 0.491499
vt 0.064211 0.493894
vt 0.060371 0.496525
vt 0.060157 0.494716
vt 0.060371 0.494715
vt 0.027479 0.496578
vt 0.027693 0.494183
vt 0.027693 0.496578
vt 0.125250 0.496752
vt 0.125193 0.495161
vt 0.125339 0.495165
vt 0.125339 0.496754
vt 0.157042 0.487931
vt 0.157124 0.487849
vt 0.157124 0.487949
vt 0.035860 0.496827
vt 0.035931 0.495239
vt 0.035931 0.496829
vt 0.320237 0.494995
vt 0.320237 0.496585
vt 0.320149 0.496583
vt 0.035828 0.495238
vt 0.320090 0.494992
vt 0.043081 0.494369
vt 0.043219 0.494244
vt 0.043219 0.494403
vt 0.057057 0.493090
vt 0.057162 0.493093
vt 0.057092 0.494680
vt 0.057162 0.494682
vt 0.318915 0.496706
vt 0.318863 0.495115
vt 0.319009 0.495119
vt 0.319009 0.496709
vt 0.480696 0.485788
vt 0.480775 0.485709
vt 0.480775 0.485853
vt 0.036347 0.496826
vt 0.036443 0.495239
vt 0.036443 0.496829
vt 0.036340 0.495238
vt 0.316767 0.495118
vt 0.316626 0.496704
vt 0.316620 0.495115
vt 0.069428 0.493570
vt 0.069291 0.493696
vt 0.069291 0.493536
vt 0.123705 0.495192
vt 0.123810 0.495192
vt 0.123800 0.496780
vt 0.066278 0.494246
vt 0.066415 0.494121
vt 0.066415 0.494280
vt 0.125486 0.495164
vt 0.125345 0.496750
vt 0.125339 0.495161
vt 0.037877 0.495238
vt 0.037980 0.495238
vt 0.037937 0.496827
vt 0.041320 0.496435
vt 0.041266 0.494845
vt 0.041413 0.494848
vt 0.041413 0.496438
vt 0.480980 0.485821
vt 0.480878 0.485719
vt 0.480980 0.485709
vt 0.122555 0.496781
vt 0.122650 0.495195
vt 0.122650 0.496783
vt 0.122545 0.495192
vt 0.492606 0.496323
vt 0.490803 0.493927
vt 0.492606 0.493928
vt 0.060584 0.491106
vt 0.060584 0.493501
vt 0.060371 0.491106
vt 0.077914 0.494941
vt 0.077700 0.496750
vt 0.077700 0.494940
vt 0.060371 0.493501
vt 0.060601 0.493894
vt 0.062406 0.491499
vt 0.016279 0.493873
vt 0.016492 0.493873
vt 0.016492 0.496268
vt 0.016279 0.496268
vt 0.018786 0.496733
vt 0.018572 0.494924
vt 0.018786 0.494924
vt 0.318622 0.496706
vt 0.318570 0.495115
vt 0.318716 0.495119
vt 0.318716 0.496709
vt 0.480391 0.485821
vt 0.480391 0.485709
vt 0.480492 0.485811
vt 0.124365 0.496780
vt 0.124461 0.495193
vt 0.124461 0.496783
vt 0.124358 0.495192
vt 0.316620 0.495118
vt 0.316479 0.496704
vt 0.316473 0.495115
vt 0.004874 0.495961
vt 0.005011 0.495836
vt 0.005011 0.495995
vt 0.123916 0.495192
vt 0.123905 0.496780
vt 0.495109 0.496198
vt 0.495109 0.494805
vt 0.495244 0.494812
vt 0.024596 0.494483
vt 0.024462 0.494487
vt 0.024462 0.491097
vt 0.144733 0.494694
vt 0.146120 0.491306
vt 0.146120 0.494694
vt 0.041427 0.491044
vt 0.042817 0.494430
vt 0.041426 0.494432
vt 0.013265 0.492892
vt 0.013265 0.494280
vt 0.012744 0.494280
vt 0.483595 0.495764
vt 0.484115 0.493961
vt 0.484115 0.495763
vt 0.142363 0.496505
vt 0.140975 0.494694
vt 0.142363 0.494696
vt 0.012744 0.492892
vt 0.143751 0.494694
vt 0.143751 0.496503
vt 0.057057 0.491499
vt 0.056536 0.493303
vt 0.056536 0.491499
vt 0.145139 0.496081
vt 0.145139 0.494694
vt 0.145660 0.494694
vt 0.140975 0.496503
vt 0.145660 0.496081
vt 0.320794 0.493625
vt 0.320785 0.494991
vt 0.319942 0.494992
vt 0.044673 0.494931
vt 0.043322 0.496676
vt 0.043306 0.494931
vt 0.319942 0.493627
vt 0.156848 0.488882
vt 0.156842 0.490625
vt 0.155997 0.488880
vt 0.155997 0.490626
vt 0.480396 0.482198
vt 0.481244 0.480455
vt 0.481239 0.482206
vt 0.026008 0.496649
vt 0.024643 0.494916
vt 0.026023 0.494902
vt 0.156850 0.492390
vt 0.155997 0.493751
vt 0.155997 0.492372
vt 0.156851 0.487395
vt 0.157042 0.490100
vt 0.156927 0.490127
vt 0.157042 0.487216
vt 0.156886 0.487129
vt 0.051626 0.491612
vt 0.052082 0.491881
vt 0.050993 0.491665
vt 0.051655 0.494638
vt 0.052082 0.494613
vt 0.051966 0.494624
vt 0.051995 0.491615
vt 0.050967 0.494795
vt 0.050951 0.494632
vt 0.051829 0.494798
vt 0.124345 0.496497
vt 0.124234 0.496269
vt 0.124358 0.496243
vt 0.124231 0.495437
vt 0.052325 0.494802
vt 0.052082 0.494593
vt 0.052249 0.494629
vt 0.052952 0.494635
vt 0.124236 0.495192
vt 0.124342 0.495382
vt 0.053155 0.494797
vt 0.053264 0.494622
vt 0.053400 0.494564
vt 0.053416 0.491896
vt 0.053176 0.491656
vt 0.052320 0.491502
vt 0.052297 0.491662
vt 0.053313 0.491628
vt 0.053147 0.491499
vt 0.121595 0.495430
vt 0.121722 0.496239
vt 0.121603 0.496258
vt 0.121733 0.495258
vt 0.121583 0.495192
vt 0.052082 0.491710
vt 0.051823 0.491499
vt 0.051013 0.491504
vt 0.121705 0.496435
vt 0.050818 0.491635
vt 0.121583 0.496424
vt 0.156868 0.490397
vt 0.156851 0.490128
vt 0.156973 0.490127
vt 0.050740 0.491923
vt 0.157016 0.490415
vt 0.156973 0.493008
vt 0.156851 0.493065
vt 0.050766 0.494516
vt 0.156943 0.493288
vt 0.319360 0.496706
vt 0.319302 0.495115
vt 0.319449 0.495119
vt 0.319449 0.496708
vt 0.157042 0.487346
vt 0.157124 0.487264
vt 0.157124 0.487363
vt 0.036577 0.496827
vt 0.036648 0.495239
vt 0.036648 0.496829
vt 0.320384 0.494995
vt 0.320384 0.496585
vt 0.320296 0.496583
vt 0.036545 0.495238
vt 0.320237 0.494992
vt 0.005816 0.495480
vt 0.005679 0.495605
vt 0.005679 0.495446
vt 0.071888 0.494957
vt 0.071994 0.494960
vt 0.071924 0.496547
vt 0.071994 0.496548
vt 0.070987 0.494957
vt 0.070774 0.496766
vt 0.070774 0.494957
vt 0.481792 0.496356
vt 0.483595 0.493962
vt 0.483595 0.496357
vt 0.066229 0.493894
vt 0.066442 0.491499
vt 0.066442 0.493894
vt 0.066015 0.491499
vt 0.066015 0.493894
vt 0.070347 0.496766
vt 0.070133 0.494957
vt 0.070347 0.494957
vt 0.046119 0.496570
vt 0.046333 0.494175
vt 0.046333 0.496569
vt 0.013156 0.494314
vt 0.013019 0.494439
vt 0.013019 0.494280
vt 0.126657 0.495161
vt 0.126558 0.496750
vt 0.126511 0.495161
vt 0.037570 0.495238
vt 0.037672 0.495238
vt 0.037578 0.496827
vt 0.037645 0.496827
vt 0.317504 0.495115
vt 0.317399 0.496704
vt 0.317356 0.495115
vt 0.123283 0.495192
vt 0.123388 0.495192
vt 0.123320 0.496780
vt 0.123388 0.496780
vt 0.157042 0.488317
vt 0.157124 0.488400
vt 0.157042 0.488417
vt 0.038346 0.495953
vt 0.038484 0.495828
vt 0.038484 0.495987
vt 0.126412 0.496750
vt 0.126364 0.495161
vt 0.037467 0.495238
vt 0.037476 0.496827
vt 0.037543 0.496827
vt 0.317209 0.495115
vt 0.317104 0.496704
vt 0.317062 0.495115
vt 0.123494 0.495192
vt 0.123599 0.495192
vt 0.123531 0.496780
vt 0.123599 0.496780
vt 0.157124 0.488751
vt 0.157042 0.488669
vt 0.157124 0.488651
vt 0.077487 0.494941
vt 0.077274 0.496750
vt 0.077274 0.494940
vt 0.075690 0.491159
vt 0.075904 0.493554
vt 0.075690 0.493554
vt 0.075904 0.491159
vt 0.149725 0.496999
vt 0.151528 0.494605
vt 0.151528 0.497000
vt 0.076847 0.496750
vt 0.076633 0.494941
vt 0.076847 0.494940
vt 0.064211 0.496289
vt 0.066015 0.496289
vt 0.484636 0.493961
vt 0.484849 0.493961
vt 0.484849 0.496355
vt 0.484636 0.496355
vt 0.005679 0.495799
vt 0.005816 0.495673
vt 0.005816 0.495833
vt 0.126218 0.495161
vt 0.126119 0.496750
vt 0.126071 0.495161
vt 0.037365 0.495238
vt 0.037373 0.496827
vt 0.037440 0.496827
vt 0.317252 0.496704
vt 0.123425 0.496780
vt 0.123494 0.496780
vt 0.157042 0.488434
vt 0.157124 0.488517
vt 0.157042 0.488534
vt 0.012743 0.494476
vt 0.011353 0.491090
vt 0.012744 0.491087
vt 0.143338 0.491305
vt 0.141952 0.494693
vt 0.141952 0.491305
vt 0.121315 0.495192
vt 0.121315 0.496584
vt 0.121180 0.495198
vt 0.046884 0.491062
vt 0.047019 0.491062
vt 0.046930 0.494450
vt 0.034888 0.494875
vt 0.033500 0.496682
vt 0.033500 0.494873
vt 0.046853 0.495563
vt 0.046333 0.495563
vt 0.049872 0.494165
vt 0.050392 0.495967
vt 0.049872 0.495968
vt 0.046853 0.494175
vt 0.139170 0.496505
vt 0.137782 0.494698
vt 0.139170 0.494696
vt 0.156518 0.495556
vt 0.156518 0.493751
vt 0.053690 0.496185
vt 0.053690 0.494798
vt 0.054211 0.494799
vt 0.054211 0.496185
vt 0.035697 0.492815
vt 0.035688 0.494182
vt 0.034845 0.494182
vt 0.016230 0.494918
vt 0.014880 0.496663
vt 0.014864 0.494918
vt 0.034845 0.492817
vt 0.028213 0.491070
vt 0.028210 0.492813
vt 0.027362 0.491070
vt 0.027366 0.492816
vt 0.480401 0.483951
vt 0.481244 0.482206
vt 0.481244 0.483958
vt 0.048383 0.496643
vt 0.047019 0.494910
vt 0.048399 0.494896
vt 0.017013 0.492512
vt 0.016160 0.493873
vt 0.016160 0.492494
vt 0.127972 0.495192
vt 0.127835 0.495411
vt 0.127826 0.495161
vt 0.145808 0.494752
vt 0.145660 0.497637
vt 0.075601 0.497657
vt 0.075479 0.494961
vt 0.075578 0.494714
vt 0.075162 0.494663
vt 0.075360 0.494552
vt 0.127961 0.496220
vt 0.127958 0.495410
vt 0.074550 0.494550
vt 0.127826 0.496407
vt 0.127970 0.496470
vt 0.074529 0.494711
vt 0.074300 0.494768
vt 0.148542 0.491306
vt 0.148709 0.491430
vt 0.148570 0.491463
vt 0.147715 0.491305
vt 0.148808 0.491705
vt 0.069521 0.491416
vt 0.069504 0.491141
vt 0.069653 0.491235
vt 0.148807 0.494205
vt 0.069531 0.493916
vt 0.069648 0.494118
vt 0.069504 0.494176
vt 0.074522 0.497849
vt 0.074300 0.497651
vt 0.074459 0.497677
vt 0.122007 0.495415
vt 0.121874 0.495238
vt 0.122016 0.495192
vt 0.075163 0.497690
vt 0.075335 0.497851
vt 0.075474 0.497679
vt 0.121999 0.496493
vt 0.121892 0.496254
vt 0.122016 0.496228
vt 0.121888 0.495434
vt 0.147701 0.494604
vt 0.147470 0.494407
vt 0.147627 0.494431
vt 0.148329 0.494441
vt 0.148520 0.494604
vt 0.148714 0.494464
vt 0.147690 0.491465
vt 0.147464 0.491524
vt 0.043081 0.493789
vt 0.043219 0.493664
vt 0.043219 0.493823
vt 0.126950 0.495161
vt 0.126851 0.496750
vt 0.126803 0.495161
vt 0.036955 0.495238
vt 0.037058 0.495238
vt 0.036963 0.496827
vt 0.037030 0.496827
vt 0.317798 0.495115
vt 0.317694 0.496704
vt 0.317651 0.495115
vt 0.123072 0.495192
vt 0.123177 0.495192
vt 0.123109 0.496780
vt 0.123177 0.496780
vt 0.157124 0.488166
vt 0.157042 0.488083
vt 0.157124 0.488066
vt 0.071200 0.494957
vt 0.070987 0.496766
vt 0.072497 0.496941
vt 0.074300 0.494547
vt 0.074300 0.496942
vt 0.060371 0.495896
vt 0.060584 0.495896
vt 0.003609 0.495446
vt 0.005414 0.493051
vt 0.071414 0.496766
vt 0.071414 0.494957
vt 0.034963 0.496577
vt 0.035176 0.494182
vt 0.035176 0.496577
vt 0.043219 0.493857
vt 0.043081 0.493983
vt 0.043081 0.493823
vt 0.125972 0.496750
vt 0.125925 0.495161
vt 0.037160 0.495238
vt 0.037066 0.496827
vt 0.037133 0.496827
vt 0.318093 0.495115
vt 0.317988 0.496704
vt 0.317945 0.495115
vt 0.122756 0.495192
vt 0.122861 0.495192
vt 0.122793 0.496780
vt 0.122861 0.496780
vt 0.157042 0.487966
vt 0.157124 0.488048
vt 0.157042 0.488066
vt 0.319652 0.496706
vt 0.319595 0.495115
vt 0.319741 0.495119
vt 0.319741 0.496708
vt 0.157042 0.487463
vt 0.157124 0.487381
vt 0.157124 0.487480
vt 0.036064 0.496827
vt 0.036135 0.495239
vt 0.036135 0.496829
vt 0.320531 0.494995
vt 0.320531 0.496585
vt 0.320443 0.496582
vt 0.036033 0.495238
vt 0.320384 0.494992
vt 0.072844 0.494262
vt 0.072706 0.494387
vt 0.072706 0.494228
vt 0.157016 0.491719
vt 0.157121 0.491722
vt 0.157052 0.493309
vt 0.157121 0.493311
vt 0.070560 0.496766
vt 0.070560 0.494957
vt 0.013265 0.493482
vt 0.013478 0.495877
vt 0.013265 0.495877
vt 0.013478 0.493482
vt 0.139173 0.497089
vt 0.140975 0.494695
vt 0.140975 0.497090
vt 0.069920 0.496766
vt 0.484888 0.493927
vt 0.486693 0.493927
vt 0.070133 0.496766
vt 0.050392 0.494165
vt 0.050606 0.494165
vt 0.050606 0.496559
vt 0.050392 0.496559
vt 0.318476 0.496706
vt 0.318424 0.495115
vt 0.318570 0.495119
vt 0.318570 0.496709
vt 0.480594 0.485821
vt 0.480594 0.485709
vt 0.480696 0.485811
vt 0.124774 0.496780
vt 0.124871 0.495193
vt 0.124871 0.496783
vt 0.124768 0.495192
vt 0.316914 0.495118
vt 0.316773 0.496704
vt 0.316767 0.495115
vt 0.069291 0.493889
vt 0.069428 0.493764
vt 0.069428 0.493923
vt 0.124126 0.495192
vt 0.124231 0.495198
vt 0.124126 0.496783
vt 0.320795 0.492244
vt 0.319404 0.488858
vt 0.320795 0.488855
vt 0.141949 0.491305
vt 0.140562 0.494693
vt 0.140562 0.491305
vt 0.128118 0.496552
vt 0.128183 0.495161
vt 0.128252 0.496552
vt 0.078406 0.487303
vt 0.078540 0.487303
vt 0.078451 0.490691
vt 0.153851 0.494604
vt 0.154372 0.495992
vt 0.153851 0.495992
vt 0.492606 0.493927
vt 0.493127 0.495730
vt 0.492606 0.495730
vt 0.022303 0.496712
vt 0.020915 0.494901
vt 0.022303 0.494903
vt 0.007302 0.496278
vt 0.007302 0.494891
vt 0.007823 0.496278
vt 0.020915 0.496710
vt 0.007823 0.494891
vt 0.157038 0.495556
vt 0.005915 0.494893
vt 0.005915 0.496702
vt 0.154372 0.494604
vt 0.157038 0.493751
vt 0.007302 0.496700
vt 0.031947 0.492830
vt 0.031938 0.494196
vt 0.031096 0.494197
vt 0.493759 0.496551
vt 0.493743 0.494805
vt 0.031096 0.492832
vt 0.031947 0.491086
vt 0.031940 0.492829
vt 0.031096 0.491084
vt 0.031096 0.492830
vt 0.156008 0.488874
vt 0.156850 0.487129
vt 0.156850 0.488880
vt 0.027388 0.496649
vt 0.026023 0.494916
vt 0.027403 0.494902
vt 0.320795 0.492265
vt 0.319942 0.493625
vt 0.319942 0.492246
vt 0.128118 0.495192
vt 0.127980 0.495411
vt 0.127972 0.495161
vt 0.024610 0.494545
vt 0.024462 0.497430
vt 0.497858 0.493231
vt 0.497735 0.490536
vt 0.497834 0.490288
vt 0.497419 0.490238
vt 0.497617 0.490127
vt 0.128107 0.496220
vt 0.128104 0.495410
vt 0.496807 0.490124
vt 0.127972 0.496407
vt 0.128116 0.496470
vt 0.496785 0.490285
vt 0.496556 0.490342
vt 0.149886 0.491306
vt 0.150054 0.491430
vt 0.149914 0.491463
vt 0.149059 0.491305
vt 0.150153 0.491705
vt 0.497004 0.493700
vt 0.496987 0.493425
vt 0.497135 0.493519
vt 0.150151 0.494205
vt 0.497014 0.496200
vt 0.497131 0.496402
vt 0.496987 0.496460
vt 0.496779 0.493423
vt 0.496556 0.493225
vt 0.496716 0.493252
vt 0.122149 0.495415
vt 0.122016 0.495238
vt 0.122157 0.495192
vt 0.497420 0.493264
vt 0.497592 0.493425
vt 0.497731 0.493253
vt 0.122140 0.496493
vt 0.122033 0.496254
vt 0.122157 0.496228
vt 0.122030 0.495434
vt 0.149045 0.494604
vt 0.148814 0.494407
vt 0.148971 0.494431
vt 0.149674 0.494441
vt 0.149864 0.494604
vt 0.150059 0.494464
vt 0.149035 0.491465
vt 0.148808 0.491524
vt 0.128521 0.495161
vt 0.128624 0.495164
vt 0.128529 0.496751
vt 0.071594 0.494958
vt 0.071453 0.496545
vt 0.128624 0.496753
vt 0.480146 0.485854
vt 0.480146 0.485710
vt 0.480225 0.485774
vt 0.480244 0.485710
vt 0.480146 0.484122
vt 0.480237 0.484121
vt 0.480338 0.485710
vt 0.480377 0.484121
vt 0.078415 0.490886
vt 0.078557 0.490775
vt 0.078535 0.490886
vt 0.146021 0.494694
vt 0.145808 0.496503
vt 0.145808 0.494694
vt 0.146120 0.496999
vt 0.147923 0.494605
vt 0.147923 0.497000
vt 0.042817 0.493437
vt 0.043031 0.491042
vt 0.043031 0.493437
vt 0.318130 0.495115
vt 0.319935 0.492720
vt 0.319935 0.495115
vt 0.053690 0.496607
vt 0.053477 0.494799
vt 0.078288 0.495895
vt 0.078501 0.493501
vt 0.078501 0.495895
vt 0.072703 0.494011
vt 0.072841 0.493886
vt 0.072841 0.494045
vt 0.125632 0.495164
vt 0.125491 0.496750
vt 0.125485 0.495161
vt 0.038082 0.495242
vt 0.037980 0.496828
vt 0.078181 0.496531
vt 0.078127 0.494940
vt 0.078275 0.494944
vt 0.078275 0.496534
vt 0.480980 0.485853
vt 0.481059 0.485773
vt 0.035730 0.493974
vt 0.035825 0.492388
vt 0.035825 0.493976
vt 0.035720 0.492385
vt 0.318329 0.496706
vt 0.318277 0.495115
vt 0.318424 0.495119
vt 0.318424 0.496709
vt 0.480492 0.485821
vt 0.480492 0.485709
vt 0.480594 0.485811
vt 0.036449 0.496826
vt 0.036545 0.495239
vt 0.036545 0.496829
vt 0.036443 0.495238
vt 0.057125 0.495111
vt 0.056984 0.496697
vt 0.056978 0.495108
vt 0.066278 0.494440
vt 0.066415 0.494314
vt 0.066415 0.494474
vt 0.124021 0.495198
vt 0.123916 0.496783
vt 0.005841 0.495446
vt 0.005841 0.493051
vt 0.151528 0.496999
vt 0.153331 0.494605
vt 0.153331 0.497000
vt 0.078127 0.496750
vt 0.060602 0.496289
vt 0.062406 0.496289
vt 0.031213 0.494197
vt 0.031426 0.494197
vt 0.031426 0.496591
vt 0.031213 0.496591
vt 0.319061 0.496706
vt 0.319009 0.495115
vt 0.319156 0.495119
vt 0.319156 0.496709
vt 0.480225 0.485789
vt 0.480304 0.485710
vt 0.480304 0.485854
vt 0.036142 0.496826
vt 0.036238 0.495239
vt 0.036238 0.496829
vt 0.036135 0.495238
vt 0.316473 0.495118
vt 0.316332 0.496704
vt 0.316325 0.495115
vt 0.043081 0.493596
vt 0.043219 0.493471
vt 0.043219 0.493630
vt 0.123694 0.496780
vt 0.128387 0.496553
vt 0.128387 0.495161
vt 0.128521 0.495168
vt 0.496556 0.496814
vt 0.496600 0.493425
vt 0.496690 0.496814
vt 0.139172 0.494694
vt 0.137782 0.491308
vt 0.139173 0.491305
vt 0.074297 0.491159
vt 0.072907 0.494545
vt 0.072907 0.491159
vt 0.028213 0.494183
vt 0.028213 0.495571
vt 0.027693 0.495571
vt 0.493127 0.493927
vt 0.493647 0.495730
vt 0.052082 0.496609
vt 0.050694 0.494798
vt 0.052082 0.494799
vt 0.013265 0.491087
vt 0.053470 0.494802
vt 0.053470 0.496611
vt 0.052082 0.496613
vt 0.052082 0.494804
vt 0.010028 0.496304
vt 0.010028 0.494917
vt 0.010548 0.494918
vt 0.010548 0.496305
vt 0.050694 0.496607
vt 0.028213 0.492816
vt 0.028204 0.494182
vt 0.027362 0.494183
vt 0.058540 0.494909
vt 0.057190 0.496654
vt 0.057174 0.494909
vt 0.027362 0.492818
vt 0.035696 0.491071
vt 0.035690 0.492814
vt 0.034845 0.491070
vt 0.034845 0.492815
vt 0.480401 0.485702
vt 0.481244 0.485709
vt 0.049764 0.496643
vt 0.048399 0.494910
vt 0.049779 0.494896
vt 0.024462 0.492495
vt 0.023609 0.493855
vt 0.023609 0.492476
vt 0.127826 0.495192
vt 0.127689 0.495411
vt 0.127680 0.495161
vt 0.032112 0.494531
vt 0.031964 0.497415
vt 0.031964 0.494473
vt 0.020807 0.497619
vt 0.020685 0.494923
vt 0.020783 0.494676
vt 0.020368 0.494625
vt 0.020566 0.494514
vt 0.127816 0.496220
vt 0.127812 0.495410
vt 0.019756 0.494512
vt 0.127680 0.496407
vt 0.127824 0.496470
vt 0.019734 0.494673
vt 0.019505 0.494730
vt 0.151231 0.491306
vt 0.151398 0.491430
vt 0.151258 0.491463
vt 0.150403 0.491305
vt 0.151497 0.491705
vt 0.496855 0.493700
vt 0.496839 0.493425
vt 0.496987 0.493519
vt 0.151495 0.494205
vt 0.496865 0.496200
vt 0.496982 0.496402
vt 0.496839 0.496460
vt 0.019736 0.497811
vt 0.019505 0.497613
vt 0.019665 0.497639
vt 0.122157 0.495238
vt 0.122292 0.495423
vt 0.122173 0.495422
vt 0.020369 0.497652
vt 0.020541 0.497813
vt 0.020680 0.497641
vt 0.122281 0.496493
vt 0.122174 0.496254
vt 0.122298 0.496228
vt 0.150389 0.494604
vt 0.150158 0.494407
vt 0.150315 0.494431
vt 0.151018 0.494441
vt 0.151220 0.494604
vt 0.151402 0.494464
vt 0.150379 0.491464
vt 0.150153 0.491524
vt 0.038484 0.495634
vt 0.038346 0.495760
vt 0.038346 0.495600
vt 0.126705 0.496750
vt 0.037263 0.495238
vt 0.037271 0.496827
vt 0.037338 0.496827
vt 0.316957 0.496704
vt 0.316914 0.495115
vt 0.123214 0.496780
vt 0.123283 0.496780
vt 0.157124 0.488634
vt 0.157042 0.488551
vt 0.157124 0.488534
vt 0.011282 0.494918
vt 0.011069 0.496727
vt 0.011069 0.494917
vt 0.011353 0.496873
vt 0.013156 0.494479
vt 0.013156 0.496874
vt 0.078288 0.493501
vt 0.078501 0.491106
vt 0.000000 0.495446
vt 0.001805 0.493051
vt 0.001805 0.495446
vt 0.018999 0.496733
vt 0.018999 0.494924
vt 0.023728 0.496250
vt 0.023942 0.493855
vt 0.023942 0.496250
vt 0.038481 0.495272
vt 0.038344 0.495397
vt 0.038344 0.495238
vt 0.126265 0.496750
vt 0.037168 0.496827
vt 0.037235 0.496827
vt 0.317546 0.496704
vt 0.122967 0.495192
vt 0.123004 0.496780
vt 0.123072 0.496780
vt 0.157124 0.488985
vt 0.157042 0.488903
vt 0.157124 0.488885
vt 0.319213 0.496706
vt 0.319156 0.495115
vt 0.319302 0.495119
vt 0.319302 0.496708
vt 0.157042 0.487580
vt 0.157124 0.487498
vt 0.157124 0.487598
vt 0.124697 0.496780
vt 0.124768 0.496783
vt 0.056683 0.495111
vt 0.056683 0.496701
vt 0.056595 0.496698
vt 0.124666 0.495192
vt 0.056536 0.495108
vt 0.005277 0.495958
vt 0.005414 0.495833
vt 0.005414 0.495992
vt 0.020807 0.494512
vt 0.020912 0.494515
vt 0.020843 0.496102
vt 0.020912 0.496103
vt 0.077060 0.494941
vt 0.067898 0.496924
vt 0.069701 0.494530
vt 0.069701 0.496925
vt 0.013478 0.491087
vt 0.019213 0.496733
vt 0.019213 0.494924
vt 0.490590 0.493927
vt 0.490803 0.496322
vt 0.490590 0.496322
vt 0.319799 0.496706
vt 0.319741 0.495115
vt 0.319888 0.495119
vt 0.319888 0.496708
vt 0.480304 0.485809
vt 0.480387 0.485727
vt 0.480387 0.485827
vt 0.124595 0.496780
vt 0.124666 0.496783
vt 0.320679 0.494995
vt 0.320679 0.496585
vt 0.320590 0.496582
vt 0.124563 0.495192
vt 0.320531 0.494992
vt 0.066015 0.494423
vt 0.066153 0.494298
vt 0.066153 0.494457
vt 0.154477 0.494607
vt 0.154408 0.496194
vt 0.154477 0.496196
vt 0.020896 0.494509
vt 0.019505 0.491124
vt 0.020897 0.491121
vt 0.144727 0.491305
vt 0.143341 0.494693
vt 0.143341 0.491305
vt 0.121449 0.495192
vt 0.121449 0.496584
vt 0.121315 0.495198
vt 0.028250 0.491070
vt 0.028384 0.491070
vt 0.028295 0.494459
vt 0.035697 0.495570
vt 0.035176 0.495570
vt 0.023942 0.493856
vt 0.024462 0.495658
vt 0.023942 0.495659
vt 0.039878 0.494847
vt 0.038490 0.496654
vt 0.038490 0.494845
vt 0.035697 0.494182
vt 0.057057 0.493303
vt 0.054731 0.496185
vt 0.054211 0.494798
vt 0.054731 0.494799
vt 0.145139 0.496503
vt 0.143751 0.494696
vt 0.046853 0.492808
vt 0.046844 0.494174
vt 0.046002 0.494175
vt 0.059907 0.494909
vt 0.058556 0.496654
vt 0.046002 0.492810
vt 0.050723 0.491052
vt 0.050720 0.492795
vt 0.049872 0.491052
vt 0.049876 0.492798
vt 0.480401 0.478698
vt 0.481244 0.476953
vt 0.481244 0.478704
vt 0.014848 0.496665
vt 0.013484 0.494932
vt 0.017013 0.491133
vt 0.016160 0.491115
vt 0.127680 0.495192
vt 0.127543 0.495411
vt 0.127535 0.495161
vt 0.028384 0.494517
vt 0.028237 0.497402
vt 0.028237 0.494459
vt 0.496315 0.493428
vt 0.496533 0.493590
vt 0.496364 0.493588
vt 0.496556 0.496533
vt 0.127670 0.496220
vt 0.127666 0.495410
vt 0.495505 0.493425
vt 0.127535 0.496407
vt 0.127678 0.496470
vt 0.495484 0.493587
vt 0.495254 0.493644
vt 0.147198 0.491306
vt 0.147365 0.491430
vt 0.147225 0.491463
vt 0.146370 0.491305
vt 0.147464 0.491705
vt 0.497152 0.493700
vt 0.497135 0.493425
vt 0.497284 0.493519
vt 0.147462 0.494205
vt 0.497162 0.496200
vt 0.497279 0.496402
vt 0.497135 0.496460
vt 0.495477 0.496725
vt 0.495254 0.496527
vt 0.495414 0.496553
vt 0.122431 0.495415
vt 0.122298 0.495238
vt 0.122439 0.495192
vt 0.496118 0.496566
vt 0.496290 0.496727
vt 0.496429 0.496554
vt 0.122423 0.496493
vt 0.122316 0.496254
vt 0.122439 0.496228
vt 0.122312 0.495434
vt 0.146357 0.494604
vt 0.146129 0.494414
vt 0.146270 0.494423
vt 0.146985 0.494441
vt 0.147175 0.494604
vt 0.147370 0.494464
vt 0.146346 0.491465
vt 0.146120 0.491524
vt 0.066278 0.494053
vt 0.066415 0.493928
vt 0.066415 0.494087
vt 0.125778 0.495164
vt 0.125638 0.496750
vt 0.125632 0.495161
vt 0.037775 0.495238
vt 0.037732 0.496827
vt 0.071795 0.496547
vt 0.071741 0.494957
vt 0.071888 0.494960
vt 0.071888 0.496550
vt 0.481161 0.485853
vt 0.481161 0.485709
vt 0.481240 0.485773
vt 0.157027 0.491717
vt 0.157121 0.490130
vt 0.157121 0.491719
vt 0.157016 0.490127
vt 0.019426 0.494924
vt 0.488495 0.496322
vt 0.490298 0.493928
vt 0.490298 0.496323
vt 0.066229 0.491499
vt 0.054731 0.493894
vt 0.056536 0.493894
vt 0.072229 0.496247
vt 0.072442 0.493852
vt 0.072442 0.496247
vt 0.319506 0.496706
vt 0.319449 0.495115
vt 0.319595 0.495119
vt 0.319595 0.496708
vt 0.157042 0.487229
vt 0.157124 0.487147
vt 0.157124 0.487246
vt 0.036269 0.496827
vt 0.036340 0.495239
vt 0.036340 0.496829
vt 0.320826 0.494995
vt 0.320826 0.496585
vt 0.320737 0.496582
vt 0.036238 0.495238
vt 0.320679 0.494992
vt 0.069428 0.493957
vt 0.069291 0.494082
vt 0.069291 0.493923
vt 0.122545 0.495195
vt 0.122475 0.496782
vt 0.122545 0.496783
vt 0.124957 0.496752
vt 0.124900 0.495161
vt 0.125046 0.495165
vt 0.125046 0.496754
vt 0.157042 0.487814
vt 0.157124 0.487732
vt 0.157124 0.487832
vt 0.035962 0.496827
vt 0.036033 0.495239
vt 0.036033 0.496829
vt 0.320090 0.494995
vt 0.320090 0.496585
vt 0.320001 0.496582
vt 0.035931 0.495238
vt 0.005274 0.495605
vt 0.005411 0.495480
vt 0.005411 0.495639
vt 0.035720 0.493976
vt 0.035825 0.493979
vt 0.035756 0.495567
vt 0.035825 0.495568
vt 0.066096 0.496927
vt 0.067898 0.494533
vt 0.067898 0.496928
vt 0.043244 0.491042
vt 0.043244 0.493437
vt 0.008557 0.494891
vt 0.008344 0.496700
vt 0.008344 0.494891
vt 0.490298 0.493927
vt 0.490511 0.496322
vt 0.490298 0.496322
vt 0.490511 0.493927
vt 0.054731 0.496289
vt 0.056536 0.496289
vt 0.060157 0.496525
vt 0.059944 0.494716
vt 0.060157 0.494715
vt 0.318768 0.496706
vt 0.318716 0.495115
vt 0.318863 0.495119
vt 0.318863 0.496709
vt 0.481059 0.485821
vt 0.481059 0.485709
vt 0.481161 0.485811
vt 0.036654 0.496826
vt 0.036750 0.495239
vt 0.036750 0.496829
vt 0.036648 0.495238
vt 0.056978 0.495111
vt 0.056837 0.496697
vt 0.056830 0.495108
vt 0.012744 0.494439
vt 0.012882 0.494314
vt 0.012882 0.494473
vt 0.124021 0.495192
vt 0.124116 0.496780
vt 0.121583 0.495198
vt 0.032112 0.494473
vt 0.031978 0.494471
vt 0.032112 0.491084
vt 0.139176 0.494694
vt 0.140562 0.491306
vt 0.140562 0.494694
vt 0.066508 0.491144
vt 0.067898 0.494529
vt 0.066507 0.494532
vt 0.031947 0.494197
vt 0.031947 0.495585
vt 0.031426 0.495585
vt 0.484636 0.495763
vt 0.484115 0.495764
vt 0.041266 0.494847
vt 0.039878 0.496654
vt 0.039878 0.494845
vt 0.059850 0.494715
vt 0.059850 0.492911
vt 0.060371 0.492911
vt 0.029772 0.496696
vt 0.028384 0.494889
vt 0.029772 0.494887
vt 0.011069 0.496305
vt 0.010548 0.494917
vt 0.011069 0.494918
vt 0.060371 0.494716
vt 0.010548 0.496304
vt 0.072867 0.492485
vt 0.072858 0.493851
vt 0.072016 0.493852
vt 0.046040 0.494931
vt 0.044689 0.496676
vt 0.072016 0.492487
vt 0.046853 0.491064
vt 0.046847 0.492807
vt 0.046002 0.491062
vt 0.046002 0.492808
vt 0.480401 0.476947
vt 0.481244 0.475202
vt 0.023668 0.496648
vt 0.022303 0.494915
vt 0.023683 0.494901
vt 0.072869 0.491125
vt 0.072016 0.492485
vt 0.072016 0.491106
vt 0.127535 0.495192
vt 0.127397 0.495411
vt 0.127389 0.495161
vt 0.017161 0.494562
vt 0.017013 0.497446
vt 0.017013 0.494503
vt 0.054482 0.491499
vt 0.054700 0.491660
vt 0.054531 0.491659
vt 0.054731 0.494603
vt 0.127524 0.496220
vt 0.127520 0.495410
vt 0.053672 0.491499
vt 0.127389 0.496407
vt 0.127532 0.496470
vt 0.053651 0.491660
vt 0.053422 0.491718
vt 0.153919 0.491306
vt 0.154087 0.491430
vt 0.153947 0.491463
vt 0.153092 0.491305
vt 0.154186 0.491705
vt 0.046885 0.494725
vt 0.046871 0.494450
vt 0.047019 0.494545
vt 0.154019 0.494430
vt 0.154132 0.494426
vt 0.046989 0.497403
vt 0.046871 0.497447
vt 0.035703 0.491090
vt 0.035815 0.491314
vt 0.035696 0.491314
vt 0.153909 0.494604
vt 0.153706 0.494441
vt 0.153078 0.494604
vt 0.153003 0.494431
vt 0.153068 0.491465
vt 0.152841 0.491524
vt 0.152847 0.494407
vt 0.035810 0.492385
vt 0.035702 0.492146
vt 0.035825 0.492120
vt 0.054466 0.494798
vt 0.054604 0.494625
vt 0.054293 0.494637
vt 0.053661 0.494798
vt 0.053589 0.494627
vt 0.053416 0.494576
vt 0.043219 0.494051
vt 0.043081 0.494176
vt 0.043081 0.494017
vt 0.125925 0.495164
vt 0.125784 0.496750
vt 0.125778 0.495161
vt 0.037775 0.495241
vt 0.037877 0.496827
vt 0.071647 0.496547
vt 0.071594 0.494957
vt 0.071741 0.494960
vt 0.071741 0.496550
vt 0.480866 0.485821
vt 0.480878 0.485709
vt 0.013170 0.495869
vt 0.013265 0.494283
vt 0.013265 0.495871
vt 0.013160 0.494280
vt 0.076420 0.496750
vt 0.076420 0.494940
vt 0.041426 0.496827
vt 0.043229 0.494433
vt 0.043229 0.496828
vt 0.069504 0.493536
vt 0.003609 0.493051
vt 0.076206 0.494941
vt 0.072016 0.496247
vt 0.072229 0.493852
vt 0.013019 0.494314
vt 0.012882 0.494439
vt 0.012882 0.494280
vt 0.127096 0.495161
vt 0.126998 0.496750
vt 0.036853 0.495238
vt 0.036861 0.496827
vt 0.036928 0.496827
vt 0.317841 0.496704
vt 0.122898 0.496780
vt 0.122967 0.496780
vt 0.157124 0.488868
vt 0.157042 0.488786
vt 0.157124 0.488768
vt 0.078406 0.491045
vt 0.078543 0.490920
vt 0.078543 0.491079
vt 0.127243 0.495161
vt 0.127144 0.496750
vt 0.036750 0.495238
vt 0.036758 0.496827
vt 0.036825 0.496827
vt 0.318173 0.496704
vt 0.122650 0.495192
vt 0.122687 0.496780
vt 0.122756 0.496780
vt 0.157124 0.488283
vt 0.157042 0.488200
vt 0.157124 0.488183
vt 0.147923 0.496999
vt 0.149725 0.494605
vt 0.149725 0.497000
vt 0.154399 0.491305
vt 0.154399 0.493700
vt 0.154186 0.491305
vt 0.077274 0.494941
vt 0.077060 0.496750
vt 0.077060 0.494940
vt 0.154186 0.493700
vt 0.318130 0.492720
vt 0.075690 0.495949
vt 0.075903 0.493554
vt 0.075903 0.495948
vt 0.076206 0.496750
vt 0.075993 0.494941
vt 0.076206 0.494940
vt 0.125104 0.496752
vt 0.125046 0.495161
vt 0.125193 0.495165
vt 0.125193 0.496754
vt 0.157042 0.487697
vt 0.157124 0.487615
vt 0.157124 0.487715
vt 0.124492 0.496780
vt 0.124563 0.496783
vt 0.056830 0.495111
vt 0.056830 0.496701
vt 0.056742 0.496698
vt 0.124461 0.495192
vt 0.056683 0.495108
vt 0.042954 0.494258
vt 0.042817 0.494383
vt 0.042817 0.494224
vt 0.057162 0.491502
vt 0.057092 0.493089
vt 0.057162 0.493090
vt 0.128321 0.495161
vt 0.128387 0.496552
vt 0.017057 0.491115
vt 0.017147 0.494503
vt 0.075689 0.494547
vt 0.074300 0.491161
vt 0.069288 0.491142
vt 0.067898 0.494528
vt 0.067898 0.491141
vt 0.031160 0.494889
vt 0.153331 0.494604
vt 0.153331 0.495992
vt 0.017013 0.495676
vt 0.016492 0.495676
vt 0.032112 0.494875
vt 0.008344 0.496278
vt 0.059850 0.491106
vt 0.050723 0.492798
vt 0.050714 0.494164
vt 0.017222 0.496669
vt 0.017206 0.494924
vt 0.049872 0.492800
vt 0.156848 0.490626
vt 0.156846 0.492369
vt 0.156001 0.492372
vt 0.480401 0.480449
vt 0.010012 0.496664
vt 0.008648 0.494931
vt 0.024462 0.491116
vt 0.023609 0.491097
vt 0.127389 0.495192
vt 0.127251 0.495411
vt 0.497432 0.493484
vt 0.497284 0.496368
vt 0.497284 0.493425
vt 0.496315 0.490127
vt 0.496533 0.490288
vt 0.496364 0.490286
vt 0.496556 0.493231
vt 0.127378 0.496220
vt 0.127375 0.495410
vt 0.495505 0.490124
vt 0.127243 0.496407
vt 0.127386 0.496470
vt 0.495484 0.490285
vt 0.495254 0.490342
vt 0.152575 0.491306
vt 0.152742 0.491430
vt 0.152603 0.491463
vt 0.151747 0.491305
vt 0.152841 0.491705
vt 0.496707 0.493700
vt 0.496690 0.493425
vt 0.496839 0.493519
vt 0.152839 0.494205
vt 0.496717 0.496200
vt 0.496834 0.496402
vt 0.496690 0.496460
vt 0.495485 0.493423
vt 0.495254 0.493225
vt 0.495414 0.493252
vt 0.121733 0.495238
vt 0.121868 0.495423
vt 0.121749 0.495422
vt 0.496118 0.493264
vt 0.496290 0.493425
vt 0.496429 0.493253
vt 0.121857 0.496493
vt 0.121750 0.496254
vt 0.121874 0.496228
vt 0.151733 0.494604
vt 0.151502 0.494407
vt 0.151659 0.494431
vt 0.152362 0.494441
vt 0.152564 0.494604
vt 0.152747 0.494464
vt 0.151723 0.491465
vt 0.151497 0.491524
vt 0.027479 0.494183
vt 0.157042 0.487832
vt 0.043081 0.494210
vt 0.316767 0.496707
vt 0.069428 0.493730
vt 0.066278 0.494087
vt 0.125486 0.496753
vt 0.077914 0.496750
vt 0.060601 0.491499
vt 0.018572 0.496734
vt 0.316620 0.496707
vt 0.004874 0.495802
vt 0.144730 0.491305
vt 0.042817 0.491042
vt 0.483595 0.493961
vt 0.044673 0.496683
vt 0.480391 0.480455
vt 0.024643 0.496671
vt 0.156842 0.493740
vt 0.124231 0.496511
vt 0.121718 0.495429
vt 0.157042 0.487246
vt 0.005816 0.495639
vt 0.481792 0.493961
vt 0.046119 0.494175
vt 0.013156 0.494473
vt 0.126653 0.496750
vt 0.317494 0.496704
vt 0.157124 0.488300
vt 0.038346 0.495794
vt 0.126506 0.496750
vt 0.317199 0.496704
vt 0.157042 0.488768
vt 0.077487 0.496750
vt 0.149725 0.494604
vt 0.076633 0.496750
vt 0.005679 0.495639
vt 0.126213 0.496750
vt 0.317347 0.496704
vt 0.157124 0.488417
vt 0.011353 0.494478
vt 0.143341 0.494694
vt 0.034888 0.496684
vt 0.137782 0.496507
vt 0.155997 0.495556
vt 0.016230 0.496669
vt 0.480390 0.482209
vt 0.047019 0.496664
vt 0.017004 0.493862
vt 0.145772 0.497635
vt 0.127843 0.496239
vt 0.121885 0.496485
vt 0.043081 0.493630
vt 0.126946 0.496750
vt 0.317788 0.496704
vt 0.157042 0.488183
vt 0.071200 0.496766
vt 0.072497 0.494546
vt 0.034963 0.494183
vt 0.043219 0.494017
vt 0.126067 0.496750
vt 0.318083 0.496704
vt 0.157042 0.487363
vt 0.072844 0.494421
vt 0.139173 0.494694
vt 0.484888 0.496322
vt 0.316914 0.496707
vt 0.069291 0.493730
vt 0.319404 0.492246
vt 0.141952 0.494694
vt 0.495109 0.496557
vt 0.155997 0.487132
vt 0.026023 0.496671
vt 0.320787 0.493614
vt 0.024575 0.497428
vt 0.127988 0.496239
vt 0.122027 0.496485
vt 0.071594 0.496546
vt 0.078406 0.490691
vt 0.146021 0.496503
vt 0.146120 0.494604
vt 0.053477 0.496608
vt 0.072703 0.493852
vt 0.125632 0.496753
vt 0.057125 0.496700
vt 0.066278 0.494280
vt 0.151528 0.494604
vt 0.060602 0.493894
vt 0.316473 0.496707
vt 0.043081 0.493437
vt 0.137782 0.494696
vt 0.074300 0.494546
vt 0.493647 0.493927
vt 0.058540 0.496661
vt 0.480391 0.483960
vt 0.048399 0.496664
vt 0.024454 0.493844
vt 0.032077 0.497414
vt 0.127697 0.496239
vt 0.122298 0.495192
vt 0.122168 0.496485
vt 0.038484 0.495794
vt 0.126799 0.496750
vt 0.317052 0.496704
vt 0.157042 0.488651
vt 0.011282 0.496727
vt 0.078288 0.491106
vt 0.000000 0.493051
vt 0.018786 0.496734
vt 0.023728 0.493856
vt 0.038481 0.495431
vt 0.126360 0.496750
vt 0.317641 0.496704
vt 0.157042 0.489002
vt 0.157042 0.487480
vt 0.005277 0.495799
vt 0.018999 0.496734
vt 0.066015 0.494264
vt 0.019505 0.494512
vt 0.144730 0.494694
vt 0.024462 0.493856
vt 0.039878 0.496656
vt 0.057057 0.495108
vt 0.143751 0.496505
vt 0.059907 0.496661
vt 0.480391 0.476955
vt 0.013484 0.496686
vt 0.017004 0.492483
vt 0.028344 0.497406
vt 0.127551 0.496239
vt 0.122314 0.496482
vt 0.066278 0.493894
vt 0.125778 0.496753
vt 0.019426 0.496734
vt 0.488495 0.493927
vt 0.054731 0.491499
vt 0.157042 0.487129
vt 0.069428 0.494116
vt 0.157042 0.487715
vt 0.005274 0.495446
vt 0.066096 0.494532
vt 0.008557 0.496700
vt 0.059944 0.496525
vt 0.056978 0.496700
vt 0.041266 0.496656
vt 0.028384 0.496698
vt 0.046040 0.496683
vt 0.480391 0.475204
vt 0.022303 0.496669
vt 0.072860 0.492474
vt 0.017125 0.497444
vt 0.127405 0.496239
vt 0.035820 0.491070
vt 0.035696 0.492377
vt 0.043219 0.494210
vt 0.125925 0.496753
vt 0.069291 0.491141
vt 0.013019 0.494473
vt 0.127092 0.496750
vt 0.317936 0.496704
vt 0.157042 0.488885
vt 0.078406 0.490886
vt 0.127239 0.496750
vt 0.318268 0.496704
vt 0.157042 0.488300
vt 0.147923 0.494604
vt 0.316325 0.492720
vt 0.075993 0.496750
vt 0.157042 0.487598
vt 0.042954 0.494417
vt 0.074300 0.494550
vt 0.069291 0.494529
vt 0.031160 0.496698
vt 0.017013 0.493873
vt 0.032112 0.496684
vt 0.018572 0.496676
vt 0.480391 0.478707
vt 0.008648 0.496686
vt 0.024454 0.492465
vt 0.497396 0.496366
vt 0.127259 0.496239
vt 0.121874 0.495192
vt 0.121744 0.496485
s 1
usemtl マテリアル.001
f 1317/2540/1002 1321/2541/1003 1320/2542/1004
f 1317/2543/1002 1324/2544/1005 1318/2545/1006
f 1320/2546/1004 1319/2547/1007 1317/2548/1002
f 1321/2549/1003 1322/2550/1008 1320/2551/1004
f 1319/2552/1007 1323/2553/1009 1324/2554/1005
f 1318/2555/1006 1323/2556/1009 1321/2557/1003
f 1325/2558/1010 1328/2559/1011 1326/2560/1012
f 1326/2560/1012 1327/2561/1013 1325/2558/1010
f 1325/2562/1010 1330/2563/1014 1329/2564/1015
f 1329/2565/1015 1328/2566/1011 1325/2567/1010
f 1331/2568/1016 1329/2569/1015 1330/2570/1014
f 1331/2571/1016 1328/2566/1011 1329/2565/1015
f 1330/2570/1014 1332/2572/1017 1331/2568/1016
f 1326/2573/1012 1331/2574/1016 1332/2575/1017
f 1326/2576/1012 1332/2577/1017 1327/2578/1013
f 1327/2578/1013 1332/2577/1017 1330/2579/1014
f 1333/2580/1018 1336/2581/1019 1334/2582/1020
f 1334/2582/1020 1335/2583/1021 1333/2580/1018
f 1333/2584/1018 1335/2585/1021 1337/2586/1022
f 1337/2587/1022 1336/2588/1019 1333/2589/1018
f 1338/2590/1023 1336/2588/1019 1337/2587/1022
f 1338/2591/1023 1335/2592/1021 1339/2593/1024
f 1338/2594/1023 1334/2595/1020 1336/2596/1019
f 1334/2597/1020 1339/2598/1024 1335/2599/1021
f 1341/2600/1025 1343/2601/1026 1344/2602/1027
f 1341/2603/1025 1342/2604/1028 1340/2605/1029
f 1343/2606/1026 1340/2607/1029 1342/2608/1028
f 1345/2609/1030 1344/2610/1027 1343/2611/1026
f 1343/2611/1026 1342/2612/1028 1345/2609/1030
f 1342/2613/1028 1346/2614/1031 1345/2615/1030
f 1346/2616/1031 1344/2617/1027 1345/2618/1030
f 1341/2619/1025 1344/2617/1027 1346/2616/1031
f 1349/2620/1032 1348/2621/1007 1354/2622/1033
f 1348/2623/1007 1347/2624/1002 1350/2625/1034
f 1347/2626/1002 1352/2627/1035 1351/2628/1004
f 1351/2629/1004 1350/2625/1034 1347/2624/1002
f 1352/2630/1035 1350/2631/1034 1351/2549/1004
f 1354/2632/1033 1353/2633/1009 1352/2634/1035
f 1354/2632/1033 1352/2634/1035 1349/2635/1032
f 1348/2636/1007 1353/2637/1009 1354/2638/1033
f 1355/2639/1018 1358/2640/1036 1356/2641/1020
f 1356/2641/1020 1357/2642/1021 1355/2639/1018
f 1355/2643/1018 1357/2644/1021 1359/2645/1022
f 1359/2646/1022 1358/2647/1036 1355/2648/1018
f 1360/2649/1023 1358/2647/1036 1359/2646/1022
f 1360/2650/1023 1357/2651/1021 1361/2652/1024
f 1356/2653/1020 1360/2654/1023 1361/2655/1024
f 1356/2598/1020 1361/2656/1024 1357/2657/1021
f 1365/2658/1037 1363/2659/1038 1362/2660/1039
f 1362/2661/1039 1363/2662/1038 1364/2663/1040
f 1362/2664/1039 1366/2665/1041 1365/2666/1037
f 1366/2667/1041 1363/2668/1038 1365/2669/1037
f 1371/2670/1042 1368/2671/1007 1367/2672/1043
f 1370/2673/1044 1368/2674/1007 1372/2675/1045
f 1370/2676/1044 1369/2677/1046 1367/2678/1043
f 1371/2670/1042 1367/2672/1043 1369/2679/1046
f 1372/2680/1045 1368/2681/1007 1371/2676/1042
f 1373/2678/1047 1372/2680/1045 1371/2676/1042
f 1369/2682/1046 1373/2683/1047 1371/2684/1042
f 1372/2685/1045 1373/2686/1047 1374/2687/1048
f 1374/2688/1048 1369/2677/1046 1370/2676/1044
f 1372/2685/1045 1374/2687/1048 1370/2689/1044
f 1375/2690/1049 1376/2691/1050 1380/2692/1051
f 1375/2693/1049 1382/2694/1052 1376/2695/1050
f 1380/2692/1051 1377/2696/1053 1375/2690/1049
f 1377/2697/1053 1379/2698/1054 1375/2699/1049
f 1375/2699/1049 1379/2698/1054 1378/2700/1055
f 1376/2701/1050 1381/2702/1056 1380/2703/1051
f 1377/2704/1053 1381/2705/1056 1379/2706/1054
f 1382/2707/1052 1379/2708/1054 1381/2709/1056
f 1383/2710/1057 1395/2711/1058 1386/2712/1059
f 1384/2713/1060 1383/2710/1057 1388/2714/1061
f 1389/2715/1062 1383/2716/1057 1385/2717/1063
f 1383/2716/1057 1390/2718/1064 1385/2717/1063
f 1383/2716/1057 1386/2719/1059 1387/2720/1065
f 1383/2716/1057 1387/2720/1065 1390/2718/1064
f 1388/2721/1061 1383/2716/1057 1389/2715/1062
f 1390/2718/1064 1393/2722/1066 1391/2723/1067
f 1385/2717/1063 1390/2718/1064 1391/2723/1067
f 1392/2724/1068 1390/2718/1064 1387/2720/1065
f 1386/2725/1059 1394/2726/1069 1392/2727/1068
f 1392/2724/1068 1387/2720/1065 1386/2719/1059
f 1397/2728/1070 1392/2727/1068 1394/2726/1069
f 1394/2729/1069 1395/2730/1058 1396/2731/1071
f 1399/2732/1072 1394/2729/1069 1396/2731/1071
f 1397/2728/1070 1398/2733/1073 1393/2734/1066
f 1397/2735/1070 1400/2736/1074 1398/2737/1073
f 1397/2735/1070 1399/2732/1072 1400/2736/1074
f 1400/2736/1074 1403/2738/1075 1398/2737/1073
f 1401/2739/1076 1400/2736/1074 1399/2732/1072
f 1406/2740/1077 1401/2739/1076 1402/2741/1078
f 1401/2739/1076 1399/2732/1072 1402/2741/1078
f 1401/2739/1076 1404/2742/1079 1403/2738/1075
f 1405/2743/1080 1404/2742/1079 1401/2739/1076
f 1405/2743/1080 1401/2739/1076 1406/2740/1077
f 1406/2744/1077 1408/2745/1081 1405/2746/1080
f 1388/2747/1061 1406/2744/1077 1384/2748/1060
f 1406/2740/1077 1402/2741/1078 1384/2749/1060
f 1407/2750/1082 1388/2721/1061 1389/2715/1062
f 1407/2750/1082 1389/2715/1062 1408/2751/1081
f 1408/2745/1081 1409/2752/1083 1405/2746/1080
f 1408/2751/1081 1385/2717/1063 1409/2753/1083
f 1408/2751/1081 1389/2715/1062 1385/2717/1063
f 1405/2746/1080 1409/2752/1083 1404/2754/1079
f 1403/2755/1075 1404/2756/1079 1409/2757/1083
f 1410/2758/1084 1409/2753/1083 1385/2717/1063
f 1403/2755/1075 1409/2757/1083 1410/2759/1084
f 1391/2723/1067 1410/2758/1084 1385/2717/1063
f 1403/2755/1075 1411/2760/1085 1398/2761/1073
f 1410/2758/1084 1391/2723/1067 1411/2762/1085
f 1393/2763/1066 1398/2761/1073 1411/2760/1085
f 1393/2722/1066 1411/2762/1085 1391/2723/1067
f 1396/2731/1071 1384/2749/1060 1402/2741/1078
f 1402/2741/1078 1399/2732/1072 1396/2731/1071
f 1384/2749/1060 1396/2731/1071 1395/2730/1058
f 1412/2764/1010 1415/2765/1011 1413/2766/1012
f 1413/2766/1012 1414/2767/1013 1412/2764/1010
f 1412/2768/1010 1417/2769/1014 1416/2770/1015
f 1416/2771/1015 1415/2772/1011 1412/2773/1010
f 1418/2774/1016 1416/2775/1015 1417/2776/1014
f 1418/2777/1016 1415/2772/1011 1416/2771/1015
f 1417/2776/1014 1419/2778/1017 1418/2774/1016
f 1418/2779/1016 1413/2780/1012 1415/2781/1011
f 1413/2782/1012 1419/2783/1017 1414/2784/1013
f 1414/2784/1013 1419/2783/1017 1417/2785/1014
f 1420/2786/1002 1424/2787/1003 1423/2788/1004
f 1420/2789/1002 1427/2790/1005 1421/2791/1006
f 1423/2792/1004 1422/2793/1007 1420/2794/1002
f 1424/2551/1003 1425/2795/1008 1423/2796/1004
f 1422/2797/1007 1426/2798/1009 1427/2799/1005
f 1421/2800/1006 1426/2801/1009 1424/2802/1003
f 1432/2803/1086 1429/2804/1087 1428/2805/1088
f 1429/2806/1087 1431/2807/1089 1428/2808/1088
f 1432/2809/1086 1428/2810/1088 1430/2811/1090
f 1428/2810/1088 1431/2812/1089 1430/2811/1090
f 1432/2813/1086 1435/2814/1091 1433/2815/1092
f 1429/2816/1087 1433/2817/1092 1434/2818/1093
f 1433/2817/1092 1435/2819/1091 1434/2818/1093
f 1434/2820/1093 1430/2821/1090 1431/2822/1089
f 1437/2823/1087 1440/2824/1086 1441/2825/1092
f 1437/2808/1087 1439/2826/1089 1436/2827/1088
f 1440/2828/1086 1436/2809/1088 1438/2829/1090
f 1436/2809/1088 1439/2830/1089 1438/2829/1090
f 1440/2831/1086 1443/2832/1091 1441/2833/1092
f 1437/2834/1087 1441/2835/1092 1442/2836/1093
f 1441/2835/1092 1443/2837/1091 1442/2836/1093
f 1438/2838/1090 1442/2839/1093 1443/2840/1091
f 1444/2841/1094 1451/2842/1035 1445/2843/1004
f 1448/2844/1034 1444/2845/1094 1445/2846/1004
f 1448/2844/1034 1446/2847/1007 1444/2845/1094
f 1444/2848/1094 1450/2849/1095 1447/2850/1006
f 1446/2851/1007 1449/2852/1096 1450/2853/1095
f 1451/2854/1035 1448/2796/1034 1445/2855/1004
f 1450/2856/1095 1449/2857/1096 1451/2858/1035
f 1450/2856/1095 1451/2858/1035 1447/2859/1006
f 1453/2860/1087 1456/2861/1086 1457/2862/1092
f 1453/2863/1087 1455/2864/1089 1452/2865/1088
f 1456/2866/1086 1452/2828/1088 1454/2867/1090
f 1452/2828/1088 1455/2868/1089 1454/2867/1090
f 1456/2815/1086 1459/2869/1091 1457/2831/1092
f 1453/2817/1087 1457/2834/1092 1458/2870/1093
f 1457/2834/1092 1459/2871/1091 1458/2870/1093
f 1458/2872/1093 1454/2873/1090 1455/2874/1089
f 1461/2875/1097 1462/2876/1038 1460/2877/1098
f 1463/2878/1039 1461/2879/1097 1460/2880/1098
f 1463/2881/1039 1460/2882/1098 1462/2883/1038
f 1463/2884/1039 1462/2885/1038 1464/2886/1099
f 1465/2887/1100 1472/2888/1101 1466/2889/1004
f 1468/2890/1102 1465/2891/1100 1466/2801/1004
f 1465/2892/1100 1469/2893/1095 1467/2894/1006
f 1470/2895/1103 1468/2890/1102 1466/2801/1004
f 1468/2896/1102 1471/2897/1104 1469/2898/1095
f 1472/2899/1101 1470/2708/1103 1466/2900/1004
f 1469/2901/1095 1471/2902/1104 1472/2903/1101
f 1469/2901/1095 1472/2903/1101 1467/2904/1006
f 1473/2905/1049 1474/2906/1050 1478/2907/1051
f 1473/2908/1049 1480/2909/1052 1474/2910/1050
f 1478/2907/1051 1475/2911/1053 1473/2905/1049
f 1475/2912/1053 1477/2913/1054 1473/2914/1049
f 1473/2914/1049 1477/2913/1054 1476/2915/1055
f 1474/2916/1050 1479/2917/1056 1478/2918/1051
f 1475/2919/1053 1479/2920/1056 1477/2921/1054
f 1480/2922/1052 1477/2923/1054 1479/2924/1056
f 1481/2925/1105 1487/2926/1106 1482/2927/1107
f 1482/2928/1107 1484/2929/1108 1481/2687/1105
f 1484/2930/1108 1483/2931/1109 1481/2932/1105
f 1481/2932/1105 1483/2931/1109 1485/2933/1110
f 1486/2934/1111 1481/2932/1105 1485/2933/1110
f 1488/2935/1112 1487/2926/1106 1486/2936/1111
f 1486/2934/1111 1485/2933/1110 1488/2937/1112
f 1493/2938/1113 1488/2935/1112 1489/2939/1114
f 1488/2937/1112 1490/2940/1115 1489/2941/1114
f 1488/2937/1112 1485/2933/1110 1490/2940/1115
f 1491/2942/1116 1493/2943/1113 1492/2944/1117
f 1491/2942/1116 1492/2944/1117 1487/2945/1106
f 1492/2944/1117 1493/2943/1113 1494/2946/1118
f 1494/2947/1118 1493/2948/1113 1489/2949/1114
f 1495/2950/1119 1492/2944/1117 1494/2946/1118
f 1495/2951/1119 1489/2949/1114 1497/2952/1120
f 1495/2951/1119 1497/2952/1120 1496/2953/1121
f 1498/2954/1122 1497/2955/1120 1499/2956/1123
f 1498/2957/1122 1496/2958/1121 1497/2959/1120
f 1489/2941/1114 1499/2956/1123 1497/2955/1120
f 1500/2960/1124 1498/2954/1122 1499/2956/1123
f 1490/2940/1115 1500/2960/1124 1499/2956/1123
f 1499/2956/1123 1489/2941/1114 1490/2940/1115
f 1483/2931/1109 1500/2960/1124 1490/2940/1115
f 1502/2961/1125 1500/2960/1124 1501/2962/1126
f 1483/2931/1109 1501/2962/1126 1500/2960/1124
f 1484/2963/1108 1503/2964/1127 1502/2965/1125
f 1502/2961/1125 1501/2962/1126 1484/2930/1108
f 1502/2965/1125 1506/2966/1128 1498/2957/1122
f 1503/2967/1127 1504/2968/1129 1505/2969/1130
f 1507/2970/1131 1503/2967/1127 1505/2969/1130
f 1506/2971/1128 1507/2970/1131 1496/2972/1121
f 1506/2966/1128 1496/2958/1121 1498/2957/1122
f 1508/2973/1132 1507/2970/1131 1505/2969/1130
f 1492/2944/1117 1507/2970/1131 1508/2973/1132
f 1492/2944/1117 1496/2972/1121 1507/2970/1131
f 1487/2945/1106 1508/2973/1132 1482/2974/1107
f 1505/2969/1130 1482/2974/1107 1508/2973/1132
f 1487/2945/1106 1492/2944/1117 1508/2973/1132
f 1482/2974/1107 1505/2969/1130 1504/2968/1129
f 1485/2933/1110 1483/2931/1109 1490/2940/1115
f 1510/2975/1087 1513/2976/1086 1514/2977/1092
f 1510/2978/1087 1512/2979/1089 1509/2980/1088
f 1513/2981/1086 1509/2982/1088 1511/2983/1090
f 1509/2982/1088 1512/2984/1089 1511/2983/1090
f 1513/2985/1086 1516/2986/1091 1514/2987/1092
f 1510/2988/1087 1514/2989/1092 1515/2990/1093
f 1514/2989/1092 1516/2991/1091 1515/2990/1093
f 1511/2992/1090 1515/2993/1093 1516/2994/1091
f 1517/2995/1002 1521/2996/1003 1520/2786/1004
f 1517/2997/1002 1524/2998/1005 1518/2999/1006
f 1520/3000/1004 1519/2624/1007 1517/3001/1002
f 1521/3002/1003 1522/3003/1008 1520/2546/1004
f 1519/3004/1007 1523/2995/1009 1524/3005/1005
f 1518/3006/1006 1523/3007/1009 1521/3008/1003
f 1529/3009/1086 1526/3010/1087 1525/3011/1088
f 1526/2865/1087 1528/3012/1089 1525/3013/1088
f 1529/2982/1086 1525/3014/1088 1527/3015/1090
f 1525/3014/1088 1528/3016/1089 1527/3015/1090
f 1529/3017/1086 1532/3018/1091 1530/3019/1092
f 1526/3020/1087 1530/3021/1092 1531/3022/1093
f 1530/3021/1092 1532/3023/1091 1531/3022/1093
f 1531/3024/1093 1527/3025/1090 1528/3026/1089
f 1533/3027/1010 1536/3028/1011 1534/3029/1012
f 1534/3029/1012 1535/3030/1013 1533/3027/1010
f 1533/3031/1010 1538/3032/1014 1537/3033/1015
f 1537/3034/1015 1536/3035/1011 1533/3036/1010
f 1539/3037/1016 1537/3038/1015 1538/3039/1014
f 1539/3040/1016 1536/3035/1011 1537/3034/1015
f 1538/3039/1014 1540/3041/1017 1539/3037/1016
f 1539/3042/1016 1534/3043/1012 1536/3044/1011
f 1534/3045/1012 1540/3046/1017 1535/3047/1013
f 1535/3047/1013 1540/3046/1017 1538/3048/1014
f 1544/3049/1006 1542/2799/1046 1541/3050/1133
f 1545/3051/1103 1541/3052/1133 1542/3053/1046
f 1545/3051/1103 1543/3054/1134 1541/3052/1133
f 1541/3055/1133 1547/3056/1095 1544/3057/1006
f 1546/2540/1009 1547/2798/1095 1545/3058/1103
f 1542/2543/1046 1546/3059/1009 1545/3060/1103
f 1547/2798/1095 1543/3061/1134 1545/3058/1103
f 1547/3062/1095 1546/3063/1009 1548/3064/1035
f 1547/3062/1095 1548/3064/1035 1544/3065/1006
f 1548/2797/1035 1542/2799/1046 1544/3049/1006
f 1549/3066/1018 1552/3067/1036 1550/3068/1020
f 1550/3068/1020 1551/3069/1021 1549/3066/1018
f 1549/3070/1018 1551/3071/1021 1553/3072/1022
f 1553/3073/1022 1552/3074/1036 1549/3075/1018
f 1554/3076/1023 1552/3074/1036 1553/3073/1022
f 1554/3077/1023 1551/3078/1021 1555/3079/1024
f 1550/3080/1020 1554/3081/1023 1555/3082/1024
f 1550/3083/1020 1555/3084/1024 1551/3085/1021
f 1557/3086/1097 1558/3087/1038 1556/3088/1098
f 1559/3089/1039 1557/3090/1097 1556/3091/1098
f 1559/3092/1039 1556/3093/1098 1558/3094/1038
f 1559/3095/1039 1558/3096/1038 1560/3097/1040
f 1563/3098/1135 1562/3099/1007 1561/3100/1136
f 1561/3101/1136 1565/3102/1033 1564/3103/1137
f 1564/3104/1137 1563/3105/1135 1561/3106/1136
f 1565/3107/1033 1567/3108/1138 1564/3109/1137
f 1566/3110/1139 1563/3105/1135 1564/3104/1137
f 1567/3108/1138 1566/3111/1139 1564/3109/1137
f 1567/2899/1138 1568/2900/1034 1566/3112/1139
f 1567/3113/1138 1565/3108/1033 1568/3114/1034
f 1568/3115/1034 1562/3099/1007 1563/3098/1135
f 1566/3112/1139 1568/2900/1034 1563/3116/1135
f 1565/3108/1033 1562/3117/1007 1568/3114/1034
f 1569/3118/1049 1570/3119/1050 1574/3120/1051
f 1569/2659/1049 1576/3121/1052 1570/3122/1050
f 1574/3120/1051 1571/3123/1053 1569/3118/1049
f 1571/3124/1053 1573/3125/1054 1569/3126/1049
f 1569/3126/1049 1573/3125/1054 1572/3127/1055
f 1570/3128/1050 1575/3129/1056 1574/3130/1051
f 1571/3131/1053 1575/3132/1056 1573/3133/1054
f 1576/3134/1052 1573/3135/1054 1575/3136/1056
f 1577/3137/1105 1583/3138/1106 1578/3139/1107
f 1578/3140/1107 1580/3141/1108 1577/2662/1105
f 1580/3142/1108 1579/3143/1109 1577/3144/1105
f 1577/3144/1105 1579/3143/1109 1581/3145/1110
f 1582/3146/1111 1577/3144/1105 1581/3145/1110
f 1584/3147/1112 1583/3138/1106 1582/3148/1111
f 1582/3146/1111 1581/3145/1110 1584/3149/1112
f 1589/3150/1113 1584/3147/1112 1585/3151/1114
f 1584/3149/1112 1586/3152/1115 1585/3153/1114
f 1584/3149/1112 1581/3145/1110 1586/3152/1115
f 1587/3154/1116 1589/3155/1113 1588/3156/1117
f 1587/3154/1116 1588/3156/1117 1583/3157/1106
f 1588/3156/1117 1589/3155/1113 1590/3158/1118
f 1590/3159/1118 1589/3160/1113 1585/3161/1114
f 1591/3162/1119 1588/3156/1117 1590/3158/1118
f 1591/3163/1119 1585/3161/1114 1593/3164/1120
f 1591/3163/1119 1593/3164/1120 1592/3165/1121
f 1594/3166/1122 1593/3167/1120 1595/3168/1140
f 1594/3169/1122 1592/3170/1121 1593/3171/1120
f 1585/3153/1114 1595/3168/1140 1593/3167/1120
f 1596/3172/1124 1594/3166/1122 1595/3168/1140
f 1586/3152/1115 1596/3172/1124 1595/3168/1140
f 1595/3168/1140 1585/3153/1114 1586/3152/1115
f 1579/3143/1109 1596/3172/1124 1586/3152/1115
f 1598/3173/1125 1596/3172/1124 1597/3174/1141
f 1579/3143/1109 1597/3174/1141 1596/3172/1124
f 1580/3175/1108 1599/3176/1127 1598/3177/1125
f 1598/3173/1125 1597/3174/1141 1580/3142/1108
f 1598/3177/1125 1602/3178/1128 1594/3169/1122
f 1599/3179/1127 1600/3180/1129 1601/3181/1130
f 1603/3182/1131 1599/3179/1127 1601/3181/1130
f 1602/3183/1128 1603/3182/1131 1592/3184/1121
f 1602/3178/1128 1592/3170/1121 1594/3169/1122
f 1604/3185/1132 1603/3182/1131 1601/3181/1130
f 1588/3156/1117 1603/3182/1131 1604/3185/1132
f 1588/3156/1117 1592/3184/1121 1603/3182/1131
f 1583/3157/1106 1604/3185/1132 1578/3186/1107
f 1601/3181/1130 1578/3186/1107 1604/3185/1132
f 1583/3157/1106 1588/3156/1117 1604/3185/1132
f 1578/3186/1107 1601/3181/1130 1600/3180/1129
f 1581/3145/1110 1579/3143/1109 1586/3152/1115
f 1606/3187/1142 1607/3188/1143 1605/3189/1144
f 1606/3190/1142 1608/3191/1145 1611/3005/1146
f 1605/3189/1144 1607/3188/1143 1609/3192/1147
f 1608/3193/1145 1605/3194/1144 1609/3195/1147
f 1609/3196/1147 1607/3197/1143 1610/3198/1148
f 1608/3199/1145 1610/3198/1148 1611/3200/1146
f 1606/3201/1142 1610/3202/1148 1607/3203/1143
f 1612/3204/1002 1616/3205/1003 1615/3206/1004
f 1612/3207/1002 1619/3208/1005 1613/3209/1006
f 1615/3210/1004 1614/3211/1007 1612/3212/1002
f 1616/3213/1003 1617/3214/1008 1615/3215/1004
f 1614/3216/1007 1618/3217/1009 1619/2902/1005
f 1613/3218/1006 1618/3219/1009 1616/3220/1003
f 1621/3221/1025 1623/3222/1026 1624/3223/1027
f 1621/3224/1025 1622/3225/1028 1620/3226/1029
f 1623/2607/1026 1620/3227/1029 1622/3228/1028
f 1625/3229/1030 1624/3230/1027 1623/3231/1026
f 1623/3231/1026 1622/3232/1028 1625/3229/1030
f 1622/3233/1028 1626/2615/1031 1625/3234/1030
f 1626/3235/1031 1624/3236/1027 1625/3237/1030
f 1621/3238/1025 1624/3236/1027 1626/3235/1031
f 1627/3239/1018 1630/3240/1036 1628/3241/1020
f 1628/3241/1020 1629/3242/1021 1627/3239/1018
f 1627/3243/1018 1629/3244/1021 1631/3245/1022
f 1631/3246/1022 1630/3247/1036 1627/3248/1018
f 1632/3249/1023 1630/3247/1036 1631/3246/1022
f 1632/3250/1023 1629/3251/1021 1633/3252/1024
f 1628/3253/1020 1632/3254/1023 1633/3255/1024
f 1628/2656/1020 1633/3256/1024 1629/3257/1021
f 1637/2787/1006 1635/3050/1004 1634/2788/1133
f 1638/2547/1034 1634/3258/1133 1635/2548/1004
f 1638/2547/1034 1636/3259/1149 1634/3258/1133
f 1634/3260/1133 1640/3261/1095 1637/3262/1006
f 1636/3263/1149 1639/2626/1096 1640/3230/1095
f 1641/3264/1035 1638/2549/1034 1635/3265/1004
f 1640/3266/1095 1639/3267/1096 1641/3268/1035
f 1640/3266/1095 1641/3268/1035 1637/3269/1006
f 1641/3049/1035 1635/3050/1004 1637/2787/1006
f 1642/3270/1150 1645/3271/1036 1643/3272/1020
f 1643/3272/1020 1644/3273/1021 1642/3270/1150
f 1642/3274/1150 1644/3275/1021 1646/3276/1022
f 1646/3277/1022 1645/3278/1036 1642/3279/1150
f 1647/3280/1023 1645/3278/1036 1646/3277/1022
f 1647/3281/1023 1644/3282/1021 1648/3283/1151
f 1643/3284/1020 1647/3285/1023 1648/3286/1151
f 1643/2835/1020 1648/2597/1151 1644/3287/1021
f 1652/3288/1152 1649/3289/1153 1650/3290/1154
f 1649/3291/1153 1651/3292/1155 1650/3293/1154
f 1649/3294/1153 1653/3295/1156 1651/3296/1155
f 1653/3297/1156 1650/3298/1154 1651/3299/1155
f 1658/3300/1157 1655/3301/1134 1654/3302/1100
f 1654/3303/1100 1659/3304/1158 1657/3102/1006
f 1657/3305/1006 1656/3306/1046 1654/3307/1100
f 1658/3300/1157 1654/3302/1100 1656/2556/1046
f 1660/2679/1047 1658/2877/1157 1656/3308/1046
f 1659/3309/1158 1655/3310/1134 1658/3311/1157
f 1660/3312/1047 1659/3309/1158 1658/3311/1157
f 1659/3313/1158 1660/3314/1047 1661/3315/1048
f 1660/2679/1047 1656/3308/1046 1661/2670/1048
f 1659/3313/1158 1661/3315/1048 1657/3316/1006
f 1661/3317/1048 1656/3306/1046 1657/3305/1006
f 1662/3318/1049 1663/3319/1050 1667/3320/1051
f 1662/3321/1049 1669/3322/1052 1663/3323/1050
f 1667/3320/1051 1664/3324/1053 1662/3318/1049
f 1664/3325/1053 1666/3326/1054 1662/3327/1049
f 1662/3327/1049 1666/3326/1054 1665/3328/1055
f 1663/3329/1050 1668/2918/1056 1667/3330/1051
f 1664/3331/1053 1668/3332/1056 1666/3333/1054
f 1669/3334/1052 1666/3335/1054 1668/3336/1056
f 1670/3337/1105 1676/3338/1106 1671/3339/1107
f 1671/3340/1107 1673/3341/1159 1670/3342/1105
f 1673/3343/1159 1672/3344/1109 1670/3345/1105
f 1670/3345/1105 1672/3344/1109 1674/3346/1110
f 1675/3347/1111 1670/3345/1105 1674/3346/1110
f 1677/3348/1112 1676/3338/1106 1675/3349/1111
f 1675/3347/1111 1674/3346/1110 1677/3350/1112
f 1682/3351/1113 1677/3348/1112 1678/3352/1114
f 1677/3350/1112 1679/3353/1115 1678/3354/1114
f 1677/3350/1112 1674/3346/1110 1679/3353/1115
f 1680/3355/1116 1682/3356/1113 1681/3357/1117
f 1680/3355/1116 1681/3357/1117 1676/3358/1106
f 1681/3357/1117 1682/3356/1113 1683/3359/1118
f 1683/3360/1118 1682/3361/1113 1678/3362/1114
f 1684/3363/1119 1681/3357/1117 1683/3359/1118
f 1684/3364/1119 1678/3362/1114 1686/3365/1160
f 1684/3364/1119 1686/3365/1160 1685/3366/1161
f 1687/3367/1162 1686/3368/1160 1688/3369/1163
f 1685/3370/1161 1687/3371/1162 1695/3372/1164
f 1678/3354/1114 1688/3369/1163 1686/3368/1160
f 1689/3373/1165 1687/3367/1162 1688/3369/1163
f 1679/3353/1115 1689/3373/1165 1688/3369/1163
f 1688/3369/1163 1678/3354/1114 1679/3353/1115
f 1672/3344/1109 1689/3373/1165 1679/3353/1115
f 1691/3374/1166 1689/3373/1165 1690/3375/1126
f 1672/3344/1109 1690/3375/1126 1689/3373/1165
f 1673/3376/1159 1692/3377/1167 1691/3378/1166
f 1691/3374/1166 1690/3375/1126 1673/3343/1159
f 1695/3372/1164 1691/3378/1166 1692/3377/1167
f 1692/3379/1167 1693/3380/1129 1694/3381/1130
f 1696/3382/1168 1692/3379/1167 1694/3381/1130
f 1695/3383/1164 1696/3382/1168 1685/3384/1161
f 1697/3385/1132 1696/3382/1168 1694/3381/1130
f 1681/3357/1117 1696/3382/1168 1697/3385/1132
f 1681/3357/1117 1685/3384/1161 1696/3382/1168
f 1676/3358/1106 1697/3385/1132 1671/3386/1107
f 1694/3381/1130 1671/3386/1107 1697/3385/1132
f 1676/3358/1106 1681/3357/1117 1697/3385/1132
f 1671/3386/1107 1694/3381/1130 1693/3380/1129
f 1674/3346/1110 1672/3344/1109 1679/3353/1115
f 1702/3387/1086 1699/3388/1087 1698/3389/1088
f 1699/2980/1087 1701/3390/1089 1698/2806/1088
f 1702/3391/1086 1698/2866/1088 1700/3392/1090
f 1698/2866/1088 1701/3393/1089 1700/3392/1090
f 1702/2833/1086 1705/3394/1091 1703/3395/1092
f 1699/2989/1087 1703/2816/1092 1704/3396/1093
f 1703/2816/1092 1705/3397/1091 1704/3396/1093
f 1700/3398/1090 1704/3399/1093 1705/3400/1091
f 1706/3401/1002 1710/3402/1003 1709/3403/1004
f 1706/3404/1002 1713/3405/1005 1707/3406/1006
f 1709/3407/1004 1708/3408/1007 1706/3219/1002
f 1710/3409/1003 1711/3410/1008 1709/3411/1004
f 1708/3412/1007 1712/2638/1009 1713/3413/1005
f 1707/3414/1006 1712/3415/1009 1710/3416/1003
f 1718/3417/1086 1715/3418/1087 1714/3419/1088
f 1715/2827/1087 1717/3420/1089 1714/2863/1088
f 1718/3014/1086 1714/3391/1088 1716/3421/1090
f 1714/3391/1088 1717/3422/1089 1716/3421/1090
f 1718/2987/1086 1721/3423/1091 1719/2813/1092
f 1715/3424/1087 1719/2988/1092 1720/3425/1093
f 1719/2988/1092 1721/3426/1091 1720/3425/1093
f 1716/3427/1090 1720/3428/1093 1721/3429/1091
f 1722/3430/1010 1725/3431/1011 1723/3432/1012
f 1723/3432/1012 1724/3433/1013 1722/3430/1010
f 1722/3434/1010 1727/3435/1014 1726/3436/1169
f 1726/3437/1169 1725/3076/1011 1722/3438/1010
f 1728/3439/1016 1726/3440/1169 1727/3441/1014
f 1728/3442/1016 1725/3076/1011 1726/3437/1169
f 1727/3441/1014 1729/3443/1017 1728/3439/1016
f 1723/3444/1012 1728/3445/1016 1729/3446/1017
f 1723/3447/1012 1729/3448/1017 1724/3449/1013
f 1724/3449/1013 1729/3448/1017 1727/3450/1014
f 1730/3451/1094 1737/2851/1035 1731/2853/1004
f 1734/3308/1034 1730/3054/1094 1731/3051/1004
f 1730/3452/1094 1736/3453/1095 1733/3454/1006
f 1732/3455/1007 1730/3054/1094 1734/3308/1034
f 1732/3456/1007 1735/3413/1096 1736/3457/1095
f 1737/3265/1035 1734/2551/1034 1731/2854/1004
f 1736/3458/1095 1735/2621/1096 1737/3459/1035
f 1736/3458/1095 1737/3459/1035 1733/3460/1006
f 1738/3461/1010 1741/3462/1011 1739/3463/1012
f 1739/3463/1012 1740/3464/1013 1738/3461/1010
f 1738/3465/1010 1743/3466/1014 1742/3467/1015
f 1742/3468/1015 1741/3442/1011 1738/3469/1010
f 1744/3470/1016 1742/3471/1015 1743/3472/1014
f 1744/3473/1016 1741/3442/1011 1742/3468/1015
f 1743/3472/1014 1745/3474/1017 1744/3470/1016
f 1739/3475/1012 1744/3476/1016 1745/3477/1017
f 1739/3115/1012 1745/3478/1017 1740/3479/1013
f 1740/3479/1013 1745/3478/1017 1743/3480/1014
f 1747/3481/1097 1748/3482/1038 1746/3483/1098
f 1749/3484/1039 1747/3485/1097 1746/3486/1098
f 1749/3487/1039 1746/3488/1098 1748/3489/1038
f 1749/3490/1039 1748/3491/1038 1750/3492/1040
f 1754/3007/1004 1752/3493/1102 1751/3494/1100
f 1751/3495/1100 1758/3496/1033 1753/3497/1006
f 1751/3498/1100 1756/3499/1170 1754/3500/1004
f 1755/3501/1103 1752/3493/1102 1754/3007/1004
f 1754/3502/1004 1757/3443/1171 1755/2683/1103
f 1753/3503/1006 1757/3504/1171 1756/3505/1170
f 1758/2904/1033 1757/3504/1171 1753/3503/1006
f 1752/3506/1102 1757/3507/1171 1758/2686/1033
f 1759/3508/1049 1760/3509/1050 1764/3510/1051
f 1759/3511/1049 1766/3512/1052 1760/3321/1050
f 1764/3510/1051 1761/3513/1053 1759/3508/1049
f 1761/3514/1053 1763/3515/1054 1759/3516/1049
f 1759/3516/1049 1763/3515/1054 1762/3517/1055
f 1760/3518/1050 1765/3519/1056 1764/3520/1051
f 1761/3521/1053 1765/3522/1056 1763/2910/1054
f 1766/3523/1052 1763/2924/1054 1765/3524/1056
f 1767/3525/1172 1772/3526/1106 1768/3527/1173
f 1768/3528/1173 1770/3529/1174 1767/3530/1172
f 1771/3531/1175 1767/3532/1172 1769/3533/1176
f 1770/3534/1174 1769/3533/1176 1767/3532/1172
f 1773/3535/1177 1772/3526/1106 1771/3536/1175
f 1771/3531/1175 1769/3533/1176 1773/3537/1177
f 1778/3538/1113 1773/3535/1177 1774/3539/1114
f 1773/3537/1177 1775/3540/1178 1774/3541/1114
f 1773/3537/1177 1769/3533/1176 1775/3540/1178
f 1776/3542/1116 1778/3543/1113 1777/3544/1117
f 1776/3542/1116 1777/3544/1117 1772/3545/1106
f 1777/3544/1117 1778/3543/1113 1779/3546/1118
f 1779/3547/1118 1778/3548/1113 1774/3549/1114
f 1780/3550/1119 1777/3544/1117 1779/3546/1118
f 1780/3551/1119 1774/3549/1114 1782/3552/1120
f 1780/3551/1119 1782/3552/1120 1781/3553/1121
f 1783/3554/1122 1782/3555/1120 1784/3556/1123
f 1783/3557/1122 1781/3558/1121 1782/3559/1120
f 1774/3541/1114 1784/3556/1123 1782/3555/1120
f 1785/3560/1179 1783/3554/1122 1784/3556/1123
f 1775/3540/1178 1785/3560/1179 1784/3556/1123
f 1784/3556/1123 1774/3541/1114 1775/3540/1178
f 1769/3533/1176 1785/3560/1179 1775/3540/1178
f 1787/3561/1125 1785/3560/1179 1786/3562/1180
f 1769/3533/1176 1786/3562/1180 1785/3560/1179
f 1770/3563/1174 1788/3564/1181 1787/3565/1125
f 1787/3561/1125 1786/3562/1180 1770/3534/1174
f 1791/3566/1128 1787/3565/1125 1788/3564/1181
f 1788/3567/1181 1789/3568/1182 1790/3569/1183
f 1792/3570/1184 1788/3567/1181 1790/3569/1183
f 1791/3571/1128 1792/3570/1184 1781/3572/1121
f 1791/3566/1128 1781/3558/1121 1783/3557/1122
f 1793/3573/1185 1792/3570/1184 1790/3569/1183
f 1777/3544/1117 1792/3570/1184 1793/3573/1185
f 1777/3544/1117 1781/3572/1121 1792/3570/1184
f 1772/3545/1106 1793/3573/1185 1768/3574/1173
f 1790/3569/1183 1768/3574/1173 1793/3573/1185
f 1772/3545/1106 1777/3544/1117 1793/3573/1185
f 1790/3569/1183 1789/3568/1182 1768/3574/1173
f 1795/3575/1025 1797/3576/1026 1798/3577/1186
f 1795/3578/1025 1796/3579/1028 1794/3580/1187
f 1797/2810/1026 1794/3581/1187 1796/3582/1028
f 1799/3583/1188 1798/3584/1186 1797/3585/1026
f 1797/3585/1026 1796/3586/1028 1799/3583/1188
f 1796/3587/1028 1800/3588/1031 1799/3589/1188
f 1800/3590/1031 1798/3591/1186 1799/3592/1188
f 1795/3593/1025 1798/3591/1186 1800/3590/1031
f 1801/3594/1002 1805/3456/1003 1804/3457/1004
f 1801/3595/1002 1808/3596/1005 1802/3597/1006
f 1804/2796/1004 1803/3598/1007 1801/2792/1002
f 1805/3599/1003 1806/2684/1008 1804/3600/1004
f 1803/2627/1007 1807/2841/1009 1808/2628/1005
f 1802/3601/1006 1807/3602/1009 1805/3603/1003
f 1809/3604/1010 1812/3605/1011 1810/3606/1012
f 1810/3606/1012 1811/3607/1013 1809/3604/1010
f 1809/3608/1010 1814/3609/1014 1813/3610/1015
f 1813/3611/1015 1812/3612/1011 1809/3613/1010
f 1815/3614/1016 1813/3615/1015 1814/3616/1014
f 1815/3617/1016 1812/3612/1011 1813/3611/1015
f 1814/3616/1014 1816/3618/1017 1815/3614/1016
f 1815/3619/1016 1810/3620/1012 1812/3621/1011
f 1810/3559/1012 1816/3622/1017 1811/3623/1013
f 1811/3623/1013 1816/3622/1017 1814/3624/1014
f 1817/3625/1010 1820/3626/1011 1818/3627/1012
f 1818/3627/1012 1819/3628/1013 1817/3625/1010
f 1817/3629/1010 1822/3630/1014 1821/3631/1015
f 1821/3632/1015 1820/3633/1011 1817/3634/1010
f 1823/3635/1016 1821/3636/1015 1822/3637/1014
f 1823/3638/1016 1820/3633/1011 1821/3632/1015
f 1822/3637/1014 1824/2692/1017 1823/3635/1016
f 1818/3639/1012 1823/3640/1016 1824/3641/1017
f 1818/3642/1012 1824/3643/1017 1819/3644/1013
f 1819/3644/1013 1824/3643/1017 1822/3645/1014
f 1825/3646/1002 1829/3647/1095 1828/3648/1006
f 1826/3649/1007 1825/3650/1002 1827/3212/1004
f 1825/3651/1002 1830/3652/1035 1827/3653/1004
f 1829/3654/1095 1830/3655/1035 1828/3656/1006
f 1829/3654/1095 1831/3657/1009 1830/3655/1035
f 1830/3658/1035 1832/3600/1008 1827/3659/1004
f 1826/3660/1007 1831/3661/1009 1829/3662/1095
f 1832/3211/1008 1826/3649/1007 1827/3212/1004
f 1833/3663/1150 1836/3664/1036 1834/3665/1020
f 1834/3665/1020 1835/3666/1021 1833/3663/1150
f 1833/3667/1150 1835/3668/1021 1837/3669/1022
f 1837/3670/1022 1836/3671/1036 1833/3672/1150
f 1838/3673/1023 1836/3671/1036 1837/3670/1022
f 1838/3674/1023 1835/3675/1021 1839/3676/1024
f 1834/3677/1020 1838/3678/1023 1839/3679/1024
f 1834/3680/1020 1839/3083/1024 1835/3681/1021
f 1843/3488/1037 1841/3487/1038 1840/3682/1039
f 1840/3683/1039 1841/3684/1038 1842/3685/1040
f 1840/3686/1039 1844/3687/1189 1843/3688/1037
f 1844/3689/1189 1841/3690/1038 1843/3691/1037
f 1850/3692/1103 1846/3693/1190 1845/3694/1136
f 1846/2856/1190 1847/3695/1033 1845/2674/1136
f 1845/2674/1136 1847/3695/1033 1849/3696/1006
f 1845/3697/1136 1852/3698/1170 1848/3699/1004
f 1850/3692/1103 1845/3694/1136 1848/3267/1004
f 1851/3700/1171 1850/3701/1103 1848/3702/1004
f 1846/3703/1190 1851/3704/1171 1847/3705/1033
f 1849/3706/1006 1851/3707/1171 1852/3708/1170
f 1851/3700/1171 1848/3702/1004 1852/3709/1170
f 1847/3710/1033 1851/3707/1171 1849/3706/1006
f 1853/3711/1049 1854/3712/1050 1858/3713/1191
f 1853/3714/1049 1860/3715/1052 1854/2693/1050
f 1858/3713/1191 1855/3716/1053 1853/3711/1049
f 1855/3717/1053 1857/3718/1054 1853/3719/1049
f 1853/3719/1049 1857/3718/1054 1856/3720/1055
f 1854/3721/1050 1859/3722/1056 1858/3519/1191
f 1855/3723/1053 1859/3724/1056 1857/3725/1054
f 1860/3726/1052 1857/3727/1054 1859/3728/1056
f 1861/3729/1172 1866/3730/1106 1862/3731/1107
f 1862/3732/1107 1864/3733/1192 1861/3734/1172
f 1865/3735/1175 1861/3736/1172 1863/3737/1176
f 1864/3738/1192 1863/3737/1176 1861/3736/1172
f 1867/3739/1177 1866/3730/1106 1865/3740/1175
f 1865/3735/1175 1863/3737/1176 1867/3741/1177
f 1872/3742/1113 1867/3739/1177 1868/3743/1193
f 1867/3741/1177 1869/3744/1178 1868/3745/1193
f 1867/3741/1177 1863/3737/1176 1869/3744/1178
f 1870/3746/1116 1872/3747/1113 1871/3748/1194
f 1870/3746/1116 1871/3748/1194 1866/3749/1106
f 1871/3748/1194 1872/3747/1113 1873/3750/1195
f 1873/3751/1195 1872/3752/1113 1868/3753/1193
f 1877/3754/1196 1873/3750/1195 1875/3755/1197
f 1873/3751/1195 1874/3756/1198 1875/3757/1197
f 1868/3753/1193 1874/3756/1198 1873/3751/1195
f 1875/3758/1197 1884/3759/1199 1876/3760/1200
f 1876/3761/1200 1877/3754/1196 1875/3755/1197
f 1871/3748/1194 1877/3754/1196 1878/3762/1072
f 1876/3761/1200 1878/3762/1072 1877/3754/1196
f 1878/3762/1072 1881/3763/1167 1879/3764/1130
f 1880/3765/1132 1878/3762/1072 1879/3764/1130
f 1871/3748/1194 1878/3762/1072 1880/3765/1132
f 1866/3749/1106 1880/3765/1132 1862/3766/1107
f 1879/3764/1130 1862/3766/1107 1880/3765/1132
f 1866/3749/1106 1871/3748/1194 1880/3765/1132
f 1862/3766/1107 1879/3764/1130 1882/3767/1129
f 1881/3763/1167 1882/3767/1129 1879/3764/1130
f 1864/3768/1192 1881/3769/1167 1883/3770/1166
f 1876/3760/1200 1883/3770/1166 1881/3769/1167
f 1883/3771/1166 1886/3772/1180 1864/3738/1192
f 1885/3773/1201 1884/3774/1199 1887/3775/1202
f 1883/3771/1166 1885/3773/1201 1886/3772/1180
f 1863/3737/1176 1886/3772/1180 1885/3773/1201
f 1869/3744/1178 1885/3773/1201 1887/3775/1202
f 1863/3737/1176 1885/3773/1201 1869/3744/1178
f 1868/3745/1193 1887/3775/1202 1874/3776/1198
f 1887/3775/1202 1868/3745/1193 1869/3744/1178
f 1884/3774/1199 1874/3776/1198 1887/3775/1202
f 1891/3777/1026 1889/3778/1203 1888/3779/1187
f 1889/3780/1203 1890/3781/1028 1888/3782/1187
f 1891/3783/1026 1888/2606/1187 1890/3784/1028
f 1893/3785/1188 1892/3786/1027 1891/3787/1026
f 1891/3787/1026 1890/3788/1028 1893/3785/1188
f 1890/3789/1028 1894/2585/1031 1893/3790/1188
f 1894/3791/1031 1892/3792/1027 1893/3793/1188
f 1889/3794/1203 1892/3792/1027 1894/3791/1031
f 1895/2852/1002 1899/3795/1003 1898/3796/1004
f 1895/3797/1002 1902/3798/1005 1896/3799/1006
f 1898/2596/1004 1897/2948/1007 1895/3800/1002
f 1899/3411/1003 1900/3801/1008 1898/3002/1004
f 1897/3795/1007 1901/3802/1009 1902/3796/1005
f 1896/3803/1006 1901/3804/1009 1899/3601/1003
f 1907/3805/1086 1904/3806/1087 1903/3807/1088
f 1904/3808/1087 1906/3809/1089 1903/2978/1088
f 1907/3810/1086 1903/2981/1088 1905/3811/1090
f 1903/2981/1088 1906/3812/1089 1905/3811/1090
f 1907/3019/1086 1910/3813/1091 1908/2985/1092
f 1904/3021/1087 1908/3424/1092 1909/3814/1093
f 1908/3424/1092 1910/3815/1091 1909/3814/1093
f 1905/3816/1090 1909/3817/1093 1910/3818/1091
f 1912/3819/1087 1915/3820/1086 1916/3821/1204
f 1912/3822/1087 1914/3823/1089 1911/3808/1205
f 1915/3824/1086 1911/3810/1205 1913/3825/1090
f 1911/3810/1205 1914/3826/1089 1913/3825/1090
f 1915/3240/1086 1918/3827/1091 1916/3213/1204
f 1912/3828/1087 1916/3020/1204 1917/3829/1093
f 1916/3020/1204 1918/3830/1091 1917/3829/1093
f 1913/3831/1090 1917/3832/1093 1918/3833/1091
f 1919/3834/1094 1926/3835/1005 1921/3836/1006
f 1920/3837/1007 1919/3838/1094 1922/3839/1034
f 1919/3840/1094 1924/3841/1003 1923/3842/1004
f 1923/3843/1004 1922/3839/1034 1919/3838/1094
f 1924/3283/1003 1922/3844/1034 1923/3213/1004
f 1921/3845/1006 1925/3846/1009 1924/3847/1003
f 1920/3848/1007 1925/3849/1009 1926/3850/1005
f 1926/2846/1005 1925/3846/1009 1921/3845/1006
f 1927/3851/1010 1930/3852/1011 1928/3853/1012
f 1928/3853/1012 1929/3854/1206 1927/3851/1010
f 1927/3855/1010 1932/3856/1014 1931/3857/1015
f 1931/3858/1015 1930/3473/1011 1927/3859/1010
f 1933/3860/1016 1931/3861/1015 1932/3862/1014
f 1933/3863/1016 1930/3473/1011 1931/3858/1015
f 1932/3862/1014 1934/3864/1017 1933/3860/1016
f 1933/3865/1016 1928/3866/1012 1930/3867/1011
f 1928/2682/1012 1934/3868/1017 1929/3869/1206
f 1929/3869/1206 1934/3868/1017 1932/3870/1014
f 1938/3871/1152 1935/3872/1153 1936/3094/1154
f 1935/3734/1153 1937/3873/1207 1936/3874/1154
f 1935/3875/1153 1939/3876/1208 1937/2844/1207
f 1939/3877/1208 1936/3878/1154 1937/3879/1207
f 1940/3880/1100 1947/3703/1170 1941/3705/1004
f 1941/3881/1004 1943/3100/1102 1940/3882/1100
f 1940/2633/1100 1945/3883/1033 1942/3884/1006
f 1943/2888/1102 1946/3885/1171 1945/2889/1033
f 1945/3109/1033 1946/3111/1171 1942/3886/1006
f 1942/3886/1006 1946/3111/1171 1947/3653/1170
f 1947/3702/1170 1944/3887/1103 1941/2625/1004
f 1948/3888/1049 1949/3889/1050 1953/2892/1051
f 1948/2637/1049 1955/3890/1052 1949/3891/1050
f 1953/2892/1051 1950/3892/1053 1948/3888/1049
f 1950/3893/1053 1952/3894/1054 1948/2700/1049
f 1948/2700/1049 1952/3894/1054 1951/3895/1055
f 1949/3896/1050 1954/3520/1056 1953/2702/1051
f 1950/3897/1053 1954/3898/1056 1952/3314/1054
f 1955/3899/1052 1952/3336/1054 1954/3900/1056
f 1956/3901/1172 1961/3902/1106 1957/3822/1107
f 1957/3903/1107 1959/3904/1192 1956/3905/1172
f 1960/3906/1175 1956/3907/1172 1958/3908/1176
f 1959/3909/1192 1958/3908/1176 1956/3907/1172
f 1962/3910/1177 1961/3902/1106 1960/3911/1175
f 1960/3906/1175 1958/3908/1176 1962/3912/1177
f 1967/3913/1113 1962/3910/1177 1963/3914/1114
f 1962/3912/1177 1964/3915/1178 1963/3916/1114
f 1962/3912/1177 1958/3908/1176 1964/3915/1178
f 1965/3917/1116 1967/3918/1113 1966/3919/1117
f 1965/3917/1116 1966/3919/1117 1961/3920/1106
f 1966/3919/1117 1967/3918/1113 1968/3921/1118
f 1968/3922/1118 1967/3923/1113 1963/3924/1114
f 1969/3925/1119 1966/3919/1117 1968/3921/1118
f 1969/3926/1119 1963/3924/1114 1971/3927/1160
f 1969/3926/1119 1971/3927/1160 1970/3928/1161
f 1972/3929/1162 1971/3930/1160 1973/3931/1163
f 1970/3932/1161 1972/3933/1162 1980/3934/1164
f 1963/3916/1114 1973/3931/1163 1971/3930/1160
f 1974/3935/1201 1972/3929/1162 1973/3931/1163
f 1964/3915/1178 1974/3935/1201 1973/3931/1163
f 1973/3931/1163 1963/3916/1114 1964/3915/1178
f 1958/3908/1176 1974/3935/1201 1964/3915/1178
f 1976/3936/1166 1974/3935/1201 1975/3937/1180
f 1958/3908/1176 1975/3937/1180 1974/3935/1201
f 1959/3938/1192 1977/3939/1167 1976/3940/1166
f 1976/3936/1166 1975/3937/1180 1959/3909/1192
f 1980/3934/1164 1976/3940/1166 1977/3939/1167
f 1977/3941/1167 1978/3942/1129 1979/3943/1130
f 1981/3944/1209 1977/3941/1167 1979/3943/1130
f 1980/3945/1164 1981/3944/1209 1970/3946/1161
f 1982/3947/1132 1981/3944/1209 1979/3943/1130
f 1966/3919/1117 1981/3944/1209 1982/3947/1132
f 1966/3919/1117 1970/3946/1161 1981/3944/1209
f 1961/3920/1106 1982/3947/1132 1957/3948/1107
f 1979/3943/1130 1957/3948/1107 1982/3947/1132
f 1961/3920/1106 1966/3919/1117 1982/3947/1132
f 1957/3948/1107 1979/3943/1130 1978/3942/1129
f 1317/2540/1002 1318/3058/1006 1321/2541/1003
f 1317/2543/1002 1319/3060/1007 1324/2544/1005
f 1320/2546/1004 1322/3003/1008 1319/2547/1007
f 1321/2549/1003 1323/2631/1009 1322/2550/1008
f 1319/2552/1007 1322/3660/1008 1323/2553/1009
f 1318/2555/1006 1324/3949/1005 1323/2556/1009
f 1325/2562/1010 1327/3950/1013 1330/2563/1014
f 1326/2573/1012 1328/3951/1011 1331/2574/1016
f 1338/2591/1023 1337/3952/1022 1335/2592/1021
f 1338/2594/1023 1339/3953/1024 1334/2595/1020
f 1341/2600/1025 1340/3954/1029 1343/2601/1026
f 1341/2603/1025 1346/3955/1031 1342/2604/1028
f 1349/2620/1032 1347/3459/1002 1348/2621/1007
f 1347/2626/1002 1349/3956/1032 1352/2627/1035
f 1352/2630/1035 1353/3957/1009 1350/2631/1034
f 1348/2636/1007 1350/3958/1034 1353/2637/1009
f 1360/2650/1023 1359/3959/1022 1357/2651/1021
f 1356/2653/1020 1358/3960/1036 1360/2654/1023
f 1362/2664/1039 1364/3961/1040 1366/2665/1041
f 1366/2667/1041 1364/3962/1040 1363/2668/1038
f 1370/2673/1044 1367/3963/1043 1368/2674/1007
f 1369/2682/1046 1374/3502/1048 1373/2683/1047
f 1375/2693/1049 1378/3964/1055 1382/2694/1052
f 1376/2701/1050 1382/3965/1052 1381/2702/1056
f 1377/2704/1053 1380/3966/1051 1381/2705/1056
f 1382/2707/1052 1378/3967/1055 1379/2708/1054
f 1383/2710/1057 1384/2713/1060 1395/2711/1058
f 1390/2718/1064 1392/2724/1068 1393/2722/1066
f 1386/2725/1059 1395/3968/1058 1394/2726/1069
f 1397/2728/1070 1393/2734/1066 1392/2727/1068
f 1399/2732/1072 1397/2735/1070 1394/2729/1069
f 1400/2736/1074 1401/2739/1076 1403/2738/1075
f 1406/2744/1077 1407/3969/1082 1408/2745/1081
f 1388/2747/1061 1407/3969/1082 1406/2744/1077
f 1403/2755/1075 1410/2759/1084 1411/2760/1085
f 1412/2768/1010 1414/3970/1013 1417/2769/1014
f 1418/2779/1016 1419/3971/1017 1413/2780/1012
f 1420/2786/1002 1421/2996/1006 1424/2787/1003
f 1420/2789/1002 1422/3972/1007 1427/2790/1005
f 1423/2792/1004 1425/3598/1008 1422/2793/1007
f 1424/2551/1003 1426/2550/1009 1425/2795/1008
f 1422/2797/1007 1425/3061/1008 1426/2798/1009
f 1421/2800/1006 1427/3973/1005 1426/2801/1009
f 1432/2803/1086 1433/3974/1092 1429/2804/1087
f 1429/2806/1087 1434/3975/1093 1431/2807/1089
f 1432/2813/1086 1430/3976/1090 1435/2814/1091
f 1434/2820/1093 1435/3977/1091 1430/2821/1090
f 1437/2823/1087 1436/3978/1088 1440/2824/1086
f 1437/2808/1087 1442/3979/1093 1439/2826/1089
f 1440/2831/1086 1438/3980/1090 1443/2832/1091
f 1438/2838/1090 1439/3981/1089 1442/2839/1093
f 1444/2841/1094 1447/3982/1006 1451/2842/1035
f 1444/2848/1094 1446/3983/1007 1450/2849/1095
f 1446/2851/1007 1448/3984/1034 1449/2852/1096
f 1451/2854/1035 1449/2551/1096 1448/2796/1034
f 1453/2860/1087 1452/3985/1088 1456/2861/1086
f 1453/2863/1087 1458/3986/1093 1455/2864/1089
f 1456/2815/1086 1454/3987/1090 1459/2869/1091
f 1458/2872/1093 1459/3988/1091 1454/2873/1090
f 1461/2875/1097 1464/3989/1099 1462/2876/1038
f 1463/2878/1039 1464/3990/1099 1461/2879/1097
f 1465/2887/1100 1467/3991/1006 1472/2888/1101
f 1465/2892/1100 1468/3062/1102 1469/2893/1095
f 1468/2896/1102 1470/3992/1103 1471/2897/1104
f 1472/2899/1101 1471/3993/1104 1470/2708/1103
f 1473/2908/1049 1476/3994/1055 1480/2909/1052
f 1474/2916/1050 1480/3995/1052 1479/2917/1056
f 1475/2919/1053 1478/3996/1051 1479/2920/1056
f 1480/2922/1052 1476/3997/1055 1477/2923/1054
f 1481/2925/1105 1486/2936/1111 1487/2926/1106
f 1482/2928/1107 1504/3998/1129 1484/2929/1108
f 1484/2930/1108 1501/2962/1126 1483/2931/1109
f 1488/2935/1112 1491/3999/1116 1487/2926/1106
f 1493/2938/1113 1491/3999/1116 1488/2935/1112
f 1495/2950/1119 1496/2972/1121 1492/2944/1117
f 1495/2951/1119 1494/2947/1118 1489/2949/1114
f 1500/2960/1124 1502/2961/1125 1498/2954/1122
f 1484/2963/1108 1504/4000/1129 1503/2964/1127
f 1502/2965/1125 1503/2964/1127 1506/2966/1128
f 1507/2970/1131 1506/2971/1128 1503/2967/1127
f 1510/2975/1087 1509/4001/1088 1513/2976/1086
f 1510/2978/1087 1515/4002/1093 1512/2979/1089
f 1513/2985/1086 1511/4003/1090 1516/2986/1091
f 1511/2992/1090 1512/4004/1089 1515/2993/1093
f 1517/2995/1002 1518/4005/1006 1521/2996/1003
f 1517/2997/1002 1519/4006/1007 1524/2998/1005
f 1520/3000/1004 1522/2629/1008 1519/2624/1007
f 1521/3002/1003 1523/3801/1009 1522/3003/1008
f 1519/3004/1007 1522/4005/1008 1523/2995/1009
f 1518/3006/1006 1524/4007/1005 1523/3007/1009
f 1529/3009/1086 1530/4008/1092 1526/3010/1087
f 1526/2865/1087 1531/4009/1093 1528/3012/1089
f 1529/3017/1086 1527/4010/1090 1532/3018/1091
f 1531/3024/1093 1532/2564/1091 1527/3025/1090
f 1533/3031/1010 1535/4011/1013 1538/3032/1014
f 1539/3042/1016 1540/4012/1017 1534/3043/1012
f 1541/3055/1133 1543/4013/1134 1547/3056/1095
f 1542/2543/1046 1548/4014/1035 1546/3059/1009
f 1554/3077/1023 1553/4015/1022 1551/3078/1021
f 1550/3080/1020 1552/4016/1036 1554/3081/1023
f 1557/3086/1097 1560/4017/1040 1558/3087/1038
f 1559/3089/1039 1560/4018/1040 1557/3090/1097
f 1561/3101/1136 1562/3303/1007 1565/3102/1033
f 1569/2659/1049 1572/4019/1055 1576/3121/1052
f 1570/3128/1050 1576/4020/1052 1575/3129/1056
f 1571/3131/1053 1574/4021/1051 1575/3132/1056
f 1576/3134/1052 1572/4022/1055 1573/3135/1054
f 1577/3137/1105 1582/3148/1111 1583/3138/1106
f 1578/3140/1107 1600/4023/1129 1580/3141/1108
f 1580/3142/1108 1597/3174/1141 1579/3143/1109
f 1584/3147/1112 1587/4024/1116 1583/3138/1106
f 1589/3150/1113 1587/4024/1116 1584/3147/1112
f 1591/3162/1119 1592/3184/1121 1588/3156/1117
f 1591/3163/1119 1590/3159/1118 1585/3161/1114
f 1596/3172/1124 1598/3173/1125 1594/3166/1122
f 1580/3175/1108 1600/4025/1129 1599/3176/1127
f 1598/3177/1125 1599/3176/1127 1602/3178/1128
f 1603/3182/1131 1602/3183/1128 1599/3179/1127
f 1606/3190/1142 1605/4026/1144 1608/3191/1145
f 1608/3199/1145 1609/3196/1147 1610/3198/1148
f 1606/3201/1142 1611/4027/1146 1610/3202/1148
f 1612/3204/1002 1613/4028/1006 1616/3205/1003
f 1612/3207/1002 1614/4029/1007 1619/3208/1005
f 1615/3210/1004 1617/3962/1008 1614/3211/1007
f 1616/3213/1003 1618/3844/1009 1617/3214/1008
f 1614/3216/1007 1617/4030/1008 1618/3217/1009
f 1613/3218/1006 1619/3407/1005 1618/3219/1009
f 1621/3221/1025 1620/4031/1029 1623/3222/1026
f 1621/3224/1025 1626/4032/1031 1622/3225/1028
f 1632/3250/1023 1631/4033/1022 1629/3251/1021
f 1628/3253/1020 1630/4034/1036 1632/3254/1023
f 1634/3260/1133 1636/4035/1149 1640/3261/1095
f 1636/3263/1149 1638/3956/1034 1639/2626/1096
f 1641/3264/1035 1639/4036/1096 1638/2549/1034
f 1647/3281/1023 1646/4037/1022 1644/3282/1021
f 1643/3284/1020 1645/4038/1036 1647/3285/1023
f 1649/3294/1153 1652/4039/1152 1653/3295/1156
f 1653/3297/1156 1652/4040/1152 1650/3298/1154
f 1654/3303/1100 1655/4041/1134 1659/3304/1158
f 1662/3321/1049 1665/4042/1055 1669/3322/1052
f 1663/3329/1050 1669/4043/1052 1668/2918/1056
f 1664/3331/1053 1667/4044/1051 1668/3332/1056
f 1669/3334/1052 1665/4045/1055 1666/3335/1054
f 1670/3337/1105 1675/3349/1111 1676/3338/1106
f 1671/3340/1107 1693/4046/1129 1673/3341/1159
f 1673/3343/1159 1690/3375/1126 1672/3344/1109
f 1677/3348/1112 1680/4047/1116 1676/3338/1106
f 1682/3351/1113 1680/4047/1116 1677/3348/1112
f 1684/3363/1119 1685/3384/1161 1681/3357/1117
f 1684/3364/1119 1683/3360/1118 1678/3362/1114
f 1685/3370/1161 1686/4048/1160 1687/3371/1162
f 1689/3373/1165 1691/3374/1166 1687/3367/1162
f 1673/3376/1159 1693/4049/1129 1692/3377/1167
f 1695/3372/1164 1687/3371/1162 1691/3378/1166
f 1696/3382/1168 1695/3383/1164 1692/3379/1167
f 1702/3387/1086 1703/4050/1092 1699/3388/1087
f 1699/2980/1087 1704/4051/1093 1701/3390/1089
f 1702/2833/1086 1700/4052/1090 1705/3394/1091
f 1700/3398/1090 1701/4053/1089 1704/3399/1093
f 1706/3401/1002 1707/4054/1006 1710/3402/1003
f 1706/3404/1002 1708/3989/1007 1713/3405/1005
f 1709/3407/1004 1711/4055/1008 1708/3408/1007
f 1710/3409/1003 1712/4056/1009 1711/3410/1008
f 1708/3412/1007 1711/4057/1008 1712/2638/1009
f 1707/3414/1006 1713/4058/1005 1712/3415/1009
f 1718/3417/1086 1719/4059/1092 1715/3418/1087
f 1715/2827/1087 1720/4060/1093 1717/3420/1089
f 1718/2987/1086 1716/4061/1090 1721/3423/1091
f 1716/3427/1090 1717/4062/1089 1720/3428/1093
f 1722/3434/1010 1724/4063/1013 1727/3435/1014
f 1723/3444/1012 1725/4064/1011 1728/3445/1016
f 1730/3451/1094 1733/3841/1006 1737/2851/1035
f 1730/3452/1094 1732/3690/1007 1736/3453/1095
f 1732/3456/1007 1734/4065/1034 1735/3413/1096
f 1737/3265/1035 1735/2549/1096 1734/2551/1034
f 1738/3465/1010 1740/3275/1013 1743/3466/1014
f 1739/3475/1012 1741/4066/1011 1744/3476/1016
f 1747/3481/1097 1750/4067/1040 1748/3482/1038
f 1749/3484/1039 1750/4068/1040 1747/3485/1097
f 1751/3495/1100 1752/4069/1102 1758/3496/1033
f 1751/3498/1100 1753/4070/1006 1756/3499/1170
f 1754/3502/1004 1756/4071/1170 1757/3443/1171
f 1752/3506/1102 1755/4072/1103 1757/3507/1171
f 1759/3511/1049 1762/4073/1055 1766/3512/1052
f 1760/3518/1050 1766/4074/1052 1765/3519/1056
f 1761/3521/1053 1764/4075/1051 1765/3522/1056
f 1766/3523/1052 1762/4076/1055 1763/2924/1054
f 1767/3525/1172 1771/3536/1175 1772/3526/1106
f 1768/3528/1173 1789/4077/1182 1770/3529/1174
f 1770/3534/1174 1786/3562/1180 1769/3533/1176
f 1773/3535/1177 1776/4078/1116 1772/3526/1106
f 1778/3538/1113 1776/4078/1116 1773/3535/1177
f 1780/3550/1119 1781/3572/1121 1777/3544/1117
f 1780/3551/1119 1779/3547/1118 1774/3549/1114
f 1785/3560/1179 1787/3561/1125 1783/3554/1122
f 1770/3563/1174 1789/4079/1182 1788/3564/1181
f 1791/3566/1128 1783/3557/1122 1787/3565/1125
f 1792/3570/1184 1791/3571/1128 1788/3567/1181
f 1795/3575/1025 1794/4080/1187 1797/3576/1026
f 1795/3578/1025 1800/4081/1031 1796/3579/1028
f 1801/3594/1002 1802/4082/1006 1805/3456/1003
f 1801/3595/1002 1803/4083/1007 1808/3596/1005
f 1804/2796/1004 1806/2795/1008 1803/3598/1007
f 1805/3599/1003 1807/4084/1009 1806/2684/1008
f 1803/2627/1007 1806/3982/1008 1807/2841/1009
f 1802/3601/1006 1808/3804/1005 1807/3602/1009
f 1809/3608/1010 1811/4085/1013 1814/3609/1014
f 1815/3619/1016 1816/4086/1017 1810/3620/1012
f 1817/3629/1010 1819/4087/1013 1822/3630/1014
f 1818/3639/1012 1820/4088/1011 1823/3640/1016
f 1825/3646/1002 1826/4089/1007 1829/3647/1095
f 1825/3651/1002 1828/4090/1006 1830/3652/1035
f 1830/3658/1035 1831/3599/1009 1832/3600/1008
f 1826/3660/1007 1832/4091/1008 1831/3661/1009
f 1838/3674/1023 1837/4092/1022 1835/3675/1021
f 1834/3677/1020 1836/2672/1036 1838/3678/1023
f 1840/3686/1039 1842/3296/1040 1844/3687/1189
f 1844/3689/1189 1842/3879/1040 1841/3690/1038
f 1845/3697/1136 1849/4093/1006 1852/3698/1170
f 1846/3703/1190 1850/4094/1103 1851/3704/1171
f 1853/3714/1049 1856/4095/1055 1860/3715/1052
f 1854/3721/1050 1860/4096/1052 1859/3722/1056
f 1855/3723/1053 1858/4097/1191 1859/3724/1056
f 1860/3726/1052 1856/4098/1055 1857/3727/1054
f 1861/3729/1172 1865/3740/1175 1866/3730/1106
f 1862/3732/1107 1882/4099/1129 1864/3733/1192
f 1864/3738/1192 1886/3772/1180 1863/3737/1176
f 1867/3739/1177 1870/4100/1116 1866/3730/1106
f 1872/3742/1113 1870/4100/1116 1867/3739/1177
f 1877/3754/1196 1871/3748/1194 1873/3750/1195
f 1875/3758/1197 1874/4101/1198 1884/3759/1199
f 1878/3762/1072 1876/3761/1200 1881/3763/1167
f 1864/3768/1192 1882/4102/1129 1881/3769/1167
f 1876/3760/1200 1884/3759/1199 1883/3770/1166
f 1885/3773/1201 1883/3771/1166 1884/3774/1199
f 1891/3777/1026 1892/4103/1027 1889/3778/1203
f 1889/3780/1203 1894/4104/1031 1890/3781/1028
f 1895/2852/1002 1896/3984/1006 1899/3795/1003
f 1895/3797/1002 1897/2669/1007 1902/3798/1005
f 1898/2596/1004 1900/4105/1008 1897/2948/1007
f 1899/3411/1003 1901/3410/1009 1900/3801/1008
f 1897/3795/1007 1900/3848/1008 1901/3802/1009
f 1896/3803/1006 1902/3713/1005 1901/3804/1009
f 1907/3805/1086 1908/4106/1092 1904/3806/1087
f 1904/3808/1087 1909/4107/1093 1906/3809/1089
f 1907/3019/1086 1905/4108/1090 1910/3813/1091
f 1905/3816/1090 1906/4109/1089 1909/3817/1093
f 1912/3819/1087 1911/4110/1205 1915/3820/1086
f 1912/3822/1087 1917/4111/1093 1914/3823/1089
f 1915/3240/1086 1913/4112/1090 1918/3827/1091
f 1913/3831/1090 1914/4113/1089 1917/3832/1093
f 1919/3834/1094 1920/4114/1007 1926/3835/1005
f 1919/3840/1094 1921/2842/1006 1924/3841/1003
f 1924/3283/1003 1925/4115/1009 1922/3844/1034
f 1920/3848/1007 1922/4116/1034 1925/3849/1009
f 1927/3855/1010 1929/4117/1206 1932/3856/1014
f 1933/3865/1016 1934/4118/1017 1928/3866/1012
f 1935/3875/1153 1938/4119/1152 1939/3876/1208
f 1939/3877/1208 1938/4120/1152 1936/3878/1154
f 1940/3880/1100 1942/4121/1006 1947/3703/1170
f 1941/3881/1004 1944/3098/1103 1943/3100/1102
f 1940/2633/1100 1943/4122/1102 1945/3883/1033
f 1943/2888/1102 1944/4123/1103 1946/3885/1171
f 1947/3702/1170 1946/3701/1171 1944/3887/1103
f 1948/2637/1049 1951/4124/1055 1955/3890/1052
f 1949/3896/1050 1955/4125/1052 1954/3520/1056
f 1950/3897/1053 1953/4126/1051 1954/3898/1056
f 1955/3899/1052 1951/4127/1055 1952/3336/1054
f 1956/3901/1172 1960/3911/1175 1961/3902/1106
f 1957/3903/1107 1978/4128/1129 1959/3904/1192
f 1959/3909/1192 1975/3937/1180 1958/3908/1176
f 1962/3910/1177 1965/4129/1116 1961/3902/1106
f 1967/3913/1113 1965/4129/1116 1962/3910/1177
f 1969/3925/1119 1970/3946/1161 1966/3919/1117
f 1969/3926/1119 1968/3922/1118 1963/3924/1114
f 1970/3932/1161 1971/4130/1160 1972/3933/1162
f 1974/3935/1201 1976/3936/1166 1972/3929/1162
f 1959/3938/1192 1978/4131/1129 1977/3939/1167
f 1980/3934/1164 1972/3933/1162 1976/3940/1166
f 1981/3944/1209 1980/3945/1164 1977/3941/1167
o 立方体.107
v 71.165314 15.654152 20.207819
v 69.350052 15.654152 24.378641
v 69.350052 20.239653 24.378641
v 71.165314 20.239653 20.207819
v 62.532803 15.654152 26.129080
v 58.932747 15.654152 23.348726
v 58.932747 20.239653 23.348726
v 62.532803 20.239653 26.129080
v 57.815552 15.654148 -20.544371
v 61.415607 15.654149 -17.764017
v 61.415607 20.239649 -17.764017
v 57.815552 20.239649 -20.544371
v 49.183037 15.654149 -14.623110
v 50.998299 15.654149 -18.793934
v 50.998299 20.239649 -18.793934
v 49.183037 20.239649 -14.623111
v 64.843819 15.615889 24.857004
v 62.866776 15.615889 29.697840
v 64.843819 17.788088 24.857004
v 53.440151 15.615885 -19.556400
v 53.440151 17.788084 -19.556400
v 49.375542 15.615885 -22.845945
v 49.375542 17.788084 -22.845945
v 41.769806 15.615885 -20.893049
v 41.769806 17.788084 -20.893049
v 39.792763 15.615886 -16.052216
v 39.792763 17.788084 -16.052216
v 51.196430 15.615889 28.361189
v 51.196430 17.788088 28.361189
v 55.261040 15.615890 31.650732
v 55.261040 17.788088 31.650732
v 62.866776 17.788088 29.697840
vn 0.9169 -0.0000 0.3991
vn -0.6112 -0.0000 0.7914
vn -0.9169 -0.0000 -0.3991
vn 0.6112 -0.0000 -0.7914
vn 0.2487 -0.0000 0.9686
vn -0.0000 -1.0000 -0.0000
vn 0.9686 -0.0000 -0.2487
vn -0.9686 -0.0000 0.2487
vn -0.0000 1.0000 -0.0000
vn -0.2487 -0.0000 -0.9686
vn 0.9258 -0.0000 0.3781
vn 0.6291 -0.0000 -0.7773
vn -0.9258 -0.0000 -0.3781
vn -0.6291 -0.0000 0.7773
vt 0.121180 0.490077
vt 0.117990 0.488763
vt 0.121180 0.488763
vt 0.128625 0.494389
vt 0.131816 0.495702
vt 0.128625 0.495702
vt 0.053983 0.490570
vt 0.057174 0.491499
vt 0.053983 0.491499
vt 0.053983 0.487303
vt 0.057174 0.488231
vt 0.053983 0.488231
vt 0.117990 0.487129
vt 0.121180 0.487129
vt 0.102922 0.499134
vt 0.101993 0.488058
vt 0.105260 0.487129
vt 0.121180 0.497336
vt 0.117990 0.490077
vt 0.131816 0.494389
vt 0.128625 0.487129
vt 0.131816 0.487129
vt 0.109456 0.487129
vt 0.110385 0.498205
vt 0.107118 0.499134
vt 0.057174 0.490570
vt 0.445929 0.500880
vt 0.444892 0.487924
vt 0.448537 0.486838
vt 0.451085 0.490162
vt 0.449574 0.488661
vt 0.451085 0.488661
vt 0.451085 0.498653
vt 0.449574 0.490162
vt 0.493743 0.490124
vt 0.495254 0.491160
vt 0.493743 0.491160
vt 0.495254 0.493769
vt 0.493743 0.493769
vt 0.495254 0.494805
vt 0.493743 0.494805
vt 0.155997 0.495620
vt 0.154486 0.487129
vt 0.155997 0.487129
vt 0.154486 0.495620
vt 0.155997 0.497121
vt 0.154486 0.497121
vt 0.449574 0.486838
vt 0.451085 0.486838
vt 0.082209 0.487129
vt 0.083245 0.500084
vt 0.079600 0.501171
vt 0.057174 0.487303
vt 0.106189 0.488058
vt 0.106189 0.498205
vt 0.105260 0.499134
vt 0.101993 0.498205
vt 0.102922 0.487129
vt 0.117990 0.497336
vt 0.107118 0.487129
vt 0.110385 0.488058
vt 0.109456 0.499134
vt 0.449574 0.487924
vt 0.449574 0.499793
vt 0.448537 0.500879
vt 0.444892 0.499793
vt 0.445929 0.486838
vt 0.449574 0.498653
vt 0.495254 0.490124
vt 0.078563 0.500084
vt 0.078563 0.488216
vt 0.079600 0.487129
vt 0.083245 0.488216
vt 0.082209 0.501171
s 1
usemtl マテリアル.002
f 1983/4132/1210 1985/4133/1210 1984/4134/1210
f 1989/4135/1211 1987/4136/1211 1990/4137/1211
f 1997/4138/1212 1995/4139/1212 1998/4140/1212
f 1993/4141/1213 1991/4142/1213 1994/4143/1213
f 1984/4134/1214 1990/4144/1214 1987/4145/1214
f 1987/4146/1215 1995/4147/1215 1991/4148/1215
f 1992/4149/1216 1986/4150/1216 1983/4132/1216
f 1988/4151/1217 1998/4152/1217 1995/4153/1217
f 1997/4154/1218 1989/4155/1218 1985/4156/1218
f 1996/4157/1219 1994/4143/1219 1991/4142/1219
f 2012/4158/1215 2008/4159/1215 2004/4160/1215
f 1999/4161/1220 2014/4162/1220 2000/4163/1220
f 2002/4164/1216 2001/4165/1216 1999/4161/1216
f 2003/4166/1221 2004/4167/1221 2005/4168/1221
f 2006/4169/1219 2005/4168/1219 2004/4167/1219
f 2007/4170/1222 2008/4171/1222 2009/4172/1222
f 2010/4173/1217 2009/4174/1217 2008/4175/1217
f 2011/4176/1223 2012/4177/1223 2013/4178/1223
f 2000/4163/1214 2013/4179/1214 2012/4180/1214
f 2007/4181/1218 2011/4182/1218 2014/4183/1218
f 1983/4132/1210 1986/4150/1210 1985/4133/1210
f 1989/4135/1211 1988/4151/1211 1987/4136/1211
f 1997/4138/1212 1996/4157/1212 1995/4139/1212
f 1993/4141/1213 1992/4184/1213 1991/4142/1213
f 1984/4134/1214 1985/4133/1214 1990/4144/1214
f 1991/4148/1215 1992/4185/1215 1983/4186/1215
f 1983/4186/1215 1984/4187/1215 1987/4146/1215
f 1987/4146/1215 1988/4188/1215 1995/4147/1215
f 1995/4147/1215 1996/4189/1215 1991/4148/1215
f 1991/4148/1215 1983/4186/1215 1987/4146/1215
f 1992/4149/1216 1993/4190/1216 1986/4150/1216
f 1988/4151/1217 1989/4135/1217 1998/4152/1217
f 1985/4156/1218 1986/4186/1218 1993/4185/1218
f 1993/4185/1218 1994/4191/1218 1997/4154/1218
f 1997/4154/1218 1998/4192/1218 1989/4155/1218
f 1989/4155/1218 1990/4193/1218 1985/4156/1218
f 1985/4156/1218 1993/4185/1218 1997/4154/1218
f 1996/4157/1219 1997/4138/1219 1994/4143/1219
f 2004/4160/1215 2002/4194/1215 1999/4195/1215
f 1999/4195/1215 2000/4196/1215 2012/4158/1215
f 2012/4158/1215 2010/4197/1215 2008/4159/1215
f 2008/4159/1215 2006/4198/1215 2004/4160/1215
f 2004/4160/1215 1999/4195/1215 2012/4158/1215
f 1999/4161/1220 2001/4165/1220 2014/4162/1220
f 2002/4164/1216 2003/4199/1216 2001/4165/1216
f 2003/4166/1221 2002/4200/1221 2004/4167/1221
f 2006/4169/1219 2007/4170/1219 2005/4168/1219
f 2007/4170/1222 2006/4169/1222 2008/4171/1222
f 2010/4173/1217 2011/4176/1217 2009/4174/1217
f 2011/4176/1223 2010/4173/1223 2012/4177/1223
f 2000/4163/1214 2014/4162/1214 2013/4179/1214
f 2014/4183/1218 2001/4201/1218 2003/4202/1218
f 2003/4202/1218 2005/4203/1218 2007/4181/1218
f 2007/4181/1218 2009/4204/1218 2011/4182/1218
f 2011/4182/1218 2013/4205/1218 2014/4183/1218
f 2014/4183/1218 2003/4202/1218 2007/4181/1218
o 立方体.110
v 77.782600 29.629000 23.217762
v 75.671051 29.629004 23.250172
v 77.782936 56.740776 23.226252
v 64.484726 29.620495 -28.020565
v 62.373177 29.620499 -27.988153
v 64.485062 56.732269 -28.012072
v 62.373512 56.732273 -27.979664
v 75.671387 56.740780 23.258663
v 75.315315 55.507835 21.276318
v 63.218517 55.500103 -26.339216
v 63.218212 30.853252 -26.346935
v 75.315010 30.860987 21.268602
v 76.575874 55.507675 20.966171
v 64.479080 55.499939 -26.649364
v 64.478775 30.853090 -26.657082
v 76.575569 30.860823 20.958454
v -36.672363 28.027346 -49.140438
v -33.385605 29.997416 -52.461403
v -38.336716 28.027348 -54.321201
v -33.730774 29.997416 -53.535828
v 4.338417 28.027346 -62.315445
v -0.267525 29.997417 -63.100815
v 2.674065 28.027344 -67.496201
v -0.612694 29.997414 -64.175247
v -38.336723 25.478121 -54.321201
v -36.672356 25.478123 -49.140442
v 2.674065 25.478123 -67.496201
v 4.338417 25.478123 -62.315449
v -37.701759 42.810379 -50.195480
v -36.412781 42.810383 -50.609581
v -37.701759 36.645107 -50.195484
v -38.514343 42.810383 -52.724876
v -37.701759 48.975651 -50.195484
v -36.412766 48.975651 -50.609577
v -38.514343 48.975651 -52.724873
v -37.701759 53.956375 -50.195477
v -35.737160 55.821236 -50.880661
v -38.514351 53.956371 -52.724880
v -34.609131 51.525227 -56.256672
v -36.534004 55.821239 -53.361073
v -33.122261 52.983334 -56.945610
v -28.277580 55.821236 -56.013512
v -26.666695 52.983334 -59.019505
v -18.040810 55.821239 -59.302147
v -27.480728 55.821236 -53.533104
v -17.243965 55.821236 -56.821735
v -27.480728 53.772926 -53.533104
v -17.243958 53.772926 -56.821735
v -36.412773 53.772930 -50.609581
v -34.175537 51.683044 -52.183502
v -34.175537 33.614582 -52.183502
v -1.035423 51.683044 -62.830006
v -1.035423 33.614582 -62.830006
v 1.699883 53.772930 -62.853542
v -7.007195 53.772926 -60.110367
v 1.699875 48.975651 -62.853535
v 1.699875 42.810379 -62.853539
v 3.245316 48.975651 -63.350018
v 2.432724 48.975651 -65.879410
v 3.245316 42.810383 -63.350021
v 3.245308 53.956371 -63.350021
v 1.249237 55.821236 -62.762810
v 2.432724 53.956375 -65.879417
v -2.593277 51.525280 -66.541992
v 0.452393 55.821239 -65.243217
v -4.203194 52.983387 -66.236076
v -7.804039 55.821239 -62.590771
v -10.658760 52.983387 -64.162170
v -7.007195 55.821236 -60.110367
v -18.662727 52.983387 -61.590836
v -10.658760 47.630936 -64.162163
v -10.658768 42.810383 -64.162170
v -2.654800 47.630936 -66.733490
v -18.662720 47.630932 -61.590832
v -26.666687 47.630878 -59.019508
v -18.662727 42.810379 -61.590836
v -26.666695 42.810383 -59.019512
v -18.662727 37.989826 -61.590832
v -26.666695 37.989826 -59.019508
v -18.662727 32.637375 -61.590839
v -10.658760 37.989826 -64.162163
v -2.654800 37.989826 -66.733505
v -10.658768 32.637371 -64.162163
v -7.804039 29.799520 -62.590775
v -4.203194 32.637371 -66.236069
v 0.452393 29.799519 -65.243210
v -2.593269 34.095478 -66.541985
v 2.432724 31.664385 -65.879402
v 3.245308 31.664385 -63.350018
v 2.432732 36.645107 -65.879410
v 3.245316 36.645107 -63.350018
v 2.432724 42.810379 -65.879410
v -2.654808 42.810383 -66.733498
v 1.699883 36.645107 -62.853535
v 1.699875 31.524700 -62.853535
v -7.007195 31.524702 -60.110367
v -17.243965 31.524700 -56.821732
v -7.007195 29.799520 -60.110374
v -17.243965 29.799522 -56.821739
v 1.249245 29.799522 -62.762806
v -18.040810 29.799522 -59.302151
v -27.480721 29.799522 -53.533100
v -28.277580 29.799522 -56.013512
v -27.480736 31.524700 -53.533100
v -35.737160 29.799522 -50.880665
v -36.534004 29.799522 -53.361076
v -37.701767 31.664387 -50.195477
v -38.514359 31.664385 -52.724869
v -34.609123 34.095482 -56.256676
v -38.514343 36.645107 -52.724873
v -34.670662 37.989826 -56.448177
v -34.670662 42.810379 -56.448174
v -34.670654 47.630878 -56.448177
v -33.122261 32.637371 -56.945610
v -26.666687 32.637371 -59.019505
v -36.412773 31.524702 -50.609573
v -36.412773 36.645107 -50.609577
vn -0.0000 -1.0000 0.0002
vn 0.0153 -0.0003 0.9999
vn 0.9679 0.0001 -0.2512
vn -0.0153 0.0003 -0.9999
vn -0.0000 1.0000 -0.0002
vn -0.9194 0.3126 0.2386
vn -0.2389 0.0003 -0.9710
vn -0.9628 -0.1152 0.2446
vn -0.9842 -0.0000 0.1768
vn -0.8890 -0.0001 0.4578
vn -0.9692 -0.0001 0.2462
vn -0.0001 -1.0000 0.0002
vn 0.0001 1.0000 -0.0002
vn 0.2389 -0.0003 0.9710
vn -0.4087 0.9032 0.1313
vn -0.2063 0.7383 -0.6421
vn 0.4087 0.9032 -0.1313
vn 0.2063 0.7383 0.6421
vn 0.9521 -0.0000 -0.3059
vn -0.0000 1.0000 -0.0000
vn -0.0000 -1.0000 -0.0000
vn 0.3059 -0.0000 0.9521
vn -0.3059 -0.0000 -0.9521
vn -0.9521 -0.0000 0.3059
vn -0.6356 0.7446 0.2042
vn -0.5330 0.2956 -0.7928
vn -0.6866 0.0465 -0.7256
vn -0.2348 0.6409 -0.7309
vn 0.2873 -0.3429 0.8944
vn 0.5754 -0.0000 0.8179
vn 0.0086 -0.0000 1.0000
vn 0.3042 0.0182 0.9524
vn 0.3043 0.0189 0.9524
vn 0.3040 0.0167 0.9525
vn 0.6356 0.7446 -0.2042
vn 0.1307 -0.0000 -0.9914
vn 0.0493 0.2569 -0.9652
vn 0.3060 -0.0000 0.9520
vn 0.3032 -0.0000 0.9529
vn -0.2740 -0.0516 -0.9603
vn -0.2348 -0.6409 -0.7309
vn -0.0209 -0.3029 -0.9528
vn 0.1535 -0.0461 -0.9871
vn 0.6356 -0.7446 -0.2042
vn 0.1656 -0.0000 -0.9862
vn 0.2873 0.3429 0.8944
vn 0.3058 -0.0000 0.9521
vn 0.3085 -0.0000 0.9512
vn 0.2984 -0.0679 0.9520
vn -0.6356 -0.7446 0.2042
vn -0.5964 -0.2474 -0.7636
vn -0.6708 -0.0000 -0.7417
vn -0.6958 -0.0000 -0.7183
vn -0.9628 0.1151 0.2446
vn -0.9194 -0.3128 0.2387
vn 0.3111 -0.0000 0.9504
vn 0.3109 -0.0000 0.9505
vn 0.3073 0.0181 0.9514
vn 0.3057 0.0276 0.9517
vn 0.3075 0.0170 0.9514
vn 0.3078 0.0155 0.9513
vn -0.5964 0.2474 -0.7636
vn 0.2905 -0.3575 0.8876
vn 0.2850 -0.3630 0.8871
vn 0.2887 -0.2774 0.9164
vn -0.8311 0.0002 0.5561
vn -0.8311 0.0003 0.5562
vn -0.8311 0.0002 0.5562
vn 0.3005 -0.0000 0.9538
vn 0.1535 0.0461 -0.9871
vn -0.0209 0.3029 -0.9528
vn -0.1418 0.0509 -0.9886
vn -0.3030 0.1367 -0.9431
vn 0.0493 -0.2569 -0.9652
vn 0.3007 0.0001 0.9537
vn 0.3057 -0.0276 0.9517
vn 0.3099 -0.0547 0.9492
vn 0.2807 0.3573 0.8908
vn 0.2850 0.3630 0.8871
vn 0.2986 0.2799 0.9124
vn -0.5330 -0.2956 -0.7928
vn -0.6866 -0.0465 -0.7256
vn -0.4605 -0.0509 -0.8862
vn -0.4605 0.0509 -0.8862
vt 0.475183 0.491429
vt 0.481234 0.509149
vt 0.475183 0.514687
vt 0.286437 0.428565
vt 0.309687 0.510404
vt 0.286437 0.510417
vt 0.474545 0.485865
vt 0.480146 0.404039
vt 0.480146 0.485891
vt 0.451288 0.485851
vt 0.474545 0.404013
vt 0.390700 0.492376
vt 0.384649 0.510096
vt 0.384649 0.486838
vt 0.128625 0.494820
vt 0.124900 0.489092
vt 0.128625 0.487129
vt 0.530810 0.546700
vt 0.545490 0.472298
vt 0.545490 0.546709
vt 0.121180 0.494820
vt 0.124897 0.489123
vt 0.124900 0.495192
vt 0.529289 0.550420
vt 0.530810 0.472290
vt 0.548745 0.468568
vt 0.543965 0.390441
vt 0.548745 0.386716
vt 0.541879 0.081912
vt 0.547948 0.156294
vt 0.541879 0.156322
vt 0.430231 0.501519
vt 0.424603 0.489109
vt 0.430231 0.486838
vt 0.435858 0.489109
vt 0.435858 0.503791
vt 0.543965 0.464851
vt 0.529289 0.390449
vt 0.555931 0.872806
vt 0.556354 0.828488
vt 0.556556 0.876873
vt 0.481796 0.441740
vt 0.487737 0.004078
vt 0.487742 0.490124
vt 0.556556 0.390784
vt 0.556225 0.435105
vt 0.555931 0.386717
vt 0.509085 0.048376
vt 0.503135 0.485874
vt 0.503135 0.000002
vt 0.487742 0.000003
vt 0.495434 0.004075
vt 0.556354 0.435949
vt 0.556225 0.827645
vt 0.557181 0.872806
vt 0.495439 0.485872
vt 0.495439 0.000000
vt 0.495439 0.490121
vt 0.495445 0.489956
vt 0.117844 0.485126
vt 0.136457 0.469860
vt 0.136457 0.485131
vt 0.099230 0.485121
vt 0.117844 0.469855
vt 0.099234 0.487115
vt 0.117847 0.487120
vt 0.151494 0.485135
vt 0.150940 0.469864
vt 0.136460 0.487125
vt 0.157127 0.463669
vt 0.157124 0.461714
vt 0.000000 0.463834
vt 0.012968 0.434781
vt 0.005630 0.487303
vt 0.020667 0.487298
vt 0.024725 0.434928
vt 0.000000 0.365982
vt 0.008566 0.416582
vt 0.557480 0.729192
vt 0.557181 0.825106
vt 0.557181 0.727245
vt 0.000000 0.244659
vt 0.008566 0.340073
vt 0.557480 0.607859
vt 0.557181 0.605911
vt 0.157124 0.242617
vt 0.150940 0.363894
vt 0.150940 0.242615
vt 0.144632 0.441018
vt 0.150940 0.121336
vt 0.090082 0.441003
vt 0.099230 0.469850
vt 0.144632 0.048392
vt 0.090082 0.048378
vt 0.099230 0.018313
vt 0.136457 0.018323
vt 0.151494 0.000018
vt 0.157124 0.121337
vt 0.150940 0.018327
vt 0.117844 0.018318
vt 0.136457 0.000014
vt 0.020667 0.002007
vt 0.005633 0.000022
vt 0.020670 0.000017
vt 0.039280 0.002000
vt 0.039283 0.000011
vt 0.000002 0.023532
vt 0.005630 0.002011
vt 0.000000 0.025484
vt 0.012968 0.055340
vt 0.008565 0.073843
vt 0.000000 0.123336
vt 0.008565 0.150352
vt 0.557480 0.388664
vt 0.557181 0.484578
vt 0.557181 0.386716
vt 0.008565 0.245213
vt 0.557480 0.486525
vt 0.024725 0.245207
vt 0.024725 0.150347
vt 0.024725 0.055487
vt 0.039278 0.245203
vt 0.039278 0.150342
vt 0.039278 0.055482
vt 0.024725 0.340068
vt 0.039278 0.340063
vt 0.053832 0.340058
vt 0.053832 0.245198
vt 0.053832 0.150338
vt 0.069991 0.340053
vt 0.069991 0.245193
vt 0.069991 0.150332
vt 0.053832 0.055477
vt 0.065589 0.055323
vt 0.078561 0.244633
vt 0.078561 0.123311
vt 0.069991 0.073823
vt 0.078561 0.025458
vt 0.072931 0.001990
vt 0.057894 0.001994
vt 0.078563 0.023507
vt 0.072933 -0.000000
vt 0.057896 0.000005
vt 0.117844 0.000009
vt 0.084193 0.000000
vt 0.083772 0.018309
vt 0.083772 0.363877
vt 0.083772 0.242597
vt 0.078563 0.242596
vt 0.083772 0.121318
vt 0.557779 0.605911
vt 0.557480 0.607858
vt 0.557779 0.484578
vt 0.078563 0.363875
vt 0.557779 0.727245
vt 0.557779 0.825106
vt 0.557480 0.827053
vt 0.084193 0.485117
vt 0.083772 0.469846
vt 0.078566 0.463648
vt 0.084197 0.487111
vt 0.078561 0.463809
vt 0.065589 0.434764
vt 0.069991 0.416562
vt 0.057894 0.487286
vt 0.072931 0.487281
vt 0.039280 0.487292
vt 0.053832 0.434919
vt 0.039278 0.434923
vt 0.078561 0.365956
vt 0.481234 0.485891
vt 0.309687 0.428552
vt 0.451288 0.403999
vt 0.390700 0.515634
vt 0.124903 0.495161
vt 0.121180 0.487129
vt 0.529289 0.468568
vt 0.547948 0.081884
vt 0.424603 0.503791
vt 0.529289 0.464859
vt 0.481792 0.049235
vt 0.509085 0.440740
vt 0.503141 0.489958
vt 0.157124 0.363896
vt 0.151497 0.487129
vt 0.157124 0.023520
vt 0.099230 0.000004
vt 0.078563 0.121316
vt 0.078563 0.023499
vt 0.557779 0.386716
vt 0.078563 0.461693
s 1
usemtl マテリアル.016
f 2016/4206/1224 2018/4207/1224 2015/4208/1224
f 2017/4209/1225 2016/4210/1225 2015/4211/1225
f 2018/4212/1226 2017/4213/1226 2015/4214/1226
f 2019/4215/1227 2020/4216/1227 2018/4212/1227
f 2022/4217/1228 2020/4218/1228 2021/4219/1228
f 2016/4220/1229 2025/4221/1229 2019/4222/1229
f 2026/4223/1230 2027/4224/1230 2030/4225/1230
f 2022/4226/1231 2024/4227/1231 2023/4228/1231
f 2016/4229/1232 2023/4230/1232 2026/4223/1232
f 2019/4231/1233 2024/4232/1233 2021/4233/1233
f 2027/4234/1234 2029/4235/1234 2030/4236/1234
f 2023/4237/1235 2028/4238/1235 2027/4239/1235
f 2026/4237/1236 2029/4240/1236 2025/4241/1236
f 2025/4242/1237 2028/4243/1237 2024/4232/1237
f 2031/4244/1238 2034/4245/1238 2033/4246/1238
f 2034/4247/1239 2037/4248/1239 2033/4249/1239
f 2037/4250/1240 2036/4251/1240 2035/4252/1240
f 2036/4253/1241 2031/4254/1241 2035/4255/1241
f 2035/4256/1242 2041/4257/1242 2037/4248/1242
f 2038/4258/1243 2032/4259/1243 2036/4251/1243
f 2041/4250/1244 2040/4260/1244 2039/4246/1244
f 2035/4255/1245 2040/4261/1245 2042/4262/1245
f 2037/4248/1246 2039/4263/1246 2033/4249/1246
f 2031/4254/1247 2039/4264/1247 2040/4261/1247
f 2043/4265/1245 2048/4266/1245 2047/4267/1245
f 2045/4268/1245 2044/4269/1245 2043/4265/1245
f 2043/4265/1247 2124/4270/1247 2045/4268/1247
f 2047/4267/1247 2046/4271/1247 2043/4265/1247
f 2050/4272/1245 2048/4266/1245 2063/4273/1245
f 2050/4272/1247 2049/4274/1247 2047/4267/1247
f 2054/4275/1248 2050/4272/1248 2051/4276/1248
f 2054/4277/1249 2053/4278/1249 2052/4279/1249
f 2049/4280/1250 2053/4278/1250 2127/4281/1250
f 2056/4282/1251 2055/4283/1251 2054/4277/1251
f 2056/4284/1243 2051/4285/1243 2059/4286/1243
f 2058/4287/1251 2057/4288/1251 2056/4282/1251
f 2058/4289/1243 2059/4286/1243 2060/4290/1243
f 2060/4291/1245 2061/4292/1245 2062/4293/1245
f 2064/4294/1252 2069/4295/1252 2062/4293/1252
f 2065/4296/1253 2048/4266/1253 2131/4297/1253
f 2065/4296/1245 2066/4298/1245 2064/4294/1245
f 2067/4299/1254 2108/4300/1254 2070/4301/1254
f 2075/4302/1255 2083/4303/1256 2068/4304/1257
f 2071/4305/1245 2072/4306/1245 2070/4301/1245
f 2073/4307/1242 2075/4308/1242 2072/4309/1242
f 2106/4310/1242 2072/4309/1242 2074/4311/1242
f 2076/4312/1258 2077/4313/1258 2079/4314/1258
f 2073/4307/1259 2078/4315/1259 2077/4313/1259
f 2079/4314/1260 2078/4315/1260 2080/4316/1260
f 2081/4317/1251 2080/4316/1251 2082/4318/1251
f 2079/4319/1243 2083/4320/1243 2076/4321/1243
f 2058/4287/1251 2082/4318/1251 2084/4322/1251
f 2081/4323/1243 2060/4290/1243 2083/4320/1243
f 2083/4303/1261 2062/4293/1245 2069/4295/1262
f 2088/4324/1246 2082/4318/1246 2085/4325/1246
f 2080/4316/1246 2087/4326/1246 2085/4325/1246
f 2090/4327/1246 2085/4325/1246 2086/4328/1246
f 2086/4328/1246 2087/4326/1246 2107/4329/1246
f 2089/4330/1246 2084/4322/1246 2088/4324/1246
f 2091/4331/1246 2088/4324/1246 2090/4327/1246
f 2093/4332/1246 2090/4327/1246 2092/4333/1246
f 2092/4333/1246 2086/4328/1246 2095/4334/1246
f 2129/4335/1246 2092/4333/1246 2094/4336/1246
f 2094/4336/1246 2095/4334/1246 2097/4337/1246
f 2097/4337/1263 2096/4338/1263 2101/4339/1263
f 2095/4334/1246 2107/4329/1246 2096/4338/1246
f 2115/4340/1264 2097/4337/1264 2098/4341/1264
f 2098/4341/1264 2099/4342/1264 2100/4343/1264
f 2100/4343/1265 2101/4339/1265 2102/4344/1265
f 2104/4345/1266 2101/4339/1266 2096/4338/1266
f 2114/4346/1267 2102/4344/1267 2103/4347/1267
f 2102/4344/1242 2105/4348/1242 2103/4347/1242
f 2104/4345/1242 2074/4311/1242 2105/4348/1242
f 2106/4310/1268 2096/4338/1268 2107/4329/1268
f 2106/4310/1268 2087/4326/1268 2073/4307/1268
f 2108/4300/1245 2074/4349/1245 2071/4305/1245
f 2103/4350/1245 2108/4300/1245 2109/4351/1245
f 2067/4299/1269 2118/4352/1269 2111/4353/1269
f 2113/4354/1245 2110/4355/1245 2111/4353/1245
f 2098/4323/1244 2113/4356/1244 2115/4357/1244
f 2100/4319/1244 2112/4358/1244 2098/4323/1244
f 2116/4359/1270 2111/4353/1245 2118/4352/1271
f 2115/4357/1244 2116/4360/1244 2117/4284/1244
f 2117/4284/1244 2119/4361/1244 2120/4362/1244
f 2121/4363/1272 2116/4359/1272 2130/4364/1272
f 2120/4365/1273 2121/4363/1273 2122/4366/1273
f 2045/4268/1247 2122/4366/1247 2121/4363/1247
f 2120/4367/1274 2123/4368/1274 2128/4369/1274
f 2124/4370/1275 2123/4368/1275 2122/4371/1275
f 2046/4372/1276 2125/4373/1276 2124/4370/1276
f 2125/4373/1246 2091/4331/1246 2093/4332/1246
f 2125/4373/1246 2129/4335/1246 2128/4369/1246
f 2046/4372/1276 2127/4281/1276 2126/4374/1276
f 2126/4374/1246 2089/4330/1246 2091/4331/1246
f 2055/4283/1246 2089/4330/1246 2127/4281/1246
f 2117/4375/1264 2128/4369/1264 2129/4335/1264
f 2115/4340/1264 2129/4335/1264 2094/4336/1264
f 2016/4206/1224 2019/4376/1224 2018/4207/1224
f 2017/4209/1225 2022/4377/1225 2016/4210/1225
f 2018/4212/1226 2020/4216/1226 2017/4213/1226
f 2019/4215/1227 2021/4378/1227 2020/4216/1227
f 2022/4217/1228 2017/4379/1228 2020/4218/1228
f 2016/4220/1277 2026/4380/1277 2025/4221/1277
f 2026/4223/1230 2023/4230/1230 2027/4224/1230
f 2022/4226/1278 2021/4381/1278 2024/4227/1278
f 2016/4229/1232 2022/4382/1232 2023/4230/1232
f 2019/4231/1233 2025/4242/1233 2024/4232/1233
f 2027/4234/1234 2028/4383/1234 2029/4235/1234
f 2023/4237/1235 2024/4384/1235 2028/4238/1235
f 2026/4237/1236 2030/4239/1236 2029/4240/1236
f 2025/4242/1237 2029/4385/1237 2028/4243/1237
f 2031/4244/1238 2032/4259/1238 2034/4245/1238
f 2034/4247/1239 2038/4386/1239 2037/4248/1239
f 2037/4250/1240 2038/4258/1240 2036/4251/1240
f 2036/4253/1241 2032/4387/1241 2031/4254/1241
f 2035/4256/1242 2042/4262/1242 2041/4257/1242
f 2038/4258/1243 2034/4245/1243 2032/4259/1243
f 2041/4250/1244 2042/4321/1244 2040/4260/1244
f 2035/4255/1245 2031/4254/1245 2040/4261/1245
f 2037/4248/1246 2041/4257/1246 2039/4263/1246
f 2031/4254/1247 2033/4388/1247 2039/4264/1247
f 2043/4265/1245 2044/4269/1245 2048/4266/1245
f 2045/4268/1245 2131/4297/1245 2044/4269/1245
f 2043/4265/1247 2046/4271/1247 2124/4270/1247
f 2047/4267/1247 2049/4274/1247 2046/4271/1247
f 2063/4273/1279 2061/4292/1245 2059/4389/1280
f 2059/4389/1281 2051/4276/1282 2050/4272/1283
f 2050/4272/1245 2047/4267/1245 2048/4266/1245
f 2063/4273/1284 2059/4389/1281 2050/4272/1283
f 2050/4272/1247 2052/4390/1247 2049/4274/1247
f 2054/4275/1248 2052/4390/1248 2050/4272/1248
f 2054/4277/1285 2055/4283/1285 2053/4278/1285
f 2049/4280/1275 2052/4279/1275 2053/4278/1275
f 2056/4282/1251 2057/4288/1251 2055/4283/1251
f 2056/4284/1243 2054/4362/1243 2051/4285/1243
f 2058/4287/1251 2084/4322/1251 2057/4288/1251
f 2058/4289/1243 2056/4284/1243 2059/4286/1243
f 2060/4291/1245 2059/4389/1280 2061/4292/1245
f 2061/4292/1286 2063/4273/1286 2064/4294/1286
f 2064/4294/1287 2066/4298/1287 2068/4304/1287
f 2064/4294/1288 2068/4304/1288 2069/4295/1288
f 2062/4293/1252 2061/4292/1252 2064/4294/1252
f 2131/4297/1253 2130/4364/1253 2065/4296/1253
f 2065/4296/1253 2064/4294/1253 2063/4273/1253
f 2048/4266/1289 2044/4269/1289 2131/4297/1289
f 2065/4296/1253 2063/4273/1253 2048/4266/1253
f 2065/4296/1245 2067/4299/1245 2066/4298/1245
f 2068/4304/1254 2066/4298/1254 2067/4299/1254
f 2067/4299/1254 2109/4351/1254 2108/4300/1254
f 2108/4300/1290 2071/4305/1291 2070/4301/1291
f 2070/4301/1254 2068/4304/1254 2067/4299/1254
f 2070/4301/1245 2072/4306/1245 2075/4302/1245
f 2075/4302/1255 2076/4391/1282 2083/4303/1256
f 2083/4303/1261 2069/4295/1262 2068/4304/1292
f 2068/4304/1245 2070/4301/1245 2075/4302/1245
f 2071/4305/1245 2074/4349/1245 2072/4306/1245
f 2073/4307/1242 2077/4313/1242 2075/4308/1242
f 2106/4310/1242 2073/4307/1242 2072/4309/1242
f 2076/4312/1258 2075/4308/1258 2077/4313/1258
f 2073/4307/1293 2087/4326/1293 2078/4315/1293
f 2079/4314/1294 2077/4313/1294 2078/4315/1294
f 2081/4317/1251 2079/4314/1251 2080/4316/1251
f 2079/4319/1243 2081/4323/1243 2083/4320/1243
f 2058/4287/1251 2081/4317/1251 2082/4318/1251
f 2081/4323/1243 2058/4289/1243 2060/4290/1243
f 2083/4303/1261 2060/4291/1245 2062/4293/1245
f 2088/4324/1246 2084/4322/1246 2082/4318/1246
f 2085/4325/1246 2082/4318/1246 2080/4316/1246
f 2080/4316/1295 2078/4315/1295 2087/4326/1295
f 2090/4327/1246 2088/4324/1246 2085/4325/1246
f 2086/4328/1246 2085/4325/1246 2087/4326/1246
f 2089/4330/1246 2057/4288/1246 2084/4322/1246
f 2091/4331/1246 2089/4330/1246 2088/4324/1246
f 2093/4332/1246 2091/4331/1246 2090/4327/1246
f 2092/4333/1246 2090/4327/1246 2086/4328/1246
f 2129/4335/1246 2093/4332/1246 2092/4333/1246
f 2094/4336/1246 2092/4333/1246 2095/4334/1246
f 2101/4339/1296 2099/4342/1296 2097/4337/1296
f 2097/4337/1246 2095/4334/1246 2096/4338/1246
f 2095/4334/1246 2086/4328/1246 2107/4329/1246
f 2115/4340/1264 2094/4336/1264 2097/4337/1264
f 2098/4341/1264 2097/4337/1264 2099/4342/1264
f 2100/4343/1297 2099/4342/1297 2101/4339/1297
f 2104/4345/1259 2102/4344/1259 2101/4339/1259
f 2114/4346/1267 2100/4343/1267 2102/4344/1267
f 2102/4344/1242 2104/4345/1242 2105/4348/1242
f 2104/4345/1242 2106/4310/1242 2074/4311/1242
f 2106/4310/1268 2104/4345/1268 2096/4338/1268
f 2106/4310/1268 2107/4329/1268 2087/4326/1268
f 2108/4300/1245 2105/4392/1245 2074/4349/1245
f 2109/4351/1292 2110/4355/1245 2112/4393/1298
f 2112/4393/1299 2114/4394/1299 2103/4350/1299
f 2103/4350/1245 2105/4392/1245 2108/4300/1245
f 2109/4351/1300 2112/4393/1300 2103/4350/1300
f 2110/4355/1301 2109/4351/1301 2067/4299/1301
f 2067/4299/1302 2065/4296/1302 2130/4364/1302
f 2067/4299/1303 2130/4364/1303 2118/4352/1303
f 2111/4353/1269 2110/4355/1269 2067/4299/1269
f 2113/4354/1245 2112/4393/1298 2110/4355/1245
f 2098/4323/1244 2112/4358/1244 2113/4356/1244
f 2100/4319/1244 2114/4395/1244 2112/4358/1244
f 2116/4359/1270 2113/4354/1245 2111/4353/1245
f 2115/4357/1244 2113/4356/1244 2116/4360/1244
f 2117/4284/1244 2116/4360/1244 2119/4361/1244
f 2130/4364/1245 2131/4297/1245 2045/4268/1245
f 2121/4363/1299 2119/4396/1299 2116/4359/1299
f 2116/4359/1270 2118/4352/1271 2130/4364/1279
f 2130/4364/1245 2045/4268/1245 2121/4363/1245
f 2120/4365/1273 2119/4396/1273 2121/4363/1273
f 2045/4268/1247 2124/4270/1247 2122/4366/1247
f 2120/4367/1304 2122/4371/1304 2123/4368/1304
f 2124/4370/1305 2125/4373/1305 2123/4368/1305
f 2046/4372/1276 2126/4374/1276 2125/4373/1276
f 2125/4373/1246 2126/4374/1246 2091/4331/1246
f 2128/4369/1306 2123/4368/1306 2125/4373/1306
f 2125/4373/1246 2093/4332/1246 2129/4335/1246
f 2046/4372/1276 2049/4280/1276 2127/4281/1276
f 2126/4374/1246 2127/4281/1246 2089/4330/1246
f 2127/4281/1307 2053/4278/1307 2055/4283/1307
f 2055/4283/1246 2057/4288/1246 2089/4330/1246
f 2117/4375/1264 2120/4367/1264 2128/4369/1264
f 2115/4340/1264 2117/4375/1264 2129/4335/1264
