# Blender 4.4.0
# www.blender.org
o down
v 0.094240 0.148984 -0.236384
v 0.046242 0.148984 -0.250944
v 0.198022 0.208345 -0.000107
v -0.003620 0.208345 -0.201749
v 0.198022 0.208345 0.000107
v -0.003620 0.208345 0.201749
v -0.003674 -0.201781 -0.199048
v -0.202722 -0.201781 0.000000
v -0.198898 -0.201781 -0.038832
v -0.187571 -0.201781 -0.076172
v -0.169177 -0.201781 -0.110585
v -0.144422 -0.201781 -0.140748
v -0.114259 -0.201781 -0.165502
v -0.079847 -0.201781 -0.183897
v -0.042506 -0.201781 -0.195223
v -0.003674 -0.201781 0.199048
v -0.198898 -0.201781 0.038832
v -0.187571 -0.201781 0.076172
v -0.169177 -0.201781 0.110585
v -0.144422 -0.201781 0.140748
v -0.114259 -0.201781 0.165502
v -0.079847 -0.201781 0.183897
v -0.003674 -0.250152 -0.194002
v 0.195374 -0.201781 0.000000
v 0.191549 -0.201781 -0.038832
v 0.180223 -0.201781 -0.076172
v 0.161828 -0.201781 -0.110585
v 0.137074 -0.201781 -0.140748
v 0.106911 -0.201781 -0.165502
v 0.072498 -0.201781 -0.183897
v 0.035158 -0.201781 -0.195223
v -0.042506 -0.201781 0.195223
v -0.197676 -0.250152 0.000000
v -0.193948 -0.250152 -0.037848
v -0.182908 -0.250152 -0.074241
v -0.164981 -0.250152 -0.107782
v -0.140854 -0.250152 -0.137180
v -0.111456 -0.250152 -0.161307
v -0.077915 -0.250152 -0.179234
v -0.041522 -0.250152 -0.190274
v -0.003674 -0.250152 0.194002
v 0.191549 -0.201781 0.038832
v 0.180223 -0.201781 0.076172
v 0.161828 -0.201781 0.110585
v 0.137074 -0.201781 0.140748
v 0.106911 -0.201781 0.165502
v 0.072498 -0.201781 0.183897
v 0.035158 -0.201781 0.195223
v -0.193948 -0.250152 0.037848
v -0.182908 -0.250152 0.074241
v -0.164981 -0.250152 0.107782
v -0.140854 -0.250152 0.137180
v 0.190328 -0.250152 0.000000
v 0.186600 -0.250152 -0.037848
v 0.175560 -0.250152 -0.074241
v 0.157633 -0.250152 -0.107782
v 0.133506 -0.250152 -0.137180
v 0.104108 -0.250152 -0.161307
v 0.070567 -0.250152 -0.179234
v 0.034174 -0.250152 -0.190274
v -0.111456 -0.250152 0.161307
v -0.077915 -0.250152 0.179234
v -0.041522 -0.250152 0.190274
v 0.186600 -0.250152 0.037848
v 0.175560 -0.250152 0.074241
v 0.157633 -0.250152 0.107782
v 0.133506 -0.250152 0.137180
v 0.104108 -0.250152 0.161307
v 0.070567 -0.250152 0.179234
v 0.034174 -0.250152 0.190274
v -0.003674 0.208345 -0.201744
v 0.198011 0.208345 -0.000000
v -0.003674 0.208345 0.201744
v 0.080353 -0.127863 -0.202860
v 0.039163 -0.127863 -0.215354
v 0.080353 -0.127863 0.202860
v 0.039163 -0.127863 0.215355
v -0.271800 -0.132563 0.179156
v -0.186243 -0.127863 0.121988
v 0.118314 -0.127863 0.182569
v 0.224348 -0.132563 0.228022
v 0.151588 -0.127863 0.155262
v -0.003674 -0.127863 0.219574
v -0.003674 -0.132563 0.322472
v -0.182830 -0.132563 0.268126
v -0.125663 -0.127863 0.182569
v 0.199185 -0.127863 0.084027
v 0.178895 -0.127863 0.121988
v 0.312602 -0.132563 0.062911
v 0.294251 -0.132563 0.123405
v 0.312602 -0.132563 -0.062911
v 0.294251 -0.132563 -0.123405
v 0.224348 -0.132563 -0.228022
v 0.175482 -0.132563 -0.268126
v -0.223247 -0.127863 0.000000
v -0.219028 -0.127863 -0.042837
v -0.206533 -0.127863 -0.084027
v -0.186243 -0.127863 -0.121988
v -0.158936 -0.127863 -0.155262
v -0.125663 -0.127863 -0.182569
v -0.087701 -0.127863 -0.202860
v -0.046511 -0.127863 -0.215354
v -0.003674 -0.127863 -0.219573
v -0.301599 -0.132563 -0.123405
v -0.319950 -0.132563 -0.062911
v -0.326146 -0.132563 0.000000
v -0.319950 -0.132563 0.062911
v -0.219028 -0.127863 0.042837
v -0.046511 -0.127863 0.215355
v -0.087701 -0.127863 0.202860
v -0.158936 -0.127863 0.155262
v -0.206533 -0.127863 0.084027
v -0.301599 -0.132563 0.123405
v 0.264452 -0.132563 -0.179156
v 0.178895 -0.127863 -0.121988
v -0.231696 -0.132563 0.228022
v -0.066585 -0.132563 0.316276
v -0.271800 -0.132563 -0.179156
v -0.231696 -0.132563 -0.228022
v -0.182830 -0.132563 -0.268126
v -0.127079 -0.132563 -0.297925
v -0.066585 -0.132563 -0.316276
v -0.003674 -0.132563 -0.322472
v 0.264452 -0.132563 0.179156
v 0.151588 -0.127863 -0.155262
v 0.118314 -0.127863 -0.182569
v 0.199185 -0.127863 -0.084027
v 0.211680 -0.127863 -0.042837
v 0.211680 -0.127863 0.042837
v 0.318798 -0.132563 0.000000
v 0.119731 -0.132563 -0.297925
v 0.059237 -0.132563 -0.316276
v 0.175482 -0.132563 0.268126
v 0.119731 -0.132563 0.297925
v -0.127079 -0.132563 0.297925
v 0.059237 -0.132563 0.316276
v 0.215899 -0.127863 0.000000
v 0.079600 -0.170941 -0.201041
v 0.038779 -0.170941 -0.213424
v 0.079600 -0.170941 0.201041
v 0.038779 -0.170941 0.213424
v -0.270164 -0.175642 0.178063
v -0.184606 -0.170941 0.120895
v 0.117221 -0.170941 0.180932
v 0.222957 -0.175642 0.226631
v 0.150196 -0.170941 0.153870
v -0.003674 -0.170941 0.217606
v -0.003674 -0.175642 0.320504
v -0.181737 -0.175642 0.266489
v -0.124569 -0.170941 0.180932
v 0.197367 -0.170941 0.083274
v 0.177258 -0.170941 0.120895
v 0.310672 -0.175642 0.062527
v 0.292433 -0.175642 0.122652
v 0.310672 -0.175642 -0.062527
v 0.292433 -0.175642 -0.122652
v 0.222957 -0.175642 -0.226631
v 0.174389 -0.175642 -0.266489
v -0.221280 -0.170941 0.000000
v -0.217098 -0.170941 -0.042453
v -0.204715 -0.170941 -0.083274
v -0.184606 -0.170941 -0.120895
v -0.157544 -0.170941 -0.153870
v -0.124569 -0.170941 -0.180932
v -0.086948 -0.170941 -0.201041
v -0.046127 -0.170941 -0.213424
v -0.003674 -0.170941 -0.217606
v -0.299781 -0.175642 -0.122652
v -0.318020 -0.175642 -0.062527
v -0.324178 -0.175642 0.000000
v -0.318020 -0.175642 0.062527
v -0.217098 -0.170941 0.042453
v -0.046127 -0.170941 0.213424
v -0.086948 -0.170941 0.201042
v -0.157544 -0.170941 0.153870
v -0.204715 -0.170941 0.083274
v -0.299781 -0.175642 0.122652
v 0.262815 -0.175642 -0.178063
v 0.177258 -0.170941 -0.120895
v -0.230305 -0.175642 0.226631
v -0.066201 -0.175642 0.314346
v -0.270164 -0.175642 -0.178063
v -0.230305 -0.175642 -0.226631
v -0.181737 -0.175642 -0.266489
v -0.126326 -0.175642 -0.296107
v -0.066201 -0.175642 -0.314346
v -0.003674 -0.175642 -0.320504
v 0.262815 -0.175642 0.178063
v 0.150196 -0.170941 -0.153870
v 0.117221 -0.170941 -0.180932
v 0.197367 -0.170941 -0.083274
v 0.209750 -0.170941 -0.042453
v 0.209750 -0.170941 0.042453
v 0.316830 -0.175642 0.000000
v 0.118978 -0.175642 -0.296107
v 0.058853 -0.175642 -0.314346
v 0.174389 -0.175642 0.266489
v 0.118978 -0.175642 0.296107
v -0.126326 -0.175642 0.296107
v 0.058853 -0.175642 0.314346
v 0.213932 -0.170941 0.000000
v -0.167034 -0.247916 0.109154
v 0.135252 -0.247916 0.138926
v -0.003674 -0.247916 0.196471
v -0.112828 -0.247916 0.163360
v 0.189022 -0.247916 0.038330
v 0.177842 -0.247916 0.075186
v 0.189022 -0.247916 -0.038330
v 0.177842 -0.247916 -0.075186
v 0.135252 -0.247916 -0.138926
v 0.105480 -0.247916 -0.163360
v -0.185190 -0.247916 -0.075186
v -0.196370 -0.247916 -0.038330
v -0.200145 -0.247916 0.000000
v -0.196370 -0.247916 0.038330
v -0.185190 -0.247916 0.075186
v 0.159686 -0.247916 -0.109154
v -0.142600 -0.247916 0.138926
v -0.042004 -0.247916 0.192696
v -0.167034 -0.247916 -0.109154
v -0.142600 -0.247916 -0.138926
v -0.112828 -0.247916 -0.163360
v -0.078860 -0.247916 -0.181516
v -0.042004 -0.247916 -0.192696
v -0.003674 -0.247916 -0.196471
v 0.159686 -0.247916 0.109154
v 0.192797 -0.247916 0.000000
v 0.071512 -0.247916 -0.181516
v 0.034656 -0.247916 -0.192696
v 0.105480 -0.247916 0.163360
v 0.071512 -0.247916 0.181516
v -0.078860 -0.247916 0.181516
v 0.034656 -0.247916 0.192696
v -0.003674 -0.478221 0.000000
v 0.094240 0.148984 -0.236384
v 0.046242 0.148984 -0.250944
v 0.046242 0.148984 -0.250944
v -0.003674 0.148986 0.255858
v -0.003674 0.208345 0.201744
v -0.003674 0.148984 -0.255861
v -0.003674 0.148986 -0.255858
v -0.003674 0.148986 -0.255858
v -0.003620 0.208345 -0.201749
v -0.003674 0.208345 -0.201744
v -0.003620 0.208345 0.201749
v -0.003674 0.148986 0.255858
v -0.003674 0.148984 -0.255861
v 0.094240 0.148984 -0.236384
v -0.169177 -0.198983 -0.110585
v -0.144422 -0.198983 -0.140748
v -0.198898 -0.198983 0.038832
v -0.202722 -0.198983 0.000000
v -0.202722 -0.198983 0.000000
v -0.187571 -0.198983 -0.076172
v -0.187571 -0.198983 -0.076172
v -0.169177 -0.198983 -0.110585
v 0.035158 -0.198984 0.195223
v -0.003674 -0.198984 0.199048
v -0.003674 -0.198984 0.199048
v -0.198898 -0.198983 -0.038832
v -0.198898 -0.198983 -0.038832
v 0.191549 -0.198983 0.038832
v 0.191549 -0.198983 0.038832
v 0.180223 -0.198983 0.076172
v 0.180223 -0.198983 0.076172
v 0.161828 -0.198983 0.110585
v 0.161828 -0.198983 0.110585
v -0.042506 -0.198984 0.195223
v -0.079846 -0.198984 0.183897
v -0.003674 -0.198984 -0.199048
v -0.003674 -0.198984 -0.199048
v 0.035158 -0.198984 -0.195223
v -0.114259 -0.198983 0.165502
v -0.114259 -0.198983 0.165502
v -0.144422 -0.198983 0.140748
v -0.003674 -0.478221 0.000000
v -0.003674 -0.478221 0.000000
v -0.003674 -0.478221 0.000000
v -0.003674 -0.478221 0.000000
v -0.003674 -0.478221 0.000000
v -0.003674 -0.478221 0.000000
v -0.003674 -0.478221 0.000000
v -0.003674 -0.478221 0.000000
v -0.003674 -0.478221 0.000000
v -0.003674 -0.478221 0.000000
v -0.003674 -0.478221 0.000000
v -0.003674 -0.478221 0.000000
v -0.003674 -0.478221 0.000000
v -0.003674 -0.478221 0.000000
v -0.003674 -0.478221 0.000000
v -0.003674 -0.478221 0.000000
v -0.003674 -0.478221 0.000000
v -0.003674 -0.478221 0.000000
v -0.003674 -0.478221 0.000000
v -0.003674 -0.478221 0.000000
v -0.003674 -0.478221 0.000000
v -0.003674 -0.478221 0.000000
v -0.003674 -0.478221 0.000000
v -0.003674 -0.478221 0.000000
v -0.003674 -0.478221 0.000000
v -0.003674 -0.247916 0.196471
v -0.003674 -0.478221 0.000000
v -0.003674 -0.478221 0.000000
v -0.003674 -0.478221 0.000000
v -0.003674 -0.478221 0.000000
v -0.003674 -0.478221 0.000000
v -0.003674 -0.478221 0.000000
v -0.003674 -0.478221 0.000000
v -0.003674 -0.478221 0.000000
v -0.003674 -0.478221 0.000000
v -0.003674 -0.478221 0.000000
v -0.003674 -0.478221 0.000000
v -0.003674 -0.478221 0.000000
v -0.003674 -0.478221 0.000000
v -0.003674 -0.478221 0.000000
v -0.003674 -0.478221 0.000000
v -0.003674 -0.478221 0.000000
v -0.003674 -0.478221 0.000000
v -0.144422 -0.198983 -0.140748
v -0.114259 -0.198983 -0.165502
v -0.114259 -0.198983 -0.165502
v 0.137074 -0.198983 0.140748
v 0.137074 -0.198983 0.140748
v -0.079846 -0.198984 -0.183897
v -0.079847 -0.198984 -0.183897
v 0.195374 -0.198983 0.000000
v 0.195374 -0.198983 0.000000
v -0.042506 -0.198984 -0.195223
v -0.042506 -0.198984 -0.195223
v 0.106911 -0.198983 0.165502
v 0.106911 -0.198983 0.165502
v 0.106911 -0.198983 -0.165502
v 0.106911 -0.198983 -0.165502
v 0.137074 -0.198983 -0.140748
v 0.137074 -0.198983 -0.140748
v 0.161828 -0.198983 -0.110585
v -0.169177 -0.198983 0.110585
v -0.169177 -0.198983 0.110585
v -0.187571 -0.198983 0.076172
v -0.187571 -0.198983 0.076172
v 0.180223 -0.198983 -0.076172
v 0.191549 -0.198983 -0.038832
v 0.191549 -0.198983 -0.038832
v -0.042506 -0.198984 0.195223
v -0.079847 -0.198984 0.183897
v -0.144422 -0.198983 0.140748
v -0.198898 -0.198983 0.038832
v 0.035158 -0.198984 -0.195223
v 0.072498 -0.198984 -0.183897
v 0.072498 -0.198984 0.183897
v 0.035158 -0.198984 0.195223
v 0.161828 -0.198983 -0.110585
v 0.180223 -0.198983 -0.076172
v 0.072498 -0.198984 -0.183897
v 0.072498 -0.198984 0.183897
v -0.003674 -0.478221 0.000000
v -0.003674 -0.478221 0.000000
v -0.003674 -0.478221 0.000000
v -0.003674 -0.478221 0.000000
v -0.003674 -0.478221 0.000000
v -0.003674 -0.478221 0.000000
v -0.003674 -0.247916 -0.196471
v -0.003674 -0.478221 0.000000
v -0.322201 0.002225 0.559315
v -0.389807 0.002225 0.425416
v -0.459884 0.002225 0.357269
v -0.515320 0.002225 0.276760
v -0.553984 0.002225 0.186982
v -0.586794 0.002225 0.091387
v -0.581813 0.002225 -0.017301
v -0.325860 0.185671 0.585454
v -0.393466 0.185671 0.451556
v -0.463544 0.185671 0.383408
v -0.518979 0.185671 0.302899
v -0.557643 0.185671 0.213121
v -0.590453 0.185671 0.117526
v -0.613535 0.185671 -0.001994
v -0.413204 0.002225 0.509991
v -0.539305 0.002225 0.416082
v -0.664691 0.002225 0.290882
v -0.784913 0.002225 0.106047
v -0.852888 0.002225 -0.102400
v -0.879953 0.002225 -0.271631
v -0.797914 0.002225 -0.492207
v -0.416863 0.185671 0.536130
v -0.542964 0.185671 0.442221
v -0.668350 0.185671 0.317021
v -0.788572 0.185671 0.132186
v -0.856547 0.185672 -0.076261
v -0.883613 0.185672 -0.245492
v -0.801573 0.185672 -0.466068
v -0.327771 0.002225 0.459380
v -0.331431 0.185671 0.485519
v -0.715460 0.002225 -0.195066
v -0.719120 0.185672 -0.168927
v -0.778440 0.185672 -0.328778
v -0.774781 0.002225 -0.354917
v -0.645543 0.185671 -0.068410
v -0.641883 0.002225 -0.094549
v -0.793310 0.185672 -0.405258
v -0.789650 0.002225 -0.431397
v -0.746034 0.002225 -0.261179
v -0.749693 0.185672 -0.235041
v -0.686292 0.185672 -0.119822
v -0.682633 0.002225 -0.145962
v -0.606829 0.002225 -0.054459
v -0.610488 0.185671 -0.028320
v -0.842587 0.002225 -0.415859
v -0.846246 0.185672 -0.389720
v -0.534652 0.002225 0.231871
v -0.538311 0.185671 0.258010
v -0.726320 0.002225 0.209306
v -0.729979 0.185671 0.235445
v -0.487602 0.002225 0.317014
v -0.491261 0.185671 0.343153
v -0.602300 0.002225 0.355644
v -0.605960 0.185671 0.381783
v -0.424846 0.002225 0.391343
v -0.428505 0.185671 0.417482
v -0.470656 0.002225 0.468406
v -0.474315 0.185671 0.494545
v -0.370370 0.002225 0.440777
v -0.374029 0.185671 0.466916
v -0.368370 0.002225 0.539421
v -0.372029 0.185671 0.565560
v -0.573559 0.002225 0.139185
v -0.577218 0.185671 0.165324
v -0.826451 0.002225 0.000766
v -0.830111 0.185671 0.026905
v -0.599944 0.002225 0.038148
v -0.603603 0.185671 0.064287
v -0.873508 0.002225 -0.188008
v -0.877168 0.185672 -0.161869
v -0.865241 0.002225 -0.344301
v -0.868900 0.185672 -0.318162
v -0.600565 0.091742 -0.007313
v -0.489943 0.088268 0.549089
v -0.563390 0.088262 0.492902
v -0.634332 0.088269 0.438319
v -0.706317 0.088278 0.369486
v -0.778026 0.088281 0.281302
v -0.846942 0.088281 0.163764
v -0.892783 0.088279 0.024100
v -0.919608 0.088277 -0.106456
v -0.940516 0.088277 -0.216969
v -0.945788 0.088280 -0.334970
v -0.896973 0.088281 -0.537549
v -0.852223 0.088294 -0.616733
v -0.489943 0.099628 0.549089
v -0.563390 0.099634 0.492902
v -0.634332 0.099628 0.438319
v -0.706317 0.099619 0.369486
v -0.778026 0.099616 0.281302
v -0.846942 0.099616 0.163764
v -0.892783 0.099617 0.024100
v -0.919608 0.099619 -0.106456
v -0.940516 0.099619 -0.216969
v -0.945788 0.099616 -0.334970
v -0.896973 0.099616 -0.537549
v -0.852223 0.099602 -0.616733
v -0.318157 0.105430 0.640473
v -0.318157 0.082466 0.640473
v -0.427885 0.099619 0.593755
v -0.427885 0.088277 0.593755
v -0.845709 0.088326 -0.516429
v -0.845709 0.099570 -0.516429
v -0.373555 0.088280 0.622034
v -0.373555 0.099616 0.622034
v -0.727944 0.088242 -0.138768
v -0.765573 0.088279 -0.205264
v -0.727944 0.099655 -0.138768
v -0.765573 0.099617 -0.205264
v -0.800250 0.099589 -0.295010
v -0.830751 0.099560 -0.417406
v -0.800250 0.088307 -0.295010
v -0.830751 0.088337 -0.417406
v -0.645168 0.099681 -0.022295
v -0.683381 0.099696 -0.073087
v -0.645168 0.088216 -0.022295
v -0.683381 0.088200 -0.073087
v -0.926326 0.088281 -0.438051
v -0.926326 0.099616 -0.438051
v -0.316841 0.093948 0.579557
v -0.318157 0.093948 0.640473
v -0.427885 0.093948 0.593755
v -0.563392 0.093948 0.492906
v -0.706317 0.093948 0.369486
v -0.846942 0.093948 0.163764
v -0.919609 0.093948 -0.106453
v -0.945788 0.093948 -0.334970
v -0.852223 0.093948 -0.616733
v -0.765573 0.093948 -0.205264
v -0.830728 0.093948 -0.417357
v -0.683323 0.093948 -0.072971
v -0.845698 0.093948 -0.516405
v -0.800238 0.093948 -0.294985
v -0.727914 0.093948 -0.138708
v -0.645139 0.093948 -0.022237
v -0.896973 0.093948 -0.537549
v -0.778026 0.093948 0.281302
v -0.634333 0.093948 0.438321
v -0.489945 0.093948 0.549091
v -0.373555 0.093948 0.622034
v -0.892783 0.093948 0.024100
v -0.940516 0.093948 -0.216966
v -0.926326 0.093948 -0.438051
v 0.594167 0.002225 0.254582
v 0.469493 0.002225 0.337984
v 0.410383 0.002225 0.415835
v 0.337220 0.002225 0.480658
v 0.252816 0.002225 0.529962
v 0.161926 0.002225 0.574165
v 0.053439 0.002225 0.582451
v 0.620557 0.185672 0.255032
v 0.495883 0.185672 0.338434
v 0.436773 0.185672 0.416285
v 0.363610 0.185672 0.481108
v 0.279206 0.185672 0.530413
v 0.188316 0.185672 0.574615
v 0.072494 0.185671 0.612074
v 0.556287 0.002225 0.350911
v 0.478426 0.002225 0.487506
v 0.369419 0.002225 0.627199
v 0.200592 0.002225 0.769026
v 0.001969 0.002225 0.861868
v -0.162709 0.002225 0.909332
v -0.391630 0.002225 0.854751
v 0.582677 0.185672 0.351362
v 0.504815 0.185672 0.487956
v 0.395809 0.185672 0.627650
v 0.226982 0.185672 0.769476
v 0.028359 0.185672 0.862319
v -0.136319 0.185672 0.909782
v -0.365240 0.185671 0.855202
v 0.495653 0.002225 0.272275
v 0.522043 0.185672 0.272725
v -0.106735 0.002225 0.736742
v -0.080345 0.185672 0.737193
v -0.231787 0.185672 0.815529
v -0.258177 0.002225 0.815079
v 0.010468 0.185671 0.651927
v -0.015922 0.002225 0.651477
v -0.305889 0.185671 0.839598
v -0.332279 0.002225 0.839148
v -0.168636 0.002225 0.775136
v -0.142246 0.185672 0.775586
v -0.035602 0.185672 0.698632
v -0.061992 0.002225 0.698182
v 0.019603 0.002225 0.611803
v 0.045993 0.185671 0.612253
v -0.310412 0.002225 0.889799
v -0.284022 0.185671 0.890250
v 0.295018 0.002225 0.505310
v 0.321408 0.185672 0.505760
v 0.295951 0.002225 0.698299
v 0.322341 0.185672 0.698750
v 0.373801 0.002225 0.448246
v 0.400191 0.185672 0.448697
v 0.426105 0.002225 0.557390
v 0.452495 0.185672 0.557840
v 0.439938 0.002225 0.376909
v 0.466328 0.185672 0.377359
v 0.522004 0.002225 0.412998
v 0.548394 0.185672 0.413449
v 0.482374 0.002225 0.316821
v 0.508764 0.185672 0.317271
v 0.580041 0.002225 0.302829
v 0.606431 0.185672 0.303279
v 0.207757 0.002225 0.555210
v 0.234147 0.185672 0.555660
v 0.101151 0.002225 0.823071
v 0.127541 0.185672 0.823521
v 0.110683 0.002225 0.593697
v 0.137073 0.185672 0.594147
v -0.080492 0.002225 0.892756
v -0.054102 0.185672 0.893206
v -0.236629 0.002225 0.903574
v -0.210239 0.185672 0.904025
v 0.065636 0.091742 0.599848
v 0.604435 0.088269 0.422321
v 0.557606 0.088263 0.502061
v 0.512064 0.088269 0.579119
v 0.452505 0.088278 0.658948
v 0.373706 0.088281 0.740857
v 0.265431 0.088281 0.823568
v 0.132385 0.088279 0.886068
v 0.006065 0.088277 0.928586
v -0.101081 0.088277 0.962791
v -0.217563 0.088280 0.982386
v -0.424578 0.088280 0.958593
v -0.508620 0.088294 0.923814
v 0.604435 0.099628 0.422321
v 0.557606 0.099634 0.502061
v 0.512064 0.099628 0.579119
v 0.452505 0.099619 0.658948
v 0.373706 0.099616 0.740857
v 0.265431 0.099616 0.823568
v 0.132385 0.099617 0.886068
v 0.006065 0.099619 0.928586
v -0.101081 0.099619 0.962791
v -0.217563 0.099616 0.982386
v -0.424578 0.099616 0.958593
v -0.508620 0.099602 0.923814
v 0.674229 0.105431 0.240689
v 0.674229 0.082466 0.240689
v 0.641215 0.099619 0.355287
v 0.641215 0.088278 0.355287
v -0.409854 0.088326 0.905140
v -0.409854 0.099570 0.905140
v 0.662671 0.088281 0.297920
v 0.662671 0.099616 0.297920
v -0.049336 0.088241 0.742280
v -0.110758 0.088279 0.787724
v -0.049336 0.099655 0.742280
v -0.110758 0.099617 0.787724
v -0.195616 0.099589 0.833067
v -0.313389 0.099560 0.878240
v -0.195616 0.088307 0.833067
v -0.313389 0.088336 0.878240
v 0.056195 0.099681 0.645943
v 0.010431 0.099696 0.690054
v 0.056195 0.088216 0.645943
v 0.010431 0.088200 0.690054
v -0.322247 0.088280 0.975617
v -0.322247 0.099616 0.975617
v 0.613606 0.093948 0.246797
v 0.674229 0.093948 0.240689
v 0.641215 0.093948 0.355287
v 0.557610 0.093948 0.502063
v 0.452505 0.093948 0.658948
v 0.265431 0.093948 0.823568
v 0.006068 0.093948 0.928586
v -0.217563 0.093948 0.982386
v -0.508620 0.093948 0.923814
v -0.110758 0.093948 0.787724
v -0.313343 0.093948 0.878211
v 0.010540 0.093948 0.689982
v -0.409832 0.093948 0.905126
v -0.195592 0.093948 0.833052
v -0.049281 0.093948 0.742244
v 0.056249 0.093948 0.645907
v -0.424578 0.093948 0.958593
v 0.373706 0.093948 0.740857
v 0.512066 0.093948 0.579120
v 0.604438 0.093948 0.422322
v 0.662671 0.093948 0.297920
v 0.132385 0.093948 0.886068
v -0.101078 0.093948 0.962791
v -0.322247 0.093948 0.975617
v -0.558545 0.002225 -0.287051
v -0.436626 0.002225 -0.374431
v -0.380057 0.002225 -0.454148
v -0.309023 0.002225 -0.521298
v -0.226254 0.002225 -0.573299
v -0.136837 0.002225 -0.620410
v -0.028674 0.002225 -0.632191
v -0.584936 0.185672 -0.286649
v -0.463017 0.185672 -0.374030
v -0.406448 0.185672 -0.453747
v -0.335414 0.185672 -0.520896
v -0.252645 0.185671 -0.572898
v -0.163228 0.185671 -0.620009
v -0.048674 0.185671 -0.661184
v -0.523792 0.002225 -0.384552
v -0.450377 0.002225 -0.523587
v -0.345933 0.002225 -0.666724
v -0.181769 0.002225 -0.813923
v 0.013756 0.002225 -0.913123
v 0.176817 0.002225 -0.965874
v 0.407380 0.002225 -0.918706
v -0.550182 0.185672 -0.384151
v -0.476768 0.185672 -0.523186
v -0.372324 0.185671 -0.666323
v -0.208160 0.185671 -0.813522
v -0.012635 0.185671 -0.912722
v 0.150427 0.185671 -0.965473
v 0.380989 0.185671 -0.918305
v -0.460653 0.002225 -0.307912
v -0.487044 0.185672 -0.307511
v 0.126440 0.002225 -0.791569
v 0.100049 0.185671 -0.791168
v 0.248885 0.185671 -0.874349
v 0.275276 0.002225 -0.874750
v 0.012033 0.185671 -0.703018
v 0.038424 0.002225 -0.703419
v 0.322172 0.185671 -0.900795
v 0.348563 0.002225 -0.901196
v 0.187070 0.002225 -0.831939
v 0.160679 0.185671 -0.831538
v 0.056573 0.185671 -0.751185
v 0.082964 0.002225 -0.751586
v 0.004198 0.002225 -0.662620
v -0.022193 0.185671 -0.662219
v 0.325074 0.002225 -0.951116
v 0.298683 0.185671 -0.950715
v -0.267639 0.002225 -0.547298
v -0.294030 0.185672 -0.546897
v -0.274797 0.002225 -0.740157
v -0.301188 0.185671 -0.739756
v -0.344541 0.002225 -0.487723
v -0.370931 0.185672 -0.487322
v -0.400337 0.002225 -0.595122
v -0.426728 0.185671 -0.594721
v -0.408342 0.002225 -0.414289
v -0.434733 0.185672 -0.413888
v -0.491529 0.002225 -0.447713
v -0.517920 0.185672 -0.447311
v -0.448817 0.002225 -0.352864
v -0.475208 0.185672 -0.352463
v -0.545982 0.002225 -0.335728
v -0.572373 0.185672 -0.335327
v -0.182033 0.002225 -0.599986
v -0.208424 0.185671 -0.599585
v -0.084122 0.002225 -0.871147
v -0.110513 0.185671 -0.870746
v -0.086251 0.002225 -0.641585
v -0.112642 0.185671 -0.641184
v 0.095178 0.002225 -0.946655
v 0.068787 0.185671 -0.946254
v 0.250885 0.002225 -0.962504
v 0.224494 0.185671 -0.962103
v -0.041426 0.091742 -0.649186
v -0.574219 0.088269 -0.454372
v -0.529985 0.088263 -0.535581
v -0.486953 0.088269 -0.614068
v -0.430000 0.088278 -0.695775
v -0.353884 0.088280 -0.780185
v -0.248333 0.088280 -0.866345
v -0.117372 0.088279 -0.933104
v 0.007510 0.088277 -0.979674
v 0.113497 0.088277 -1.017317
v 0.229287 0.088280 -1.040660
v 0.436961 0.088280 -1.023557
v 0.522081 0.088294 -0.991507
v -0.574219 0.099628 -0.454372
v -0.529985 0.099634 -0.535581
v -0.486953 0.099628 -0.614068
v -0.430000 0.099619 -0.695775
v -0.353884 0.099616 -0.780185
v -0.248333 0.099616 -0.866345
v -0.117372 0.099617 -0.933104
v 0.007510 0.099619 -0.979674
v 0.113497 0.099619 -1.017317
v 0.229287 0.099616 -1.040660
v 0.436961 0.099616 -1.023557
v 0.522081 0.099602 -0.991507
v -0.638117 0.105430 -0.270583
v -0.638117 0.082466 -0.270583
v -0.608817 0.099619 -0.386186
v -0.608817 0.088278 -0.386186
v 0.423969 0.088326 -0.969657
v 0.423969 0.099570 -0.969657
v -0.628411 0.088281 -0.328156
v -0.628411 0.099616 -0.328156
v 0.068892 0.088241 -0.795253
v 0.128816 0.088279 -0.842654
v 0.068892 0.099655 -0.795253
v 0.128816 0.099617 -0.842654
v 0.212167 0.099589 -0.890710
v 0.328422 0.099560 -0.939659
v 0.212167 0.088307 -0.890710
v 0.328422 0.088336 -0.939659
v -0.033476 0.099681 -0.695561
v 0.010841 0.099696 -0.741126
v -0.033476 0.088215 -0.695561
v 0.010841 0.088200 -0.741126
v 0.334134 0.088280 -1.037271
v 0.334134 0.099616 -1.037271
v -0.577723 0.093948 -0.278643
v -0.638117 0.093948 -0.270583
v -0.608817 0.093948 -0.386186
v -0.529990 0.093948 -0.535582
v -0.430000 0.093948 -0.695775
v -0.248333 0.093948 -0.866345
v 0.007507 0.093948 -0.979674
v 0.229287 0.093948 -1.040660
v 0.522081 0.093948 -0.991507
v 0.128816 0.093948 -0.842654
v 0.328377 0.093948 -0.939628
v 0.010734 0.093948 -0.741050
v 0.423948 0.093948 -0.969642
v 0.212144 0.093948 -0.890695
v 0.068839 0.093948 -0.795214
v -0.033529 0.093948 -0.695523
v 0.436961 0.093948 -1.023557
v -0.353884 0.093948 -0.780185
v -0.486955 0.093948 -0.614069
v -0.574221 0.093948 -0.454373
v -0.628411 0.093948 -0.328156
v -0.117372 0.093948 -0.933104
v 0.113494 0.093948 -1.017317
v 0.334134 0.093948 -1.037271
v 0.291848 0.002225 -0.608567
v 0.363738 0.002225 -0.476919
v 0.435977 0.002225 -0.411067
v 0.493981 0.002225 -0.332388
v 0.535520 0.002225 -0.243904
v 0.571397 0.002225 -0.149417
v 0.569925 0.002225 -0.040625
v 0.294662 0.185671 -0.634810
v 0.366552 0.185671 -0.503162
v 0.438791 0.185671 -0.437310
v 0.496795 0.185671 -0.358631
v 0.538335 0.185672 -0.270148
v 0.574211 0.185672 -0.175661
v 0.601136 0.185672 -0.056947
v 0.384394 0.002225 -0.562204
v 0.513459 0.002225 -0.472411
v 0.642819 0.002225 -0.351321
v 0.768940 0.002225 -0.170460
v 0.843603 0.002225 0.035686
v 0.876114 0.002225 0.203956
v 0.801232 0.002225 0.427063
v 0.387209 0.185671 -0.588447
v 0.516273 0.185671 -0.498655
v 0.645633 0.185672 -0.377564
v 0.771754 0.185672 -0.196703
v 0.846417 0.185672 0.009442
v 0.878928 0.185672 0.177712
v 0.804046 0.185672 0.400820
v 0.300639 0.002225 -0.508863
v 0.303453 0.185671 -0.535107
v 0.709236 0.002225 0.132736
v 0.712051 0.185672 0.106493
v 0.776496 0.185672 0.264347
v 0.773682 0.002225 0.290591
v 0.635270 0.185672 0.008401
v 0.632455 0.002225 0.034645
v 0.793825 0.185672 0.340308
v 0.791011 0.002225 0.366551
v 0.741926 0.002225 0.197829
v 0.744741 0.185672 0.171586
v 0.677657 0.185672 0.058473
v 0.674842 0.002225 0.084716
v 0.596126 0.002225 -0.004294
v 0.598940 0.185672 -0.030537
v 0.843419 0.002225 0.349314
v 0.846233 0.185672 0.323071
v 0.514751 0.002225 -0.288146
v 0.517565 0.185672 -0.314389
v 0.707046 0.002225 -0.271775
v 0.709861 0.185672 -0.298018
v 0.464979 0.002225 -0.371727
v 0.467793 0.185671 -0.397971
v 0.578372 0.002225 -0.414036
v 0.581186 0.185672 -0.440280
v 0.399858 0.002225 -0.443993
v 0.402672 0.185671 -0.470236
v 0.443158 0.002225 -0.522493
v 0.445972 0.185671 -0.548737
v 0.343816 0.002225 -0.491644
v 0.346630 0.185671 -0.517888
v 0.338635 0.002225 -0.590172
v 0.341449 0.185671 -0.616416
v 0.556627 0.002225 -0.196763
v 0.559441 0.185672 -0.223006
v 0.813853 0.002225 -0.066574
v 0.816667 0.185672 -0.092817
v 0.586257 0.002225 -0.096630
v 0.589071 0.185672 -0.122874
v 0.866975 0.002225 0.120584
v 0.869789 0.185672 0.094340
v 0.863753 0.002225 0.277062
v 0.866567 0.185672 0.250819
v 0.588345 0.091742 -0.051213
v 0.459833 0.088269 -0.603757
v 0.535054 0.088263 -0.549968
v 0.607719 0.088269 -0.497701
v 0.681887 0.088278 -0.431226
v 0.756403 0.088281 -0.345401
v 0.829075 0.088281 -0.230148
v 0.879397 0.088279 -0.092035
v 0.910420 0.088277 0.037587
v 0.934882 0.088278 0.147368
v 0.943956 0.088280 0.265139
v 0.901702 0.088281 0.469187
v 0.859529 0.088294 0.549773
v 0.459833 0.099628 -0.603757
v 0.535054 0.099634 -0.549968
v 0.607719 0.099628 -0.497701
v 0.681887 0.099619 -0.431226
v 0.756403 0.099616 -0.345401
v 0.829075 0.099616 -0.230148
v 0.879397 0.099617 -0.092035
v 0.910420 0.099619 0.037587
v 0.934882 0.099619 0.147368
v 0.943956 0.099617 0.265139
v 0.901702 0.099616 0.469187
v 0.859529 0.099602 0.549773
v 0.285189 0.105430 -0.689552
v 0.285189 0.082466 -0.689552
v 0.396366 0.099619 -0.646398
v 0.396366 0.088277 -0.646398
v 0.849784 0.088326 0.449731
v 0.849784 0.099570 0.449731
v 0.341153 0.088280 -0.672910
v 0.341153 0.099616 -0.672910
v 0.719898 0.088242 0.076065
v 0.759652 0.088279 0.141313
v 0.719898 0.099655 0.076065
v 0.759652 0.099618 0.141313
v 0.797206 0.099590 0.229894
v 0.831639 0.099560 0.351242
v 0.797206 0.088307 0.229894
v 0.831639 0.088337 0.351242
v 0.633408 0.099681 -0.037678
v 0.673239 0.099696 0.011856
v 0.633408 0.088216 -0.037678
v 0.673239 0.088200 0.011856
v 0.927831 0.088281 0.368794
v 0.927831 0.099616 0.368794
v 0.285838 0.093948 -0.628626
v 0.285189 0.093948 -0.689552
v 0.396366 0.093948 -0.646398
v 0.535056 0.093948 -0.549972
v 0.681887 0.093948 -0.431226
v 0.829075 0.093948 -0.230148
v 0.910420 0.093948 0.037585
v 0.943956 0.093948 0.265139
v 0.859529 0.093948 0.549773
v 0.759652 0.093948 0.141313
v 0.831614 0.093948 0.351194
v 0.673177 0.093948 0.011741
v 0.849771 0.093948 0.449707
v 0.797193 0.093948 0.229869
v 0.719866 0.093948 0.076007
v 0.633377 0.093948 -0.037734
v 0.901702 0.093948 0.469187
v 0.756403 0.093948 -0.345401
v 0.607720 0.093948 -0.497704
v 0.459834 0.093948 -0.603759
v 0.341153 0.093948 -0.672910
v 0.879397 0.093948 -0.092035
v 0.934882 0.093948 0.147365
v 0.927831 0.093948 0.368794
v -0.003674 0.148984 -0.255861
v -0.003674 0.408984 -0.000000
v -0.003674 0.148984 0.255861
v 0.247270 0.148984 0.049916
v 0.232710 0.148984 0.097914
v 0.209066 0.148984 0.142148
v 0.177247 0.148984 0.180921
v 0.252186 0.148984 -0.000000
v 0.247270 0.148984 -0.049916
v 0.232710 0.148984 -0.097914
v 0.209066 0.148984 -0.142149
v 0.177247 0.148984 -0.180921
v -0.254618 0.148984 0.049916
v -0.240058 0.148984 0.097914
v -0.216414 0.148984 0.142148
v -0.184595 0.148984 0.180921
v -0.145823 0.148984 0.212740
v -0.101588 0.148984 0.236384
v -0.053590 0.148984 0.250944
v -0.259535 0.148984 -0.000000
v -0.254618 0.148984 -0.049916
v -0.240058 0.148984 -0.097914
v -0.216414 0.148984 -0.142149
v -0.184595 0.148984 -0.180921
v -0.145823 0.148984 -0.212740
v -0.101588 0.148984 -0.236384
v -0.053590 0.148984 -0.250944
v -0.003674 0.289255 -0.128303
v 0.138474 0.148984 -0.212740
v 0.094240 0.148984 -0.236384
v 0.046242 0.148984 -0.250944
v -0.003674 0.289255 0.128303
v 0.138474 0.148984 0.212740
v 0.094240 0.148984 0.236384
v 0.046242 0.148984 0.250944
v 0.122164 0.289255 0.025031
v 0.114863 0.289255 0.049100
v 0.124629 0.289255 -0.000000
v 0.122164 0.289255 -0.025031
v 0.114863 0.289255 -0.049100
v -0.129512 0.289255 0.025031
v -0.122211 0.289255 0.049100
v -0.110354 0.289255 0.071282
v -0.094398 0.289255 0.090724
v -0.074956 0.289255 0.106680
v -0.052774 0.289255 0.118537
v -0.028705 0.289255 0.125838
v -0.131977 0.289255 -0.000000
v -0.129512 0.289255 -0.025031
v -0.122211 0.289255 -0.049100
v -0.110354 0.289255 -0.071282
v -0.094398 0.289255 -0.090724
v -0.074956 0.289255 -0.106680
v -0.052774 0.289255 -0.118537
v -0.028705 0.289255 -0.125838
v 0.103006 0.289255 -0.071282
v 0.087050 0.289255 -0.090724
v 0.067608 0.289255 -0.106680
v 0.045426 0.289255 -0.118537
v 0.021357 0.289255 -0.125838
v 0.103006 0.289255 0.071282
v 0.087050 0.289255 0.090724
v 0.067608 0.289255 0.106680
v 0.045426 0.289255 0.118537
v 0.021357 0.289255 0.125838
v 0.126490 0.284557 0.000428
v 0.123993 0.284557 0.025780
v -0.133839 0.284557 0.000428
v 0.126490 0.284557 -0.000428
v 0.123993 0.284557 -0.025780
v -0.131342 0.284557 0.025780
v -0.123947 0.284557 0.050158
v -0.111938 0.284557 0.072625
v -0.095777 0.284557 0.092317
v -0.076085 0.284557 0.108478
v -0.053618 0.284557 0.120487
v -0.029240 0.284557 0.127881
v -0.003888 0.284557 0.130378
v -0.133839 0.284557 -0.000428
v -0.131342 0.284557 -0.025780
v -0.123947 0.284557 -0.050158
v -0.111938 0.284557 -0.072625
v -0.095777 0.284557 -0.092317
v -0.076085 0.284557 -0.108478
v -0.053618 0.284557 -0.120487
v -0.029240 0.284557 -0.127882
v -0.003888 0.284557 -0.130378
v -0.003674 0.283164 -0.109747
v 0.116599 0.284557 -0.050158
v 0.104590 0.284557 -0.072625
v 0.088429 0.284557 -0.092317
v 0.068737 0.284557 -0.108478
v 0.046270 0.284557 -0.120487
v 0.021892 0.284557 -0.127882
v -0.003460 0.284557 -0.130378
v -0.003674 0.283164 0.109747
v 0.116599 0.284557 0.050158
v 0.104590 0.284557 0.072625
v 0.088429 0.284557 0.092317
v 0.068737 0.284557 0.108478
v 0.046270 0.284557 0.120487
v 0.021892 0.284557 0.127881
v -0.003460 0.284557 0.130378
v -0.111313 0.283164 0.021411
v -0.105067 0.283164 0.041999
v -0.094926 0.283164 0.060972
v -0.081277 0.283164 0.077603
v -0.064647 0.283164 0.091252
v -0.113421 0.283164 -0.000000
v -0.111313 0.283164 -0.021411
v -0.105067 0.283164 -0.041999
v -0.094926 0.283164 -0.060972
v -0.081277 0.283164 -0.077603
v -0.064647 0.283164 -0.091252
v -0.045673 0.283164 -0.101393
v -0.025085 0.283164 -0.107639
v -0.045673 0.283164 0.101393
v 0.106073 0.283164 -0.000000
v 0.103965 0.283164 -0.021411
v 0.097719 0.283164 -0.041999
v 0.087578 0.283164 -0.060972
v 0.073929 0.283164 -0.077603
v 0.057298 0.283164 -0.091252
v 0.038325 0.283164 -0.101393
v 0.017737 0.283164 -0.107639
v -0.025085 0.283164 0.107639
v 0.103965 0.283164 0.021411
v 0.097719 0.283164 0.041999
v 0.087578 0.283164 0.060972
v 0.073929 0.283164 0.077603
v 0.057298 0.283164 0.091252
v 0.038325 0.283164 0.101393
v 0.017737 0.283164 0.107639
v -0.111313 0.284160 0.021411
v -0.105067 0.256668 0.041999
v -0.094926 0.284160 0.060972
v -0.113421 0.284160 -0.000000
v -0.111313 0.284160 -0.021411
v -0.105067 0.256668 -0.041999
v -0.094926 0.284160 -0.060972
v -0.081277 0.284160 -0.077603
v -0.064647 0.284160 -0.091252
v -0.045673 0.284160 -0.101393
v -0.025085 0.284160 -0.107639
v -0.003674 0.284160 -0.109747
v -0.081277 0.284160 0.077603
v -0.064647 0.284160 0.091252
v 0.106073 0.284160 -0.000000
v 0.103965 0.284160 -0.021411
v 0.097719 0.256668 -0.041999
v 0.087578 0.284160 -0.060972
v 0.073929 0.284160 -0.077603
v 0.057298 0.284160 -0.091252
v 0.038325 0.284160 -0.101393
v 0.017737 0.284160 -0.107639
v -0.045673 0.284160 0.101393
v -0.025085 0.284160 0.107639
v -0.003674 0.284160 0.109747
v 0.103965 0.284160 0.021411
v 0.097719 0.256668 0.041999
v 0.087578 0.284160 0.060972
v 0.073929 0.284160 0.077603
v 0.057298 0.284160 0.091252
v 0.038325 0.284160 0.101393
v 0.017737 0.284160 0.107639
v -0.204184 0.212218 0.000214
v -0.204184 0.212218 -0.000214
v -0.200333 0.212218 -0.039311
v -0.188929 0.212218 -0.076905
v -0.170410 0.212218 -0.111552
v -0.145487 0.212218 -0.141920
v -0.115119 0.212218 -0.166843
v -0.080472 0.212218 -0.185362
v -0.042878 0.212218 -0.196766
v -0.003781 0.212218 -0.200617
v -0.200333 0.212218 0.039311
v -0.188929 0.212218 0.076905
v -0.170410 0.212218 0.111552
v -0.145487 0.212218 0.141920
v 0.196836 0.212218 -0.000214
v 0.192985 0.212218 -0.039311
v 0.181581 0.212218 -0.076905
v 0.163062 0.212218 -0.111552
v 0.138139 0.212218 -0.141920
v 0.107771 0.212218 -0.166843
v 0.073124 0.212218 -0.185362
v 0.035530 0.212218 -0.196766
v -0.003567 0.212218 -0.200617
v -0.115119 0.212218 0.166843
v -0.080472 0.212218 0.185362
v -0.042878 0.212218 0.196766
v -0.003781 0.212218 0.200617
v 0.196836 0.212218 0.000214
v 0.192985 0.212218 0.039311
v 0.181581 0.212218 0.076905
v 0.163062 0.212218 0.111552
v 0.138139 0.212218 0.141920
v 0.107771 0.212218 0.166843
v -0.205370 0.208345 -0.000107
v -0.201496 0.208345 -0.039446
v -0.190021 0.208345 -0.077272
v -0.171387 0.208345 -0.112134
v -0.146310 0.208345 -0.142690
v -0.115754 0.208345 -0.167767
v -0.080893 0.208345 -0.186400
v -0.043066 0.208345 -0.197875
v -0.003728 0.208345 -0.201749
v -0.003754 0.208345 -0.193043
v 0.073124 0.212218 0.185362
v 0.035530 0.212218 0.196766
v -0.003567 0.212218 0.200617
v -0.205370 0.208345 0.000107
v -0.201496 0.208345 0.039445
v -0.190021 0.208345 0.077272
v 0.198022 0.208345 -0.000107
v 0.194147 0.208345 -0.039446
v 0.182673 0.208345 -0.077272
v 0.164039 0.208345 -0.112134
v 0.138962 0.208345 -0.142690
v 0.108406 0.208345 -0.167767
v 0.073545 0.208345 -0.186400
v 0.035718 0.208345 -0.197875
v -0.003620 0.208345 -0.201749
v -0.171387 0.208345 0.112134
v -0.146310 0.208345 0.142690
v -0.115754 0.208345 0.167767
v -0.080893 0.208345 0.186400
v -0.043066 0.208345 0.197875
v -0.003728 0.208345 0.201749
v -0.003754 0.208345 0.193043
v 0.198022 0.208345 0.000107
v -0.196637 0.208345 -0.000161
v -0.192931 0.208345 -0.037790
v -0.181955 0.208345 -0.073974
v -0.164131 0.208345 -0.107321
v -0.140143 0.208345 -0.136549
v -0.110914 0.208345 -0.160537
v -0.077567 0.208345 -0.178361
v -0.041384 0.208345 -0.189337
v -0.003768 0.212218 -0.193081
v -0.003594 0.208345 -0.193043
v 0.194147 0.208345 0.039445
v 0.182673 0.208345 0.077272
v 0.164039 0.208345 0.112134
v 0.138962 0.208345 0.142690
v 0.108406 0.208345 0.167767
v 0.073545 0.208345 0.186400
v 0.035718 0.208345 0.197875
v -0.003620 0.208345 0.201749
v 0.189289 0.208345 -0.000161
v 0.185583 0.208345 -0.037790
v 0.174607 0.208345 -0.073974
v 0.156782 0.208345 -0.107321
v 0.132795 0.208345 -0.136549
v 0.103566 0.208345 -0.160537
v -0.196637 0.208345 0.000161
v -0.192931 0.208345 0.037790
v -0.181955 0.208345 0.073974
v -0.164131 0.208345 0.107321
v -0.140143 0.208345 0.136549
v -0.110914 0.208345 0.160537
v -0.077567 0.208345 0.178361
v -0.041384 0.208345 0.189337
v -0.196662 0.212218 -0.000187
v -0.192955 0.212218 -0.037819
v -0.181979 0.212218 -0.074005
v -0.164153 0.212218 -0.107354
v -0.140165 0.212218 -0.136584
v -0.110934 0.212218 -0.160573
v -0.077585 0.212218 -0.178398
v -0.041400 0.212218 -0.189375
v -0.003674 0.085711 -0.199048
v 0.070219 0.208345 -0.178361
v 0.034036 0.208345 -0.189337
v -0.003580 0.212218 -0.193081
v -0.003768 0.212218 0.193081
v -0.003594 0.208345 0.193043
v 0.189289 0.208345 0.000161
v 0.185583 0.208345 0.037790
v 0.174607 0.208345 0.073974
v 0.156782 0.208345 0.107321
v 0.132795 0.208345 0.136549
v 0.103566 0.208345 0.160537
v 0.189314 0.212218 -0.000187
v 0.185607 0.212218 -0.037819
v 0.174631 0.212218 -0.074005
v 0.156805 0.212218 -0.107354
v -0.196662 0.212218 0.000187
v -0.192955 0.212218 0.037819
v -0.181979 0.212218 0.074005
v -0.164153 0.212218 0.107354
v -0.140165 0.212218 0.136584
v -0.110934 0.212218 0.160573
v -0.077585 0.212218 0.178398
v -0.041400 0.212218 0.189375
v -0.202722 0.085711 -0.000000
v -0.198898 0.085711 -0.038832
v -0.187571 0.085711 -0.076172
v -0.169177 0.085711 -0.110585
v -0.144422 0.085711 -0.140748
v -0.114259 0.085711 -0.165502
v -0.079847 0.085711 -0.183896
v -0.042506 0.085711 -0.195223
v -0.003674 -0.201781 -0.199048
v 0.132816 0.212218 -0.136584
v 0.103586 0.212218 -0.160573
v 0.070237 0.212218 -0.178398
v 0.034051 0.212218 -0.189375
v -0.003674 0.085711 0.199048
v 0.070219 0.208345 0.178361
v 0.034036 0.208345 0.189337
v -0.003580 0.212218 0.193081
v 0.189314 0.212218 0.000187
v 0.185607 0.212218 0.037819
v 0.174631 0.212218 0.074005
v 0.195374 0.085711 -0.000000
v 0.191549 0.085711 -0.038832
v 0.156805 0.212218 0.107354
v -0.198898 0.085711 0.038832
v -0.187571 0.085711 0.076172
v -0.169177 0.085711 0.110585
v -0.144422 0.085711 0.140748
v -0.114259 0.085711 0.165502
v -0.079847 0.085711 0.183897
v -0.202722 -0.201781 0.000000
v -0.198898 -0.201781 -0.038832
v -0.187571 -0.201781 -0.076172
v -0.169177 -0.201781 -0.110585
v -0.144422 -0.201781 -0.140748
v -0.114259 -0.201781 -0.165502
v -0.079847 -0.201781 -0.183896
v -0.042506 -0.201781 -0.195223
v 0.180223 0.085711 -0.076172
v 0.161828 0.085711 -0.110585
v 0.137074 0.085711 -0.140748
v 0.106911 0.085711 -0.165502
v 0.072498 0.085711 -0.183896
v 0.035158 0.085711 -0.195223
v -0.042506 0.085711 0.195223
v -0.003674 -0.201781 0.199048
v 0.132816 0.212218 0.136584
v 0.103586 0.212218 0.160573
v 0.070237 0.212218 0.178398
v 0.034051 0.212218 0.189375
v 0.191549 0.085711 0.038832
v -0.198898 -0.201781 0.038832
v -0.187571 -0.201781 0.076172
v -0.169177 -0.201781 0.110585
v -0.144422 -0.201781 0.140748
v -0.114259 -0.201781 0.165502
v -0.079847 -0.201781 0.183897
v -0.003674 -0.250152 -0.194002
v 0.195374 -0.201781 0.000000
v 0.191549 -0.201781 -0.038832
v 0.180223 -0.201781 -0.076172
v 0.161828 -0.201781 -0.110585
v 0.137074 -0.201781 -0.140748
v 0.106911 -0.201781 -0.165502
v 0.072498 -0.201781 -0.183896
v 0.035158 -0.201781 -0.195223
v -0.042506 -0.201781 0.195223
v 0.180223 0.085711 0.076172
v 0.161828 0.085711 0.110585
v 0.137074 0.085711 0.140748
v 0.106911 0.085711 0.165502
v 0.072498 0.085711 0.183897
v 0.035158 0.085711 0.195223
v -0.197676 -0.250152 0.000000
v -0.193948 -0.250152 -0.037848
v -0.182908 -0.250152 -0.074241
v -0.164981 -0.250152 -0.107782
v -0.140854 -0.250152 -0.137180
v -0.111456 -0.250152 -0.161307
v -0.077915 -0.250152 -0.179234
v -0.041522 -0.250152 -0.190274
v -0.003674 -0.250152 0.194002
v 0.191549 -0.201781 0.038832
v 0.180223 -0.201781 0.076172
v 0.161828 -0.201781 0.110585
v 0.137074 -0.201781 0.140748
v 0.106911 -0.201781 0.165502
v 0.072498 -0.201781 0.183897
v 0.035158 -0.201781 0.195223
v -0.193948 -0.250152 0.037848
v -0.182908 -0.250152 0.074241
v -0.164981 -0.250152 0.107782
v -0.140854 -0.250152 0.137180
v 0.190328 -0.250152 0.000000
v 0.186600 -0.250152 -0.037848
v 0.175560 -0.250152 -0.074241
v 0.157633 -0.250152 -0.107782
v 0.133506 -0.250152 -0.137180
v 0.104108 -0.250152 -0.161307
v 0.070567 -0.250152 -0.179234
v 0.034174 -0.250152 -0.190274
v -0.111456 -0.250152 0.161307
v -0.077915 -0.250152 0.179234
v -0.041522 -0.250152 0.190274
v 0.186600 -0.250152 0.037848
v 0.175560 -0.250152 0.074241
v 0.157633 -0.250152 0.107782
v 0.133506 -0.250152 0.137180
v 0.104108 -0.250152 0.161307
v 0.070567 -0.250152 0.179234
v 0.034174 -0.250152 0.190274
v -0.003674 0.284557 -0.130357
v -0.003674 0.212218 -0.200607
v -0.003674 0.208345 -0.201744
v -0.003674 0.208345 -0.193036
v -0.003674 0.212218 -0.193072
v 0.196815 0.212218 -0.000000
v -0.133796 0.284557 -0.000000
v 0.126448 0.284557 -0.000000
v -0.204163 0.212218 -0.000000
v -0.205360 0.208345 -0.000000
v 0.189273 0.208345 -0.000000
v -0.196621 0.208345 -0.000000
v 0.198011 0.208345 -0.000000
v -0.196643 0.212218 -0.000000
v 0.189295 0.212218 -0.000000
v -0.003674 0.284557 0.130357
v -0.003674 0.212218 0.200606
v -0.003674 0.208345 0.201744
v -0.003674 0.208345 0.193036
v -0.003674 0.212218 0.193072
v 0.046918 -0.299993 -0.122140
v 0.022118 -0.299993 -0.129663
v 0.046918 -0.299993 0.122140
v 0.022118 -0.299993 0.129663
v -0.167034 -0.247916 0.109154
v -0.113597 -0.299993 0.073448
v 0.069774 -0.299993 0.109923
v 0.135252 -0.247916 0.138926
v 0.089808 -0.299993 0.093482
v -0.003674 -0.299993 0.132203
v -0.003674 -0.247916 0.196471
v -0.112828 -0.247916 0.163360
v -0.077122 -0.299993 0.109923
v 0.118466 -0.299993 0.050592
v 0.106249 -0.299993 0.073448
v 0.189022 -0.247916 0.038330
v 0.177842 -0.247916 0.075186
v 0.189022 -0.247916 -0.038330
v 0.177842 -0.247916 -0.075186
v 0.135252 -0.247916 -0.138926
v 0.105480 -0.247916 -0.163360
v -0.135877 -0.299993 0.000000
v -0.133337 -0.299993 -0.025791
v -0.125814 -0.299993 -0.050592
v -0.113597 -0.299993 -0.073448
v -0.097156 -0.299993 -0.093482
v -0.077122 -0.299993 -0.109923
v -0.054266 -0.299993 -0.122140
v -0.029466 -0.299993 -0.129663
v -0.003674 -0.299993 -0.132203
v -0.185190 -0.247916 -0.075186
v -0.196370 -0.247916 -0.038330
v -0.200145 -0.247916 0.000000
v -0.196370 -0.247916 0.038330
v -0.133337 -0.299993 0.025792
v -0.029466 -0.299993 0.129663
v -0.054266 -0.299993 0.122140
v -0.097156 -0.299993 0.093482
v -0.125814 -0.299993 0.050592
v -0.185190 -0.247916 0.075186
v 0.159686 -0.247916 -0.109154
v 0.106249 -0.299993 -0.073448
v -0.142600 -0.247916 0.138926
v -0.042004 -0.247916 0.192696
v -0.167034 -0.247916 -0.109154
v -0.142600 -0.247916 -0.138926
v -0.112828 -0.247916 -0.163360
v -0.078860 -0.247916 -0.181516
v -0.042004 -0.247916 -0.192696
v -0.003674 -0.247916 -0.196471
v 0.159686 -0.247916 0.109154
v 0.089808 -0.299993 -0.093482
v 0.069774 -0.299993 -0.109923
v 0.118466 -0.299993 -0.050592
v 0.125989 -0.299993 -0.025791
v 0.125989 -0.299993 0.025792
v 0.192797 -0.247916 0.000000
v 0.071512 -0.247916 -0.181516
v 0.034656 -0.247916 -0.192696
v 0.105480 -0.247916 0.163360
v 0.071512 -0.247916 0.181516
v -0.078860 -0.247916 0.181516
v 0.034656 -0.247916 0.192696
v 0.128529 -0.299993 0.000000
v -0.003674 -0.478221 0.000000
v 0.094240 0.148984 -0.236384
v 0.046242 0.148984 -0.250944
v 0.198022 0.208345 -0.000107
v -0.003620 0.208345 -0.201749
v 0.198022 0.208345 0.000107
v -0.003620 0.208345 0.201749
v -0.003674 0.208345 -0.201744
v 0.198011 0.208345 -0.000000
v -0.003674 0.208345 0.201744
v 0.117025 -0.014344 -0.291393
v 0.057858 -0.014344 -0.309341
v 0.117025 -0.014344 0.291393
v 0.057858 -0.014344 0.309341
v -0.385297 -0.016762 0.254992
v -0.265921 -0.014344 0.175228
v 0.171554 -0.014344 0.262247
v 0.320869 -0.016762 0.324543
v 0.219349 -0.014344 0.223023
v -0.003674 -0.014344 0.315402
v -0.003674 -0.016762 0.458974
v -0.258666 -0.016762 0.381623
v -0.178902 -0.014344 0.262247
v 0.287719 -0.014344 0.120699
v 0.258573 -0.014344 0.175228
v 0.446480 -0.016762 0.089541
v 0.420362 -0.016762 0.175642
v 0.446480 -0.016762 -0.089541
v 0.420362 -0.016762 -0.175642
v 0.320869 -0.016762 -0.324543
v 0.251318 -0.016762 -0.381623
v -0.319076 -0.014344 0.000000
v -0.313015 -0.014344 -0.061532
v -0.295067 -0.014344 -0.120699
v -0.265921 -0.014344 -0.175228
v -0.226697 -0.014344 -0.223023
v -0.178902 -0.014344 -0.262247
v -0.124373 -0.014344 -0.291393
v -0.065206 -0.014344 -0.309341
v -0.003674 -0.014344 -0.315402
v -0.427710 -0.016762 -0.175642
v -0.453829 -0.016762 -0.089541
v -0.462648 -0.016762 0.000000
v -0.453829 -0.016762 0.089541
v -0.313015 -0.014344 0.061532
v -0.065206 -0.014344 0.309341
v -0.124373 -0.014344 0.291393
v -0.226697 -0.014344 0.223023
v -0.295067 -0.014344 0.120699
v -0.427710 -0.016762 0.175642
v 0.377948 -0.016762 -0.254992
v 0.258573 -0.014344 -0.175228
v -0.328217 -0.016762 0.324543
v -0.093215 -0.016762 0.450155
v -0.385297 -0.016762 -0.254992
v -0.328217 -0.016762 -0.324543
v -0.258666 -0.016762 -0.381623
v -0.179316 -0.016762 -0.424036
v -0.093215 -0.016762 -0.450155
v -0.003674 -0.016762 -0.458974
v 0.377948 -0.016762 0.254992
v 0.219349 -0.014344 -0.223023
v 0.171554 -0.014344 -0.262247
v 0.287719 -0.014344 -0.120699
v 0.305667 -0.014344 -0.061532
v 0.305667 -0.014344 0.061532
v 0.455300 -0.016762 0.000000
v 0.171968 -0.016762 -0.424036
v 0.085867 -0.016762 -0.450155
v 0.251318 -0.016762 0.381623
v 0.171968 -0.016762 0.424036
v -0.179316 -0.016762 0.424036
v 0.085867 -0.016762 0.450155
v 0.311727 -0.014344 0.000000
v 0.115297 -0.049888 -0.287221
v 0.056977 -0.049888 -0.304913
v 0.115297 -0.049888 0.287221
v 0.056977 -0.049888 0.304913
v -0.381107 -0.056423 0.252193
v -0.262166 -0.049888 0.172719
v 0.169045 -0.049888 0.258492
v 0.317307 -0.056423 0.320981
v 0.216156 -0.049888 0.219830
v -0.003674 -0.049888 0.310886
v -0.003674 -0.056423 0.453935
v -0.255867 -0.056423 0.377433
v -0.176393 -0.049888 0.258492
v 0.283547 -0.049888 0.118971
v 0.254818 -0.049888 0.172719
v 0.441539 -0.056423 0.088558
v 0.415707 -0.056423 0.173714
v 0.441539 -0.056423 -0.088558
v 0.415707 -0.056423 -0.173714
v 0.317307 -0.056423 -0.320981
v 0.248519 -0.056423 -0.377433
v -0.314560 -0.049888 0.000000
v -0.308587 -0.049888 -0.060651
v -0.290896 -0.049888 -0.118971
v -0.262166 -0.049888 -0.172719
v -0.223504 -0.049888 -0.219830
v -0.176393 -0.049888 -0.258492
v -0.122645 -0.049888 -0.287221
v -0.064325 -0.049888 -0.304913
v -0.003674 -0.049888 -0.310886
v -0.423056 -0.056423 -0.173714
v -0.448887 -0.056423 -0.088558
v -0.457609 -0.056423 0.000000
v -0.448887 -0.056423 0.088558
v -0.308587 -0.049888 0.060651
v -0.064325 -0.049888 0.304913
v -0.122645 -0.049888 0.287221
v -0.223504 -0.049888 0.219830
v -0.290896 -0.049888 0.118971
v -0.423056 -0.056423 0.173714
v 0.373759 -0.056423 -0.252193
v 0.254818 -0.049888 -0.172719
v -0.324655 -0.056423 0.320981
v -0.092232 -0.056423 0.445213
v -0.381107 -0.056423 -0.252193
v -0.324655 -0.056423 -0.320981
v -0.255867 -0.056423 -0.377433
v -0.177388 -0.056423 -0.419382
v -0.092232 -0.056423 -0.445213
v -0.003674 -0.056423 -0.453935
v 0.373759 -0.056423 0.252193
v 0.216156 -0.049888 -0.219830
v 0.169045 -0.049888 -0.258492
v 0.283547 -0.049888 -0.118971
v 0.301239 -0.049888 -0.060651
v 0.301239 -0.049888 0.060651
v 0.450261 -0.056423 0.000000
v 0.170039 -0.056423 -0.419382
v 0.084884 -0.056423 -0.445213
v 0.248519 -0.056423 0.377433
v 0.170039 -0.056423 0.419382
v -0.177388 -0.056423 0.419382
v 0.084884 -0.056423 0.445213
v 0.307212 -0.049888 0.000000
v 0.080353 -0.127863 -0.202860
v 0.039163 -0.127863 -0.215354
v 0.080353 -0.127863 0.202860
v 0.039163 -0.127863 0.215355
v -0.271800 -0.132563 0.179156
v -0.186243 -0.127863 0.121988
v 0.118314 -0.127863 0.182569
v 0.224348 -0.132563 0.228022
v 0.151588 -0.127863 0.155262
v -0.003674 -0.127863 0.219574
v -0.003674 -0.132563 0.322472
v -0.182830 -0.132563 0.268126
v -0.125663 -0.127863 0.182569
v 0.199185 -0.127863 0.084027
v 0.178895 -0.127863 0.121988
v 0.312602 -0.132563 0.062911
v 0.294251 -0.132563 0.123405
v 0.312602 -0.132563 -0.062911
v 0.294251 -0.132563 -0.123405
v 0.224348 -0.132563 -0.228022
v 0.175482 -0.132563 -0.268126
v -0.223247 -0.127863 0.000000
v -0.219028 -0.127863 -0.042837
v -0.206533 -0.127863 -0.084027
v -0.186243 -0.127863 -0.121988
v -0.158936 -0.127863 -0.155262
v -0.125663 -0.127863 -0.182569
v -0.087701 -0.127863 -0.202860
v -0.046511 -0.127863 -0.215354
v -0.003674 -0.127863 -0.219573
v -0.301599 -0.132563 -0.123405
v -0.319950 -0.132563 -0.062911
v -0.326146 -0.132563 0.000000
v -0.319950 -0.132563 0.062911
v -0.219028 -0.127863 0.042837
v -0.046511 -0.127863 0.215355
v -0.087701 -0.127863 0.202860
v -0.158936 -0.127863 0.155262
v -0.206533 -0.127863 0.084027
v -0.301599 -0.132563 0.123405
v 0.264452 -0.132563 -0.179156
v 0.178895 -0.127863 -0.121988
v -0.231696 -0.132563 0.228022
v -0.066585 -0.132563 0.316276
v -0.271800 -0.132563 -0.179156
v -0.231696 -0.132563 -0.228022
v -0.182830 -0.132563 -0.268126
v -0.127079 -0.132563 -0.297925
v -0.066585 -0.132563 -0.316276
v -0.003674 -0.132563 -0.322472
v 0.264452 -0.132563 0.179156
v 0.151588 -0.127863 -0.155262
v 0.118314 -0.127863 -0.182569
v 0.199185 -0.127863 -0.084027
v 0.211680 -0.127863 -0.042837
v 0.211680 -0.127863 0.042837
v 0.318798 -0.132563 0.000000
v 0.119731 -0.132563 -0.297925
v 0.059237 -0.132563 -0.316276
v 0.175482 -0.132563 0.268126
v 0.119731 -0.132563 0.297925
v -0.127079 -0.132563 0.297925
v 0.059237 -0.132563 0.316276
v 0.215899 -0.127863 0.000000
v -0.003674 -0.478221 0.000000
v 0.094240 0.148984 -0.236384
v 0.046242 0.148984 -0.250944
v 0.046242 0.148984 -0.250944
v -0.003674 0.148986 0.255858
v -0.003674 0.208345 0.201744
v -0.003674 0.148984 -0.255861
v -0.003674 0.148986 -0.255858
v -0.003674 0.148986 -0.255858
v -0.003620 0.208345 -0.201749
v -0.003674 0.208345 -0.201744
v -0.003620 0.208345 0.201749
v -0.003674 0.148986 0.255858
v -0.003674 0.148984 -0.255861
v 0.094240 0.148984 -0.236384
v -0.003674 -0.478221 0.000000
v -0.003674 -0.478221 0.000000
v -0.003674 -0.478221 0.000000
v -0.003674 -0.478221 0.000000
v -0.003674 -0.478221 0.000000
v -0.003674 -0.478221 0.000000
v -0.003674 -0.478221 0.000000
v -0.003674 -0.478221 0.000000
v -0.003674 -0.478221 0.000000
v -0.003674 -0.478221 0.000000
v -0.003674 -0.478221 0.000000
v -0.003674 -0.478221 0.000000
v -0.003674 -0.478221 0.000000
v -0.003674 -0.478221 0.000000
v -0.003674 -0.478221 0.000000
v -0.003674 -0.478221 0.000000
v -0.003674 -0.478221 0.000000
v -0.003674 -0.478221 0.000000
v -0.003674 -0.478221 0.000000
v -0.003674 -0.478221 0.000000
v -0.003674 -0.478221 0.000000
v -0.003674 -0.478221 0.000000
v -0.003674 -0.478221 0.000000
v -0.003674 -0.478221 0.000000
v -0.003674 -0.478221 0.000000
v -0.003674 -0.478221 0.000000
v -0.003674 -0.478221 0.000000
v -0.003674 -0.478221 0.000000
v -0.003674 -0.478221 0.000000
v -0.003674 -0.478221 0.000000
v -0.003674 -0.478221 0.000000
v -0.003674 -0.478221 0.000000
v -0.003674 -0.478221 0.000000
v -0.003674 -0.478221 0.000000
v -0.003674 -0.478221 0.000000
v -0.003674 -0.478221 0.000000
v -0.003674 -0.478221 0.000000
v -0.003674 -0.478221 0.000000
v -0.003674 -0.478221 0.000000
v -0.003674 -0.478221 0.000000
v -0.003674 -0.478221 0.000000
v -0.003674 -0.478221 0.000000
v -0.003674 -0.478221 0.000000
v -0.003674 -0.478221 0.000000
v -0.003674 -0.478221 0.000000
v -0.003674 -0.478221 0.000000
v -0.003674 -0.478221 0.000000
v -0.003674 -0.478221 0.000000
v -0.003674 -0.478221 0.000000
v -0.003674 0.148984 -0.255861
v -0.003674 0.148984 0.255861
v 0.094240 0.148984 -0.236384
v 0.046242 0.148984 -0.250944
v 0.138474 0.148984 0.212740
v 0.094240 0.148984 0.236384
v 0.046242 0.148984 0.250944
v 0.198022 0.208345 -0.000107
v -0.003620 0.208345 -0.201749
v 0.198022 0.208345 0.000107
v -0.003620 0.208345 0.201749
v -0.003674 0.085711 -0.199048
v -0.003674 0.126739 -0.255861
v -0.202722 0.085711 -0.000000
v -0.259535 0.126739 -0.000000
v -0.254618 0.126739 -0.049916
v -0.198898 0.085711 -0.038832
v -0.240058 0.126739 -0.097914
v -0.187571 0.085711 -0.076172
v -0.169177 0.085711 -0.110585
v -0.216414 0.126739 -0.142149
v -0.144422 0.085711 -0.140748
v -0.184595 0.126739 -0.180921
v -0.145823 0.126739 -0.212740
v -0.114259 0.085711 -0.165502
v -0.101588 0.126739 -0.236384
v -0.079847 0.085711 -0.183897
v -0.053590 0.126739 -0.250944
v -0.042506 0.085711 -0.195223
v -0.003674 0.128478 -0.255861
v -0.003674 0.085711 0.199048
v -0.003674 0.126739 0.255861
v 0.252186 0.126739 -0.000000
v 0.195374 0.085711 -0.000000
v 0.247270 0.126739 -0.049916
v 0.191549 0.085711 -0.038832
v -0.198898 0.085711 0.038832
v -0.254618 0.126739 0.049916
v -0.240058 0.126739 0.097914
v -0.187571 0.085711 0.076172
v -0.216414 0.126739 0.142148
v -0.169177 0.085711 0.110585
v -0.184595 0.126739 0.180921
v -0.144422 0.085711 0.140748
v -0.114259 0.085711 0.165502
v -0.145823 0.126739 0.212740
v -0.101588 0.126739 0.236384
v -0.079847 0.085711 0.183897
v -0.259535 0.128478 -0.000000
v -0.254618 0.128478 -0.049916
v -0.240058 0.128478 -0.097914
v -0.216414 0.128478 -0.142149
v -0.184595 0.128478 -0.180921
v -0.145823 0.128478 -0.212740
v -0.101588 0.128478 -0.236384
v -0.053590 0.128478 -0.250944
v -0.003674 0.065766 -0.287842
v 0.180223 0.085711 -0.076172
v 0.161828 0.085711 -0.110585
v 0.232710 0.126739 -0.097914
v 0.209066 0.126739 -0.142149
v 0.137074 0.085711 -0.140748
v 0.106911 0.085711 -0.165502
v 0.177247 0.126739 -0.180921
v 0.072498 0.085711 -0.183897
v 0.138474 0.126739 -0.212740
v 0.094240 0.126739 -0.236384
v 0.035158 0.085711 -0.195223
v 0.046242 0.126739 -0.250944
v -0.042506 0.085711 0.195223
v -0.053590 0.126739 0.250944
v -0.003674 0.128478 0.255861
v 0.191549 0.085711 0.038832
v 0.247270 0.126739 0.049916
v -0.254618 0.128478 0.049916
v -0.240058 0.128478 0.097914
v -0.216414 0.128478 0.142148
v -0.184595 0.128478 0.180921
v -0.145823 0.128478 0.212740
v -0.101588 0.128478 0.236384
v -0.291516 0.065766 -0.000000
v -0.285985 0.065766 -0.056155
v -0.269605 0.065766 -0.110152
v -0.243006 0.065766 -0.159917
v -0.207209 0.065766 -0.203535
v -0.163591 0.065766 -0.239332
v -0.113826 0.065766 -0.265931
v -0.059829 0.065766 -0.282311
v 0.252186 0.128478 -0.000000
v 0.180223 0.085711 0.076172
v 0.247270 0.128478 -0.049916
v 0.161828 0.085711 0.110585
v 0.232710 0.128478 -0.097914
v 0.137074 0.085711 0.140748
v 0.106911 0.085711 0.165502
v 0.209066 0.128478 -0.142149
v 0.177247 0.128478 -0.180921
v 0.072498 0.085711 0.183897
v 0.138474 0.128478 -0.212740
v 0.035158 0.085711 0.195223
v 0.094240 0.128478 -0.236384
v 0.046242 0.128478 -0.250944
v -0.053590 0.128478 0.250944
v -0.003674 0.065766 0.287842
v 0.232710 0.126739 0.097914
v 0.209066 0.126739 0.142148
v 0.177247 0.126739 0.180921
v 0.138474 0.126739 0.212740
v 0.094240 0.126739 0.236384
v 0.046242 0.126739 0.250944
v -0.285985 0.065766 0.056155
v -0.269605 0.065766 0.110152
v -0.243006 0.065766 0.159917
v -0.207209 0.065766 0.203535
v -0.003674 0.121136 -0.287842
v -0.163591 0.065766 0.239332
v -0.113826 0.065766 0.265931
v 0.284168 0.065766 -0.000000
v 0.278637 0.065766 -0.056155
v 0.262257 0.065766 -0.110152
v 0.235658 0.065766 -0.159917
v 0.199861 0.065766 -0.203535
v 0.156242 0.065766 -0.239332
v 0.106478 0.065766 -0.265931
v 0.052481 0.065766 -0.282311
v -0.059829 0.065766 0.282311
v 0.247270 0.128478 0.049916
v 0.232710 0.128478 0.097914
v 0.209066 0.128478 0.142148
v 0.177247 0.128478 0.180921
v 0.138474 0.128478 0.212740
v 0.094240 0.128478 0.236384
v 0.046242 0.128478 0.250944
v -0.291516 0.121136 -0.000000
v -0.285985 0.121136 -0.056155
v -0.269605 0.121136 -0.110152
v -0.243006 0.121136 -0.159917
v -0.207209 0.121136 -0.203535
v -0.163591 0.121136 -0.239332
v -0.113826 0.121136 -0.265931
v -0.059829 0.121136 -0.282311
v -0.003674 0.052647 -0.300706
v -0.003674 0.121136 0.287842
v 0.278637 0.065766 0.056155
v 0.262257 0.065766 0.110152
v 0.235658 0.065766 0.159917
v 0.199861 0.065766 0.203535
v -0.304380 0.052647 -0.000000
v -0.298602 0.052647 -0.058665
v -0.281490 0.052647 -0.115075
v -0.253702 0.052647 -0.167063
v -0.216305 0.052647 -0.212631
v -0.170737 0.052647 -0.250028
v -0.118749 0.052647 -0.277816
v -0.062339 0.052647 -0.294928
v 0.156242 0.065766 0.239332
v 0.106478 0.065766 0.265931
v 0.052481 0.065766 0.282311
v -0.056617 0.147155 -0.266161
v -0.107525 0.147155 -0.250719
v -0.285985 0.121136 0.056155
v -0.154442 0.147155 -0.225641
v -0.269605 0.121136 0.110152
v -0.195566 0.147155 -0.191892
v 0.284168 0.121136 -0.000000
v -0.003674 0.147155 -0.271376
v -0.229315 0.147155 -0.150768
v -0.254393 0.147155 -0.103851
v -0.269835 0.147155 -0.052943
v -0.275050 0.147155 -0.000000
v -0.243006 0.121136 0.159916
v -0.207209 0.121136 0.203535
v -0.163591 0.121136 0.239332
v 0.278637 0.121136 -0.056155
v 0.262257 0.121136 -0.110152
v 0.235658 0.121136 -0.159917
v 0.199861 0.121136 -0.203535
v 0.156242 0.121136 -0.239332
v 0.106478 0.121136 -0.265931
v 0.052481 0.121136 -0.282311
v -0.113826 0.121136 0.265931
v -0.059829 0.121136 0.282311
v -0.003674 0.052647 0.300706
v -0.003674 0.052647 -0.345938
v 0.297032 0.052647 -0.000000
v 0.291254 0.052647 -0.058665
v 0.274142 0.052647 -0.115075
v 0.246354 0.052647 -0.167063
v 0.208957 0.052647 -0.212631
v 0.163389 0.052647 -0.250028
v 0.111401 0.052647 -0.277816
v -0.298602 0.052647 0.058665
v -0.281490 0.052647 0.115075
v -0.253702 0.052647 0.167063
v -0.216305 0.052647 0.212631
v -0.170737 0.052647 0.250028
v -0.118749 0.052647 0.277816
v -0.062339 0.052647 0.294928
v -0.056617 0.147155 0.266161
v -0.349612 0.052647 -0.000000
v -0.342965 0.052647 -0.067489
v -0.323279 0.052647 -0.132385
v -0.291311 0.052647 -0.192193
v -0.248289 0.052647 -0.244615
v -0.195867 0.052647 -0.287637
v -0.136059 0.052647 -0.319605
v -0.071163 0.052647 -0.339291
v 0.054991 0.052647 -0.294928
v 0.049269 0.147155 -0.266161
v 0.100177 0.147155 -0.250719
v -0.064580 0.147155 -0.306197
v 0.147094 0.147155 -0.225641
v -0.123146 0.147155 -0.288431
v 0.188218 0.147155 -0.191892
v -0.177121 0.147155 -0.259581
v -0.224430 0.147155 -0.220756
v 0.221967 0.147155 -0.150768
v -0.003674 0.147155 -0.312196
v -0.263255 0.147155 -0.173447
v -0.292105 0.147155 -0.119472
v -0.309871 0.147155 -0.060906
v -0.315870 0.147155 -0.000000
v -0.107525 0.147155 0.250719
v -0.154442 0.147155 0.225641
v -0.195566 0.147155 0.191892
v 0.247044 0.147155 -0.103851
v 0.262487 0.147155 -0.052943
v 0.267702 0.147155 -0.000000
v -0.003674 0.147155 0.271376
v -0.229315 0.147155 0.150768
v -0.254393 0.147155 0.103851
v -0.269835 0.147155 0.052943
v 0.278637 0.121136 0.056155
v 0.262257 0.121136 0.110152
v 0.235658 0.121136 0.159916
v -0.003674 0.052647 -0.352750
v 0.199861 0.121136 0.203535
v 0.156242 0.121136 0.239332
v 0.106478 0.121136 0.265931
v 0.052481 0.121136 0.282311
v -0.003674 0.052647 0.345938
v 0.291254 0.052647 0.058665
v 0.274142 0.052647 0.115075
v 0.246354 0.052647 0.167063
v 0.208957 0.052647 0.212631
v 0.342264 0.052647 -0.000000
v 0.335617 0.052647 -0.067489
v 0.315931 0.052647 -0.132385
v 0.163389 0.052647 0.250028
v 0.111401 0.052647 0.277816
v -0.342965 0.052647 0.067489
v -0.323279 0.052647 0.132385
v -0.291311 0.052647 0.192193
v -0.248289 0.052647 0.244615
v -0.195867 0.052647 0.287637
v -0.356424 0.052647 -0.000000
v -0.349646 0.052647 -0.068818
v -0.329573 0.052647 -0.134992
v -0.296975 0.052647 -0.195977
v -0.253106 0.052647 -0.249432
v -0.199652 0.052647 -0.293301
v -0.138666 0.052647 -0.325899
v -0.072492 0.052647 -0.345972
v 0.283963 0.052647 -0.192193
v 0.240941 0.052647 -0.244615
v 0.188519 0.052647 -0.287637
v -0.072492 0.115799 -0.345972
v 0.128711 0.052647 -0.319605
v -0.138666 0.115799 -0.325899
v 0.063815 0.052647 -0.339291
v -0.199652 0.115799 -0.293301
v 0.057232 0.147155 -0.306197
v -0.253106 0.115799 -0.249432
v 0.115798 0.147155 -0.288431
v -0.003674 0.115799 -0.352750
v -0.296975 0.115799 -0.195977
v -0.329573 0.115799 -0.134992
v -0.349646 0.115799 -0.068818
v -0.356424 0.115799 -0.000000
v -0.136059 0.052647 0.319605
v -0.071163 0.052647 0.339291
v 0.054991 0.052647 0.294928
v 0.169773 0.147155 -0.259581
v 0.217082 0.147155 -0.220756
v 0.255907 0.147155 -0.173447
v 0.284757 0.147155 -0.119472
v 0.302523 0.147155 -0.060906
v 0.308522 0.147155 -0.000000
v 0.049269 0.147155 0.266161
v 0.100177 0.147155 0.250719
v -0.064580 0.147155 0.306197
v 0.147094 0.147155 0.225641
v -0.123146 0.147155 0.288431
v 0.188218 0.147155 0.191892
v -0.003674 0.052647 -0.402706
v -0.177121 0.147155 0.259581
v -0.224430 0.147155 0.220756
v 0.221967 0.147155 0.150768
v -0.003674 0.147155 0.312196
v -0.263255 0.147155 0.173447
v -0.292105 0.147155 0.119472
v -0.309871 0.147155 0.060906
v 0.247044 0.147155 0.103851
v 0.262487 0.147155 0.052943
v -0.003674 0.052647 0.352750
v 0.335617 0.052647 0.067489
v 0.315931 0.052647 0.132385
v -0.349646 0.052647 0.068818
v -0.329573 0.052647 0.134992
v -0.296975 0.052647 0.195977
v -0.253106 0.052647 0.249432
v -0.406380 0.052647 -0.000000
v -0.398642 0.052647 -0.078564
v -0.375726 0.052647 -0.154109
v -0.338512 0.052647 -0.223731
v -0.288430 0.052647 -0.284756
v -0.227405 0.052647 -0.334837
v -0.157783 0.052647 -0.372052
v -0.082238 0.052647 -0.394968
v -0.199652 0.052647 0.293301
v 0.349076 0.052647 -0.000000
v 0.342298 0.052647 -0.068818
v -0.082238 0.115799 -0.394968
v 0.322224 0.052647 -0.134992
v -0.157783 0.115799 -0.372052
v 0.289627 0.052647 -0.195977
v -0.227405 0.115799 -0.334837
v 0.245758 0.052647 -0.249432
v -0.288430 0.115799 -0.284756
v 0.192303 0.052647 -0.293301
v -0.003674 0.115799 -0.402706
v -0.338512 0.115799 -0.223731
v -0.375726 0.115799 -0.154109
v -0.398642 0.115799 -0.078564
v -0.406380 0.115799 -0.000000
v -0.138666 0.052647 0.325899
v -0.072492 0.052647 0.345972
v 0.283963 0.052647 0.192193
v 0.131318 0.052647 -0.325899
v 0.065144 0.052647 -0.345972
v 0.065144 0.115799 -0.345972
v 0.131318 0.115799 -0.325899
v 0.192303 0.115799 -0.293301
v 0.245758 0.115799 -0.249432
v 0.289627 0.115799 -0.195977
v 0.240941 0.052647 0.244615
v 0.188519 0.052647 0.287637
v -0.072492 0.115799 0.345972
v 0.128711 0.052647 0.319605
v -0.138666 0.115799 0.325899
v -0.003674 0.052647 -0.409254
v 0.322224 0.115799 -0.134992
v 0.342298 0.115799 -0.068818
v 0.349076 0.115799 -0.000000
v 0.063815 0.052647 0.339291
v -0.199652 0.115799 0.293301
v 0.057232 0.147155 0.306197
v -0.253106 0.115799 0.249432
v 0.115798 0.147155 0.288431
v -0.003674 0.115799 0.352750
v -0.296975 0.115799 0.195977
v -0.329573 0.115799 0.134992
v -0.349646 0.115799 0.068818
v 0.169773 0.147155 0.259581
v 0.217082 0.147155 0.220756
v 0.255907 0.147155 0.173447
v 0.284757 0.147155 0.119472
v 0.302523 0.147155 0.060906
v -0.003674 0.052647 0.402706
v -0.412928 0.052647 -0.000000
v -0.405064 0.052647 -0.079841
v -0.381775 0.052647 -0.156615
v -0.343956 0.052647 -0.227369
v -0.293060 0.052647 -0.289386
v -0.231043 0.052647 -0.340282
v -0.160289 0.052647 -0.378101
v -0.083516 0.052647 -0.401390
v -0.398642 0.052647 0.078564
v -0.375726 0.052647 0.154109
v -0.083516 0.124477 -0.401390
v -0.338512 0.052647 0.223731
v -0.160289 0.124477 -0.378101
v -0.288430 0.052647 0.284756
v -0.231043 0.124477 -0.340282
v 0.399032 0.052647 -0.000000
v -0.293060 0.124477 -0.289386
v 0.391294 0.052647 -0.078564
v -0.003674 0.124477 -0.409254
v -0.343956 0.124477 -0.227369
v -0.381775 0.124477 -0.156615
v -0.405064 0.124477 -0.079841
v -0.412928 0.124477 -0.000000
v -0.227405 0.052647 0.334837
v -0.157783 0.052647 0.372052
v -0.082238 0.052647 0.394968
v 0.368377 0.052647 -0.154109
v 0.331163 0.052647 -0.223731
v 0.281082 0.052647 -0.284756
v 0.220057 0.052647 -0.334837
v 0.150435 0.052647 -0.372052
v 0.074890 0.052647 -0.394968
v 0.074890 0.115799 -0.394968
v 0.150435 0.115799 -0.372052
v 0.342298 0.052647 0.068818
v -0.082238 0.115799 0.394968
v 0.322224 0.052647 0.134992
v -0.157783 0.115799 0.372052
v -0.003674 0.052647 -0.441992
v 0.220057 0.115799 -0.334837
v 0.281082 0.115799 -0.284756
v 0.331163 0.115799 -0.223731
v 0.368377 0.115799 -0.154109
v 0.391294 0.115799 -0.078564
v 0.399032 0.115799 -0.000000
v 0.289627 0.052647 0.195977
v -0.227405 0.115799 0.334837
v 0.245758 0.052647 0.249432
v -0.288430 0.115799 0.284756
v 0.192303 0.052647 0.293301
v -0.003674 0.115799 0.402706
v -0.338512 0.115799 0.223731
v -0.375726 0.115799 0.154109
v -0.398642 0.115799 0.078564
v 0.131318 0.052647 0.325899
v 0.065144 0.052647 0.345972
v 0.065144 0.115799 0.345972
v 0.131318 0.115799 0.325899
v 0.192303 0.115799 0.293301
v -0.445667 0.052647 -0.000000
v -0.437174 0.052647 -0.086228
v -0.412022 0.052647 -0.169143
v -0.371177 0.052647 -0.245558
v -0.316210 0.052647 -0.312536
v -0.249232 0.052647 -0.367503
v -0.172817 0.052647 -0.408348
v -0.089903 0.052647 -0.433500
v 0.245758 0.115799 0.249432
v -0.089903 0.124477 -0.433500
v 0.289627 0.115799 0.195977
v -0.172817 0.124477 -0.408348
v -0.003674 0.052647 0.409254
v -0.249232 0.124477 -0.367503
v 0.322224 0.115799 0.134992
v -0.316210 0.124477 -0.312536
v 0.342298 0.115799 0.068818
v -0.003674 0.124477 -0.441992
v -0.371177 0.124477 -0.245558
v -0.412022 0.124477 -0.169143
v -0.437174 0.124477 -0.086228
v -0.445667 0.124477 -0.000000
v -0.405064 0.052647 0.079841
v -0.381775 0.052647 0.156615
v -0.343956 0.052647 0.227369
v 0.405580 0.052647 -0.000000
v 0.397716 0.052647 -0.079841
v 0.374427 0.052647 -0.156615
v 0.336608 0.052647 -0.227369
v 0.285712 0.052647 -0.289386
v 0.223695 0.052647 -0.340282
v -0.293060 0.052647 0.289386
v -0.231043 0.052647 0.340282
v -0.160289 0.052647 0.378101
v -0.083516 0.052647 0.401390
v -0.083516 0.124477 0.401390
v -0.003674 0.052647 -0.449598
v 0.152941 0.052647 -0.378101
v 0.076167 0.052647 -0.401390
v 0.076167 0.124477 -0.401390
v 0.152941 0.124477 -0.378101
v 0.223695 0.124477 -0.340282
v 0.285712 0.124477 -0.289386
v 0.336608 0.124477 -0.227369
v 0.374427 0.124477 -0.156615
v 0.397716 0.124477 -0.079841
v 0.405580 0.124477 -0.000000
v -0.160289 0.124477 0.378101
v -0.231043 0.124477 0.340282
v -0.293060 0.124477 0.289386
v 0.391294 0.052647 0.078564
v -0.003674 0.124477 0.409254
v -0.343956 0.124477 0.227369
v -0.381775 0.124477 0.156615
v -0.405064 0.124477 0.079841
v 0.368377 0.052647 0.154109
v -0.453272 0.052647 -0.000000
v -0.444633 0.052647 -0.087712
v -0.419049 0.052647 -0.172054
v -0.377501 0.052647 -0.249783
v -0.321588 0.052647 -0.317914
v -0.253457 0.052647 -0.373827
v -0.175728 0.052647 -0.415375
v -0.091386 0.052647 -0.440959
v 0.331163 0.052647 0.223731
v 0.281082 0.052647 0.284756
v 0.220057 0.052647 0.334837
v -0.091386 0.103961 -0.440959
v 0.150435 0.052647 0.372052
v -0.175728 0.103961 -0.415375
v -0.253457 0.103961 -0.373827
v -0.321588 0.103961 -0.317914
v 0.074890 0.052647 0.394968
v -0.003674 0.103961 -0.449598
v -0.377501 0.103961 -0.249783
v -0.419049 0.103961 -0.172054
v -0.444633 0.103961 -0.087712
v -0.453272 0.103961 -0.000000
v 0.074890 0.115799 0.394968
v 0.150435 0.115799 0.372052
v -0.003674 0.052647 0.441992
v 0.220057 0.115799 0.334837
v 0.281082 0.115799 0.284756
v 0.331163 0.115799 0.223731
v 0.368377 0.115799 0.154109
v 0.391294 0.115799 0.078564
v 0.438318 0.052647 -0.000000
v 0.429826 0.052647 -0.086228
v -0.437174 0.052647 0.086228
v -0.412022 0.052647 0.169143
v -0.371177 0.052647 0.245558
v -0.316210 0.052647 0.312536
v -0.003674 0.001181 -0.585415
v 0.404674 0.052647 -0.169143
v 0.363829 0.052647 -0.245558
v 0.308862 0.052647 -0.312536
v 0.241884 0.052647 -0.367503
v 0.165469 0.052647 -0.408348
v 0.082554 0.052647 -0.433500
v 0.082554 0.124477 -0.433500
v 0.165469 0.124477 -0.408348
v 0.241884 0.124477 -0.367503
v 0.308862 0.124477 -0.312536
v 0.363829 0.124477 -0.245558
v 0.404674 0.124477 -0.169143
v 0.429826 0.124477 -0.086228
v -0.249232 0.052647 0.367503
v -0.172817 0.052647 0.408348
v -0.089903 0.052647 0.433500
v -0.089903 0.124477 0.433500
v -0.172817 0.124477 0.408348
v -0.249232 0.124477 0.367503
v -0.316210 0.124477 0.312536
v -0.003674 0.124477 0.441992
v -0.589089 0.001181 -0.000000
v -0.577841 0.001181 -0.114209
v -0.544527 0.001181 -0.224029
v -0.490429 0.001181 -0.325239
v -0.417625 0.001181 -0.413951
v -0.328913 0.001181 -0.486755
v -0.227703 0.001181 -0.540853
v -0.117883 0.001181 -0.574167
v 0.438318 0.124477 -0.000000
v -0.371177 0.124477 0.245558
v -0.412022 0.124477 0.169143
v -0.117883 0.155427 -0.574167
v -0.437174 0.124477 0.086228
v -0.227703 0.155427 -0.540853
v -0.328913 0.155427 -0.486755
v -0.417625 0.155427 -0.413951
v -0.003674 0.155427 -0.585415
v -0.490429 0.155427 -0.325239
v -0.544527 0.155427 -0.224029
v -0.577841 0.155427 -0.114209
v -0.589089 0.155427 -0.000000
v 0.397716 0.052647 0.079841
v 0.374427 0.052647 0.156615
v 0.336608 0.052647 0.227369
v 0.285712 0.052647 0.289386
v 0.223695 0.052647 0.340282
v -0.003674 0.052647 0.449598
v 0.152941 0.052647 0.378101
v 0.076167 0.052647 0.401390
v 0.076167 0.124477 0.401390
v 0.152941 0.124477 0.378101
v 0.223695 0.124477 0.340282
v 0.285712 0.124477 0.289386
v 0.336608 0.124477 0.227369
v 0.374427 0.124477 0.156615
v 0.397716 0.124477 0.079841
v 0.445924 0.052647 -0.000000
v 0.437285 0.052647 -0.087712
v 0.411701 0.052647 -0.172054
v 0.370153 0.052647 -0.249783
v 0.314240 0.052647 -0.317914
v 0.246109 0.052647 -0.373827
v 0.168380 0.052647 -0.415375
v 0.084038 0.052647 -0.440959
v 0.084038 0.103961 -0.440959
v 0.168380 0.103961 -0.415375
v 0.246109 0.103961 -0.373827
v 0.314240 0.103961 -0.317914
v 0.370153 0.103961 -0.249783
v 0.411701 0.103961 -0.172054
v 0.437285 0.103961 -0.087712
v 0.445924 0.103961 -0.000000
v -0.444633 0.052647 0.087712
v -0.419049 0.052647 0.172054
v -0.377501 0.052647 0.249783
v -0.321588 0.052647 0.317914
v -0.253457 0.052647 0.373827
v -0.175728 0.052647 0.415375
v -0.091386 0.052647 0.440959
v -0.091386 0.103961 0.440959
v -0.175728 0.103961 0.415375
v -0.003674 0.208345 -0.201744
v -0.253457 0.103961 0.373827
v -0.321588 0.103961 0.317914
v -0.003674 0.103961 0.449598
v -0.377501 0.103961 0.249783
v -0.419049 0.103961 0.172054
v -0.444633 0.103961 0.087712
v 0.429826 0.052647 0.086228
v -0.003674 0.001181 0.585415
v 0.581741 0.001181 -0.000000
v 0.570492 0.001181 -0.114209
v 0.537179 0.001181 -0.224029
v 0.483081 0.001181 -0.325239
v 0.410277 0.001181 -0.413951
v 0.321565 0.001181 -0.486755
v 0.220355 0.001181 -0.540853
v 0.110535 0.001181 -0.574167
v 0.110535 0.155427 -0.574167
v 0.220355 0.155427 -0.540853
v 0.321565 0.155427 -0.486755
v 0.410277 0.155427 -0.413951
v 0.483081 0.155427 -0.325239
v 0.537179 0.155427 -0.224029
v 0.570492 0.155427 -0.114209
v 0.581741 0.155427 -0.000000
v 0.404674 0.052647 0.169143
v 0.363829 0.052647 0.245558
v 0.308862 0.052647 0.312536
v 0.241884 0.052647 0.367503
v 0.165469 0.052647 0.408348
v 0.082554 0.052647 0.433500
v 0.082554 0.124477 0.433500
v 0.198011 0.208345 -0.000000
v 0.165469 0.124477 0.408348
v 0.241884 0.124477 0.367503
v 0.308862 0.124477 0.312536
v 0.363829 0.124477 0.245558
v 0.404674 0.124477 0.169143
v 0.429826 0.124477 0.086228
v -0.577841 0.001181 0.114209
v -0.544527 0.001181 0.224029
v -0.490429 0.001181 0.325239
v -0.417625 0.001181 0.413951
v -0.328913 0.001181 0.486755
v -0.227703 0.001181 0.540853
v -0.117883 0.001181 0.574167
v -0.117883 0.155427 0.574167
v -0.227703 0.155427 0.540853
v -0.328913 0.155427 0.486755
v -0.417625 0.155427 0.413951
v -0.003674 0.155427 0.585415
v -0.490429 0.155427 0.325239
v -0.544527 0.155427 0.224029
v -0.577841 0.155427 0.114209
v 0.437285 0.052647 0.087712
v 0.411701 0.052647 0.172054
v 0.370153 0.052647 0.249783
v 0.314240 0.052647 0.317914
v 0.246109 0.052647 0.373827
v 0.168380 0.052647 0.415375
v 0.084038 0.052647 0.440959
v 0.084038 0.103961 0.440959
v 0.168380 0.103961 0.415375
v 0.246109 0.103961 0.373827
v 0.314240 0.103961 0.317914
v 0.370153 0.103961 0.249783
v 0.411701 0.103961 0.172054
v 0.437285 0.103961 0.087712
v -0.003674 0.208345 0.201744
v 0.570492 0.001181 0.114209
v 0.537179 0.001181 0.224029
v 0.483081 0.001181 0.325239
v 0.410277 0.001181 0.413951
v 0.321565 0.001181 0.486755
v 0.220355 0.001181 0.540853
v 0.110535 0.001181 0.574167
v 0.110535 0.155427 0.574167
v 0.220355 0.155427 0.540853
v 0.321565 0.155427 0.486755
v 0.410277 0.155427 0.413951
v 0.483081 0.155427 0.325239
v 0.537179 0.155427 0.224029
v 0.570492 0.155427 0.114209
v 0.117025 -0.014344 -0.291393
v 0.057858 -0.014344 -0.309341
v 0.117025 -0.014344 0.291393
v 0.057858 -0.014344 0.309341
v -0.385297 -0.016762 0.254992
v -0.265921 -0.014344 0.175228
v 0.171554 -0.014344 0.262247
v 0.320869 -0.016762 0.324543
v 0.219349 -0.014344 0.223023
v -0.003674 -0.014344 0.315402
v -0.003674 -0.016762 0.458974
v -0.258666 -0.016762 0.381623
v -0.178902 -0.014344 0.262247
v 0.287719 -0.014344 0.120699
v 0.258573 -0.014344 0.175228
v 0.446480 -0.016762 0.089541
v 0.420362 -0.016762 0.175642
v 0.446480 -0.016762 -0.089541
v 0.420362 -0.016762 -0.175642
v 0.320869 -0.016762 -0.324543
v 0.251318 -0.016762 -0.381623
v -0.319076 -0.014344 0.000000
v -0.313015 -0.014344 -0.061532
v -0.295067 -0.014344 -0.120699
v -0.265921 -0.014344 -0.175228
v -0.226697 -0.014344 -0.223023
v -0.178902 -0.014344 -0.262247
v -0.124373 -0.014344 -0.291393
v -0.065206 -0.014344 -0.309341
v -0.003674 -0.014344 -0.315402
v -0.427710 -0.016762 -0.175642
v -0.453829 -0.016762 -0.089541
v -0.462648 -0.016762 0.000000
v -0.453829 -0.016762 0.089541
v -0.313015 -0.014344 0.061532
v -0.065206 -0.014344 0.309341
v -0.124373 -0.014344 0.291393
v -0.226697 -0.014344 0.223023
v -0.295067 -0.014344 0.120699
v -0.427710 -0.016762 0.175642
v 0.377948 -0.016762 -0.254992
v 0.258573 -0.014344 -0.175228
v -0.328217 -0.016762 0.324543
v -0.093215 -0.016762 0.450155
v -0.385297 -0.016762 -0.254992
v -0.328217 -0.016762 -0.324543
v -0.258666 -0.016762 -0.381623
v -0.179316 -0.016762 -0.424036
v -0.093215 -0.016762 -0.450155
v -0.003674 -0.016762 -0.458974
v 0.377948 -0.016762 0.254992
v 0.219349 -0.014344 -0.223023
v 0.171554 -0.014344 -0.262247
v 0.287719 -0.014344 -0.120699
v 0.305667 -0.014344 -0.061532
v 0.305667 -0.014344 0.061532
v 0.455300 -0.016762 0.000000
v 0.171968 -0.016762 -0.424036
v 0.085867 -0.016762 -0.450155
v 0.251318 -0.016762 0.381623
v 0.171968 -0.016762 0.424036
v -0.179316 -0.016762 0.424036
v 0.085867 -0.016762 0.450155
v 0.311727 -0.014344 0.000000
v -0.381897 0.104814 0.566050
v -0.264198 0.104814 0.628961
v 0.664028 0.104814 0.132814
v 0.625287 0.104814 0.260524
v 0.664028 0.051794 0.132814
v 0.625287 0.051794 0.260524
v 0.664028 0.051794 -0.132814
v 0.625287 0.051794 -0.260524
v 0.477712 0.051794 -0.481386
v 0.374549 0.051794 -0.566050
v 0.374549 0.104814 0.566050
v 0.256850 0.104814 0.628961
v 0.677109 0.104814 -0.000000
v 0.664028 0.104814 -0.132814
v 0.129140 0.104814 0.667702
v 0.562376 0.104814 -0.378223
v 0.477712 0.104814 -0.481386
v 0.256850 0.104814 -0.628961
v 0.129140 0.104814 -0.667702
v -0.632635 0.051794 0.260524
v -0.569724 0.051794 0.378223
v 0.562376 0.104814 0.378223
v 0.477712 0.104814 0.481386
v -0.485060 0.051794 0.481386
v -0.381897 0.051794 0.566050
v -0.136488 0.051794 0.667702
v -0.003674 0.051794 0.680783
v -0.684457 0.051794 -0.000000
v -0.671376 0.051794 -0.132814
v -0.632635 0.051794 -0.260524
v -0.569724 0.051794 -0.378223
v -0.485060 0.051794 -0.481386
v -0.381897 0.051794 -0.566050
v -0.264198 0.051794 -0.628961
v -0.136488 0.051794 -0.667702
v -0.003674 0.051794 -0.680783
v -0.671376 0.051794 0.132814
v -0.684457 0.104814 -0.000000
v -0.671376 0.104814 -0.132814
v -0.632635 0.104814 -0.260524
v -0.569724 0.104814 -0.378223
v -0.485060 0.104814 -0.481386
v -0.381897 0.104814 -0.566050
v -0.264198 0.104814 -0.628961
v -0.136488 0.104814 -0.667702
v -0.003674 0.104814 -0.680783
v -0.632635 0.104814 0.260524
v -0.569724 0.104814 0.378223
v 0.562376 0.051794 0.378223
v 0.477712 0.051794 0.481386
v -0.671376 0.104814 0.132814
v 0.677109 0.051794 -0.000000
v 0.562376 0.051794 -0.378223
v 0.256850 0.051794 -0.628961
v 0.129140 0.051794 -0.667702
v 0.374549 0.051794 0.566050
v 0.256850 0.051794 0.628961
v 0.625287 0.104814 -0.260524
v 0.374549 0.104814 -0.566050
v -0.264198 0.051794 0.628961
v 0.129140 0.051794 0.667702
v -0.136488 0.104814 0.667702
v -0.003674 0.104814 0.680783
v -0.485060 0.104814 0.481386
v 0.094240 0.148984 -0.236384
v 0.046242 0.148984 -0.250944
v 0.046242 0.148984 -0.250944
v 0.046242 0.148984 0.250944
v 0.046242 0.148984 0.250944
v 0.094240 0.148984 0.236384
v -0.003674 0.148986 0.255858
v -0.003674 0.148986 0.255858
v -0.003674 0.208345 0.201744
v -0.003674 0.148984 -0.255861
v -0.003674 0.148986 -0.255858
v -0.003674 0.148986 -0.255858
v -0.003620 0.208345 -0.201749
v -0.003674 0.148986 -0.255858
v -0.003674 0.208345 -0.201744
v -0.003620 0.208345 0.201749
v -0.003674 0.148984 0.255861
v -0.003674 0.148986 0.255858
v -0.003674 0.148984 -0.255861
v 0.041880 0.124085 0.229018
v 0.041880 0.124085 0.229018
v 0.085684 0.124085 0.215730
v -0.232692 0.124085 0.045554
v -0.232692 0.124085 0.045554
v -0.219404 0.124085 0.089358
v -0.003674 0.148984 0.255861
v 0.085684 0.124085 -0.215730
v 0.041880 0.124085 -0.229018
v 0.041880 0.124085 -0.229018
v 0.041364 0.121136 -0.226420
v -0.003674 0.121136 -0.230856
v -0.003674 0.121136 -0.230856
v -0.049229 0.124085 0.229018
v -0.049229 0.124085 0.229018
v -0.003674 0.124085 0.233505
v 0.188276 0.121136 -0.128257
v 0.159566 0.121136 -0.163240
v 0.126054 0.124085 -0.194152
v 0.126054 0.124085 -0.194152
v 0.085684 0.124085 -0.215730
v 0.124583 0.121136 -0.191950
v 0.124583 0.121136 -0.191950
v 0.084671 0.121136 -0.213283
v 0.084671 0.121136 -0.213283
v 0.161439 0.124085 -0.165113
v -0.230094 0.121136 -0.045038
v -0.230094 0.121136 -0.045038
v -0.234530 0.121136 -0.000000
v -0.216957 0.121136 -0.088345
v -0.216957 0.121136 -0.088345
v -0.195624 0.121136 -0.128257
v -0.195624 0.121136 -0.128257
v 0.227182 0.121136 -0.000000
v 0.222746 0.121136 -0.045038
v 0.222746 0.121136 -0.045038
v -0.166914 0.121136 -0.163240
v 0.209609 0.121136 -0.088345
v 0.188276 0.121136 -0.128257
v -0.131931 0.121136 -0.191950
v -0.166914 0.121136 -0.163240
v 0.209609 0.121136 -0.088345
v -0.092019 0.121136 -0.213283
v -0.131931 0.121136 -0.191950
v -0.048712 0.121136 -0.226420
v -0.092019 0.121136 -0.213283
v 0.084671 0.121136 0.213283
v 0.084671 0.121136 0.213283
v 0.124583 0.121136 0.191950
v 0.124583 0.121136 0.191950
v -0.048712 0.121136 -0.226420
v 0.225344 0.124085 0.045554
v 0.229830 0.124085 -0.000000
v 0.229830 0.124085 -0.000000
v 0.159566 0.121136 0.163240
v 0.126054 0.124085 0.194152
v 0.161439 0.124085 0.165113
v -0.003674 0.121136 0.230856
v -0.003674 0.121136 0.230856
v 0.041364 0.121136 0.226420
v 0.190478 0.124085 -0.129728
v 0.041364 0.121136 -0.226420
v 0.159566 0.121136 0.163240
v 0.188276 0.121136 0.128257
v 0.188276 0.121136 0.128257
v -0.048712 0.121136 0.226420
v -0.048712 0.121136 0.226420
v -0.232692 0.124085 -0.045554
v -0.237178 0.124085 -0.000000
v -0.219404 0.124085 -0.089358
v -0.219404 0.124085 -0.089358
v -0.232692 0.124085 -0.045554
v -0.197826 0.124085 -0.129728
v -0.197826 0.124085 -0.129728
v 0.094240 0.148984 -0.236384
v -0.168787 0.124085 -0.165113
v 0.212056 0.124085 -0.089358
v 0.190478 0.124085 -0.129728
v -0.133402 0.124085 -0.194152
v -0.168787 0.124085 -0.165113
v -0.093032 0.124085 -0.215730
v -0.133402 0.124085 -0.194152
v -0.234530 0.121136 -0.000000
v -0.230094 0.121136 0.045038
v -0.049229 0.124085 -0.229018
v -0.093032 0.124085 -0.215730
v -0.131931 0.121136 0.191950
v -0.131931 0.121136 0.191950
v -0.092019 0.121136 0.213283
v -0.003674 0.124085 -0.233504
v -0.049229 0.124085 -0.229018
v 0.212056 0.124085 0.089358
v 0.212056 0.124085 0.089358
v 0.225344 0.124085 0.045554
v -0.219404 0.124085 0.089358
v -0.197826 0.124085 0.129728
v 0.161439 0.124085 0.165113
v 0.190478 0.124085 0.129728
v 0.190478 0.124085 0.129728
v 0.094240 0.148984 0.236384
v 0.041364 0.121136 0.226420
v -0.237178 0.124085 -0.000000
v 0.222746 0.121136 0.045038
v 0.227182 0.121136 -0.000000
v 0.225344 0.124085 -0.045554
v 0.225344 0.124085 -0.045554
v 0.212056 0.124085 -0.089358
v -0.195624 0.121136 0.128257
v -0.195624 0.121136 0.128257
v -0.166914 0.121136 0.163240
v 0.209609 0.121136 0.088345
v 0.209609 0.121136 0.088345
v -0.216957 0.121136 0.088345
v -0.216957 0.121136 0.088345
v -0.230094 0.121136 0.045038
v 0.222746 0.121136 0.045038
v -0.092019 0.121136 0.213283
v -0.003674 0.124085 0.233505
v -0.093032 0.124085 0.215730
v -0.093032 0.124085 0.215730
v -0.133402 0.124085 0.194152
v -0.133402 0.124085 0.194152
v 0.085684 0.124085 0.215730
v 0.126054 0.124085 0.194152
v -0.003674 0.124085 -0.233504
v -0.168787 0.124085 0.165113
v -0.197826 0.124085 0.129728
v -0.003674 0.065766 -0.199048
v -0.003674 0.065766 -0.199048
v 0.195374 0.065766 -0.000000
v 0.191549 0.065766 -0.038832
v 0.035158 0.065766 -0.195223
v 0.106911 0.065766 -0.165502
v 0.072498 0.065766 -0.183897
v 0.137074 0.065766 -0.140748
v 0.180223 0.065766 -0.076172
v 0.161828 0.065766 -0.110585
v -0.042506 0.065766 -0.195223
v -0.198898 0.065766 -0.038832
v -0.202722 0.065766 -0.000000
v -0.187571 0.065766 -0.076172
v -0.169177 0.065766 -0.110585
v -0.144422 0.065766 -0.140748
v -0.114259 0.065766 -0.165502
v -0.079847 0.065766 -0.183897
v -0.003674 0.065766 0.199048
v -0.003674 0.065766 0.199048
v 0.191549 0.065766 0.038832
v 0.195374 0.065766 -0.000000
v 0.035158 0.065766 0.195223
v 0.106911 0.065766 0.165502
v 0.072498 0.065766 0.183897
v 0.180223 0.065766 0.076172
v 0.137074 0.065766 0.140748
v 0.161828 0.065766 0.110585
v -0.042506 0.065766 0.195223
v -0.202722 0.065766 -0.000000
v -0.198898 0.065766 0.038832
v -0.114259 0.065766 0.165502
v -0.079847 0.065766 0.183897
v -0.169177 0.065766 0.110585
v -0.187571 0.065766 0.076172
v -0.144422 0.065766 0.140748
v -0.003674 -0.478221 0.000000
v -0.003674 -0.478221 0.000000
v -0.003674 -0.478221 0.000000
v -0.003674 -0.478221 0.000000
vn 0.4709 -0.0454 0.8810
vn 0.0979 -0.0454 0.9942
vn -0.9560 -0.0454 -0.2900
vn -0.6337 -0.0454 -0.7722
vn 0.2900 -0.0454 -0.9560
vn -0.9942 -0.0454 -0.0979
vn -0.7722 -0.0454 -0.6337
vn 0.7722 -0.0454 -0.6337
vn 0.6337 -0.0454 -0.7722
vn -0.8810 -0.0454 -0.4709
vn 0.9942 -0.0454 -0.0979
vn 0.9560 -0.0454 -0.2900
vn 0.9560 -0.0454 0.2900
vn 0.8810 -0.0454 0.4709
vn -0.7722 -0.0454 0.6337
vn -0.2900 -0.0454 0.9560
vn 0.7722 -0.0454 0.6337
vn 0.0979 -0.0454 -0.9942
vn -0.6337 -0.0454 0.7722
vn -0.0979 -0.0454 0.9942
vn 0.6337 -0.0454 0.7722
vn 0.4709 -0.0454 -0.8810
vn 0.8810 -0.0454 -0.4709
vn 0.2900 -0.0454 0.9560
vn 0.2382 -0.8630 -0.4456
vn -0.5028 -0.8630 0.0495
vn -0.6456 -0.5500 -0.5298
vn -0.1467 -0.8630 -0.4835
vn -0.8311 -0.5500 0.0819
vn -0.7365 -0.5500 -0.3937
vn -0.2382 -0.8630 -0.4456
vn 0.2382 -0.8630 0.4456
vn 0.0819 -0.5500 0.8311
vn -0.7992 -0.5500 -0.2424
vn -0.3205 -0.8630 -0.3906
vn 0.1467 -0.8630 -0.4835
vn 0.0495 -0.8630 0.5028
vn -0.8311 -0.5500 -0.0819
vn -0.3906 -0.8630 -0.3205
vn 0.3906 -0.8630 -0.3205
vn 0.3205 -0.8630 -0.3906
vn -0.4456 -0.8630 -0.2382
vn 0.5028 -0.8630 -0.0495
vn 0.4835 -0.8630 -0.1467
vn -0.4835 -0.8630 -0.1467
vn 0.4835 -0.8630 0.1467
vn -0.5028 -0.8630 -0.0495
vn 0.4456 -0.8630 0.2382
vn 0.7992 -0.5500 0.2424
vn -0.0000 1.0000 -0.0000
vn -0.9180 0.3693 0.1444
vn -0.7674 -0.6297 0.1208
vn -0.3906 -0.8630 0.3205
vn -0.2424 -0.5500 0.7992
vn 0.3906 -0.8630 0.3205
vn 0.0819 -0.5500 -0.8311
vn 0.6016 0.4768 0.6409
vn 0.6818 -0.0870 0.7264
vn 0.0495 -0.8630 -0.5028
vn -0.4709 -0.0454 -0.8810
vn -0.9942 -0.0454 0.0979
vn -0.2900 -0.0454 -0.9560
vn -0.0979 -0.0454 -0.9942
vn 0.9942 -0.0454 0.0979
vn -0.9560 -0.0454 0.2900
vn -0.8810 -0.0454 0.4709
vn -0.4709 -0.0454 0.8810
vn -0.0000 -1.0000 -0.0000
vn -0.0979 0.0475 -0.9941
vn -0.0975 -0.0959 -0.9906
vn -0.0495 -0.8630 -0.5028
vn -0.5298 -0.5500 -0.6456
vn 0.5028 -0.8630 0.0495
vn 0.4456 -0.8630 -0.2382
vn 0.6456 -0.5500 0.5298
vn -0.3298 -0.5206 -0.7876
vn -0.3296 -0.5206 -0.7876
vn 0.8311 -0.5500 0.0819
vn -0.1467 -0.8630 0.4835
vn -0.2424 -0.5500 -0.7992
vn 0.1467 -0.8630 0.4835
vn -0.4835 -0.8630 0.1467
vn -0.0819 -0.5500 -0.8311
vn -0.7321 -0.1736 0.6587
vn -0.6774 0.4120 0.6094
vn 0.5298 -0.5500 -0.6456
vn 0.6456 -0.5500 -0.5298
vn -0.7365 -0.5500 0.3937
vn -0.2382 -0.8630 0.4456
vn 0.7992 -0.5500 -0.2424
vn -0.0819 -0.5500 0.8311
vn 0.8311 -0.5500 -0.0819
vn -0.4833 -0.4762 0.7346
vn -0.4887 -0.4748 0.7320
vn -0.6456 -0.5500 0.5298
vn -0.7992 -0.5500 0.2424
vn 0.0537 0.6124 -0.7887
vn 0.0123 -0.9836 -0.1800
vn -0.4456 -0.8630 0.2382
vn 0.2424 -0.5500 0.7992
vn 0.7365 -0.5500 -0.3937
vn 0.3937 -0.5500 -0.7365
vn -0.3205 -0.8630 0.3906
vn 0.3937 -0.5500 0.7365
vn 0.3205 -0.8630 0.3906
vn -0.0495 -0.8630 0.5028
vn 0.0979 -0.0486 -0.9940
vn 0.0976 0.0922 -0.9909
vn 0.2887 -0.1033 0.9518
vn -0.9518 -0.1033 0.2887
vn 0.2887 -0.1033 -0.9518
vn -0.0975 -0.1033 0.9899
vn 0.4689 -0.1033 -0.8772
vn 0.6310 -0.1033 -0.7689
vn 0.9899 -0.1033 0.0975
vn 0.6310 -0.1033 0.7689
vn 0.7689 -0.1033 -0.6310
vn -0.9899 -0.1033 -0.0975
vn -0.9518 -0.1033 -0.2887
vn -0.8772 -0.1033 -0.4689
vn -0.7689 -0.1033 -0.6310
vn 0.8772 -0.1033 -0.4689
vn -0.6310 -0.1033 -0.7689
vn -0.4689 -0.1033 -0.8772
vn -0.2887 -0.1033 -0.9518
vn -0.0975 -0.1033 -0.9899
vn 0.9518 -0.1033 0.2887
vn -0.8772 -0.1033 0.4689
vn 0.7689 -0.1033 0.6310
vn -0.9899 -0.1033 0.0975
vn 0.9518 -0.1033 -0.2887
vn 0.9899 -0.1033 -0.0975
vn 0.0975 -0.1033 0.9899
vn -0.2887 -0.1033 0.9518
vn -0.4689 -0.1033 0.8772
vn 0.4689 -0.1033 0.8772
vn 0.0975 -0.1033 -0.9899
vn 0.8772 -0.1033 0.4689
vn -0.6310 -0.1033 0.7689
vn -0.7689 -0.1033 0.6310
vn 0.8001 -0.2694 -0.5359
vn 0.8005 -0.2698 -0.5352
vn 0.7978 -0.2673 -0.5405
vn 0.9998 -0.0000 0.0216
vn -0.4970 0.5259 0.6902
vn -0.4982 0.5267 0.6887
vn -0.4968 0.5259 0.6904
vn -0.6276 0.5880 0.5103
vn -0.4366 -0.6648 0.6061
vn -0.4376 -0.6651 0.6051
vn -0.4378 -0.6653 0.6048
vn -0.9795 -0.0000 0.2013
vn 0.7482 0.4359 -0.5002
vn 0.7477 0.4357 -0.5010
vn 0.7457 0.4350 -0.5048
vn -0.7301 -0.6675 -0.1463
vn -0.7304 -0.6687 -0.1390
vn -0.7300 -0.6673 -0.1478
vn -0.7250 0.6747 -0.1384
vn -0.7237 0.6748 -0.1446
vn -0.7233 0.6748 -0.1464
vn -0.5113 0.8086 -0.2911
vn -0.5083 0.8089 -0.2955
vn -0.5073 0.8090 -0.2969
vn 0.9888 -0.0017 -0.1494
vn 0.9888 -0.0000 -0.1494
vn 0.8663 -0.2985 -0.4006
vn -0.7974 -0.6003 0.0615
vn -0.3976 0.5083 0.7639
vn 0.9328 -0.0000 -0.3604
vn -0.8226 0.5650 0.0634
vn 0.8819 0.4559 -0.1198
vn -0.8706 -0.0000 -0.4920
vn 0.9981 -0.0606 0.0102
vn -0.6075 -0.0000 0.7943
vn -0.6076 -0.0008 0.7942
vn -0.6076 -0.0000 0.7943
vn -0.5688 -0.7013 0.4297
vn -0.7946 0.5720 0.2036
vn -0.6897 0.6006 0.4044
vn -0.7205 -0.6325 0.2843
vn -0.5656 0.5750 0.5912
vn -0.5655 0.5750 0.5913
vn -0.5664 0.5748 0.5905
vn 0.9114 -0.3713 -0.1772
vn -0.5842 -0.0000 0.8116
vn -0.5841 -0.0000 0.8117
vn -0.5842 0.0004 0.8116
vn -0.6098 -0.0000 0.7926
vn -0.6097 0.0005 0.7926
vn -0.6098 0.0004 0.7926
vn -0.7759 -0.0000 0.6309
vn -0.9501 -0.0000 0.3119
vn -0.9826 -0.0000 0.1859
vn -0.9826 0.0002 0.1859
vn -0.9826 -0.0000 -0.1855
vn 0.6915 0.4706 -0.5481
vn -0.3158 -0.0000 0.9488
vn -0.4554 -0.6608 0.5967
vn -0.4554 -0.6606 0.5968
vn -0.4578 -0.6600 0.5957
vn 0.9979 -0.0000 -0.0648
vn 0.9979 0.0005 -0.0648
vn 0.9979 -0.0000 -0.0649
vn 0.8703 -0.0000 -0.4925
vn 0.8703 -0.0000 -0.4926
vn 0.9888 0.0018 -0.1494
vn -0.9990 -0.0000 0.0446
vn -0.9990 -0.0001 0.0446
vn 0.8275 -0.0000 -0.5614
vn 0.8275 -0.0020 -0.5615
vn 0.8276 -0.0000 -0.5614
vn 0.8275 0.0020 -0.5614
vn -0.8627 -0.0000 0.5058
vn -0.8626 -0.0000 0.5058
vn -0.6911 -0.0000 0.7228
vn -0.6911 -0.0001 0.7228
vn -0.6076 0.0004 0.7943
vn -0.4617 -0.0000 0.8870
vn -0.9795 0.0002 0.2013
vn -0.9990 0.0001 0.0446
vn -0.9591 -0.0000 -0.2830
vn -0.7386 0.6079 0.2914
vn 0.7483 -0.2971 -0.5931
vn -0.4064 -0.6720 0.6191
vn -0.5017 -0.6892 0.5229
vn -0.5014 -0.6892 0.5230
vn -0.5009 -0.6894 0.5234
vn 0.9003 -0.3364 -0.2761
vn 0.8073 0.2298 -0.5435
vn -0.2959 -0.6716 0.6793
vn -0.2939 -0.6713 0.6804
vn -0.2933 -0.6712 0.6808
vn 0.9106 -0.3944 -0.1237
vn 0.9247 -0.3654 0.1070
vn 0.7106 -0.3301 -0.6213
vn -0.7513 -0.6313 0.1925
vn -0.9826 -0.0002 0.1859
vn -0.6730 -0.7091 -0.2104
vn -0.6755 -0.7093 -0.2015
vn -0.6723 -0.7091 -0.2128
vn -0.5197 0.5220 0.6763
vn -0.5202 0.5218 0.6761
vn -0.5172 0.5227 0.6777
vn 0.3178 0.0080 -0.9481
vn -0.3189 0.5150 0.7957
vn -0.5173 0.5227 0.6776
vn -0.5178 0.5231 0.6769
vn -0.8225 0.5332 0.1981
vn -0.6600 0.7249 -0.1973
vn -0.6565 0.7259 -0.2049
vn -0.6553 0.7263 -0.2075
vn 0.9703 -0.0017 -0.2418
vn 0.9703 -0.0000 -0.2418
vn 0.7991 -0.0035 -0.6012
vn 0.7991 -0.0000 -0.6012
vn 0.7991 -0.0041 -0.6012
vn -0.7805 -0.5963 0.1880
vn 0.9703 0.0016 -0.2418
vn 0.9703 0.0019 -0.2418
vn 0.8596 0.4378 -0.2636
vn 0.6507 0.5029 -0.5689
vn 0.9328 0.0004 -0.3604
vn 0.7991 0.0035 -0.6012
vn 0.7990 -0.0000 -0.6013
vn -0.6097 -0.0005 0.7926
vn 0.8782 0.4469 -0.1707
vn -0.5138 -0.7007 0.4950
vn 0.8186 0.4319 -0.3786
vn -0.6283 -0.6914 0.3567
vn -0.6281 -0.6886 0.3624
vn -0.6281 -0.6917 0.3564
vn 0.8703 0.0002 -0.4925
vn -0.6911 0.0001 0.7228
vn -0.6911 -0.0000 0.7227
vn 0.3171 -0.0080 -0.9483
vn 0.9979 -0.0005 -0.0648
vn -0.5374 -0.7832 -0.3126
vn -0.5401 -0.7835 -0.3072
vn -0.5367 -0.7832 -0.3140
vn 0.9933 0.1012 -0.0554
vn 0.6925 0.1153 -0.7121
vn 0.6153 0.1232 -0.7786
vn 0.3964 0.1373 -0.9078
vn 0.8198 0.0968 -0.5645
vn 0.9159 0.0745 -0.3944
vn 0.9230 0.0723 -0.3780
vn 0.9622 0.0572 -0.2664
vn 0.9694 0.0535 -0.2394
vn 0.9787 0.1434 -0.1467
vn -0.6293 -0.2694 -0.7290
vn -0.6286 -0.2698 -0.7294
vn -0.6336 -0.2672 -0.7261
vn -0.1002 -0.0000 -0.9950
vn 0.7456 0.5259 0.4093
vn 0.7443 0.5267 0.4107
vn 0.7457 0.5259 0.4091
vn 0.5829 0.5880 0.5608
vn 0.6548 -0.6648 0.3595
vn 0.6538 -0.6652 0.3606
vn 0.6536 -0.6653 0.3609
vn 0.3190 -0.0000 0.9478
vn -0.5875 0.4359 -0.6817
vn -0.5883 0.4358 -0.6812
vn -0.5918 0.4350 -0.6786
vn -0.0563 -0.6675 0.7425
vn -0.0491 -0.6686 0.7420
vn -0.0578 -0.6673 0.7426
vn -0.0491 0.6747 0.7364
vn -0.0556 0.6748 0.7359
vn -0.0573 0.6748 0.7357
vn -0.2267 0.8086 0.5429
vn -0.2313 0.8089 0.5405
vn -0.2329 0.8090 0.5397
vn -0.2686 -0.0018 -0.9632
vn -0.2686 -0.0000 -0.9632
vn -0.2687 -0.0000 -0.9632
vn -0.5031 -0.2985 -0.8111
vn 0.1581 -0.6003 0.7840
vn 0.8066 0.5083 0.3016
vn -0.4713 -0.0003 -0.8820
vn -0.4713 -0.0000 -0.8820
vn 0.1631 0.5650 0.8088
vn -0.2263 0.4559 -0.8608
vn -0.3824 -0.0000 0.9240
vn -0.1114 -0.0606 -0.9919
vn 0.8624 -0.0000 0.5063
vn 0.8623 -0.0008 0.5064
vn 0.8623 -0.0000 0.5064
vn 0.4958 -0.7013 0.5123
vn 0.2988 0.5720 0.7639
vn 0.4854 0.6006 0.6354
vn 0.3699 -0.6325 0.6806
vn 0.6556 0.5750 0.4895
vn 0.6557 0.5750 0.4893
vn 0.6552 0.5749 0.4901
vn -0.2868 -0.3713 -0.8831
vn 0.8767 -0.0000 0.4810
vn 0.8767 0.0004 0.4810
vn 0.8609 -0.0000 0.5088
vn 0.8609 0.0004 0.5087
vn 0.8609 0.0004 0.5088
vn 0.7207 -0.0000 0.6933
vn 0.4252 -0.0000 0.9051
vn 0.3041 -0.0000 0.9526
vn 0.3041 0.0002 0.9526
vn -0.0645 -0.0000 0.9979
vn -0.6282 0.4706 -0.6196
vn 0.9802 -0.0000 0.1980
vn 0.6477 -0.6608 0.3794
vn 0.6478 -0.6606 0.3794
vn 0.6471 -0.6599 0.3818
vn -0.1858 -0.0000 -0.9826
vn -0.1858 0.0005 -0.9826
vn -0.1859 -0.0000 -0.9826
vn -0.5948 -0.0000 -0.8039
vn -0.5948 -0.0001 -0.8039
vn -0.5947 -0.0000 -0.8039
vn -0.2687 0.0019 -0.9632
vn 0.1659 -0.0000 0.9861
vn 0.1659 -0.0001 0.9861
vn -0.6580 -0.0000 -0.7530
vn -0.6580 -0.0020 -0.7530
vn -0.6579 -0.0000 -0.7531
vn -0.6580 0.0020 -0.7530
vn 0.6070 -0.0000 0.7947
vn 0.8015 -0.0000 0.5980
vn 0.8015 -0.0001 0.5980
vn 0.8623 0.0009 0.5064
vn 0.9366 -0.0000 0.3503
vn 0.3190 0.0002 0.9478
vn 0.1659 0.0001 0.9861
vn -0.1641 -0.0000 0.9864
vn 0.3792 0.6079 0.6976
vn -0.6798 -0.2971 -0.6705
vn 0.6640 -0.6720 0.3280
vn 0.5801 -0.6892 0.4343
vn 0.5801 -0.6891 0.4342
vn 0.5805 -0.6893 0.4335
vn -0.3836 -0.3364 -0.8600
vn -0.6377 0.2298 -0.7352
vn 0.7102 -0.6716 0.2110
vn 0.7111 -0.6713 0.2089
vn 0.7114 -0.6712 0.2083
vn -0.2337 -0.3944 -0.8887
vn -0.0063 -0.3654 -0.9308
vn -0.7032 -0.3301 -0.6297
vn 0.2825 -0.6313 0.7223
vn 0.3041 -0.0002 0.9526
vn -0.1269 -0.7091 0.6936
vn -0.1178 -0.7093 0.6950
vn -0.1294 -0.7091 0.6932
vn 0.7346 0.5219 0.4335
vn 0.7344 0.5218 0.4341
vn 0.7356 0.5227 0.4309
vn -0.9797 0.0080 -0.2001
vn 0.8286 0.5150 0.2197
vn 0.7356 0.5227 0.4310
vn 0.7349 0.5231 0.4316
vn 0.2967 0.5332 0.7922
vn -0.1155 0.7249 0.6791
vn -0.1234 0.7260 0.6766
vn -0.1261 0.7263 0.6757
vn -0.3581 -0.0017 -0.9337
vn -0.3581 -0.0000 -0.9337
vn -0.6940 -0.0035 -0.7200
vn -0.6940 -0.0000 -0.7200
vn -0.6940 -0.0041 -0.7200
vn 0.2816 -0.5963 0.7518
vn -0.3581 0.0015 -0.9337
vn -0.3581 0.0019 -0.9337
vn -0.3663 0.4378 -0.8211
vn -0.6439 0.5029 -0.5766
vn -0.4713 0.0004 -0.8820
vn -0.6940 0.0036 -0.7199
vn -0.6941 -0.0000 -0.7199
vn 0.8609 -0.0004 0.5087
vn -0.2764 0.4469 -0.8508
vn 0.5539 -0.7007 0.4497
vn -0.4754 0.4319 -0.7665
vn 0.4306 -0.6915 0.5800
vn 0.4361 -0.6886 0.5793
vn 0.4302 -0.6917 0.5800
vn 0.8015 -0.0004 0.5980
vn -0.9799 -0.0080 -0.1993
vn -0.1858 -0.0006 -0.9826
vn -0.2449 -0.7832 0.5715
vn -0.2392 -0.7835 0.5735
vn -0.2464 -0.7832 0.5709
vn -0.1759 0.1012 -0.9792
vn -0.7911 0.1153 -0.6007
vn -0.8477 0.1232 -0.5160
vn -0.8477 0.1232 -0.5159
vn -0.9493 0.1373 -0.2830
vn -0.6600 0.0968 -0.7450
vn -0.5030 0.0745 -0.8611
vn -0.4875 0.0723 -0.8701
vn -0.3816 0.0572 -0.9226
vn -0.3557 0.0535 -0.9331
vn -0.2647 0.1434 -0.9536
vn 0.6524 -0.2694 0.7083
vn 0.6518 -0.2698 0.7088
vn 0.6567 -0.2672 0.7052
vn 0.1323 -0.0000 0.9912
vn -0.7584 0.5259 -0.3851
vn -0.7571 0.5267 -0.3864
vn -0.7585 0.5259 -0.3848
vn -0.6007 0.5880 -0.5417
vn -0.6660 -0.6648 -0.3382
vn -0.6651 -0.6652 -0.3393
vn -0.6649 -0.6653 -0.3396
vn -0.3494 -0.0000 -0.9370
vn 0.6092 0.4360 0.6624
vn 0.6100 0.4358 0.6618
vn 0.6133 0.4350 0.6593
vn 0.0324 -0.6675 -0.7439
vn 0.0250 -0.6687 -0.7431
vn 0.0339 -0.6673 -0.7441
vn 0.0253 0.6747 -0.7377
vn 0.0317 0.6748 -0.7373
vn 0.0335 0.6748 -0.7372
vn 0.2090 0.8086 -0.5500
vn 0.2138 0.8089 -0.5477
vn 0.2154 0.8090 -0.5469
vn 0.2995 -0.0018 0.9541
vn 0.2995 -0.0000 0.9541
vn 0.2996 -0.0000 0.9541
vn 0.5290 -0.2985 0.7944
vn -0.1833 -0.6003 -0.7785
vn -0.8159 0.5083 -0.2755
vn 0.4995 -0.0003 0.8663
vn 0.4995 -0.0000 0.8663
vn -0.1891 0.5650 -0.8031
vn 0.2540 0.4559 0.8531
vn 0.3524 -0.0000 -0.9359
vn 0.1433 -0.0606 0.9878
vn -0.8782 -0.0000 -0.4783
vn -0.8782 -0.0004 -0.4783
vn -0.5120 -0.7013 -0.4960
vn -0.3233 0.5720 -0.7538
vn -0.5056 0.6006 -0.6194
vn -0.3916 -0.6325 -0.6683
vn -0.6711 0.5750 -0.4680
vn -0.6712 0.5750 -0.4679
vn -0.6706 0.5749 -0.4689
vn 0.3152 -0.3713 0.8734
vn -0.8918 -0.0000 -0.4525
vn -0.8918 0.0004 -0.4525
vn -0.8769 -0.0000 -0.4808
vn -0.8769 0.0004 -0.4808
vn -0.7426 -0.0000 -0.6697
vn -0.4542 -0.0000 -0.8909
vn -0.3347 -0.0000 -0.9423
vn -0.3347 0.0001 -0.9423
vn -0.3347 0.0002 -0.9423
vn 0.0323 -0.0000 -0.9995
vn 0.6478 0.4706 0.5991
vn -0.9861 -0.0000 -0.1662
vn -0.6596 -0.6608 -0.3583
vn -0.6598 -0.6605 -0.3583
vn -0.6591 -0.6599 -0.3608
vn 0.2174 -0.0000 0.9761
vn 0.2174 0.0005 0.9761
vn 0.2175 -0.0000 0.9761
vn 0.6204 -0.0000 0.7843
vn 0.6204 -0.0001 0.7843
vn 0.2995 0.0018 0.9541
vn -0.1976 -0.0000 -0.9803
vn -0.1976 -0.0001 -0.9803
vn 0.6819 -0.0000 0.7314
vn 0.6819 -0.0020 0.7314
vn 0.6819 -0.0000 0.7315
vn 0.6819 0.0020 0.7314
vn -0.6324 -0.0000 -0.7747
vn -0.8204 -0.0000 -0.5718
vn -0.8204 0.0004 -0.5718
vn -0.8782 0.0004 -0.4783
vn -0.9474 -0.0000 -0.3199
vn -0.3494 0.0002 -0.9370
vn -0.1976 0.0001 -0.9803
vn 0.1322 -0.0000 -0.9912
vn -0.4015 0.6079 -0.6850
vn 0.7011 -0.2971 0.6483
vn -0.6742 -0.6720 -0.3064
vn -0.5938 -0.6892 -0.4153
vn -0.5938 -0.6892 -0.4152
vn -0.5942 -0.6895 -0.4142
vn 0.4112 -0.3364 0.8472
vn 0.6611 0.2298 0.7142
vn -0.7167 -0.6716 -0.1880
vn -0.7175 -0.6713 -0.1859
vn -0.7178 -0.6712 -0.1852
vn 0.2622 -0.3944 0.8807
vn 0.0363 -0.3654 0.9301
vn 0.7232 -0.3301 0.6067
vn -0.3057 -0.6313 -0.7128
vn -0.3347 -0.0001 -0.9423
vn 0.1044 -0.7091 -0.6973
vn 0.0953 -0.7093 -0.6984
vn 0.1070 -0.7091 -0.6970
vn -0.7481 0.5220 -0.4097
vn -0.7480 0.5218 -0.4102
vn -0.7491 0.5227 -0.4069
vn 0.9857 0.0080 0.1684
vn -0.8352 0.5150 -0.1928
vn -0.7491 0.5227 -0.4071
vn -0.7484 0.5231 -0.4076
vn -0.3221 0.5332 -0.7822
vn 0.0936 0.7249 -0.6824
vn 0.1016 0.7260 -0.6802
vn 0.1043 0.7263 -0.6794
vn 0.3880 -0.0013 0.9217
vn 0.3880 -0.0000 0.9216
vn 0.3880 -0.0000 0.9217
vn 0.7169 -0.0035 0.6972
vn 0.7169 -0.0000 0.6972
vn 0.7168 -0.0041 0.6972
vn -0.3057 -0.5963 -0.7423
vn 0.3880 0.0015 0.9216
vn 0.3881 0.0019 0.9216
vn 0.3926 0.4378 0.8088
vn 0.6622 0.5029 0.5555
vn 0.4995 0.0003 0.8663
vn 0.4995 0.0004 0.8663
vn 0.7169 0.0036 0.6972
vn 0.7170 -0.0000 0.6971
vn -0.8769 -0.0004 -0.4807
vn 0.3037 0.4469 0.8415
vn -0.5681 -0.7007 -0.4316
vn 0.4999 0.4319 0.7507
vn -0.4492 -0.6917 -0.5655
vn -0.4546 -0.6886 -0.5649
vn -0.4487 -0.6917 -0.5658
vn 0.6204 0.0002 0.7843
vn -0.8204 -0.0004 -0.5718
vn 0.9858 -0.0080 0.1676
vn 0.2174 -0.0006 0.9761
vn 0.2263 -0.7833 -0.5790
vn 0.2206 -0.7835 -0.5809
vn 0.2278 -0.7832 -0.5785
vn 0.2074 0.1012 0.9730
vn 0.8101 0.1153 0.5749
vn 0.8639 0.1232 0.4883
vn 0.9579 0.1373 0.2522
vn 0.6837 0.0968 0.7233
vn 0.5305 0.0745 0.8444
vn 0.5153 0.0723 0.8539
vn 0.4111 0.0572 0.9098
vn 0.3856 0.0535 0.9211
vn 0.2953 0.1434 0.9446
vn -0.7824 -0.2694 0.5614
vn -0.7828 -0.2698 0.5607
vn -0.7799 -0.2672 0.5660
vn -0.9999 -0.0000 0.0106
vn 0.4746 0.5259 -0.7058
vn 0.4758 0.5267 -0.7044
vn 0.4743 0.5259 -0.7060
vn 0.6108 0.5880 -0.5303
vn 0.4168 -0.6648 -0.6199
vn 0.4178 -0.6652 -0.6188
vn 0.4180 -0.6653 -0.6186
vn 0.9725 -0.0000 -0.2328
vn -0.7317 0.4359 0.5240
vn -0.7312 0.4357 0.5249
vn -0.7290 0.4349 0.5286
vn 0.7344 -0.6675 0.1226
vn 0.7345 -0.6687 0.1154
vn 0.7344 -0.6673 0.1242
vn 0.7291 0.6747 0.1149
vn 0.7280 0.6748 0.1213
vn 0.7276 0.6748 0.1230
vn 0.5204 0.8086 0.2744
vn 0.5176 0.8089 0.2789
vn 0.5166 0.8090 0.2803
vn -0.9834 -0.0019 0.1813
vn -0.9834 -0.0000 0.1812
vn -0.9834 -0.0000 0.1813
vn -0.8529 -0.2985 0.4283
vn 0.7950 -0.6003 -0.0871
vn 0.3727 0.5083 -0.7763
vn -0.9207 -0.0003 0.3903
vn -0.9207 -0.0000 0.3903
vn 0.8202 0.5650 -0.0899
vn -0.8776 0.4559 0.1482
vn 0.8860 -0.0000 0.4637
vn -0.9979 -0.0606 0.0220
vn 0.5816 -0.0000 -0.8135
vn 0.5816 -0.0004 -0.8134
vn 0.5816 -0.0000 -0.8134
vn 0.5547 -0.7013 -0.4478
vn 0.7876 0.5720 -0.2291
vn 0.6763 0.6006 -0.4265
vn 0.7110 -0.6325 -0.3074
vn 0.5463 0.5750 -0.6091
vn 0.5461 0.5750 -0.6092
vn 0.5469 0.5749 -0.6086
vn -0.9053 -0.3713 0.2065
vn 0.5577 -0.0000 -0.8301
vn 0.5577 0.0005 -0.8300
vn 0.5577 0.0004 -0.8301
vn 0.5839 -0.0000 -0.8118
vn 0.5839 0.0004 -0.8118
vn 0.7551 -0.0000 -0.6556
vn 0.9396 -0.0000 -0.3423
vn 0.9761 -0.0000 -0.2175
vn 0.9761 0.0001 -0.2175
vn 0.9761 0.0002 -0.2175
vn 0.9881 -0.0000 0.1537
vn -0.6735 0.4706 0.5701
vn 0.2850 -0.0000 -0.9585
vn 0.4359 -0.6608 -0.6110
vn 0.4358 -0.6606 -0.6113
vn 0.4384 -0.6599 -0.6102
vn -0.9953 -0.0000 0.0970
vn -0.9953 0.0005 0.0970
vn -0.9953 -0.0000 0.0971
vn -0.8540 -0.0000 0.5203
vn -0.8540 -0.0001 0.5203
vn -0.9834 0.0019 0.1812
vn 0.9970 -0.0000 -0.0768
vn 0.9970 -0.0001 -0.0768
vn -0.8090 -0.0000 0.5878
vn -0.8090 -0.0018 0.5878
vn -0.8090 0.0019 0.5879
vn 0.8459 -0.0000 -0.5334
vn 0.6674 -0.0000 -0.7447
vn 0.6674 0.0004 -0.7447
vn 0.5816 0.0004 -0.8134
vn 0.4329 -0.0000 -0.9015
vn 0.9725 0.0002 -0.2328
vn 0.9970 0.0001 -0.0768
vn 0.9678 -0.0000 0.2519
vn 0.7288 0.6079 -0.3151
vn -0.7288 -0.2971 0.6169
vn 0.3862 -0.6720 -0.6319
vn 0.4845 -0.6892 -0.5388
vn 0.4843 -0.6892 -0.5388
vn 0.4836 -0.6894 -0.5393
vn -0.8910 -0.3364 0.3050
vn -0.7894 0.2298 0.5693
vn 0.2738 -0.6716 -0.6884
vn 0.2719 -0.6713 -0.6895
vn 0.2712 -0.6712 -0.6899
vn -0.9061 -0.3944 0.1530
vn -0.9276 -0.3654 -0.0771
vn -0.6902 -0.3301 0.6439
vn 0.7447 -0.6313 -0.2166
vn 0.9761 -0.0001 -0.2175
vn 0.6794 -0.7091 0.1885
vn 0.6817 -0.7093 0.1796
vn 0.6788 -0.7091 0.1910
vn 0.4977 0.5219 -0.6927
vn 0.4982 0.5218 -0.6925
vn 0.4950 0.5227 -0.6941
vn -0.2871 0.0080 0.9579
vn 0.2931 0.5150 -0.8056
vn 0.4952 0.5227 -0.6940
vn 0.4957 0.5232 -0.6933
vn 0.8156 0.5332 -0.2245
vn 0.6660 0.7249 0.1760
vn 0.6628 0.7260 0.1836
vn 0.6617 0.7263 0.1862
vn -0.9620 -0.0015 0.2730
vn -0.9620 -0.0000 0.2730
vn -0.9620 -0.0000 0.2729
vn -0.7792 -0.0035 0.6267
vn -0.7793 -0.0000 0.6267
vn -0.7793 -0.0041 0.6267
vn 0.7740 -0.5963 -0.2131
vn -0.9620 0.0015 0.2730
vn -0.9620 0.0019 0.2730
vn -0.8506 0.4378 0.2912
vn -0.6320 0.5029 0.5896
vn -0.9207 0.0003 0.3903
vn -0.9207 0.0004 0.3903
vn -0.7793 0.0035 0.6267
vn -0.7792 -0.0000 0.6268
vn 0.5838 -0.0004 -0.8119
vn -0.8722 0.4469 0.1990
vn 0.4976 -0.7007 -0.5113
vn -0.8060 0.4319 0.4048
vn 0.6162 -0.6916 -0.3769
vn 0.6161 -0.6886 -0.3824
vn 0.6162 -0.6917 -0.3765
vn -0.8540 0.0001 0.5203
vn 0.6674 0.0001 -0.7447
vn 0.6675 -0.0000 -0.7447
vn -0.2864 -0.0080 0.9581
vn -0.9953 -0.0005 0.0970
vn 0.5472 -0.7833 0.2951
vn 0.5497 -0.7835 0.2896
vn 0.5465 -0.7832 0.2965
vn -0.9910 0.1012 0.0874
vn -0.6692 0.1153 0.7341
vn -0.5899 0.1232 0.7980
vn -0.3669 0.1373 0.9201
vn -0.8011 0.0968 0.5906
vn -0.9027 0.0745 0.4238
vn -0.9103 0.0723 0.4076
vn -0.9531 0.0572 0.2973
vn -0.9612 0.0535 0.2706
vn -0.9735 0.1434 0.1782
vn 0.1986 0.7295 0.6546
vn 0.6807 0.7295 0.0670
vn 0.6546 0.7295 0.1986
vn 0.6032 0.7295 0.3224
vn 0.5287 0.7295 0.4339
vn 0.3224 0.7295 0.6032
vn 0.4339 0.7295 0.5287
vn 0.6807 0.7295 -0.0670
vn 0.6546 0.7295 -0.1986
vn 0.6032 0.7295 -0.3224
vn 0.5287 0.7295 -0.4339
vn 0.4339 0.7295 -0.5287
vn 0.3224 0.7295 -0.6032
vn 0.1986 0.7295 -0.6546
vn -0.6807 0.7295 0.0670
vn -0.6546 0.7295 0.1986
vn -0.6032 0.7295 0.3224
vn -0.5288 0.7295 0.4339
vn -0.4339 0.7295 0.5287
vn -0.3224 0.7295 0.6032
vn -0.1986 0.7295 0.6546
vn -0.0670 0.7295 0.6807
vn -0.6807 0.7295 -0.0670
vn -0.6546 0.7295 -0.1986
vn -0.6032 0.7295 -0.3224
vn -0.5287 0.7295 -0.4339
vn -0.4339 0.7295 -0.5287
vn -0.3224 0.7295 -0.6032
vn -0.1986 0.7295 -0.6546
vn -0.0670 0.7295 -0.6807
vn -0.2165 -0.6663 -0.7136
vn -0.0307 -0.9497 -0.3118
vn -0.0909 -0.9497 -0.2998
vn -0.1477 -0.9497 -0.2763
vn -0.1987 -0.9497 -0.2422
vn -0.2422 -0.9497 -0.1987
vn -0.2763 -0.9497 -0.1477
vn -0.2998 -0.9497 -0.0909
vn -0.3118 -0.9497 -0.0307
vn 0.2763 -0.9497 0.1477
vn 0.2422 -0.9497 0.1987
vn 0.2998 -0.9497 0.0909
vn 0.3118 -0.9497 0.0307
vn -0.3118 -0.9497 0.0307
vn -0.2998 -0.9497 0.0909
vn -0.2763 -0.9497 0.1477
vn -0.1477 -0.9497 0.2763
vn -0.0909 -0.9497 0.2998
vn -0.1987 -0.9497 0.2422
vn 0.1987 -0.9497 0.2422
vn 0.1477 -0.9497 0.2763
vn 0.3118 -0.9497 -0.0307
vn 0.2998 -0.9497 -0.0909
vn 0.2763 -0.9497 -0.1477
vn 0.2422 -0.9497 -0.1987
vn 0.1987 -0.9497 -0.2422
vn 0.1477 -0.9497 -0.2763
vn 0.0909 -0.9497 -0.2998
vn 0.0307 -0.9497 -0.3118
vn 0.2165 -0.6663 -0.7136
vn 0.0670 0.7295 -0.6807
vn 0.8819 -0.0000 -0.4714
vn -0.7730 -0.0000 0.6344
vn -0.6344 -0.0000 0.7730
vn -0.4714 -0.0000 0.8819
vn -0.2903 -0.0000 0.9569
vn -0.0980 -0.0000 0.9952
vn -0.0019 0.9998 0.0192
vn -0.0056 0.9998 0.0185
vn -0.0074 0.9998 0.0178
vn 0.0002 -1.0000 -0.0000
vn -0.0091 0.9998 0.0169
vn -0.0122 0.9998 0.0149
vn -0.0123 0.9998 0.0149
vn -0.0150 0.9998 0.0124
vn -0.0150 0.9998 0.0123
vn -0.0169 0.9998 0.0095
vn -0.3161 0.4572 0.8313
vn -0.0186 0.9998 0.0056
vn -0.0191 0.9998 0.0015
vn -0.0190 0.9998 0.0038
vn -0.0194 0.9998 0.0018
vn -0.0194 0.9998 -0.0000
vn 0.7730 -0.0000 -0.6344
vn 0.6344 -0.0000 -0.7730
vn 0.4714 -0.0000 -0.8819
vn 0.2903 -0.0000 -0.9569
vn 0.0980 -0.0000 -0.9952
vn 0.0018 0.9998 -0.0192
vn 0.0019 0.9998 -0.0192
vn 0.0055 0.9998 -0.0185
vn 0.0074 0.9998 -0.0178
vn -0.7150 0.6955 0.0703
vn -0.7152 0.6953 -0.0704
vn -0.6879 0.6951 -0.2087
vn -0.6341 0.6950 -0.3390
vn -0.5559 0.6949 -0.4562
vn -0.4563 0.6948 -0.5560
vn -0.3391 0.6947 -0.6343
vn -0.2088 0.6948 -0.6883
vn -0.0705 0.6948 -0.7157
vn -0.0307 -0.9497 0.3118
vn -0.2422 -0.9497 0.1987
vn 0.9952 -0.0000 -0.0980
vn -0.8819 -0.0000 0.4714
vn 0.0150 0.9998 -0.0123
vn 0.0150 0.9998 -0.0124
vn 0.0169 0.9998 -0.0095
vn 0.0186 0.9998 -0.0056
vn 0.0191 0.9998 -0.0015
vn 0.0190 0.9998 -0.0038
vn 0.7152 0.6953 -0.0704
vn 0.6341 0.6950 -0.3390
vn 0.4563 0.6948 -0.5560
vn 0.2088 0.6948 -0.6883
vn -0.0980 -0.0000 -0.9952
vn 0.2165 -0.6663 0.7136
vn -0.6344 -0.0000 -0.7730
vn 0.6341 0.6950 0.3390
vn -0.0019 0.9998 -0.0192
vn -0.0018 0.9998 -0.0192
vn -0.0056 0.9998 -0.0185
vn -0.0091 0.9998 -0.0170
vn -0.0074 0.9998 -0.0178
vn -0.0150 0.9998 -0.0123
vn -0.0150 0.9998 -0.0124
vn -0.0123 0.9998 -0.0149
vn -0.0191 0.9998 -0.0015
vn -0.0186 0.9998 -0.0056
vn -0.0190 0.9998 -0.0038
vn -0.7150 0.6955 -0.0703
vn -0.6879 0.6951 0.2087
vn -0.5559 0.6949 0.4562
vn -0.4563 0.6948 0.5560
vn 0.9952 -0.0000 0.0980
vn -0.9569 -0.0000 -0.2903
vn -0.8819 -0.0000 -0.4714
vn 0.7730 -0.0000 0.6344
vn 0.6344 -0.0000 0.7730
vn 0.4714 -0.0000 0.8819
vn 0.2903 -0.0000 0.9569
vn 0.0980 -0.0000 0.9952
vn 0.0019 0.9998 0.0192
vn 0.0056 0.9998 0.0185
vn 0.0074 0.9998 0.0178
vn 0.0091 0.9998 0.0169
vn 0.0123 0.9998 0.0149
vn 0.0122 0.9998 0.0149
vn 0.0150 0.9998 0.0123
vn 0.0150 0.9998 0.0124
vn 0.0171 0.9998 0.0091
vn 0.0169 0.9998 0.0095
vn 0.0191 0.9998 0.0015
vn 0.0186 0.9998 0.0056
vn 0.0190 0.9998 0.0038
vn 0.0194 0.9998 0.0018
vn 0.0195 0.9998 -0.0000
vn 0.0194 0.9998 -0.0000
vn -0.2088 0.6948 0.6883
vn -0.6341 0.6950 0.3390
vn -0.7152 0.6953 0.0704
vn -0.0194 0.9998 -0.0018
vn -0.0171 0.9998 -0.0091
vn -0.0169 0.9998 -0.0095
vn -0.0122 0.9998 -0.0149
vn -0.9569 -0.0000 0.2903
vn -0.0705 0.6948 0.7157
vn 0.8819 -0.0000 0.4714
vn 0.0909 -0.9497 0.2998
vn 0.0705 0.6948 -0.7157
vn 0.3391 0.6947 -0.6343
vn 0.5559 0.6949 -0.4562
vn 0.6879 0.6951 -0.2087
vn 0.7150 0.6955 0.0703
vn 0.3161 0.4572 -0.8313
vn 0.0123 0.9998 -0.0149
vn 0.0122 0.9998 -0.0149
vn 0.9569 -0.0000 -0.2903
vn -0.2165 -0.6663 0.7136
vn -0.0722 0.6719 0.7371
vn -0.2150 0.6718 0.7088
vn -0.4699 0.6718 0.5726
vn -0.6531 0.6720 0.3491
vn -0.7368 0.6722 0.0726
vn 0.0001 1.0000 -0.0000
vn 0.0722 0.6719 0.7371
vn 0.0726 0.6719 -0.7371
vn 0.3492 0.6718 -0.6533
vn 0.5725 0.6719 -0.4699
vn 0.7086 0.6721 -0.2150
vn 0.7367 0.6723 0.0724
vn 0.0726 0.6719 -0.7370
vn 0.7152 0.6953 0.0704
vn -0.4714 -0.0000 -0.8819
vn -0.7730 -0.0000 -0.6344
vn 0.0670 0.7295 0.6807
vn 0.0307 -0.9497 0.3118
vn -0.2903 -0.0000 -0.9569
vn -0.0704 0.6949 0.7156
vn -0.0709 0.6949 0.7156
vn 0.9569 -0.0000 0.2903
vn 0.0705 0.6948 0.7157
vn 0.3391 0.6947 0.6343
vn 0.5559 0.6949 0.4562
vn 0.6879 0.6951 0.2087
vn 0.7150 0.6955 -0.0703
vn -0.7367 0.6723 0.0722
vn -0.7368 0.6722 -0.0726
vn -0.7086 0.6721 -0.2150
vn -0.6531 0.6720 -0.3491
vn -0.5725 0.6719 -0.4699
vn -0.4699 0.6718 -0.5726
vn -0.3492 0.6718 -0.6533
vn -0.2150 0.6718 -0.7088
vn -0.0726 0.6719 -0.7371
vn -0.9952 -0.0070 0.0980
vn 0.4699 0.6718 0.5726
vn 0.7368 0.6722 0.0726
vn -0.0726 0.6719 -0.7370
vn 0.0194 0.9998 -0.0018
vn 0.0726 0.6719 0.7371
vn 0.3492 0.6718 0.6533
vn 0.5725 0.6719 0.4699
vn 0.7086 0.6721 0.2150
vn -0.0001 1.0000 -0.0000
vn 0.7368 0.6722 -0.0726
vn 0.6531 0.6720 -0.3491
vn 0.4699 0.6718 -0.5726
vn 0.2150 0.6718 -0.7088
vn -0.7086 0.6721 0.2150
vn -0.5725 0.6719 0.4699
vn -0.3492 0.6718 0.6533
vn -0.0726 0.6719 0.7371
vn -0.9952 -0.0057 0.0979
vn -0.9952 -0.0057 0.0980
vn -0.9951 -0.0057 0.0982
vn -0.9952 -0.0070 -0.0980
vn -0.9569 -0.0082 -0.2903
vn -0.8819 -0.0092 -0.4714
vn -0.7730 -0.0099 -0.6344
vn -0.7730 -0.0100 -0.6344
vn -0.6344 -0.0104 -0.7730
vn -0.4714 -0.0106 -0.8819
vn -0.2903 -0.0105 -0.9569
vn -0.0980 -0.0101 -0.9951
vn 0.9952 -0.0070 -0.0980
vn -0.6344 -0.0104 0.7730
vn -0.7421 -0.6663 -0.0731
vn 0.2150 0.6718 0.7088
vn -0.0731 -0.6663 -0.7421
vn 0.9569 -0.0082 -0.2903
vn -0.4714 -0.0106 0.8819
vn -0.7136 -0.6663 -0.2165
vn 0.8819 -0.0092 -0.4714
vn -0.2903 -0.0105 0.9569
vn -0.6576 -0.6663 -0.3515
vn 0.7730 -0.0100 -0.6344
vn -0.0980 -0.0101 0.9951
vn -0.5764 -0.6663 -0.4731
vn -0.9569 -0.0082 0.2903
vn 0.4714 -0.0106 -0.8819
vn 0.9952 -0.0070 0.0980
vn -0.4731 -0.6663 -0.5764
vn 0.6344 -0.0104 -0.7730
vn -0.0731 -0.6663 0.7421
vn -0.3515 -0.6663 -0.6576
vn 0.9952 -0.0057 0.0980
vn 0.9952 -0.0057 0.0979
vn 0.9951 -0.0057 0.0982
vn -0.7730 -0.0100 0.6344
vn -0.7730 -0.0099 0.6344
vn -0.7421 -0.6663 0.0731
vn 0.6531 0.6720 0.3491
vn -0.6576 -0.6663 0.3515
vn 0.5764 -0.6663 0.4731
vn 0.6576 -0.6663 -0.3515
vn -0.9952 -0.0000 -0.0980
vn 0.7730 -0.0100 0.6344
vn 0.7730 -0.0099 0.6344
vn 0.5764 -0.6663 -0.4731
vn -0.5764 -0.6663 0.4731
vn 0.2903 -0.0105 -0.9569
vn 0.4714 -0.0106 0.8819
vn 0.0980 -0.0101 -0.9951
vn 0.4731 -0.6663 -0.5764
vn 0.6344 -0.0104 0.7730
vn -0.7136 -0.6663 0.2165
vn -0.3515 -0.6663 0.6576
vn 0.7421 -0.6663 -0.0731
vn 0.9952 -0.0057 -0.0979
vn 0.9952 -0.0057 -0.0980
vn 0.9951 -0.0057 -0.0982
vn 0.0731 -0.6663 -0.7421
vn 0.6576 -0.6663 0.3515
vn 0.8819 -0.0092 0.4714
vn -0.9952 -0.0000 0.0980
vn 0.7136 -0.6663 -0.2165
vn 0.7136 -0.6663 0.2165
vn 0.0731 -0.6663 0.7421
vn 0.2903 -0.0105 0.9569
vn 0.0980 -0.0101 0.9951
vn 0.4731 -0.6663 0.5764
vn 0.3515 -0.6663 -0.6576
vn 0.9569 -0.0082 0.2903
vn -0.4731 -0.6663 0.5764
vn 0.7421 -0.6663 0.0731
vn 0.3515 -0.6663 0.6576
vn -0.0979 -0.0094 0.9952
vn -0.0981 -0.0094 0.9951
vn -0.0977 -0.0094 0.9952
vn -0.0977 -0.0094 -0.9952
vn -0.0981 -0.0094 -0.9951
vn -0.0000 0.9998 -0.0192
vn -0.0000 0.9998 -0.0193
vn -0.0000 0.9998 0.0193
vn -0.0000 0.9998 0.0192
vn -0.0705 0.6949 -0.7156
vn -0.0704 0.6949 -0.7156
vn 0.0979 -0.0094 0.9952
vn 0.0981 -0.0094 0.9951
vn 0.0978 -0.0094 -0.9952
vn 0.0981 -0.0094 -0.9951
vn 0.0977 -0.0094 -0.9952
vn -0.0195 0.9998 -0.0000
vn 0.0704 0.6949 -0.7156
vn 0.2088 0.6948 0.6883
vn -0.7367 0.6723 -0.0722
vn -0.8819 -0.0092 0.4714
vn 0.7367 0.6723 -0.0724
vn 0.4563 0.6948 0.5560
vn 0.0091 0.9998 -0.0170
vn -0.3391 0.6947 0.6343
vn -0.9952 -0.0057 -0.0980
vn -0.9952 -0.0057 -0.0979
vn -0.9951 -0.0057 -0.0982
vn -0.0003 1.0000 -0.0000
vn -0.0002 -1.0000 -0.0000
vn 0.0710 0.6949 0.7156
vn 0.0704 0.6949 0.7156
vn 0.0705 0.6949 0.7156
vn -0.3793 -0.5939 -0.7095
vn 0.6219 -0.5939 0.5104
vn 0.6723 -0.6472 -0.3594
vn 0.7586 -0.6472 0.0747
vn -0.5104 -0.5939 -0.6219
vn -0.0747 -0.6472 -0.7587
vn 0.3594 -0.6472 -0.6723
vn -0.7586 -0.6472 0.0747
vn -0.6219 -0.5939 -0.5104
vn -0.2213 -0.6472 -0.7295
vn -0.8007 -0.5939 0.0789
vn -0.7095 -0.5939 -0.3793
vn -0.3594 -0.6472 -0.6723
vn 0.3594 -0.6472 0.6723
vn 0.0789 -0.5939 0.8007
vn -0.7699 -0.5939 -0.2335
vn -0.4836 -0.6472 -0.5893
vn 0.2213 -0.6472 -0.7295
vn 0.0747 -0.6472 0.7587
vn -0.8007 -0.5939 -0.0789
vn -0.5893 -0.6472 -0.4836
vn 0.5893 -0.6472 -0.4836
vn 0.4836 -0.6472 -0.5893
vn -0.6723 -0.6472 -0.3594
vn 0.7587 -0.6472 -0.0747
vn 0.7295 -0.6472 -0.2213
vn -0.7295 -0.6472 -0.2213
vn 0.7295 -0.6472 0.2213
vn -0.7587 -0.6472 -0.0747
vn 0.6723 -0.6472 0.3594
vn 0.7699 -0.5939 0.2335
vn 0.7095 -0.5939 0.3793
vn 0.8007 -0.5939 0.0789
vn -0.2213 -0.6472 0.7295
vn -0.2335 -0.5939 -0.7699
vn 0.2213 -0.6472 0.7295
vn -0.7295 -0.6472 0.2213
vn -0.0789 -0.5939 -0.8007
vn 0.5104 -0.5939 0.6219
vn 0.5104 -0.5939 -0.6219
vn 0.6219 -0.5939 -0.5104
vn -0.7095 -0.5939 0.3793
vn -0.3594 -0.6472 0.6723
vn 0.7699 -0.5939 -0.2335
vn -0.0789 -0.5939 0.8007
vn 0.8007 -0.5939 -0.0789
vn -0.3793 -0.5939 0.7095
vn -0.6219 -0.5939 0.5104
vn -0.7699 -0.5939 0.2335
vn 0.2335 -0.5939 -0.7699
vn -0.6723 -0.6472 0.3594
vn 0.2335 -0.5939 0.7699
vn 0.7095 -0.5939 -0.3793
vn 0.3793 -0.5939 -0.7095
vn -0.4836 -0.6472 0.5893
vn 0.3793 -0.5939 0.7095
vn 0.4836 -0.6472 0.5893
vn -0.0747 -0.6472 0.7587
vn 0.0747 -0.6472 -0.7587
vn -0.5104 -0.5939 0.6219
vn 0.0789 -0.5939 -0.8007
vn 0.5893 -0.6472 0.4836
vn -0.2335 -0.5939 0.7699
vn -0.5893 -0.6472 0.4836
vn 0.9873 -0.1254 -0.0972
vn 0.9494 -0.1254 -0.2880
vn -0.9494 -0.1254 -0.2880
vn 0.9494 -0.1254 0.2880
vn -0.9873 -0.1254 -0.0972
vn 0.8750 -0.1254 0.4677
vn -0.7669 -0.1254 0.6294
vn -0.2880 -0.1254 0.9494
vn 0.7669 -0.1254 0.6294
vn 0.0972 -0.1254 -0.9873
vn -0.6294 -0.1254 0.7669
vn -0.0972 -0.1254 0.9873
vn 0.6294 -0.1254 0.7669
vn 0.4677 -0.1254 0.8750
vn 0.4677 -0.1254 -0.8750
vn 0.8750 -0.1254 -0.4677
vn 0.2880 -0.1254 0.9494
vn -0.8750 -0.1254 0.4677
vn 0.2880 -0.1254 -0.9494
vn -0.9494 -0.1254 0.2880
vn -0.4677 -0.1254 0.8750
vn 0.7669 -0.1254 -0.6294
vn 0.1460 -0.8643 -0.4813
vn 0.0493 -0.8643 0.5006
vn -0.6481 -0.7589 -0.0638
vn -0.3888 -0.8643 -0.3191
vn 0.3888 -0.8643 -0.3191
vn 0.3191 -0.8643 -0.3888
vn -0.4436 -0.8643 -0.2371
vn 0.5006 -0.8643 -0.0493
vn 0.4813 -0.8643 -0.1460
vn -0.4813 -0.8643 -0.1460
vn 0.4813 -0.8643 0.1460
vn -0.5006 -0.8643 -0.0493
vn 0.4436 -0.8643 0.2371
vn 0.6232 -0.7589 0.1890
vn 0.5743 -0.7589 0.3070
vn -0.3888 -0.8643 0.3191
vn -0.1890 -0.7589 0.6232
vn 0.3888 -0.8643 0.3191
vn 0.0638 -0.7589 -0.6481
vn -0.4131 -0.7589 0.5034
vn 0.0493 -0.8643 -0.5006
vn -0.0493 -0.8643 0.5006
vn 0.3191 -0.8643 0.3888
vn 0.3070 -0.7589 0.5743
vn -0.3191 -0.8643 0.3888
vn 0.3070 -0.7589 -0.5743
vn 0.5743 -0.7589 -0.3070
vn 0.1890 -0.7589 0.6232
vn -0.4436 -0.8643 0.2371
vn 0.1890 -0.7589 -0.6232
vn -0.6232 -0.7589 0.1890
vn -0.5034 -0.7589 0.4131
vn -0.8750 -0.1254 -0.4677
vn 0.6294 -0.1254 -0.7669
vn -0.7669 -0.1254 -0.6294
vn 0.0972 -0.1254 0.9873
vn -0.6294 -0.1254 -0.7669
vn -0.4677 -0.1254 -0.8750
vn -0.9873 -0.1254 0.0972
vn -0.2880 -0.1254 -0.9494
vn -0.0972 -0.1254 -0.9873
vn 0.9873 -0.1254 0.0972
vn -0.3191 -0.8643 -0.3888
vn -0.6232 -0.7589 -0.1890
vn 0.0638 -0.7589 0.6481
vn 0.2371 -0.8643 0.4436
vn -0.2371 -0.8643 -0.4436
vn -0.5743 -0.7589 -0.3070
vn -0.6481 -0.7589 0.0638
vn -0.1460 -0.8643 -0.4813
vn -0.5034 -0.7589 -0.4131
vn -0.5006 -0.8643 0.0493
vn 0.2371 -0.8643 -0.4436
vn -0.0493 -0.8643 -0.5006
vn -0.4131 -0.7589 -0.5034
vn 0.5006 -0.8643 0.0493
vn 0.4436 -0.8643 -0.2371
vn 0.5034 -0.7589 0.4131
vn -0.3070 -0.7589 -0.5743
vn 0.6481 -0.7589 0.0638
vn -0.1460 -0.8643 0.4813
vn -0.1890 -0.7589 -0.6232
vn 0.1460 -0.8643 0.4813
vn -0.4813 -0.8643 0.1460
vn -0.0638 -0.7589 -0.6481
vn 0.4131 -0.7589 0.5034
vn 0.4131 -0.7589 -0.5034
vn 0.5034 -0.7589 -0.4131
vn -0.5743 -0.7589 0.3070
vn -0.2371 -0.8643 0.4436
vn 0.6232 -0.7589 -0.1890
vn -0.0638 -0.7589 0.6481
vn 0.6481 -0.7589 -0.0638
vn -0.3070 -0.7589 0.5743
vn -0.3466 -0.8938 0.2844
vn -0.1091 -0.9900 0.0896
vn -0.2844 -0.8938 -0.3466
vn 0.2114 -0.8938 0.3954
vn 0.8978 0.3461 0.2723
vn -0.3541 0.9345 0.0349
vn 0.2792 -0.2737 0.9204
vn 0.2877 0.1343 0.9483
vn -0.3541 0.9345 -0.0349
vn 0.1033 0.9345 -0.3405
vn -0.1405 -0.9900 0.0138
vn -0.2114 -0.8938 0.3954
vn -0.0000 0.3492 -0.9371
vn -0.0000 0.9742 -0.2255
vn -0.0000 -0.6919 0.7220
vn 0.0001 -0.8423 0.5389
vn -0.3466 -0.8938 -0.2844
vn 0.0138 -0.9900 0.1405
vn 0.9337 0.3461 0.0920
vn -0.0000 -0.7893 0.6140
vn -0.0000 -0.6483 0.7614
vn 0.0349 0.9345 -0.3541
vn -0.0000 0.9061 -0.4231
vn -0.0001 -0.4769 -0.8789
vn -0.3954 -0.8938 -0.2114
vn 0.2723 0.3461 0.8978
vn 0.0702 0.6984 0.7123
vn 0.0702 0.6984 0.7122
vn -0.3405 0.9345 -0.1033
vn 0.6322 -0.6473 0.4257
vn 0.7459 0.4376 0.5022
vn -0.1677 0.9345 -0.3138
vn -0.1302 -0.8938 0.4291
vn 0.1854 0.9811 -0.0562
vn -0.0979 -0.0486 -0.9940
vn -0.0976 0.0922 -0.9909
vn -0.0562 0.9811 0.1854
vn 0.5416 -0.5979 0.5910
vn 0.6454 0.2955 0.7043
vn 0.0190 0.9811 -0.1928
vn -0.0702 0.6984 -0.7123
vn -0.0913 0.9811 0.1708
vn -0.2078 0.6984 -0.6849
vn 0.7123 0.6984 -0.0702
vn 0.7122 0.6984 -0.0702
vn -0.3374 0.6984 -0.6312
vn -0.1229 0.9811 0.1497
vn 0.0920 0.3461 -0.9337
vn 0.4540 0.6984 0.5532
vn -0.4540 0.6984 -0.5532
vn 0.3374 0.6984 -0.6312
vn 0.3768 0.1737 -0.9099
vn 0.3578 -0.3547 -0.8638
vn 0.4540 0.6984 -0.5532
vn 0.4689 -0.6235 -0.6256
vn 0.5705 0.3090 -0.7610
vn 0.0298 0.3349 -0.9418
vn 0.0308 -0.2070 -0.9779
vn 0.5148 -0.7259 -0.4560
vn 0.6968 0.3654 -0.6173
vn 0.7122 0.6984 0.0702
vn 0.7123 0.6984 0.0702
vn -0.5430 -0.8091 0.2249
vn -0.8404 0.4154 0.3481
vn 0.5871 0.7897 0.1781
vn -0.5719 -0.7050 -0.4194
vn -0.7544 0.3534 -0.5532
vn -0.2078 0.6984 0.6849
vn -0.3374 0.6984 0.6312
vn -0.1928 0.9811 -0.0190
vn -0.1229 0.9811 -0.1497
vn 0.0702 0.6984 -0.7123
vn 0.0920 0.3461 0.9337
vn 0.2078 0.6984 -0.6849
vn -0.1497 0.9811 0.1229
vn 0.4580 -0.4696 0.7548
vn 0.5049 0.2303 0.8319
vn -0.7109 -0.3929 -0.5833
vn -0.6527 0.5358 -0.5356
vn -0.5532 0.6984 -0.4540
vn 0.6849 0.6984 -0.2078
vn -0.0702 0.6984 0.7123
vn 0.1928 0.9811 0.0190
vn -0.6312 0.6984 -0.3374
vn 0.1854 0.9811 0.0562
vn -0.1677 0.9345 0.3138
vn 0.3311 0.3198 -0.8877
vn 0.2703 -0.6339 -0.7247
vn -0.6849 0.6984 -0.2078
vn 0.1497 0.9811 0.1229
vn -0.1708 0.9811 0.0913
vn 0.1229 0.9811 0.1497
vn -0.7122 0.6984 -0.0702
vn -0.7123 0.6984 -0.0702
vn 0.0913 0.9811 0.1708
vn 0.0562 0.9811 0.1854
vn 0.0190 0.9811 0.1928
vn 0.5532 0.6984 -0.4540
vn -0.8097 -0.5329 -0.2456
vn 0.8421 -0.5329 -0.0829
vn 0.8097 -0.5329 -0.2456
vn -0.8421 -0.5329 -0.0829
vn 0.7463 -0.5329 -0.3989
vn -0.1854 0.9811 -0.0562
vn -0.5871 0.7897 0.1781
vn -0.6106 0.7897 0.0601
vn 0.5532 0.6984 0.4540
vn 0.0829 -0.5329 -0.8421
vn 0.2456 -0.5329 -0.8097
vn 0.3989 -0.5329 -0.7463
vn -0.8421 -0.5329 0.0829
vn -0.8097 -0.5329 0.2456
vn 0.6541 -0.5329 -0.5368
vn 0.6312 0.6984 0.3374
vn 0.5368 -0.5329 -0.6541
vn 0.1708 0.9811 -0.0913
vn 0.2078 0.6984 0.6849
vn -0.6849 0.6984 0.2078
vn -0.1497 0.9811 -0.1229
vn -0.6312 0.6984 0.3374
vn -0.5532 0.6984 0.4540
vn 0.1928 0.9811 -0.0190
vn 0.6849 0.6984 0.2078
vn -0.4540 0.6984 0.5532
vn 0.8421 -0.5329 0.0829
vn 0.8097 -0.5329 0.2456
vn 0.7463 -0.5329 0.3989
vn -0.1854 0.9811 0.0562
vn -0.5344 -0.2736 -0.7997
vn -0.5054 0.4154 -0.7563
vn 0.6541 -0.5329 0.5368
vn 0.6312 0.6984 -0.3374
vn -0.7804 -0.4658 -0.4171
vn -0.7074 0.5972 -0.3781
vn 0.5368 -0.5329 0.6541
vn -0.1928 0.9811 0.0190
vn -0.0000 0.9981 -0.0620
vn 0.3989 -0.5329 0.7463
vn 0.0009 0.9812 -0.1931
vn 0.2456 -0.5329 0.8097
vn 0.3374 0.6984 0.6312
vn 0.0829 -0.5329 0.8421
vn -0.5871 0.7897 -0.1781
vn -0.6106 0.7897 -0.0601
vn -0.0349 0.9345 -0.3541
vn -0.4291 -0.8938 -0.1302
vn -0.0000 -0.6356 0.7720
vn 0.0001 0.4918 0.8707
vn 0.5871 0.7897 -0.1781
vn -0.0829 -0.5329 0.8421
vn 0.0562 0.9811 -0.1854
vn -0.4743 0.7897 0.3892
vn -0.2456 -0.5329 0.8097
vn -0.3989 -0.5329 0.7463
vn 0.0913 0.9811 -0.1708
vn 0.6635 -0.7462 0.0543
vn 0.9672 0.2414 0.0792
vn -0.5411 0.7897 0.2892
vn 0.1091 -0.9900 0.0896
vn -0.0829 -0.5329 -0.8421
vn -0.0349 0.9345 0.3541
vn -0.2456 -0.5329 -0.8097
vn -0.0190 0.9811 0.1928
vn -0.3989 -0.5329 -0.7463
vn -0.6541 -0.5329 -0.5368
vn 0.6106 0.7897 0.0601
vn -0.5368 -0.5329 -0.6541
vn -0.0601 0.7897 0.6106
vn 0.7958 0.6005 -0.0784
vn -0.1781 0.7897 0.5871
vn -0.7463 -0.5329 -0.3989
vn 0.2892 0.7897 0.5411
vn 0.1781 0.7897 0.5871
vn -0.5411 0.7897 -0.2892
vn -0.4743 0.7897 -0.3892
vn -0.3892 0.7897 -0.4743
vn 0.4743 0.7897 0.3892
vn -0.1708 0.9811 -0.0913
vn -0.2892 0.7897 -0.5411
vn -0.2892 0.7897 0.5411
vn -0.7463 -0.5329 0.3989
vn -0.1781 0.7897 -0.5871
vn 0.3892 0.7897 0.4743
vn 0.1229 0.9811 -0.1497
vn -0.0601 0.7897 -0.6106
vn -0.2844 -0.8938 0.3466
vn -0.6541 -0.5329 0.5368
vn 0.6106 0.7897 -0.0601
vn 0.3466 -0.8938 -0.2844
vn -0.3892 0.7897 0.4743
vn -0.7123 0.6984 0.0702
vn -0.7122 0.6984 0.0702
vn -0.5368 -0.5329 0.6541
vn 0.1497 0.9811 -0.1229
vn 0.7958 0.6005 0.0784
vn 0.1781 0.7897 -0.5871
vn 0.2892 0.7897 -0.5411
vn 0.3769 0.6005 -0.7052
vn 0.3892 0.7897 -0.4743
vn 0.4743 0.7897 -0.3892
vn 0.5411 0.7897 -0.2892
vn 0.5411 0.7897 0.2892
vn -0.7958 0.6005 -0.0784
vn 0.2321 0.6005 -0.7652
vn 0.6181 0.6005 -0.5073
vn 0.7052 0.6005 -0.3769
vn -0.2321 0.6005 -0.7652
vn 0.7652 0.6005 -0.2321
vn -0.4462 -0.8938 -0.0439
vn 0.7652 0.6005 0.2321
vn 0.7052 0.6005 0.3769
vn 0.0601 0.7897 0.6106
vn 0.6181 0.6005 0.5073
vn -0.7958 0.6005 0.0784
vn 0.5073 0.6005 0.6181
vn 0.3769 0.6005 0.7052
vn 0.2321 0.6005 0.7652
vn 0.0784 0.6005 0.7958
vn 0.0601 0.7897 -0.6106
vn -0.4423 0.3461 0.8274
vn 0.0784 0.6005 -0.7958
vn -0.2321 0.6005 0.7652
vn -0.4423 0.3461 -0.8274
vn -0.0920 0.3461 0.9337
vn -0.5952 0.3461 -0.7252
vn -0.0784 0.6005 0.7958
vn -0.7252 0.3461 -0.5952
vn -0.8274 0.3461 -0.4423
vn -0.8978 0.3461 -0.2723
vn -0.8274 0.3461 0.4423
vn -0.9337 0.3461 -0.0920
vn -0.7252 0.3461 0.5952
vn -0.0784 0.6005 -0.7958
vn -0.5952 0.3461 0.7252
vn 0.5073 0.6005 -0.6181
vn -0.9337 0.3461 0.0920
vn -0.8978 0.3461 0.2723
vn 0.3138 0.9345 -0.1677
vn 0.2257 0.9345 0.2751
vn 0.1245 -0.9900 -0.0665
vn 0.2751 0.9345 0.2257
vn 0.3954 -0.8938 0.2114
vn 0.3138 0.9345 0.1677
vn -0.0138 -0.9900 0.1405
vn 0.3405 0.9345 0.1033
vn 0.2751 0.9345 -0.2257
vn 0.3541 0.9345 0.0349
vn 0.2844 -0.8938 -0.3466
vn -0.2723 0.3461 0.8978
vn 0.0665 -0.9900 -0.1245
vn 0.2257 0.9345 -0.2751
vn -0.7652 0.6005 -0.2321
vn 0.5952 0.3461 0.7252
vn 0.4423 0.3461 0.8274
vn -0.0896 -0.9900 0.1091
vn -0.7052 0.6005 -0.3769
vn -0.2723 0.3461 -0.8978
vn -0.3769 0.6005 -0.7052
vn -0.0920 0.3461 -0.9337
vn -0.3769 0.6005 0.7052
vn 0.3541 0.9345 -0.0349
vn 0.4423 0.3461 -0.8274
vn 0.3405 0.9345 -0.1033
vn -0.7652 0.6005 0.2321
vn 0.5952 0.3461 -0.7252
vn -0.7052 0.6005 0.3769
vn 0.7252 0.3461 -0.5952
vn -0.6181 0.6005 0.5073
vn -0.5073 0.6005 0.6181
vn -0.1351 -0.9900 0.0410
vn 0.8274 0.3461 -0.4423
vn 0.1677 0.9345 0.3138
vn -0.0439 -0.8938 0.4462
vn 0.1033 0.9345 0.3405
vn 0.1677 0.9345 -0.3138
vn -0.4462 -0.8938 0.0439
vn 0.8978 0.3461 -0.2723
vn 0.0349 0.9345 0.3541
vn 0.2114 -0.8938 -0.3954
vn 0.4291 -0.8938 0.1302
vn 0.9337 0.3461 -0.0920
vn 0.7252 0.3461 0.5952
vn -0.6181 0.6005 -0.5073
vn -0.5073 0.6005 -0.6181
vn -0.2751 0.9345 0.2257
vn -0.2257 0.9345 0.2751
vn 0.0138 -0.9900 -0.1405
vn 0.4462 -0.8938 -0.0439
vn -0.3954 -0.8938 0.2114
vn -0.1033 0.9345 0.3405
vn 0.3954 -0.8938 -0.2114
vn 0.8274 0.3461 0.4423
vn -0.3138 0.9345 -0.1677
vn -0.2751 0.9345 -0.2257
vn 0.0896 -0.9900 0.1091
vn -0.2257 0.9345 -0.2751
vn -0.3405 0.9345 0.1033
vn 0.4291 -0.8938 -0.1302
vn -0.1033 0.9345 -0.3405
vn -0.3138 0.9345 0.1677
vn 0.2723 0.3461 -0.8978
vn -0.4150 -0.8824 -0.2218
vn 0.0461 0.8824 0.4683
vn 0.4683 -0.8824 -0.0461
vn 0.2985 -0.8824 -0.3637
vn -0.0461 0.8824 0.4683
vn -0.4503 -0.8824 -0.1366
vn 0.1366 0.8824 -0.4503
vn 0.1366 -0.8824 0.4503
vn -0.4683 -0.8824 -0.0461
vn -0.1366 -0.8824 0.4503
vn -0.4150 0.8824 0.2218
vn 0.4150 -0.8824 0.2218
vn 0.1366 0.8824 0.4503
vn -0.4683 0.8824 0.0461
vn -0.3637 0.8824 0.2985
vn 0.2218 0.8824 0.4150
vn 0.4683 -0.8824 0.0461
vn -0.3637 -0.8824 0.2985
vn 0.4683 0.8824 -0.0461
vn -0.4683 -0.8824 0.0461
vn -0.0461 -0.8824 0.4683
vn -0.4503 0.8824 0.1366
vn -0.2985 -0.8824 0.3637
vn 0.0461 -0.8824 0.4683
vn -0.4503 -0.8824 0.1366
vn 0.3637 -0.8824 0.2985
vn 0.4150 -0.8824 -0.2218
vn 0.4683 0.8824 0.0461
vn 0.2218 -0.8824 -0.4150
vn -0.1366 0.8824 0.4503
vn 0.4150 0.8824 0.2218
vn -0.2218 0.8824 0.4150
vn -0.2114 -0.8938 -0.3954
vn 0.1405 -0.9900 0.0138
vn -0.1302 -0.8938 -0.4291
vn -0.1405 -0.9900 -0.0138
vn -0.4291 -0.8938 0.1302
vn -0.0439 -0.8938 -0.4462
vn -0.1351 -0.9900 -0.0410
vn 0.0896 -0.9900 -0.1091
vn 0.0439 -0.8938 -0.4462
vn 0.1245 -0.9900 0.0665
vn -0.1245 -0.9900 -0.0665
vn -0.0410 -0.9900 0.1351
vn -0.1091 -0.9900 -0.0896
vn 0.4462 -0.8938 0.0439
vn 0.1351 -0.9900 -0.0410
vn 0.1302 -0.8938 0.4291
vn -0.0896 -0.9900 -0.1091
vn 0.0439 -0.8938 0.4462
vn 0.0410 -0.9900 0.1351
vn -0.0665 -0.9900 -0.1245
vn -0.1245 -0.9900 0.0665
vn 0.2844 -0.8938 0.3466
vn 0.1405 -0.9900 -0.0138
vn -0.0410 -0.9900 -0.1351
vn 0.1351 -0.9900 0.0410
vn 0.1091 -0.9900 -0.0896
vn -0.0138 -0.9900 -0.1405
vn 0.0410 -0.9900 -0.1351
vn 0.0665 -0.9900 0.1245
vn 0.1302 -0.8938 -0.4291
vn -0.0665 -0.9900 0.1245
vn 0.3466 -0.8938 0.2844
vn 0.0461 0.8824 -0.4683
vn 0.3637 -0.8824 -0.2985
vn -0.4683 0.8824 -0.0461
vn -0.3637 -0.8824 -0.2985
vn 0.1366 -0.8824 -0.4503
vn 0.4503 -0.8824 -0.1366
vn -0.4503 0.8824 -0.1366
vn -0.2985 -0.8824 -0.3637
vn 0.3637 0.8824 -0.2985
vn -0.2985 0.8824 0.3637
vn 0.2218 -0.8824 0.4150
vn -0.4150 0.8824 -0.2218
vn -0.2218 -0.8824 -0.4150
vn 0.4503 0.8824 0.1366
vn 0.3637 0.8824 0.2985
vn -0.4150 -0.8824 0.2218
vn -0.3637 0.8824 -0.2985
vn -0.1366 -0.8824 -0.4503
vn 0.4503 -0.8824 0.1366
vn 0.4150 0.8824 -0.2218
vn -0.2985 0.8824 -0.3637
vn -0.0461 -0.8824 -0.4683
vn -0.2218 -0.8824 0.4150
vn 0.2218 0.8824 -0.4150
vn -0.2218 0.8824 -0.4150
vn -0.0461 0.8824 -0.4683
vn 0.2985 -0.8824 0.3637
vn -0.1366 0.8824 -0.4503
vn 0.0461 -0.8824 -0.4683
vn 0.2985 0.8824 -0.3637
vn 0.2985 0.8824 0.3637
vn 0.4503 0.8824 -0.1366
vn -0.0033 0.9896 -0.1436
vn -0.0155 0.7395 -0.6730
vn 0.0103 0.9860 -0.1666
vn 0.0453 0.6795 -0.7322
vn -0.2165 0.6663 -0.7136
vn 0.2165 0.6663 -0.7136
vn 0.7421 0.6663 0.0731
vn -0.0000 0.9731 -0.2304
vn -0.0000 0.3544 -0.9351
vn 0.7136 0.6663 0.2165
vn -0.4017 -0.5091 -0.7612
vn -0.2743 0.8090 -0.5198
vn 0.5764 0.6663 0.4731
vn 0.4982 0.8617 0.0961
vn 0.7684 -0.6226 0.1481
vn 0.0731 0.6663 -0.7421
vn -0.0303 0.8708 -0.4907
vn -0.0471 -0.6462 -0.7618
vn 0.7421 0.6663 -0.0731
vn -0.9778 -0.2032 -0.0512
vn -0.9100 0.4119 -0.0477
vn -0.5764 0.6663 -0.4731
vn -0.6576 0.6663 0.3515
vn 0.7275 0.3380 -0.5971
vn 0.5687 -0.6773 -0.4667
vn 0.5764 0.6663 -0.4731
vn -0.4731 0.6663 0.5764
vn 0.7136 0.6663 -0.2165
vn 0.3515 0.6663 -0.6576
vn -0.7421 0.6663 0.0731
vn 0.0032 0.9902 -0.1393
vn 0.0151 0.7543 -0.6564
vn -0.8117 0.3911 -0.4339
vn -0.5629 -0.7698 -0.3009
vn 0.8601 0.4384 -0.2609
vn 0.5136 -0.8438 -0.1558
vn -0.7136 0.6663 -0.2165
vn -0.0731 0.6663 -0.7421
vn -0.4731 0.6663 -0.5764
vn -0.3515 0.6663 0.6576
vn 0.4731 0.6663 -0.5764
vn -0.7421 0.6663 -0.0731
vn -0.3515 0.6663 -0.6576
vn 0.8001 -0.5946 -0.0788
vn 0.7213 0.6890 -0.0710
vn -0.5165 -0.2921 0.8050
vn -0.5109 -0.3140 0.8003
vn -0.5117 -0.3141 0.7997
vn -0.1315 0.5324 0.8362
vn -0.0639 -0.9116 0.4060
vn -0.0000 0.7690 -0.6393
vn -0.0000 0.8810 -0.4731
vn -0.8970 -0.4421 -0.0000
vn -0.8972 -0.4415 -0.0000
vn 0.8427 0.4206 -0.3360
vn 0.6324 -0.7324 -0.2521
vn 0.7365 -0.5500 0.3937
vn 0.0114 0.4527 -0.8916
vn 0.0070 -0.8350 -0.5502
vn -0.0000 -0.3185 0.9479
vn -0.0000 -0.8677 -0.4971
vn -0.5298 -0.5500 0.6456
vn -0.1062 -0.9931 0.0507
vn -0.7777 0.5072 0.3714
vn -0.5237 -0.5644 -0.6381
vn -0.6093 0.2782 -0.7425
vn -0.7275 0.3380 -0.5971
vn -0.5687 -0.6773 -0.4667
vn -0.3937 -0.5500 -0.7365
vn -0.0001 0.4733 0.8809
vn -0.0000 -0.8339 0.5519
vn 0.0537 0.6124 0.7887
vn 0.0123 -0.9836 0.1800
vn 0.5298 -0.5500 0.6456
vn 0.8265 0.4684 0.3121
vn 0.0632 -0.9977 0.0239
vn 0.6093 0.2782 -0.7425
vn 0.5237 -0.5644 -0.6381
vn 0.6631 -0.6297 0.4048
vn 0.7932 0.3693 0.4842
vn -0.3981 -0.7698 -0.4989
vn -0.5741 0.3911 -0.7194
vn 0.9492 -0.3145 -0.0000
vn 0.9480 -0.3182 -0.0000
vn 0.3044 -0.2990 -0.9044
vn 0.3129 0.1940 -0.9298
vn -0.3937 -0.5500 0.7365
vn -0.9033 0.2770 0.3275
vn -0.8398 -0.4495 0.3044
vn 0.7293 0.6474 -0.2212
vn 0.2424 -0.5500 -0.7992
vn 0.3045 -0.2990 0.9044
vn 0.3130 0.1940 0.9297
vn 0.4883 0.5566 0.6721
vn 0.2035 -0.9382 0.2800
vn 0.0868 -0.9116 0.4018
vn 0.1787 0.5324 0.8274
vn -0.0000 -0.5408 -0.8412
vn -0.0000 -0.5408 0.8412
vn 0.8420 -0.2534 -0.4763
vn 0.9952 0.0977 0.0031
vn -0.4983 0.5269 0.6885
vn -0.6332 0.6084 0.4784
vn -0.4364 -0.6647 0.6064
vn -0.9795 -0.0002 0.2013
vn 0.7942 0.4093 -0.4492
vn -0.7305 -0.6688 -0.1379
vn -0.7252 0.6747 -0.1369
vn -0.5123 0.8085 -0.2897
vn 0.9888 -0.0014 -0.1494
vn 0.8943 -0.2846 -0.3454
vn -0.8063 -0.5904 0.0360
vn -0.4643 0.5331 0.7073
vn 0.9328 -0.0004 -0.3604
vn -0.8279 0.5597 0.0370
vn 0.8796 0.4722 -0.0573
vn -0.5621 -0.6894 0.4570
vn -0.8223 0.5433 0.1690
vn -0.6888 0.6106 0.3908
vn -0.7083 -0.6665 0.2325
vn -0.5787 0.5952 0.5575
vn 0.9152 -0.3784 -0.1383
vn 0.7453 0.4349 -0.5054
vn -0.4559 -0.6610 0.5960
vn 0.9888 0.0014 -0.1494
vn 0.8275 -0.0015 -0.5614
vn 0.8275 0.0015 -0.5614
vn -0.7850 0.5633 0.2577
vn 0.7975 -0.2670 -0.5409
vn -0.3467 -0.6604 0.6661
vn -0.4582 -0.6599 0.5954
vn 0.9185 -0.3225 -0.2288
vn 0.2553 0.4365 -0.8627
vn -0.2965 -0.6717 0.6789
vn -0.5842 -0.0004 0.8116
vn 0.9019 -0.4280 -0.0587
vn 0.3326 0.0990 -0.9378
vn 0.7613 -0.3039 -0.5728
vn -0.7836 -0.6000 0.1610
vn -0.6761 -0.7093 -0.1995
vn -0.5665 0.5748 0.5905
vn -0.3379 0.5206 0.7841
vn -0.8409 0.5172 0.1591
vn -0.6610 0.7246 -0.1950
vn 0.9703 -0.0019 -0.2418
vn -0.8040 -0.5749 0.1521
vn 0.8831 0.4144 -0.2200
vn 0.7043 0.4723 -0.5300
vn 0.7991 0.0041 -0.6012
vn -0.6098 -0.0004 0.7926
vn 0.8857 0.4445 -0.1338
vn -0.5007 -0.6894 0.5235
vn 0.8520 0.4073 -0.3291
vn -0.6281 -0.6855 0.3683
vn -0.5408 -0.7836 -0.3058
vn 0.9974 -0.0460 -0.0556
vn 0.9923 0.0366 -0.1182
vn 0.9997 0.0171 0.0200
vn 0.9379 0.1622 0.3067
vn -0.5753 -0.2534 -0.7777
vn -0.1181 0.0977 -0.9882
vn 0.7440 0.5269 0.4108
vn 0.5519 0.6084 0.5703
vn 0.6550 -0.6647 0.3593
vn 0.3190 -0.0002 0.9478
vn -0.5425 0.4093 -0.7336
vn -0.0480 -0.6688 0.7419
vn -0.0476 0.6747 0.7365
vn -0.2251 0.8085 0.5437
vn -0.2686 -0.0014 -0.9632
vn -0.4517 -0.2846 -0.8456
vn 0.1339 -0.5904 0.7960
vn 0.7585 0.5331 0.3747
vn -0.4713 -0.0004 -0.8820
vn 0.1375 0.5597 0.8172
vn -0.1639 0.4722 -0.8661
vn 0.5221 -0.6894 0.5023
vn 0.2678 0.5433 0.7957
vn 0.4718 0.6106 0.6361
vn 0.3170 -0.6665 0.6748
vn 0.6238 0.5952 0.5065
vn -0.2487 -0.3784 -0.8916
vn -0.5924 0.4349 -0.6782
vn 0.6470 -0.6610 0.3799
vn -0.2686 0.0014 -0.9632
vn -0.6580 -0.0015 -0.7530
vn -0.6580 0.0016 -0.7530
vn 0.3513 0.5633 0.7478
vn -0.6340 -0.2670 -0.7258
vn 0.7034 -0.6604 0.2630
vn 0.6468 -0.6599 0.3823
vn -0.3389 -0.3225 -0.8838
vn -0.8874 0.4365 -0.1484
vn 0.7099 -0.6717 0.2116
vn 0.8767 -0.0004 0.4810
vn -0.1680 -0.4280 -0.8880
vn -0.9714 0.0990 -0.2160
vn -0.6612 -0.3039 -0.6859
vn 0.2552 -0.6000 0.7582
vn -0.1157 -0.7093 0.6953
vn 0.6551 0.5748 0.4904
vn 0.8194 0.5206 0.2399
vn 0.2603 0.5172 0.8153
vn -0.1131 0.7246 0.6798
vn -0.3581 -0.0019 -0.9337
vn 0.2488 -0.5749 0.7795
vn -0.3258 0.4144 -0.8498
vn -0.6118 0.4723 -0.6346
vn -0.6940 0.0041 -0.7200
vn 0.8609 -0.0004 0.5088
vn -0.2407 0.4445 -0.8628
vn 0.5806 -0.6894 0.4332
vn -0.4303 0.4073 -0.8056
vn 0.4420 -0.6855 0.5786
vn -0.2377 -0.7836 0.5740
vn -0.1766 -0.0460 -0.9832
vn -0.2381 0.0366 -0.9705
vn -0.1018 0.0171 -0.9947
vn 0.1902 0.1623 -0.9682
vn 0.6000 -0.2534 0.7588
vn 0.1499 0.0977 0.9839
vn -0.7569 0.5269 -0.3866
vn -0.5700 0.6084 -0.5522
vn -0.6663 -0.6647 -0.3380
vn -0.3494 -0.0002 -0.9370
vn 0.5659 0.4093 0.7157
vn 0.0240 -0.6688 -0.7430
vn 0.0238 0.6747 -0.7377
vn 0.2075 0.8085 -0.5507
vn 0.2995 -0.0014 0.9541
vn 0.4788 -0.2846 0.8306
vn -0.1595 -0.5904 -0.7912
vn -0.7702 0.5331 -0.3501
vn 0.4995 -0.0004 0.8663
vn -0.1638 0.5597 -0.8124
vn 0.1918 0.4722 0.8604
vn -0.5380 -0.6894 -0.4852
vn -0.2933 0.5433 -0.7866
vn -0.4920 0.6106 -0.6205
vn -0.3386 -0.6665 -0.6642
vn -0.6398 0.5952 -0.4861
vn 0.2773 -0.3784 0.8831
vn 0.6139 0.4349 0.6588
vn -0.6590 -0.6610 -0.3589
vn 0.2995 0.0014 0.9541
vn 0.6819 -0.0015 0.7314
vn 0.6819 0.0015 0.7314
vn -0.3752 0.5633 -0.7361
vn 0.6571 -0.2670 0.7049
vn -0.7115 -0.6604 -0.2402
vn -0.6588 -0.6599 -0.3613
vn 0.3672 -0.3225 0.8724
vn 0.8917 0.4365 0.1197
vn -0.7164 -0.6717 -0.1886
vn -0.8918 -0.0004 -0.4525
vn 0.1966 -0.4280 0.8821
vn 0.9778 0.0990 0.1846
vn 0.6830 -0.3039 0.6642
vn -0.2795 -0.6000 -0.7496
vn -0.3347 -0.0002 -0.9423
vn 0.0932 -0.7093 -0.6987
vn -0.6705 0.5748 -0.4690
vn -0.8267 0.5206 -0.2134
vn -0.2864 0.5172 -0.8065
vn 0.0911 0.7246 -0.6831
vn 0.3880 -0.0019 0.9216
vn -0.2739 -0.5749 -0.7711
vn 0.3531 0.4144 0.8388
vn 0.6320 0.4723 0.6145
vn 0.7168 0.0041 0.6972
vn -0.8769 -0.0004 -0.4808
vn 0.2684 0.4445 0.8546
vn -0.5942 -0.6894 -0.4143
vn 0.4561 0.4073 0.7913
vn -0.4604 -0.6855 -0.5640
vn 0.2190 -0.7836 -0.5814
vn 0.2082 -0.0460 0.9770
vn 0.2693 0.0366 0.9624
vn 0.1339 0.0171 0.9909
vn -0.1589 0.1622 0.9739
vn -0.8262 -0.2534 0.5032
vn -0.9948 0.0977 0.0290
vn 0.4759 0.5269 -0.7042
vn 0.6174 0.6084 -0.4985
vn 0.4166 -0.6647 -0.6202
vn 0.9725 -0.0002 -0.2328
vn -0.7793 0.4093 0.4746
vn 0.7346 -0.6688 0.1143
vn 0.7293 0.6747 0.1135
vn 0.5214 0.8085 0.2730
vn -0.9834 -0.0014 0.1812
vn -0.8827 -0.2846 0.3741
vn 0.8048 -0.5904 -0.0620
vn 0.4412 0.5331 -0.7219
vn -0.9207 -0.0004 0.3903
vn 0.8262 0.5597 -0.0637
vn -0.8773 0.4722 0.0856
vn 0.5470 -0.6894 -0.4749
vn 0.8165 0.5433 -0.1954
vn 0.6758 0.6106 -0.4129
vn 0.7005 -0.6665 -0.2552
vn 0.5604 0.5952 -0.5759
vn -0.9103 -0.3784 0.1677
vn -0.7286 0.4349 0.5292
vn 0.4364 -0.6610 -0.6104
vn -0.9834 0.0014 0.1812
vn -0.8090 -0.0016 0.5878
vn -0.8090 0.0016 0.5878
vn 0.7763 0.5633 -0.2829
vn -0.7797 -0.2670 0.5664
vn 0.3250 -0.6604 -0.6770
vn 0.4388 -0.6599 -0.6099
vn -0.9106 -0.3225 0.2583
vn -0.2273 0.4365 0.8705
vn 0.2744 -0.6717 -0.6881
vn 0.5577 -0.0004 -0.8301
vn -0.8995 -0.4280 0.0878
vn -0.3022 0.0990 0.9481
vn -0.7424 -0.3039 0.5971
vn 0.7780 -0.6000 -0.1862
vn 0.9761 -0.0002 -0.2175
vn 0.6822 -0.7093 0.1775
vn 0.5472 0.5748 -0.6085
vn 0.3124 0.5206 -0.7946
vn 0.8354 0.5172 -0.1861
vn 0.6669 0.7246 0.1736
vn -0.9620 -0.0019 0.2730
vn 0.7987 -0.5749 -0.1780
vn -0.8756 0.4144 0.2483
vn -0.6868 0.4723 0.5525
vn -0.7793 0.0041 0.6267
vn 0.5839 -0.0004 -0.8118
vn -0.8809 0.4445 0.1623
vn 0.4835 -0.6894 -0.5394
vn -0.8409 0.4073 0.3564
vn 0.6159 -0.6855 -0.3883
vn 0.5504 -0.7836 0.2882
vn -0.9951 -0.0460 0.0877
vn -0.9880 0.0366 0.1502
vn -0.9998 0.0171 0.0123
vn -0.9473 0.1623 -0.2763
vn -0.0171 0.9998 0.0091
vn -0.8193 0.4511 -0.3538
vn 0.8193 0.4511 0.3538
vn -0.8193 0.4511 0.3538
vn 0.3161 0.4572 0.8313
vn 0.8193 0.4511 -0.3538
vn -0.3161 0.4572 -0.8313
vn 0.0171 0.9998 -0.0091
vn 0.0977 -0.0094 0.9952
vn -0.2814 0.2455 -0.9276
vn -0.2874 -0.1423 -0.9472
vn -0.0562 0.9811 -0.1854
vn 0.3815 0.0007 -0.9244
vn 0.3814 -0.0013 -0.9244
vn -0.3142 -0.8227 -0.4738
vn -0.4205 0.6489 -0.6342
vn -0.7341 -0.4655 0.4944
vn -0.6829 0.5677 0.4598
vn -0.5324 -0.5682 -0.6275
vn -0.3999 0.7862 -0.4712
vn -0.7740 0.3654 -0.5172
vn -0.5718 -0.7259 -0.3821
vn -0.5430 -0.8091 -0.2249
vn -0.8404 0.4154 -0.3481
vn 0.1942 0.0922 -0.9766
vn 0.1916 -0.1874 -0.9634
vn 0.5385 0.2455 -0.8060
vn 0.4811 -0.5000 -0.7201
vn 0.7804 -0.4658 -0.4171
vn 0.7074 0.5972 -0.3781
vn 0.8001 -0.5000 -0.3314
vn 0.7223 0.6235 -0.2992
vn 0.7378 0.5681 -0.3646
vn 0.8094 -0.4300 -0.4000
vn -0.0000 0.0969 -0.9953
vn -0.0000 -0.1928 -0.9812
vn 0.0702 0.6984 -0.7122
vn 0.1464 -0.9239 -0.3535
vn -0.0000 -0.9239 -0.3827
vn 0.6612 -0.3545 -0.6612
vn 0.6124 0.5000 -0.6123
vn -0.8096 -0.5644 -0.1610
vn -0.7288 0.6692 -0.1449
vn 0.4367 -0.3630 -0.8231
vn 0.4608 0.1811 -0.8688
vn -0.7293 0.6474 -0.2212
vn -0.8098 -0.5329 -0.2456
vn 0.1708 0.9811 0.0913
vn 0.7247 -0.6339 -0.2702
vn 0.8877 0.3198 -0.3312
vn 0.3458 -0.8163 -0.4628
vn 0.5415 0.4263 -0.7246
vn -0.0000 -0.0000 -1.0000
vn 0.4441 -0.7272 -0.5234
vn 0.4876 0.6573 -0.5746
vn -0.7507 -0.4300 -0.5015
vn -0.6843 0.5681 -0.4572
vn -0.2164 -0.9201 0.3264
vn -0.4775 0.5033 0.7202
vn -0.0949 -0.0013 -0.9955
vn -0.0949 0.0007 -0.9955
vn -0.5136 -0.8438 -0.1558
vn -0.8601 0.4384 -0.2609
vn -0.5641 -0.0916 -0.8206
vn -0.5599 0.1528 -0.8143
vn -0.3516 0.6191 -0.7022
vn -0.3848 -0.5113 -0.7684
vn 0.8403 -0.2617 -0.4748
vn 0.8069 0.3754 -0.4560
vn -0.4608 0.2107 -0.8621
vn -0.4255 -0.4300 -0.7962
vn 0.8096 -0.5644 -0.1610
vn 0.7288 0.6692 -0.1449
vn -0.3689 -0.5101 -0.7770
vn -0.4146 0.2550 -0.8735
vn -0.1558 -0.8438 -0.5136
vn -0.2609 0.4384 -0.8601
vn -0.1942 -0.0961 -0.9762
vn -0.1922 0.1737 -0.9659
vn -0.8001 -0.5000 -0.3314
vn -0.7223 0.6235 -0.2992
vn -0.0190 0.9811 -0.1928
vn -0.7976 -0.5996 0.0653
vn -0.9231 0.3770 0.0756
vn -0.9120 -0.3383 -0.2319
vn -0.8628 0.4555 -0.2194
vn -0.0913 0.9811 -0.1708
vn 0.9242 0.3011 -0.2350
vn 0.8177 -0.5367 -0.2079
vn 0.6704 -0.1793 -0.7200
vn 0.6549 0.2762 -0.7034
vn -0.0000 -0.9239 0.3827
vn -0.1464 -0.9239 0.3535
vn 0.2165 0.6663 0.7136
vn -0.2165 0.6663 0.7136
vn 0.4303 -0.7600 0.4871
vn 0.5237 -0.6119 0.5927
vn -0.1447 -0.9163 0.3735
vn -0.1878 -0.8544 0.4845
vn -0.0000 -0.4074 -0.9133
vn -0.0000 0.7440 -0.6681
vn 0.0731 0.6663 0.7421
vn -0.5390 -0.4602 -0.7054
vn -0.3796 0.7804 -0.4969
vn 0.6576 0.6663 0.3515
vn -0.0409 0.8488 -0.5272
vn -0.0624 -0.5912 -0.8041
vn 0.4731 0.6663 0.5764
vn -0.0000 -0.7752 0.6317
vn -0.0000 -0.6908 0.7230
vn 0.3515 0.6663 0.6576
vn -0.8155 -0.3335 -0.4730
vn -0.6674 0.6360 -0.3873
vn 0.6576 0.6663 -0.3515
vn 0.8117 0.3911 -0.4339
vn 0.5629 -0.7698 -0.3009
vn -0.5764 0.6663 0.4730
vn -0.5764 0.6663 0.4731
vn 0.0986 -0.6226 -0.7763
vn 0.0639 0.8617 -0.5033
vn -0.5102 0.8600 0.0064
vn -0.5134 0.8581 0.0065
vn -0.6604 -0.0717 0.7475
vn -0.6545 0.1518 0.7407
vn -0.0731 0.6663 0.7421
vn -0.6576 0.6663 -0.3515
vn -0.7136 0.6663 0.2165
vn 0.1447 -0.9163 0.3735
vn 0.1878 -0.8544 0.4845
vn 0.3103 -0.9481 0.0693
vn 0.6317 -0.7623 0.1411
vn 0.6533 -0.2764 0.7048
vn 0.5144 -0.6538 0.5549
vn -0.8299 0.1329 0.5418
vn -0.8028 -0.2847 0.5240
vn -0.8727 0.4806 -0.0860
vn -0.4317 -0.9010 -0.0425
vt 0.000000 0.000000
vt 0.031250 0.500000
vt 0.062500 0.500000
vt 0.218750 0.500000
vt 0.187500 0.500000
vt 0.000000 0.500000
vt 0.093750 0.500000
vt 0.125000 0.500000
vt 0.250000 0.500000
vt 0.156250 0.500000
vt 0.531250 0.500000
vt 0.718750 0.500000
vt 0.703125 0.500000
vt 0.562500 0.500000
vt 0.578125 0.500000
vt 0.656250 0.500000
vt 0.640625 0.500000
vt 0.726562 0.500000
vt 0.609375 0.500000
vt 0.625000 0.500000
vt 0.734375 0.500000
vt 0.671875 0.500000
vt 0.687500 0.500000
vt 0.593750 0.500000
vt 0.554688 0.500000
vt 0.546875 0.500000
vt 0.750000 0.500000
vt 0.062500 0.750000
vt 0.031250 1.000000
vt 0.031250 0.750000
vt 0.250000 0.750000
vt 0.218750 1.000000
vt 0.218750 0.750000
vt 0.187500 1.000000
vt 0.187500 0.750000
vt 0.156250 1.000000
vt 0.156250 0.750000
vt 0.125000 1.000000
vt 0.125000 0.750000
vt 0.093750 0.750000
vt 0.062500 1.000000
vt 0.093750 1.000000
vt 0.000000 0.750000
vt 0.000000 1.000000
vt 0.000000 0.687500
vt 0.031250 0.687500
vt 0.062500 0.687500
vt 0.093750 0.687500
vt 0.125000 0.687500
vt 0.156250 0.687500
vt 0.187500 0.687500
vt 0.218750 0.687500
vt 0.250000 0.687500
vt 0.156250 0.656250
vt 0.187500 0.656250
vt 0.125000 0.656250
vt 0.093750 0.656250
vt 0.062500 0.656250
vt 0.031250 0.656250
vt 0.000000 0.656250
vt 0.000000 0.625000
vt 0.031250 0.625000
vt 0.062500 0.625000
vt 1.000000 0.554688
vt 0.999914 0.562500
vt 0.999922 0.554687
vt 0.093750 0.625000
vt 0.125000 0.625000
vt 0.156250 0.625000
vt 0.187500 0.625000
vt 0.218750 0.656250
vt 0.218750 0.625000
vt 0.250000 0.625000
vt 0.250000 0.656250
vt 0.250171 0.562500
vt 0.250000 0.562500
vt 0.218750 0.562500
vt 0.187500 0.562500
vt 0.156250 0.562500
vt 0.125000 0.562500
vt 0.093750 0.562500
vt 0.062500 0.562500
vt 0.031250 0.562500
vt 0.000000 0.562500
vt 0.250528 0.625000
vt 0.031250 0.554688
vt 0.000000 0.554688
vt 0.062500 0.554687
vt 0.093750 0.554688
vt 0.125000 0.554688
vt 0.156250 0.554687
vt 0.187500 0.554688
vt 0.218750 0.554688
vt 0.250000 0.554688
vt 0.250156 0.554688
vt 0.187500 0.531250
vt 0.218750 0.546875
vt 0.218750 0.531250
vt 1.000000 0.500000
vt 1.000000 0.531250
vt 0.999957 0.531250
vt 0.031250 0.531250
vt 0.062500 0.531250
vt 0.125000 0.531250
vt 0.250000 0.531250
vt 0.093750 0.546875
vt 0.093750 0.531250
vt 0.156250 0.531250
vt 0.187500 0.546875
vt 0.250000 0.546875
vt 0.000000 0.546875
vt 0.000000 0.531250
vt 0.250085 0.531250
vt 1.000000 0.625000
vt 1.000000 0.562500
vt 0.156250 0.546875
vt 0.031250 0.546875
vt 0.062500 0.546875
vt 0.125000 0.546875
vt 0.250133 0.546875
vt 1.000000 0.546875
vt 0.999933 0.546875
vt 1.000000 0.656250
vt 0.999736 0.625000
vt 1.000000 0.500001
vt 0.000000 0.500001
s 1
f 133/1/1 198/1/1 197/1/1
f 147/1/2 77/1/2 83/1/2
f 97/1/3 160/1/3 96/1/3
f 120/1/4 183/1/4 119/1/4
f 131/1/5 196/1/5 132/1/5
f 136/1/2 148/1/2 200/1/2
f 160/1/6 95/1/6 96/1/6
f 119/1/7 182/1/7 118/1/7
f 93/1/8 178/1/8 157/1/8
f 94/1/9 157/1/9 158/1/9
f 118/1/10 168/1/10 104/1/10
f 130/1/11 155/1/11 91/1/11
f 91/1/12 156/1/12 92/1/12
f 104/1/3 169/1/3 105/1/3
f 90/1/13 153/1/13 89/1/13
f 105/1/6 170/1/6 106/1/6
f 124/1/14 154/1/14 90/1/14
f 87/1/13 193/1/13 129/1/13
f 88/1/14 151/1/14 87/1/14
f 78/1/15 180/1/15 116/1/15
f 174/1/16 109/1/16 110/1/16
f 81/1/17 188/1/17 124/1/17
f 75/1/18 167/1/18 103/1/18
f 175/1/19 86/1/19 111/1/19
f 132/1/18 187/1/18 123/1/18
f 117/1/20 148/1/20 84/1/20
f 133/1/21 145/1/21 81/1/21
f 140/1/1 80/1/1 76/1/1
f 85/1/19 180/1/19 149/1/19
f 126/1/22 138/1/22 74/1/22
f 191/1/23 115/1/23 127/1/23
f 77/1/24 140/1/24 76/1/24
f 158/1/25 228/1/25 195/1/25
f 170/1/26 215/1/26 171/1/26
f 250/1/27 162/1/27 163/1/27
f 186/1/28 223/1/28 185/1/28
f 252/1/29 251/1/29 159/1/29
f 255/1/30 161/1/30 162/1/30
f 184/1/31 223/1/31 222/1/31
f 197/1/32 231/1/32 230/1/32
f 259/1/33 257/1/33 141/1/33
f 261/1/34 160/1/34 161/1/34
f 183/1/35 222/1/35 221/1/35
f 195/1/36 229/1/36 196/1/36
f 200/1/37 204/1/37 233/1/37
f 260/1/38 159/1/38 160/1/38
f 182/1/39 221/1/39 220/1/39
f 178/1/40 210/1/40 157/1/40
f 157/1/41 211/1/41 158/1/41
f 182/1/42 212/1/42 168/1/42
f 194/1/43 208/1/43 155/1/43
f 155/1/44 209/1/44 156/1/44
f 168/1/45 213/1/45 169/1/45
f 154/1/46 206/1/46 153/1/46
f 170/1/47 213/1/47 214/1/47
f 188/1/48 207/1/48 154/1/48
f 264/1/49 263/1/49 193/1/49
s 0
f 265/1/50 264/1/51 151/1/52
s 1
f 142/1/53 218/1/53 180/1/53
f 174/1/54 268/1/54 173/1/54
f 188/1/55 203/1/55 226/1/55
f 271/1/56 167/1/56 139/1/56
s 0
f 274/1/50 273/1/57 150/1/58
s 1
f 196/1/59 225/1/59 187/1/59
f 120/1/60 185/1/60 184/1/60
f 98/1/10 161/1/10 97/1/10
f 95/1/61 172/1/61 108/1/61
f 122/1/62 185/1/62 121/1/62
f 163/1/7 98/1/7 99/1/7
f 107/1/61 170/1/61 171/1/61
f 94/1/22 195/1/22 131/1/22
f 122/1/63 187/1/63 186/1/63
f 100/1/4 163/1/4 99/1/4
f 89/1/64 194/1/64 130/1/64
f 114/1/23 156/1/23 178/1/23
f 146/1/17 88/1/17 82/1/17
f 101/1/60 164/1/60 100/1/60
f 193/1/64 137/1/64 129/1/64
f 117/1/16 199/1/16 181/1/16
f 102/1/62 165/1/62 101/1/62
f 134/1/24 200/1/24 198/1/24
f 107/1/65 177/1/65 113/1/65
f 167/1/63 102/1/63 103/1/63
f 80/1/21 146/1/21 82/1/21
f 189/1/9 126/1/9 125/1/9
f 115/1/8 189/1/8 125/1/8
f 176/1/66 79/1/66 112/1/66
f 85/1/67 199/1/67 135/1/67
f 192/1/12 127/1/12 128/1/12
f 109/1/20 147/1/20 83/1/20
f 137/1/11 192/1/11 128/1/11
f 150/1/67 110/1/67 86/1/67
f 79/1/15 175/1/15 111/1/15
f 172/1/65 112/1/65 108/1/65
f 138/1/5 75/1/5 74/1/5
f 113/1/66 142/1/66 78/1/66
s 0
f 276/1/68 277/1/68 281/1/68
f 279/1/68 278/1/68 277/1/68
f 282/1/68 286/1/68 283/1/68
f 285/1/68 282/1/68 234/1/68
f 290/1/68 292/1/68 289/1/68
f 294/1/68 296/1/68 234/1/68
f 292/1/68 297/1/68 298/1/68
f 204/1/50 301/1/69 233/1/70
f 303/1/68 302/1/68 278/1/68
f 303/1/68 278/1/68 234/1/68
f 290/1/68 306/1/68 305/1/68
f 290/1/68 303/1/68 234/1/68
f 307/1/68 285/1/68 308/1/68
f 285/1/68 234/1/68 308/1/68
f 311/1/68 310/1/68 312/1/68
f 234/1/68 279/1/68 310/1/68
f 314/1/68 284/1/68 315/1/68
f 234/1/68 282/1/68 314/1/68
f 317/1/68 314/1/68 318/1/68
f 234/1/68 314/1/68 317/1/68
s 1
f 186/1/71 225/1/71 224/1/71
f 321/1/72 250/1/72 163/1/72
f 194/1/73 206/1/73 227/1/73
f 178/1/74 209/1/74 217/1/74
f 146/1/75 322/1/75 266/1/75
f 165/1/76 324/1/77 325/1/77
f 262/1/78 326/1/78 201/1/78
f 181/1/79 232/1/79 219/1/79
f 328/1/80 165/1/80 166/1/80
f 200/1/81 231/1/81 198/1/81
f 177/1/82 215/1/82 216/1/82
f 329/1/83 166/1/83 167/1/83
s 0
f 144/1/84 330/1/50 331/1/85
s 1
f 333/1/86 189/1/86 335/1/86
f 335/1/87 179/1/87 336/1/87
f 143/1/88 176/1/88 339/1/88
f 149/1/89 232/1/89 199/1/89
f 343/1/90 191/1/90 192/1/90
f 344/1/91 258/1/91 147/1/91
f 201/1/92 342/1/92 192/1/92
f 345/1/93 269/1/93 174/1/94
f 337/1/95 346/1/95 175/1/95
f 340/1/96 172/1/96 251/1/96
s 0
f 348/1/50 272/1/97 139/1/98
s 1
f 142/1/99 216/1/99 202/1/99
f 351/1/100 140/1/100 141/1/100
f 353/1/101 352/1/101 179/1/101
f 354/1/102 138/1/102 190/1/102
f 180/1/103 205/1/103 149/1/103
f 330/1/104 144/1/104 140/1/104
f 145/1/105 230/1/105 203/1/105
f 181/1/106 204/1/106 148/1/106
s 0
f 300/1/68 296/1/68 356/1/68
f 294/1/68 357/1/68 359/1/68
f 234/1/68 357/1/68 294/1/68
f 225/1/107 229/1/108 362/1/68
f 363/1/68 357/1/68 317/1/68
f 317/1/68 357/1/68 234/1/68
s 1
f 48/2/109 69/3/109 47/3/109
f 17/4/110 50/5/110 18/5/110
f 31/2/111 59/3/111 60/2/111
f 63/2/112 16/6/112 32/2/112
f 59/3/113 29/7/113 58/7/113
f 58/7/114 28/8/114 57/8/114
f 64/4/115 24/9/115 42/4/115
f 68/7/116 45/8/116 46/7/116
f 56/10/117 28/8/117 27/10/117
f 9/4/118 33/9/118 8/9/118
f 9/4/119 35/5/119 34/4/119
f 11/10/120 35/5/120 10/5/120
f 11/10/121 37/8/121 36/10/121
f 55/5/122 27/10/122 26/5/122
f 38/7/123 12/8/123 13/7/123
f 39/3/124 13/7/124 14/3/124
f 15/2/125 39/3/125 14/3/125
f 7/6/126 40/2/126 15/2/126
f 65/5/127 42/4/127 43/5/127
f 18/5/128 51/10/128 19/10/128
f 67/8/129 44/10/129 45/8/129
f 8/9/130 49/4/130 17/4/130
f 25/4/131 55/5/131 26/5/131
f 53/9/132 25/4/132 24/9/132
f 70/2/133 16/6/133 41/6/133
f 62/3/134 32/2/134 22/3/134
f 61/7/135 22/3/135 21/7/135
f 69/3/136 46/7/136 47/3/136
f 7/6/137 60/2/137 23/6/137
f 66/10/138 43/5/138 44/10/138
f 20/8/139 61/7/139 21/7/139
f 19/10/140 52/8/140 20/8/140
f 471/11/141 395/11/142 404/11/143
f 483/1/144 461/1/144 484/1/144
f 385/12/145 449/13/146 463/12/147
f 370/14/68 432/15/68 383/14/68
f 387/16/148 453/17/148 452/16/148
f 422/18/68 378/12/68 365/12/68
f 426/19/68 381/20/68 428/19/68
f 423/18/50 385/12/50 425/21/50
f 378/12/149 437/13/150 420/13/151
f 489/1/152 443/1/152 504/1/152
f 383/14/68 402/11/68 394/11/68
f 414/22/68 379/23/68 416/22/68
f 431/15/50 389/24/50 376/24/50
f 394/11/153 469/11/154 405/11/155
f 427/19/50 388/20/50 375/20/50
f 411/17/50 387/16/50 374/16/50
f 415/22/50 386/23/50 373/23/50
f 421/13/50 372/12/50 419/13/50
f 446/14/156 434/25/157 383/14/158
f 403/11/50 396/11/50 390/14/50
f 435/25/159 458/14/160 390/14/161
f 391/11/162 459/26/163 409/26/164
f 476/1/165 495/1/166 493/1/166
f 472/11/167 403/11/167 395/11/167
f 445/15/168 383/14/168 432/15/168
f 425/21/169 463/12/169 468/21/169
f 470/1/170 496/1/170 492/1/170
f 390/14/171 457/15/171 433/15/171
f 384/11/172 465/11/172 401/11/172
f 375/20/50 413/17/50 411/17/50
f 448/1/173 499/1/173 491/1/173
f 374/16/50 417/22/50 415/22/50
f 483/1/174 462/1/174 364/1/174
f 486/1/175 437/1/176 502/1/177
f 373/23/50 421/13/50 419/13/50
f 380/16/178 441/17/178 412/17/178
f 389/24/179 455/19/179 429/19/179
f 413/17/180 454/20/180 453/17/180
f 393/21/50 425/21/50 371/27/50
f 430/15/68 382/24/68 432/15/68
f 376/24/50 429/19/50 427/19/50
f 410/17/68 380/16/68 412/17/68
f 381/20/181 443/19/181 428/19/181
f 377/14/50 433/15/50 431/15/50
f 365/12/68 420/13/68 418/13/68
f 417/22/182 452/16/183 451/22/184
f 474/11/185 400/11/185 396/11/185
f 502/1/186 463/1/187 449/1/188
f 501/1/189 450/1/190 451/1/191
f 487/1/192 453/1/192 500/1/192
f 504/1/193 454/1/193 455/1/193
f 505/1/194 456/1/195 457/1/195
f 490/1/196 482/1/196 506/1/196
f 405/11/197 480/11/197 399/11/197
f 484/1/198 468/1/198 503/1/198
f 420/13/199 438/23/200 379/23/201
f 491/1/202 466/1/203 495/1/204
f 492/1/205 471/1/206 497/1/205
f 495/1/166 474/1/207 493/1/166
f 490/1/208 445/1/209 505/1/208
f 497/1/210 478/1/211 494/1/212
f 480/1/213 497/1/210 494/1/212
f 499/1/173 460/1/173 491/1/173
f 500/1/214 454/1/215 488/1/214
f 487/1/216 451/1/217 452/1/216
f 486/1/175 449/1/218 450/1/190
f 485/1/219 468/1/219 463/1/219
f 489/1/152 455/1/152 456/1/220
f 490/1/208 457/1/221 458/1/208
f 499/1/222 482/1/222 459/1/222
f 429/19/223 454/20/223 388/20/223
f 478/11/224 404/11/224 398/11/224
f 424/21/225 464/12/225 378/12/225
f 379/23/226 439/22/227 416/22/228
f 473/11/229 396/11/229 403/11/229
f 366/23/68 420/13/68 379/23/68
f 406/11/230 436/11/230 370/11/230
f 369/24/68 428/19/68 382/24/68
f 364/27/231 467/21/232 424/21/233
f 502/1/186 464/1/187 485/1/187
f 466/11/234 391/11/234 400/11/234
f 377/11/235 477/11/235 407/11/235
f 477/11/236 398/11/236 407/11/236
f 443/19/237 382/24/237 428/19/237
f 505/1/194 444/1/238 489/1/194
f 485/1/219 467/1/219 503/1/219
f 481/25/239 408/26/240 434/25/241
f 386/23/242 451/22/243 450/23/244
f 467/1/198 484/1/198 503/1/198
f 441/1/192 487/1/192 500/1/192
f 436/1/245 479/1/245 498/1/245
f 371/27/246 468/21/246 461/27/246
f 421/13/247 450/23/244 449/13/248
f 433/15/249 456/24/249 389/24/249
f 409/26/250 482/25/251 435/25/252
f 475/1/253 493/1/254 496/1/254
f 477/1/255 494/1/256 478/1/257
f 444/24/258 432/15/258 382/24/258
f 473/1/259 493/1/254 474/1/260
f 397/11/261 475/11/261 402/11/261
f 399/11/262 479/11/262 406/11/262
f 472/1/170 496/1/170 473/1/263
f 447/1/222 506/1/222 499/1/222
f 481/1/196 490/1/196 506/1/196
f 479/1/264 494/1/256 498/1/265
f 504/1/193 442/1/193 488/1/193
f 501/1/189 438/1/266 486/1/175
f 401/11/267 476/11/267 397/11/267
f 416/22/268 440/16/268 380/16/268
f 402/11/269 470/11/269 394/11/269
f 368/20/68 412/17/68 381/20/68
f 367/16/68 416/22/68 380/16/68
f 412/17/270 442/20/271 381/20/272
f 392/21/68 424/21/68 422/18/68
f 469/1/273 492/1/205 497/1/205
f 487/1/216 439/1/274 501/1/275
f 442/1/214 500/1/214 488/1/214
f 436/1/276 498/1/276 477/1/276
f 465/1/277 491/1/202 495/1/204
f 447/26/278 384/11/279 408/26/280
f 393/1/281 371/1/281 483/1/281
f 419/13/282 365/12/282 418/13/282
f 372/12/283 422/18/283 365/12/283
f 423/18/284 392/1/284 422/18/284
f 418/13/282 373/23/282 419/13/282
f 366/23/285 415/22/285 373/23/285
f 414/22/285 374/16/285 415/22/285
f 367/16/286 411/17/286 374/16/286
f 410/17/286 375/20/286 411/17/286
f 368/20/287 427/19/287 375/20/287
f 426/19/288 376/24/288 427/19/288
f 369/24/289 431/15/289 376/24/289
f 436/11/290 377/11/290 431/15/290
f 614/11/291 538/11/292 547/11/293
f 626/1/294 604/1/294 627/1/294
f 528/12/295 592/13/296 606/12/297
f 513/14/68 575/15/68 526/14/68
f 530/16/298 596/17/298 595/16/298
f 565/18/68 521/12/68 508/12/68
f 569/19/68 524/20/68 571/19/68
f 566/18/50 528/12/50 568/21/50
f 521/12/299 580/13/300 563/13/301
f 632/1/302 586/1/302 647/1/302
f 526/14/68 545/11/68 537/11/68
f 557/22/68 522/23/68 559/22/68
f 574/15/50 532/24/50 519/24/50
f 537/11/303 612/11/304 548/11/305
f 570/19/50 531/20/50 518/20/50
f 554/17/50 530/16/50 517/16/50
f 558/22/50 529/23/50 516/23/50
f 564/13/50 515/12/50 562/13/50
f 589/14/306 577/25/307 526/14/308
f 546/11/50 539/11/50 533/14/50
f 578/25/309 601/14/310 533/14/311
f 534/11/312 602/26/313 552/26/314
f 619/1/315 638/1/316 636/1/317
f 615/11/318 546/11/318 538/11/318
f 588/15/319 526/14/319 575/15/319
f 568/21/320 606/12/320 611/21/320
f 613/1/321 639/1/322 635/1/322
f 533/14/323 600/15/323 576/15/323
f 527/11/324 608/11/324 544/11/324
f 518/20/50 556/17/50 554/17/50
f 591/1/325 642/1/325 634/1/325
f 517/16/50 560/22/50 558/22/50
f 626/1/326 605/1/326 507/1/326
f 629/1/327 580/1/328 645/1/329
f 516/23/50 564/13/50 562/13/50
f 523/16/330 584/17/330 555/17/330
f 532/24/331 598/19/331 572/19/331
f 556/17/332 597/20/332 596/17/332
f 536/21/50 568/21/50 514/27/50
f 573/15/68 525/24/68 575/15/68
f 519/24/50 572/19/50 570/19/50
f 553/17/68 523/16/68 555/17/68
f 524/20/333 586/19/333 571/19/333
f 520/14/50 576/15/50 574/15/50
f 508/12/68 563/13/68 561/13/68
f 560/22/334 595/16/335 594/22/336
f 617/11/337 543/11/337 539/11/337
f 645/1/338 606/1/338 592/1/339
f 644/1/340 593/1/341 594/1/342
f 630/1/343 596/1/343 643/1/343
f 647/1/344 597/1/344 598/1/344
f 648/1/345 599/1/346 600/1/346
f 633/1/347 625/1/347 649/1/347
f 548/11/348 623/11/348 542/11/348
f 627/1/349 611/1/349 646/1/349
f 563/13/350 581/23/351 522/23/352
f 634/1/353 609/1/354 638/1/355
f 635/1/356 614/1/357 640/1/358
f 638/1/316 617/1/359 636/1/317
f 633/1/360 588/1/361 648/1/360
f 640/1/362 621/1/363 637/1/364
f 623/1/365 640/1/362 637/1/364
f 642/1/325 603/1/325 634/1/325
f 643/1/366 597/1/366 631/1/366
f 630/1/367 594/1/368 595/1/367
f 629/1/327 592/1/369 593/1/341
f 628/1/370 611/1/370 606/1/370
f 632/1/302 598/1/302 599/1/371
f 633/1/360 600/1/372 601/1/360
f 649/1/373 602/1/373 642/1/373
f 572/19/374 597/20/374 531/20/374
f 621/11/375 547/11/375 541/11/375
f 567/21/376 607/12/376 521/12/376
f 522/23/377 582/22/378 559/22/379
f 616/11/380 539/11/380 546/11/380
f 509/23/68 563/13/68 522/23/68
f 549/11/381 579/11/381 513/11/381
f 512/24/68 571/19/68 525/24/68
f 507/27/382 610/21/383 567/21/384
f 645/1/338 607/1/338 628/1/338
f 609/11/385 534/11/385 543/11/385
f 520/11/386 620/11/386 550/11/386
f 620/11/387 541/11/387 550/11/387
f 586/19/388 525/24/388 571/19/388
f 648/1/345 587/1/389 632/1/345
f 628/1/370 610/1/370 646/1/370
f 624/25/390 551/26/391 577/25/392
f 529/23/393 594/22/394 593/23/395
f 610/1/349 627/1/349 646/1/349
f 584/1/343 630/1/343 643/1/343
f 579/1/396 622/1/396 641/1/396
f 514/27/397 611/21/397 604/27/397
f 564/13/398 593/23/395 592/13/399
f 576/15/400 599/24/400 532/24/400
f 552/26/401 625/25/402 578/25/403
f 618/1/404 636/1/405 639/1/405
f 620/1/406 637/1/407 621/1/408
f 587/24/409 575/15/409 525/24/409
f 616/1/410 636/1/405 617/1/411
f 540/11/412 618/11/412 545/11/412
f 542/11/413 622/11/413 549/11/413
f 615/1/322 639/1/322 616/1/414
f 642/1/373 624/1/373 649/1/373
f 624/1/347 633/1/347 649/1/347
f 622/1/415 637/1/407 641/1/416
f 647/1/344 585/1/344 631/1/344
f 644/1/340 581/1/417 629/1/327
f 544/11/418 619/11/418 540/11/418
f 559/22/419 583/16/419 523/16/419
f 545/11/420 613/11/420 537/11/420
f 511/20/68 555/17/68 524/20/68
f 510/16/68 559/22/68 523/16/68
f 555/17/421 585/20/422 524/20/423
f 535/21/68 567/21/68 565/18/68
f 612/1/356 635/1/356 640/1/358
f 630/1/367 582/1/424 644/1/367
f 585/1/366 643/1/366 631/1/366
f 579/1/425 641/1/425 620/1/425
f 608/1/426 634/1/353 638/1/355
f 590/26/427 527/11/428 551/26/429
f 536/1/430 514/1/430 626/1/430
f 562/13/431 508/12/431 561/13/431
f 515/12/432 565/18/432 508/12/433
f 566/18/434 535/1/434 565/18/434
f 561/13/431 516/23/431 562/13/431
f 509/23/435 558/22/435 516/23/435
f 557/22/435 517/16/435 558/22/435
f 510/16/436 554/17/436 517/16/436
f 553/17/436 518/20/436 554/17/436
f 511/20/437 570/19/437 518/20/437
f 569/19/438 519/24/438 570/19/438
f 512/24/439 574/15/439 519/24/439
f 579/11/440 520/11/440 574/15/440
f 757/11/441 681/11/442 690/11/443
f 769/1/444 747/1/444 770/1/444
f 671/12/445 735/13/446 749/12/447
f 656/14/68 718/15/68 669/14/68
f 673/16/448 739/17/448 738/16/448
f 708/18/68 664/12/68 651/12/68
f 712/19/68 667/20/68 714/19/68
f 709/18/50 671/12/50 711/21/50
f 664/12/449 723/13/450 706/13/451
f 775/1/452 729/1/452 790/1/452
f 669/14/68 688/11/68 680/11/68
f 700/22/68 665/23/68 702/22/68
f 717/15/50 675/24/50 662/24/50
f 680/11/453 755/11/454 691/11/455
f 713/19/50 674/20/50 661/20/50
f 697/17/50 673/16/50 660/16/50
f 701/22/50 672/23/50 659/23/50
f 707/13/50 658/12/50 705/13/50
f 732/14/456 720/25/457 669/14/458
f 689/11/50 682/11/50 676/14/50
f 721/25/459 744/14/460 676/14/461
f 677/11/462 745/26/463 695/26/464
f 762/1/465 781/1/466 779/1/467
f 758/11/468 689/11/468 681/11/468
f 731/15/469 669/14/469 718/15/469
f 711/21/470 749/12/470 754/21/470
f 756/1/471 782/1/472 778/1/472
f 676/14/473 743/15/473 719/15/473
f 670/11/474 751/11/474 687/11/474
f 661/20/50 699/17/50 697/17/50
f 734/1/475 785/1/475 777/1/475
f 660/16/50 703/22/50 701/22/50
f 769/1/476 748/1/476 650/1/476
f 772/1/477 723/1/478 788/1/477
f 659/23/50 707/13/50 705/13/50
f 666/16/479 727/17/479 698/17/479
f 675/24/480 741/19/480 715/19/480
f 699/17/481 740/20/481 739/17/481
f 679/21/50 711/21/50 657/27/50
f 716/15/68 668/24/68 718/15/68
f 662/24/50 715/19/50 713/19/50
f 696/17/68 666/16/68 698/17/68
f 667/20/482 729/19/482 714/19/482
f 663/14/50 719/15/50 717/15/50
f 651/12/68 706/13/68 704/13/68
f 703/22/483 738/16/484 737/22/485
f 760/11/486 686/11/486 682/11/486
f 788/1/487 749/1/487 735/1/488
f 787/1/489 736/1/490 737/1/490
f 773/1/491 739/1/491 786/1/491
f 790/1/492 740/1/492 741/1/492
f 791/1/493 742/1/494 743/1/495
f 776/1/496 768/1/496 792/1/496
f 691/11/497 766/11/497 685/11/497
f 770/1/498 754/1/498 789/1/498
f 706/13/499 724/23/500 665/23/501
f 777/1/502 752/1/503 781/1/504
f 778/1/505 757/1/506 783/1/505
f 781/1/466 760/1/507 779/1/467
f 776/1/508 731/1/509 791/1/508
f 783/1/510 764/1/511 780/1/512
f 766/1/513 783/1/510 780/1/512
f 785/1/475 746/1/475 777/1/475
f 786/1/514 740/1/514 774/1/514
f 773/1/515 737/1/516 738/1/515
f 772/1/477 735/1/517 736/1/490
f 771/1/518 754/1/518 749/1/518
f 775/1/452 741/1/452 742/1/519
f 776/1/508 743/1/520 744/1/508
f 792/1/521 745/1/521 785/1/521
f 715/19/522 740/20/522 674/20/522
f 764/11/523 690/11/523 684/11/523
f 710/21/524 750/12/524 664/12/524
f 665/23/525 725/22/526 702/22/527
f 759/11/528 682/11/528 689/11/528
f 652/23/68 706/13/68 665/23/68
f 692/11/529 722/11/529 656/11/529
f 655/24/68 714/19/68 668/24/68
f 650/27/530 753/21/531 710/21/532
f 788/1/487 750/1/487 771/1/487
f 752/11/533 677/11/533 686/11/533
f 663/11/534 763/11/534 693/11/534
f 763/11/535 684/11/535 693/11/535
f 729/19/536 668/24/536 714/19/536
f 791/1/493 730/1/537 775/1/493
f 771/1/518 753/1/518 789/1/518
f 767/25/538 694/26/539 720/25/540
f 672/23/541 737/22/542 736/23/543
f 753/1/498 770/1/498 789/1/498
f 727/1/491 773/1/491 786/1/491
f 722/1/544 765/1/544 784/1/544
f 657/27/545 754/21/545 747/27/545
f 707/13/546 736/23/543 735/13/547
f 719/15/548 742/24/548 675/24/548
f 695/26/549 768/25/550 721/25/551
f 761/1/552 779/1/553 782/1/554
f 763/1/555 780/1/556 764/1/557
f 730/24/558 718/15/558 668/24/558
f 759/1/559 779/1/553 760/1/560
f 683/11/561 761/11/561 688/11/561
f 685/11/562 765/11/562 692/11/562
f 758/1/563 782/1/472 759/1/564
f 733/1/521 792/1/521 785/1/521
f 767/1/496 776/1/496 792/1/496
f 765/1/565 780/1/556 784/1/566
f 790/1/492 728/1/492 774/1/492
f 787/1/489 724/1/567 772/1/477
f 687/11/568 762/11/568 683/11/568
f 702/22/569 726/16/569 666/16/569
f 688/11/570 756/11/570 680/11/570
f 654/20/68 698/17/68 667/20/68
f 653/16/68 702/22/68 666/16/68
f 698/17/571 728/20/572 667/20/573
f 678/21/68 710/21/68 708/18/68
f 755/1/574 778/1/505 783/1/505
f 773/1/515 725/1/575 787/1/515
f 728/1/514 786/1/514 774/1/514
f 722/1/576 784/1/576 763/1/576
f 751/1/577 777/1/502 781/1/504
f 733/26/578 670/11/579 694/26/580
f 679/1/581 657/1/581 769/1/581
f 705/13/582 651/12/582 704/13/582
f 658/12/583 708/18/583 651/12/583
f 709/18/584 678/1/584 708/18/584
f 704/13/582 659/23/582 705/13/582
f 652/23/585 701/22/585 659/23/585
f 700/22/585 660/16/585 701/22/585
f 653/16/586 697/17/586 660/16/586
f 696/17/586 661/20/586 697/17/586
f 654/20/587 713/19/587 661/20/587
f 712/19/588 662/24/588 713/19/588
f 655/24/589 717/15/589 662/24/589
f 722/11/590 663/11/590 717/15/590
f 900/11/591 824/11/592 833/11/593
f 912/1/594 890/1/594 913/1/594
f 814/12/595 878/13/596 892/12/597
f 799/14/68 861/15/68 812/14/68
f 816/16/598 882/17/598 881/16/598
f 851/18/68 807/12/68 794/12/68
f 855/19/68 810/20/68 857/19/68
f 852/18/50 814/12/50 854/21/50
f 807/12/599 866/13/600 849/13/601
f 918/1/602 872/1/602 933/1/602
f 812/14/68 831/11/68 823/11/68
f 843/22/68 808/23/68 845/22/68
f 860/15/50 818/24/50 805/24/50
f 823/11/603 898/11/604 834/11/605
f 856/19/50 817/20/50 804/20/50
f 840/17/50 816/16/50 803/16/50
f 844/22/50 815/23/50 802/23/50
f 850/13/50 801/12/50 848/13/50
f 875/14/606 863/25/607 812/14/608
f 832/11/50 825/11/50 819/14/50
f 864/25/609 887/14/610 819/14/611
f 820/11/612 888/26/613 838/26/614
f 905/1/615 924/1/616 922/1/617
f 901/11/618 832/11/618 824/11/618
f 874/15/619 812/14/619 861/15/619
f 854/21/620 892/12/620 897/21/620
f 899/1/621 925/1/622 921/1/622
f 819/14/623 886/15/623 862/15/623
f 813/11/624 894/11/624 830/11/624
f 804/20/50 842/17/50 840/17/50
f 877/1/625 928/1/625 920/1/625
f 803/16/50 846/22/50 844/22/50
f 912/1/626 891/1/626 793/1/626
f 915/1/627 866/1/628 931/1/629
f 802/23/50 850/13/50 848/13/50
f 809/16/630 870/17/630 841/17/630
f 818/24/631 884/19/631 858/19/631
f 842/17/632 883/20/632 882/17/632
f 822/21/50 854/21/50 800/27/50
f 859/15/68 811/24/68 861/15/68
f 805/24/50 858/19/50 856/19/50
f 839/17/68 809/16/68 841/17/68
f 810/20/633 872/19/633 857/19/633
f 806/14/50 862/15/50 860/15/50
f 794/12/68 849/13/68 847/13/68
f 846/22/634 881/16/635 880/22/636
f 903/11/637 829/11/637 825/11/637
f 931/1/638 892/1/639 878/1/640
f 930/1/641 879/1/642 880/1/642
f 916/1/643 882/1/643 929/1/643
f 933/1/644 883/1/644 884/1/644
f 934/1/645 885/1/646 886/1/647
f 919/1/648 911/1/648 935/1/648
f 834/11/649 909/11/649 828/11/649
f 913/1/650 897/1/650 932/1/650
f 849/13/651 867/23/652 808/23/653
f 920/1/654 895/1/655 924/1/656
f 921/1/657 900/1/658 926/1/657
f 924/1/616 903/1/659 922/1/617
f 919/1/660 874/1/661 934/1/660
f 926/1/662 907/1/663 923/1/662
f 909/1/664 926/1/662 923/1/662
f 928/1/625 889/1/625 920/1/625
f 929/1/665 883/1/665 917/1/665
f 916/1/666 880/1/667 881/1/666
f 915/1/627 878/1/668 879/1/642
f 914/1/669 897/1/669 892/1/669
f 918/1/602 884/1/602 885/1/670
f 919/1/660 886/1/671 887/1/660
f 928/1/672 911/1/672 888/1/672
f 858/19/673 883/20/673 817/20/673
f 907/11/674 833/11/674 827/11/674
f 853/21/675 893/12/675 807/12/675
f 808/23/676 868/22/677 845/22/678
f 902/11/679 825/11/679 832/11/679
f 795/23/68 849/13/68 808/23/68
f 835/11/680 865/11/680 799/11/680
f 798/24/68 857/19/68 811/24/68
f 793/27/681 896/21/682 853/21/683
f 931/1/638 893/1/638 914/1/638
f 895/11/684 820/11/684 829/11/684
f 806/11/685 906/11/685 836/11/685
f 906/11/686 827/11/686 836/11/686
f 872/19/687 811/24/687 857/19/687
f 934/1/645 873/1/688 918/1/645
f 914/1/669 896/1/669 932/1/669
f 910/25/689 837/26/690 863/25/691
f 815/23/692 880/22/693 879/23/694
f 896/1/650 913/1/650 932/1/650
f 870/1/643 916/1/643 929/1/643
f 865/1/695 908/1/695 927/1/695
f 800/27/696 897/21/696 890/27/696
f 850/13/697 879/23/694 878/13/698
f 862/15/699 885/24/699 818/24/699
f 838/26/700 911/25/701 864/25/702
f 904/1/703 922/1/704 925/1/705
f 906/1/706 923/1/707 907/1/708
f 873/24/709 861/15/709 811/24/709
f 902/1/710 922/1/704 903/1/711
f 826/11/712 904/11/712 831/11/712
f 828/11/713 908/11/713 835/11/713
f 901/1/714 925/1/622 902/1/715
f 876/1/672 935/1/672 928/1/672
f 910/1/648 919/1/648 935/1/648
f 908/1/716 923/1/707 927/1/717
f 933/1/644 871/1/644 917/1/644
f 930/1/641 867/1/718 915/1/627
f 830/11/719 905/11/719 826/11/719
f 845/22/720 869/16/720 809/16/720
f 831/11/721 899/11/721 823/11/721
f 797/20/68 841/17/68 810/20/68
f 796/16/68 845/22/68 809/16/68
f 841/17/722 871/20/723 810/20/724
f 821/21/68 853/21/68 851/18/68
f 898/1/725 921/1/657 926/1/657
f 916/1/666 868/1/726 930/1/727
f 871/1/665 929/1/665 917/1/665
f 865/1/728 927/1/728 906/1/728
f 894/1/729 920/1/654 924/1/656
f 876/26/730 813/11/731 837/26/732
f 822/1/733 800/1/733 912/1/733
f 848/13/734 794/12/734 847/13/734
f 801/12/735 851/18/735 794/12/735
f 852/18/736 821/1/736 851/18/736
f 847/13/734 802/23/734 848/13/734
f 795/23/737 844/22/737 802/23/737
f 843/22/737 803/16/737 844/22/737
f 796/16/738 840/17/738 803/16/738
f 839/17/738 804/20/738 840/17/738
f 797/20/739 856/19/739 804/20/739
f 855/19/740 805/24/740 856/19/740
f 798/24/741 860/15/741 805/24/741
f 865/11/742 806/11/742 860/15/742
f 999/28/743 937/29/743 1000/30/743
f 973/31/744 937/32/744 971/33/744
f 971/33/745 937/34/745 972/35/745
f 972/35/746 937/36/746 996/37/746
f 996/37/747 937/38/747 997/39/747
f 998/40/748 937/41/748 999/28/748
f 997/39/749 937/42/749 998/40/749
f 973/31/750 974/33/750 937/32/750
f 974/33/751 975/35/751 937/34/751
f 975/35/752 991/37/752 937/36/752
f 991/37/753 992/39/753 937/38/753
f 992/39/754 993/40/754 937/42/754
f 993/40/755 994/28/755 937/41/755
f 994/28/756 995/30/756 937/29/756
f 983/31/757 976/33/757 937/32/757
f 976/33/758 977/35/758 937/34/758
f 977/35/759 978/37/759 937/36/759
f 978/37/760 979/39/760 937/38/760
f 979/39/761 980/40/761 937/42/761
f 980/40/762 981/28/762 937/41/762
f 981/28/763 982/30/763 937/29/763
f 982/30/764 967/43/764 937/44/764
f 983/31/765 937/32/765 984/33/765
f 984/33/766 937/34/766 985/35/766
f 985/35/767 937/36/767 986/37/767
f 986/37/768 937/38/768 987/39/768
f 987/39/769 937/42/769 988/40/769
f 988/40/770 937/41/770 989/28/770
f 989/28/771 937/29/771 990/30/771
f 990/30/772 937/44/772 963/43/772
f 961/3/773 1238/2/773 1237/3/773
f 990/30/774 1023/45/774 1051/46/774
f 989/28/775 1051/46/775 1050/47/775
f 988/40/776 1050/47/776 1049/48/776
f 987/39/777 1049/48/777 1048/49/777
f 1047/50/778 987/39/778 1048/49/778
f 1046/51/779 986/37/779 1047/50/779
f 1045/52/780 985/35/780 1046/51/780
f 1044/53/781 984/33/781 1045/52/781
f 1063/51/782 996/37/782 1064/50/782
f 1064/50/783 997/39/783 1065/49/783
f 1062/52/784 972/35/784 1063/51/784
f 1053/53/785 971/33/785 1062/52/785
f 1044/53/786 976/33/786 983/31/786
f 1039/52/787 977/35/787 976/33/787
f 1040/51/788 978/37/788 977/35/788
f 1052/47/789 980/40/789 1043/48/789
f 1061/46/790 981/28/790 1052/47/790
f 1043/48/791 979/39/791 1042/49/791
f 997/39/792 1066/48/792 1065/49/792
f 998/40/793 1067/47/793 1066/48/793
f 1053/53/794 974/33/794 973/31/794
f 1054/52/795 975/35/795 974/33/795
f 1055/51/796 991/37/796 975/35/796
f 1056/50/797 992/39/797 991/37/797
f 1058/48/798 992/39/798 1057/49/798
f 1059/47/799 993/40/799 1058/48/799
f 1060/46/800 994/28/800 1059/47/800
f 1023/45/801 995/30/801 1060/46/801
f 1272/3/802 966/2/802 965/3/802
f 995/30/803 963/43/803 937/44/803
f 1086/54/804 1055/51/804 1085/55/804
f 1087/56/805 1056/50/805 1086/54/805
f 1088/57/806 1057/49/806 1087/56/806
f 1089/58/807 1058/48/807 1088/57/807
f 1090/59/808 1059/47/808 1089/58/808
f 1080/60/809 1060/46/809 1090/59/809
f 1030/61/810 1090/59/810 1029/62/811
f 1029/62/811 1089/58/812 1028/63/812
f 1247/64/813 1357/65/68 1360/66/68
f 1027/67/814 1089/58/812 1088/57/815
f 1026/68/816 1088/57/815 1087/56/817
f 1025/69/818 1087/56/817 1086/54/819
f 1024/70/820 1086/54/820 1085/55/820
f 1024/70/821 1084/71/822 1005/72/823
f 1004/73/824 1084/71/822 1083/74/825
f 1081/56/826 1041/50/826 1071/54/826
f 1082/57/827 1042/49/827 1081/56/827
f 1091/58/828 1043/48/828 1082/57/828
f 1092/59/829 1052/47/829 1091/58/829
f 1093/60/830 1061/46/830 1092/59/830
f 1013/61/831 1092/59/832 1012/62/833
f 1012/62/833 1091/58/834 1011/63/834
f 1349/75/835 1014/73/835 1102/76/835
f 1014/73/836 1103/77/836 1102/76/836
f 1015/72/837 1104/78/837 1103/77/837
f 1016/70/838 1105/79/838 1104/78/838
f 1017/69/839 1106/80/839 1105/79/839
f 1018/68/840 1107/81/840 1106/80/840
f 1019/67/841 1108/82/841 1107/81/841
f 1108/82/842 1021/62/842 1109/83/842
f 1109/83/843 1022/61/843 1110/84/843
f 1031/45/844 982/30/844 1061/46/844
f 1041/50/845 979/39/845 978/37/845
f 1069/71/846 1044/53/846 1072/74/846
f 1071/54/847 1040/51/847 1070/55/847
f 1008/69/848 1081/56/849 1071/54/850
f 1007/70/851 1069/71/852 1006/72/853
f 1116/77/854 1004/73/854 1115/76/854
f 1118/79/855 1024/70/855 1117/78/855
f 1120/81/856 1026/68/856 1119/80/856
f 1121/82/857 1029/62/857 1028/63/857
f 1068/46/858 1093/60/858 1100/59/858
f 970/2/859 1301/3/859 969/3/859
f 1065/49/860 1098/57/860 1097/56/860
f 1032/70/861 1131/79/861 1130/78/861
f 1100/59/862 1038/61/863 1037/62/864
f 1035/67/865 1099/58/866 1036/63/866
f 1033/69/867 1097/56/868 1034/68/869
f 1094/71/870 1032/70/871 1002/72/872
f 1349/75/873 1003/73/873 1347/85/873
f 1112/78/874 1006/72/874 1111/77/874
f 1114/80/875 1008/69/875 1113/79/875
f 1124/81/876 1009/68/876 1114/80/876
f 1044/53/877 1073/71/877 1072/74/877
f 1073/71/878 1046/51/878 1074/55/878
f 1046/51/879 1075/54/879 1074/55/879
f 1047/50/880 1076/56/880 1075/54/880
f 1048/49/881 1077/57/881 1076/56/881
f 1049/48/882 1078/58/882 1077/57/882
f 1050/47/883 1079/59/883 1078/58/883
f 1051/46/884 1080/60/884 1079/59/884
f 1079/59/885 1022/61/885 1021/62/886
f 1078/58/887 1021/62/886 1020/63/887
f 1019/67/888 1078/58/887 1020/63/887
f 1018/68/889 1077/57/890 1019/67/888
f 1017/69/891 1076/56/892 1018/68/889
f 1016/70/893 1075/54/894 1017/69/891
f 1073/71/895 1016/70/896 1015/72/897
f 1014/73/898 1073/71/895 1015/72/897
f 1347/85/899 1072/74/900 1014/73/898
f 1125/82/901 1012/62/901 1011/63/901
f 1113/79/902 1007/70/902 1112/78/902
f 1111/77/903 1003/73/903 1101/76/903
f 1001/73/904 1094/71/870 1002/72/872
f 1032/70/905 1096/54/906 1033/69/867
f 1034/68/869 1098/57/907 1035/67/865
f 1099/58/866 1037/62/864 1036/63/866
f 1084/71/908 1055/51/908 1054/52/908
f 1126/83/909 1013/61/909 1012/62/909
f 1063/51/910 1096/54/910 1095/55/910
f 999/28/911 1068/46/911 1067/47/911
f 1122/83/912 1030/61/912 1029/62/912
f 1121/82/913 1027/67/913 1120/81/913
f 1119/80/914 1025/69/914 1118/79/914
f 1117/78/915 1005/72/915 1116/77/915
f 1346/75/916 1004/73/916 1348/85/916
f 1007/70/917 1071/54/917 1070/55/917
f 1009/68/918 1082/57/919 1081/56/849
f 1069/71/920 1040/51/920 1039/52/920
f 953/3/921 1274/2/921 954/2/921
f 1206/86/68 1110/84/68 1175/87/68
f 1205/88/68 1109/83/68 1206/86/68
f 1107/81/68 1205/88/68 1204/89/68
f 1106/80/68 1204/89/68 1203/90/68
f 1105/79/68 1203/90/68 1202/91/68
f 1104/78/68 1202/91/68 1201/92/68
f 1103/77/68 1201/92/68 1200/93/68
f 1102/76/68 1200/93/68 1199/94/68
f 1349/75/68 1199/94/68 1354/95/68
f 1149/96/50 1192/97/50 1148/98/50
f 938/99/922 1184/100/922 1358/101/922
f 1128/76/68 1249/93/68 1248/94/68
f 953/3/923 1163/102/923 1162/103/923
f 952/7/924 1160/104/924 951/8/924
f 950/10/925 1149/96/925 949/5/925
f 948/4/926 1147/105/926 955/9/926
f 1156/103/50 1190/106/50 1155/107/50
f 1153/108/50 1187/109/50 1152/96/50
f 1151/98/50 1185/110/50 1150/105/50
f 1130/78/68 1253/91/68 1250/92/68
f 1132/80/68 1277/89/68 1276/90/68
f 1278/88/68 1145/83/68 1279/86/68
f 1183/102/50 1212/111/50 1184/112/927
f 938/99/928 1358/101/928 1164/100/928
f 966/2/929 1158/112/929 1157/102/929
f 965/3/930 1155/107/930 964/7/930
f 947/8/931 1153/108/931 946/10/931
f 945/5/932 1151/98/932 944/4/932
f 943/9/933 1150/105/933 1353/113/933
f 1225/92/68 1111/77/68 1224/93/68
f 1227/90/68 1113/79/68 1226/91/68
f 936/99/934 1142/100/934 1343/101/934
f 1001/73/935 1129/77/935 1128/76/935
f 1066/48/936 1099/58/936 1098/57/936
f 1064/50/937 1097/56/937 1096/54/937
f 1000/30/938 937/44/938 967/43/938
f 1000/30/939 1031/45/939 1068/46/939
f 1067/47/940 1100/59/940 1099/58/940
f 1038/114/941 1357/65/942 1146/115/941
f 1243/86/68 1123/84/68 1122/83/68
f 1242/88/68 1122/83/68 1121/82/68
f 1242/88/68 1120/81/68 1241/89/68
f 1241/89/68 1119/80/68 1240/90/68
f 1240/90/68 1118/79/68 1222/91/68
f 1222/91/68 1117/78/68 1221/92/68
f 1094/71/943 1063/51/943 1095/55/943
f 1145/83/944 1038/61/944 1146/84/944
f 1035/67/945 1144/82/945 1133/81/945
f 1033/69/946 1132/80/946 1131/79/946
f 1002/72/947 1130/78/947 1129/77/947
f 1346/75/948 1001/73/948 1128/76/948
f 1230/86/68 1127/84/68 1126/83/68
f 955/9/949 1350/113/949 1134/105/949
f 1134/105/950 956/4/950 955/9/950
f 1135/98/951 957/5/951 956/4/951
f 1136/96/952 958/10/952 957/5/952
f 1137/108/953 959/8/953 958/10/953
f 1138/104/954 960/7/954 959/8/954
f 1139/107/955 961/3/955 960/7/955
f 961/3/956 1141/102/956 962/2/956
f 962/2/957 1142/112/957 936/6/957
f 1220/93/68 1115/76/68 1219/94/68
f 1219/94/68 1346/75/68 1355/95/68
f 1192/97/958 1223/94/958 1191/110/958
f 1216/116/50 1180/104/50 1179/108/50
f 1353/113/50 1213/110/50 1166/105/50
f 1180/104/959 968/7/959 942/8/959
f 1166/105/960 939/4/960 943/9/960
f 1162/103/50 1198/117/50 1197/118/50
f 1161/107/50 1195/119/50 1160/104/50
f 936/99/961 1343/101/961 1158/100/961
f 1347/85/899 1003/73/962 1072/74/900
f 1229/88/68 1124/81/68 1228/89/68
f 1218/106/50 1182/103/50 1181/107/50
f 1215/109/50 1179/108/50 1178/96/50
f 1213/110/50 1177/98/50 1166/105/50
f 970/2/963 1184/112/963 938/6/963
f 1181/107/964 969/3/964 968/7/964
f 1179/108/965 942/8/965 941/10/965
f 1177/98/966 940/5/966 939/4/966
f 1350/113/50 1167/110/50 1134/105/50
f 1167/110/50 1135/98/50 1134/105/50
f 1168/97/50 1136/96/50 1135/98/50
f 1169/109/50 1137/108/50 1136/96/50
f 1170/116/50 1138/104/50 1137/108/50
f 1171/119/50 1139/107/50 1138/104/50
f 1172/106/50 1140/103/50 1139/107/50
f 1140/103/50 1174/117/50 1141/102/50
f 1141/102/50 1143/111/50 1142/112/967
f 1226/91/68 1112/78/68 1225/92/68
f 1223/94/68 1349/75/68 1354/95/68
f 944/4/968 1150/105/968 943/9/968
f 946/10/969 1152/96/969 945/5/969
f 964/7/970 1154/104/970 947/8/970
f 965/3/971 1157/102/971 1156/103/971
f 1279/86/68 1146/84/68 1247/87/813
f 1133/81/68 1278/88/68 1277/89/68
f 1131/79/68 1276/90/68 1253/91/68
f 1353/113/50 1185/110/50 1351/120/50
f 1152/96/50 1186/97/50 1151/98/50
f 1154/104/50 1188/116/50 1153/108/50
f 1156/103/50 1209/117/50 1208/118/50
f 949/5/972 1148/98/972 948/4/972
f 951/8/973 1159/108/973 950/10/973
f 953/3/974 1161/107/974 952/7/974
f 954/2/975 1164/112/975 1163/102/975
f 1346/75/68 1248/94/68 1355/95/68
f 1350/113/50 1191/110/50 1352/120/50
f 1159/108/50 1193/109/50 1149/96/50
f 1354/95/976 1167/110/977 1352/120/978
f 1199/94/979 1168/97/979 1167/110/979
f 1200/93/980 1169/109/980 1168/97/980
f 1201/92/981 1170/116/981 1169/109/981
f 1202/91/982 1171/119/983 1170/116/982
f 1203/90/984 1172/106/984 1171/119/984
f 1204/89/985 1173/118/985 1172/106/985
f 1173/118/986 1206/86/986 1174/117/986
f 1174/117/987 1175/87/987 1143/111/987
f 1281/4/908 1255/5/908 1254/4/908
f 1186/97/988 1219/94/988 1185/110/988
f 1196/106/989 1227/90/989 1195/119/989
f 956/4/990 1231/9/990 955/9/990
f 969/3/991 1183/102/991 970/2/991
f 962/2/992 1207/6/992 1238/2/992
f 1187/109/993 1220/93/993 1186/97/993
f 1197/118/994 1228/89/994 1196/106/994
f 956/4/995 1233/5/995 1232/4/995
f 1214/97/50 1178/96/50 1177/98/50
f 1188/116/996 1221/92/996 1187/109/996
f 1197/118/997 1230/86/997 1229/88/997
f 957/5/998 1234/10/998 1233/5/998
f 1182/103/50 1246/117/50 1183/102/50
f 1189/119/999 1222/91/999 1188/116/999
f 1198/117/1000 1211/87/1000 1230/86/1000
f 959/8/1001 1234/10/1001 958/10/1001
f 1193/109/1002 1224/93/1002 1192/97/1002
f 1208/118/1003 1241/89/1003 1190/106/1003
f 1248/94/1004 1214/97/1004 1213/110/1004
f 1162/103/50 1196/106/50 1161/107/50
f 960/7/1005 1235/8/1005 959/8/1005
f 1190/106/1006 1240/90/1006 1189/119/1006
f 1274/2/1007 938/6/1007 954/2/1007
f 1163/102/50 1165/111/927 1198/117/50
f 961/3/1008 1236/7/1008 960/7/1008
f 1185/110/1009 1355/95/1010 1351/120/1011
f 1195/119/1012 1226/91/1013 1194/116/1013
f 1231/9/1014 948/4/1014 955/9/1014
f 1178/96/1015 941/10/1015 940/5/1015
f 1282/5/847 1256/10/847 1255/5/847
f 1255/5/1016 950/10/1016 949/5/1016
f 941/10/1017 1299/8/1017 1298/10/1017
f 1268/5/1018 946/10/1018 945/5/1018
f 1232/4/1019 1260/9/1019 1231/9/1019
f 1253/91/1020 1217/119/1020 1216/116/1021
f 1233/5/878 1261/4/878 1232/4/878
f 946/10/1022 1270/8/1022 947/8/1022
f 1234/10/879 1262/5/879 1233/5/879
f 1256/10/1023 951/8/1023 950/10/1023
f 1208/118/1024 1243/86/1024 1242/88/1024
f 1235/8/937 1263/10/937 1234/10/937
f 1277/89/1025 1245/118/1025 1218/106/1025
f 1209/117/1026 1210/87/1026 1243/86/1026
f 1235/8/860 1265/7/860 1264/8/860
f 947/8/1027 1271/7/1027 964/7/1027
f 1285/7/807 1259/3/807 1258/7/807
f 1237/3/936 1265/7/936 1236/7/936
f 1276/90/1028 1218/106/1028 1217/119/1028
f 1254/4/1029 949/5/1029 948/4/1029
f 1238/2/940 1266/3/940 1237/3/940
f 1258/7/1030 953/3/1030 952/7/1030
f 1251/9/1031 944/4/1031 943/9/1031
f 1207/6/858 1267/2/858 1238/2/858
f 1355/95/1032 1213/110/1033 1351/120/1034
f 966/2/1035 1207/6/1035 936/6/1035
f 941/10/1036 1297/5/1036 940/5/1036
f 1250/92/1037 1216/116/1037 1215/109/1037
f 1260/9/1038 1254/4/1038 1231/9/1038
f 944/4/1039 1268/5/1039 945/5/1039
f 1318/2/109 1339/3/109 1317/3/109
f 939/4/1040 1297/5/1040 1280/4/1040
f 1281/4/110 1320/5/110 1282/5/110
f 938/6/1041 1302/2/1041 970/2/1041
f 1329/3/111 1295/2/111 1294/3/111
f 1283/10/805 1257/8/805 1256/10/805
f 1333/2/112 1275/6/112 1296/2/112
f 1295/2/830 1207/6/830 1273/2/830
f 1294/3/829 1273/2/829 1272/3/829
f 1293/7/113 1329/3/113 1294/3/113
f 1245/118/1042 1279/86/1042 1246/117/1042
f 1293/7/828 1272/3/828 1271/7/828
f 1270/8/827 1293/7/827 1271/7/827
f 1291/10/826 1270/8/826 1269/10/826
f 1292/8/114 1328/7/114 1293/7/114
f 1290/5/804 1269/10/804 1268/5/804
f 1289/4/920 1268/5/920 1252/4/920
f 1246/117/1043 1247/87/1043 1212/111/1043
f 1257/8/806 1285/7/806 1258/7/806
f 942/8/1044 1300/7/1044 1299/8/1044
f 1301/3/882 1316/7/882 1300/7/882
f 1299/8/881 1316/7/881 1315/8/881
f 1288/9/115 1334/4/115 1323/9/115
f 1299/8/880 1314/10/880 1298/10/880
f 1315/8/116 1338/7/116 1337/8/116
f 1298/10/910 1313/5/910 1297/5/910
f 1326/10/117 1292/8/117 1291/10/117
f 1244/6/884 1318/2/884 1302/2/884
f 1302/2/883 1317/3/883 1301/3/883
f 1261/4/118 1303/9/118 1260/9/118
f 1261/4/119 1305/5/119 1304/4/119
f 1263/10/120 1305/5/120 1262/5/120
f 1271/7/1045 965/3/1045 964/7/1045
f 1264/8/121 1306/10/121 1263/10/121
f 1249/93/1046 1215/109/1046 1214/97/1046
f 1325/5/122 1291/10/122 1290/5/122
f 1264/8/123 1308/7/123 1307/8/123
f 951/8/1047 1258/7/1047 952/7/1047
f 1266/3/124 1308/7/124 1265/7/124
f 939/4/1048 1251/9/1048 943/9/1048
f 1267/2/125 1309/3/125 1266/3/125
f 1286/3/808 1274/2/808 1259/3/808
f 1239/6/126 1310/2/126 1267/2/126
f 1288/9/846 1252/4/846 1251/9/846
f 1296/2/809 1244/6/809 1274/2/809
f 1312/4/127 1335/5/127 1334/4/127
f 1282/5/128 1321/10/128 1283/10/128
f 1315/8/129 1336/10/129 1314/10/129
f 969/3/1049 1300/7/1049 968/7/1049
f 1260/9/130 1319/4/130 1281/4/130
f 1297/5/943 1312/4/943 1280/4/943
f 1289/4/131 1325/5/131 1290/5/131
f 1323/9/132 1289/4/132 1288/9/132
f 1275/6/133 1340/2/133 1318/2/133
f 1280/4/877 1288/9/877 1251/9/877
f 1332/3/134 1296/2/134 1286/3/134
f 1331/7/135 1286/3/135 1285/7/135
f 1316/7/136 1339/3/136 1338/7/136
f 1330/2/137 1239/6/137 1295/2/137
f 1212/121/1050 1360/66/1051 1359/122/1052
f 1313/5/138 1336/10/138 1335/5/138
f 1284/8/139 1331/7/139 1285/7/139
f 1176/121/1053 1345/66/1054 1210/64/1054
f 1321/10/140 1284/8/140 1283/10/140
f 1038/114/863 1093/123/1055 1356/124/1056
f 1343/101/967 1176/121/967 1158/100/50
f 1212/121/50 1358/101/967 1184/100/927
f 1030/114/810 1341/124/1057 1080/123/1058
f 1342/65/1059 1030/114/1060 1123/115/1059
f 1210/64/68 1342/65/68 1123/115/68
f 1165/121/1061 1360/66/1062 1211/64/1062
f 1157/102/50 1176/111/967 1209/117/50
f 1143/121/1063 1345/66/1064 1344/122/1065
f 1228/89/68 1114/80/68 1227/90/68
f 1143/121/50 1343/101/967 1142/100/967
f 1175/64/68 1342/65/68 1345/66/68
f 1155/107/50 1189/119/50 1154/104/50
f 1348/85/1066 1004/73/824 1083/74/825
f 1022/114/1067 1342/65/1067 1110/115/1067
f 1022/114/885 1080/123/1058 1341/124/1057
f 1084/71/1038 1053/53/1038 1083/74/1038
f 1221/92/68 1116/77/68 1220/93/68
f 1144/82/1068 1037/62/1068 1145/83/1068
f 1160/104/50 1194/116/50 1159/108/50
f 955/9/1069 1147/105/1069 1350/113/1069
f 1194/116/1070 1225/92/1070 1193/109/1070
f 943/9/1071 1353/113/1071 1166/105/1071
f 1148/98/50 1191/110/50 1147/105/50
f 1034/68/1072 1133/81/1072 1132/80/1072
f 1010/67/1073 1091/58/834 1082/57/919
f 1125/82/1074 1010/67/1074 1124/81/1074
f 1224/93/68 1101/76/68 1223/94/68
f 1229/88/68 1126/83/68 1125/82/68
f 1003/73/962 1069/71/852 1072/74/900
f 1191/110/1075 1354/95/1076 1352/120/1077
f 1358/101/967 1165/121/927 1164/100/1078
f 1211/64/1079 1357/65/68 1127/115/68
f 1217/119/50 1181/107/50 1180/104/50
f 1348/85/1066 1083/74/825 1001/73/904
f 1357/65/1080 1013/114/1081 1127/115/1082
f 1013/114/831 1356/124/1056 1093/123/1055
f 1053/53/1019 1094/71/1019 1083/74/1019
f 1129/77/68 1250/92/68 1249/93/68
f 1388/1/1083 1425/1/1083 1387/1/1083
f 1369/1/1084 1425/1/1084 1375/1/1084
f 1401/1/1085 1379/1/1085 1425/1/1085
f 1417/1/1086 1376/1/1086 1425/1/1086
f 1387/1/1087 1425/1/1087 1386/1/1087
f 1409/1/1088 1410/1/1088 1425/1/1088
f 1418/1/1089 1381/1/1089 1425/1/1089
f 1394/1/1090 1393/1/1090 1425/1/1090
f 1386/1/1091 1425/1/1091 1385/1/1091
f 1408/1/1092 1409/1/1092 1425/1/1092
f 1382/1/1093 1425/1/1093 1395/1/1093
f 1385/1/1094 1425/1/1094 1384/1/1094
f 1407/1/1095 1408/1/1095 1425/1/1095
f 1420/1/1096 1421/1/1096 1425/1/1096
f 1370/1/1097 1425/1/1097 1364/1/1097
f 1384/1/1098 1425/1/1098 1383/1/1098
f 1406/1/1099 1407/1/1099 1425/1/1099
f 1419/1/1100 1418/1/1100 1425/1/1100
f 1423/1/1101 1371/1/1101 1425/1/1101
f 1383/1/1102 1425/1/1102 1382/1/1102
f 1405/1/1103 1406/1/1103 1425/1/1103
f 1380/1/1104 1401/1/1104 1425/1/1104
f 1381/1/1105 1380/1/1105 1425/1/1105
f 1391/1/1106 1405/1/1106 1425/1/1106
f 1378/1/1107 1417/1/1107 1425/1/1107
f 1379/1/1108 1378/1/1108 1425/1/1108
f 1392/1/1109 1391/1/1109 1425/1/1109
f 1376/1/1110 1377/1/1110 1425/1/1110
f 1393/1/1111 1392/1/1111 1425/1/1111
f 1377/1/1112 1411/1/1112 1425/1/1112
f 1374/1/1113 1425/1/1113 1416/1/1113
f 1375/1/1114 1425/1/1114 1374/1/1114
f 1416/1/1115 1425/1/1115 1424/1/1115
f 1404/1/1116 1422/1/1116 1425/1/1116
f 1389/1/1117 1425/1/1117 1388/1/1117
f 1421/1/1118 1423/1/1118 1425/1/1118
f 1400/1/1119 1394/1/1119 1425/1/1119
f 1390/1/1120 1425/1/1120 1389/1/1120
f 1367/1/1121 1425/1/1121 1369/1/1121
f 1412/1/1122 1425/1/1122 1413/1/1122
f 1402/1/1123 1425/1/1123 1412/1/1123
f 1399/1/1124 1425/1/1124 1366/1/1124
f 1422/1/1125 1372/1/1125 1425/1/1125
f 1415/1/1126 1425/1/1126 1414/1/1126
f 1396/1/1127 1425/1/1127 1370/1/1127
f 1424/1/1128 1425/1/1128 1415/1/1128
f 1373/1/1129 1425/1/1129 1397/1/1129
f 1366/1/1130 1425/1/1130 1398/1/1130
f 1395/1/1131 1425/1/1131 1399/1/1131
f 1361/1/1132 1425/1/1132 1362/1/1132
f 1365/1/1133 1400/1/1133 1425/1/1133
f 1364/1/1134 1425/1/1134 1363/1/1134
f 1414/1/1135 1425/1/1135 1402/1/1135
f 1413/1/1136 1425/1/1136 1361/1/1136
f 1372/1/1137 1403/1/1137 1425/1/1137
f 1363/1/1138 1425/1/1138 1367/1/1138
f 1368/1/1139 1420/1/1139 1425/1/1139
f 1371/1/1140 1404/1/1140 1425/1/1140
f 1410/1/1141 1419/1/1141 1425/1/1141
f 1398/1/1142 1425/1/1142 1373/1/1142
f 1362/1/1143 1425/1/1143 1390/1/1143
f 1411/1/1144 1368/1/1144 1425/1/1144
f 1397/1/1145 1425/1/1145 1396/1/1145
f 1403/1/1146 1365/1/1146 1425/1/1146
f 1491/1/1147 1516/1/1147 1452/1/1147
f 1453/1/1148 1516/1/1148 1517/1/1148
f 1465/1/1149 1530/1/1149 1466/1/1149
f 1451/1/1150 1514/1/1150 1450/1/1150
f 1466/1/1151 1531/1/1151 1467/1/1151
f 1485/1/1152 1515/1/1152 1451/1/1152
f 1512/1/1150 1490/1/1150 1448/1/1150
f 1513/1/1152 1448/1/1152 1449/1/1152
f 1439/1/1153 1541/1/1153 1477/1/1153
f 1535/1/1154 1470/1/1154 1471/1/1154
f 1485/1/1155 1506/1/1155 1549/1/1155
f 1500/1/1156 1464/1/1156 1436/1/1156
f 1536/1/1157 1447/1/1157 1472/1/1157
f 1493/1/1156 1548/1/1156 1484/1/1156
f 1478/1/1158 1509/1/1158 1445/1/1158
f 1494/1/1159 1506/1/1159 1442/1/1159
f 1437/1/1160 1505/1/1160 1441/1/1160
f 1446/1/1157 1541/1/1157 1510/1/1157
f 1551/1/1161 1435/1/1161 1487/1/1161
f 1552/1/1162 1476/1/1162 1488/1/1162
f 1438/1/1163 1501/1/1163 1437/1/1163
f 1439/1/1164 1538/1/1164 1503/1/1164
f 1499/1/1165 1436/1/1165 1435/1/1165
f 1533/1/1166 1473/1/1166 1469/1/1166
f 1440/1/1153 1536/1/1153 1472/1/1153
f 1511/1/1167 1471/1/1167 1447/1/1167
f 1562/1/1147 1489/1/1147 1498/1/1147
f 1470/1/1158 1508/1/1158 1444/1/1158
f 1489/1/1148 1552/1/1148 1488/1/1148
f 1446/1/1167 1560/1/1167 1496/1/1167
f 1473/1/1164 1504/1/1164 1440/1/1164
f 1476/1/1168 1550/1/1168 1486/1/1168
f 1557/1/1169 1620/1/1169 1621/1/1169
f 1509/1/1170 1625/1/1170 1561/1/1170
f 1585/1/1171 1520/1/1171 1521/1/1171
f 1543/1/1172 1608/1/1172 1607/1/1172
f 1539/1/1173 1582/1/1173 1518/1/1173
f 1518/1/1174 1583/1/1174 1519/1/1174
f 1543/1/1175 1593/1/1175 1529/1/1175
f 1555/1/1176 1580/1/1176 1516/1/1176
f 1516/1/1177 1581/1/1177 1517/1/1177
f 1530/1/1178 1593/1/1178 1594/1/1178
f 1514/1/1179 1579/1/1179 1578/1/1179
f 1531/1/1180 1594/1/1180 1595/1/1180
f 1549/1/1181 1579/1/1181 1515/1/1181
f 1512/1/1182 1618/1/1182 1554/1/1182
f 1513/1/1183 1576/1/1183 1512/1/1183
f 1503/1/1184 1605/1/1184 1541/1/1184
f 1599/1/1185 1534/1/1185 1535/1/1185
f 1549/1/1186 1570/1/1186 1613/1/1186
f 1500/1/1187 1592/1/1187 1528/1/1187
f 1536/1/1188 1575/1/1188 1511/1/1188
f 1557/1/1189 1612/1/1189 1548/1/1189
f 1542/1/1190 1573/1/1190 1509/1/1190
f 1506/1/1191 1622/1/1191 1570/1/1191
f 1565/1/1192 1505/1/1192 1501/1/1192
f 1541/1/1193 1574/1/1193 1510/1/1193
f 1551/1/1194 1563/1/1194 1499/1/1194
f 1616/1/1195 1540/1/1195 1552/1/1195
f 1502/1/1196 1565/1/1196 1501/1/1196
f 1503/1/1197 1602/1/1197 1567/1/1197
f 1563/1/1198 1500/1/1198 1499/1/1198
f 1597/1/1199 1537/1/1199 1533/1/1199
f 1504/1/1200 1600/1/1200 1536/1/1200
f 1479/1/1201 1529/1/1201 1465/1/1201
f 1455/1/1202 1518/1/1202 1519/1/1202
f 1475/1/1168 1518/1/1168 1454/1/1168
f 1479/1/1203 1544/1/1203 1543/1/1203
f 1521/1/1151 1456/1/1151 1457/1/1151
f 1497/1/1204 1509/1/1204 1561/1/1204
f 1493/1/1165 1556/1/1165 1557/1/1165
f 1481/1/1205 1544/1/1205 1480/1/1205
f 1522/1/1149 1457/1/1149 1458/1/1149
f 1444/1/1204 1502/1/1204 1438/1/1204
f 1494/1/1160 1559/1/1160 1558/1/1160
f 1482/1/1206 1545/1/1206 1481/1/1206
f 1523/1/1201 1458/1/1201 1459/1/1201
f 1520/1/1207 1469/1/1207 1456/1/1207
f 1483/1/1208 1546/1/1208 1482/1/1208
f 1524/1/1203 1459/1/1203 1460/1/1203
f 1467/1/1207 1532/1/1207 1468/1/1207
f 1455/1/1161 1556/1/1161 1492/1/1161
f 1483/1/1209 1548/1/1209 1547/1/1209
f 1461/1/1205 1524/1/1205 1460/1/1205
f 1450/1/1210 1555/1/1210 1491/1/1210
f 1475/1/1162 1517/1/1162 1539/1/1162
f 1507/1/1155 1449/1/1155 1443/1/1155
f 1462/1/1206 1525/1/1206 1461/1/1206
f 1554/1/1210 1498/1/1210 1490/1/1210
f 1478/1/1154 1560/1/1154 1542/1/1154
f 1463/1/1208 1526/1/1208 1462/1/1208
f 1497/1/1163 1559/1/1163 1495/1/1163
f 1474/1/1166 1532/1/1166 1538/1/1166
f 1528/1/1209 1463/1/1209 1464/1/1209
f 1441/1/1159 1507/1/1159 1443/1/1159
f 1550/1/1202 1487/1/1202 1486/1/1202
f 1544/1/1211 1609/1/1211 1608/1/1211
f 1522/1/1212 1585/1/1212 1521/1/1212
f 1572/1/1213 1502/1/1213 1508/1/1213
f 1558/1/1214 1623/1/1214 1622/1/1214
f 1545/1/1215 1610/1/1215 1609/1/1215
f 1523/1/1216 1586/1/1216 1522/1/1216
f 1520/1/1217 1597/1/1217 1533/1/1217
f 1547/1/1218 1610/1/1218 1546/1/1218
f 1588/1/1219 1523/1/1219 1524/1/1219
f 1531/1/1220 1596/1/1220 1532/1/1220
f 1519/1/1221 1620/1/1221 1556/1/1221
f 1547/1/1222 1612/1/1222 1611/1/1222
f 1589/1/1223 1524/1/1223 1525/1/1223
f 1555/1/1224 1578/1/1224 1619/1/1224
f 1539/1/1225 1581/1/1225 1603/1/1225
f 1571/1/1226 1513/1/1226 1507/1/1226
f 1590/1/1227 1525/1/1227 1526/1/1227
f 1618/1/1228 1562/1/1228 1554/1/1228
f 1542/1/1229 1624/1/1229 1606/1/1229
f 1527/1/1230 1590/1/1230 1526/1/1230
f 1561/1/1231 1623/1/1231 1559/1/1231
f 1532/1/1232 1602/1/1232 1538/1/1232
f 1592/1/1233 1527/1/1233 1528/1/1233
f 1505/1/1234 1571/1/1234 1507/1/1234
f 1614/1/1235 1551/1/1235 1550/1/1235
f 1540/1/1236 1614/1/1236 1550/1/1236
f 1601/1/1237 1504/1/1237 1537/1/1237
f 1510/1/1238 1624/1/1238 1560/1/1238
f 1617/1/1239 1552/1/1239 1553/1/1239
f 1534/1/1240 1572/1/1240 1508/1/1240
f 1562/1/1241 1617/1/1241 1553/1/1241
f 1511/1/1242 1599/1/1242 1535/1/1242
s 0
f 1642/1/68 1643/1/68 1647/1/68
f 1645/1/68 1644/1/68 1643/1/68
f 1648/1/68 1652/1/68 1649/1/68
f 1651/1/68 1648/1/68 1627/1/68
f 1656/1/68 1658/1/68 1655/1/68
f 1660/1/68 1662/1/68 1627/1/68
f 1658/1/68 1663/1/68 1664/1/68
f 1668/1/68 1667/1/68 1644/1/68
f 1668/1/68 1644/1/68 1627/1/68
f 1656/1/68 1671/1/68 1670/1/68
f 1656/1/68 1668/1/68 1627/1/68
f 1672/1/68 1651/1/68 1673/1/68
f 1651/1/68 1627/1/68 1673/1/68
f 1676/1/68 1675/1/68 1677/1/68
f 1627/1/68 1645/1/68 1675/1/68
f 1679/1/68 1650/1/68 1680/1/68
f 1627/1/68 1648/1/68 1679/1/68
f 1682/1/68 1679/1/68 1683/1/68
f 1627/1/68 1679/1/68 1682/1/68
f 1666/1/68 1662/1/68 1684/1/68
f 1660/1/68 1685/1/68 1687/1/68
f 1627/1/68 1685/1/68 1660/1/68
f 1690/1/68 1685/1/68 1682/1/68
f 1682/1/68 1685/1/68 1627/1/68
s 1
f 2382/1/1243 2288/1/1243 2287/1/1243
f 2335/1/1244 2419/1/1244 2336/1/1244
f 2403/1/1245 2179/1/1245 2180/1/1245
f 2379/1/1246 2352/1/1246 2353/1/1246
f 2332/4/1247 2360/5/1247 2361/4/1247
f 2318/9/1248 2283/4/1248 2284/9/1248
s 0
f 1696/3/1249 1697/2/50 2508/2/1250
s 1
f 2361/4/1251 2318/9/1251 2284/9/1251
f 2293/3/1252 2340/2/1252 2292/2/1252
f 2233/1/1253 2410/1/1253 2333/1/1253
f 2289/1/1254 2413/1/1254 2290/1/1254
s 0
f 2511/125/1255 1692/99/1256 2512/125/50
s 1
f 2260/1/50 2322/1/50 2258/1/50
s 0
f 1691/6/1257 2515/126/1258 2514/6/68
s 1
f 2348/1/50 2205/1/50 2301/1/50
f 2179/1/1259 2401/1/1259 2178/1/1259
f 2369/1/1260 2387/1/1260 2439/1/1260
f 2332/4/1261 2284/9/1261 2241/9/1261
s 0
f 2518/125/68 2515/125/1262 1691/99/1263
s 1
f 2292/2/1264 2344/6/1264 2297/6/1264
f 2258/1/50 2321/1/50 2257/1/50
s 0
f 1692/6/50 2521/6/1265 2512/126/1266
s 1
f 2178/1/1267 2400/1/1267 2177/1/1267
f 2324/1/50 2260/1/50 2261/1/50
f 2170/6/50 2325/2/50 2262/2/50
f 1729/5/908 1765/4/908 1728/4/908
f 2263/3/50 2325/2/50 2327/3/50
f 2325/2/1268 2356/3/1268 2327/3/1268
f 1794/1/1269 1972/1/1269 1848/1/1270
f 2360/5/1271 2376/4/1271 2361/4/1271
f 1731/10/847 1766/5/847 1729/5/847
f 1739/9/1019 1706/4/1019 1705/9/1019
f 1740/4/878 1708/5/878 1706/4/878
f 1741/5/879 1711/10/879 1708/5/879
f 1742/10/937 1713/8/937 1711/10/937
f 1743/8/860 1714/7/860 1713/8/860
f 1737/3/807 1769/7/807 1736/7/807
f 1744/7/936 1716/3/936 1714/7/936
f 1745/3/940 1718/2/940 1716/3/940
f 1746/2/858 1703/6/858 1718/2/858
f 1728/4/1038 1739/9/1038 1705/9/1038
s 0
f 2525/2/68 2524/2/1272 1823/2/1273
s 1
f 2356/3/1274 2372/7/1274 2357/7/1274
f 2413/1/1275 2291/1/1275 2290/1/1275
f 2528/4/1276 1765/4/1276 1766/5/1276
s 0
f 1697/2/1277 2530/6/1278 2509/2/68
s 1
f 2259/1/50 2324/1/50 2199/1/50
f 2533/2/1279 1791/3/1279 1792/2/1279
f 1733/8/805 1767/10/805 1731/10/805
s 0
f 1870/2/1280 2536/6/50 2535/6/1281
s 1
f 2539/6/1282 2538/2/1282 1793/2/1282
f 1703/6/830 1792/2/830 1759/2/830
f 1866/10/50 2541/8/50 2540/10/50
f 1747/1/1283 1845/1/1283 1778/1/1283
f 1759/2/829 1791/3/829 1757/3/829
f 2543/7/1284 1789/7/1284 1791/3/1284
f 1867/8/50 2545/7/50 2541/8/50
f 1778/1/1285 1844/1/1285 1777/1/1285
f 1808/1/1286 1876/1/1287 1809/1/1287
f 1757/3/828 1789/7/828 1756/7/828
f 2548/3/50 2546/7/50 1868/7/50
f 1756/7/827 1787/8/827 1754/8/827
f 1777/1/1288 1843/1/1288 1776/1/1288
f 1754/8/826 1786/10/826 1751/10/826
f 2543/7/1289 1787/8/1289 1789/7/1289
f 2277/2/1290 2136/6/1290 2218/2/1290
f 1846/1/1291 1935/1/1291 1837/1/1291
f 1751/10/804 1783/5/804 1750/5/804
f 1776/1/1292 1842/1/1292 1775/1/1292
f 1750/5/920 1781/4/920 1725/4/920
f 2551/4/50 1825/4/50 2552/9/50
f 1814/1/1293 1880/1/1293 1881/1/1293
s 0
f 2554/5/50 2553/5/1294 1826/5/1295
s 1
f 1813/1/1296 1879/1/1296 1880/1/1296
f 2556/10/50 1827/10/50 2553/5/50
f 2557/9/50 1864/4/50 2559/4/50
f 1828/8/50 2555/10/50 2560/8/50
f 2561/5/50 1866/10/50 2540/10/50
f 1736/7/806 1768/8/806 1733/8/806
s 0
f 1828/8/1297 2560/8/50 2564/8/1298
f 1864/4/1299 2561/5/68 2565/5/1300
f 1829/7/1301 2563/7/50 2567/7/1302
s 1
f 1821/7/882 1799/3/882 1798/7/882
f 1932/1/1303 1808/1/1304 1834/1/1303
s 0
f 1830/3/1305 2566/3/50 2569/3/1306
s 1
f 2573/7/50 2571/3/50 1929/3/50
f 2058/4/1307 2133/5/1307 2135/4/1307
s 0
f 1805/6/1308 2568/2/50 2574/2/1309
s 1
f 1820/8/881 1798/7/881 1797/8/881
f 1816/1/1310 1887/1/1310 1888/1/1310
f 1807/1/1311 1886/1/1311 1887/1/1311
f 2575/4/1312 1817/4/1312 1779/9/1312
f 1819/10/880 1797/8/880 1796/10/880
f 2572/7/50 1927/8/50 2578/8/50
f 1820/8/1313 2579/7/1313 1821/7/1313
f 2217/1/50 2155/1/50 2098/1/50
f 1818/5/910 1796/10/910 1795/5/910
f 1747/1/1314 1898/1/1314 1832/1/1314
f 2232/6/1315 2355/2/1315 2325/2/1315
f 1815/1/1316 1881/1/1316 1898/1/1316
f 1930/2/50 2583/2/50 2581/6/50
f 2584/10/1317 1787/8/1317 2549/8/1317
f 1823/2/884 1722/6/884 1800/2/884
s 0
f 1869/3/1318 2534/2/50 2585/2/1319
f 2588/10/68 2587/10/1320 2586/8/1321
s 1
f 1842/1/1322 1774/1/1322 1775/1/1322
f 1822/3/883 1800/2/883 1799/3/883
f 1809/1/1323 1877/1/1323 1810/1/1323
f 1794/1/1324 1888/1/1324 1873/1/1324
f 1872/2/50 2582/6/50 2590/2/50
f 1739/9/1325 2591/4/1325 1740/4/1325
f 1841/1/1326 1773/1/1326 1774/1/1326
f 2595/4/1327 2593/5/1327 1741/5/1327
f 2313/7/1328 2278/3/1328 2279/7/1328
s 0
f 2597/10/50 2596/10/1329 1742/10/1330
s 1
f 1840/1/1331 1772/1/1331 1773/1/1331
f 2596/10/1332 1743/8/1332 1742/10/1332
f 2601/10/1333 1783/5/1333 1786/10/1333
f 1743/8/1334 2599/8/1334 2602/7/1334
f 1839/1/1335 1771/1/1336 1772/1/1335
f 2605/7/1337 2604/3/1337 1745/3/1337
f 1851/4/50 2607/4/50 2606/9/50
f 2609/3/1338 2608/2/1338 1746/2/1338
f 1761/2/808 1770/3/808 1737/3/808
f 1871/3/50 2612/3/50 2611/7/50
f 2614/2/1339 2613/6/1339 1720/6/1339
f 1725/4/846 1779/9/846 1723/9/846
f 1811/1/1340 1879/1/1340 1812/1/1340
f 1931/1/50 1972/1/50 1873/1/50
f 1857/10/50 1910/5/50 1858/5/50
f 1722/6/809 1793/2/809 1761/2/809
f 1839/1/50 1890/1/50 1838/1/50
f 1859/4/50 1910/5/50 1911/4/50
f 1923/4/1341 1993/5/1341 1994/4/1341
f 1859/4/50 1912/9/50 1860/9/50
f 1824/9/1342 1922/4/1342 1851/4/1342
f 1851/4/1343 1921/5/1343 1853/5/1343
f 1855/9/1344 1994/4/1344 1918/9/1344
f 1853/5/1345 1920/10/1345 1861/10/1345
f 1912/9/50 1922/4/50 1860/9/50
f 2617/4/1346 2615/5/1346 1818/5/1346
f 1922/4/50 1991/5/50 1921/5/50
f 1992/4/1347 2052/5/1347 1991/5/1347
f 1882/1/50 1890/1/50 1941/1/50
f 1969/9/1348 1992/4/1348 1912/9/1348
f 1935/1/1349 1836/1/1349 1837/1/1349
f 1991/5/50 1920/10/50 1921/5/50
f 1889/2/1350 1833/6/1350 1872/2/1350
f 1987/8/50 1914/7/50 1915/8/50
f 1913/3/1351 1872/2/1351 1871/3/1351
f 1890/1/50 1998/1/50 1941/1/50
f 1914/7/1352 1871/3/1352 1863/7/1352
f 2096/1/50 2169/1/50 2094/1/50
f 1855/9/1353 1917/4/1353 1864/4/1353
f 1884/1/50 1944/1/50 1885/1/50
f 1864/4/1354 1916/5/1354 1865/5/1354
f 1920/10/1355 1862/8/1355 1861/10/1355
f 1988/10/50 2057/5/50 1993/5/50
f 1934/1/1356 1835/1/1356 1836/1/1356
f 2129/10/50 2201/8/50 2202/10/50
f 1862/8/1357 1914/7/1357 1863/7/1357
f 2619/10/1358 2618/5/1358 1766/5/1358
f 1848/1/1359 1940/1/1359 1847/1/1359
f 1801/1/1360 1883/1/1360 1802/1/1360
f 2621/10/1361 2620/8/1361 1820/8/1361
s 0
f 2623/3/68 1696/3/68 2510/3/68
s 1
f 2624/2/50 1930/2/50 2570/3/50
f 1802/1/1362 1884/1/1362 1803/1/1362
f 1803/1/1363 1885/1/1363 1804/1/1363
f 2625/9/1364 1739/9/1364 1765/4/1364
f 1817/4/943 1795/5/943 1764/4/943
f 1933/1/1365 1834/1/1365 1835/1/1365
f 1806/1/1366 1885/1/1366 1886/1/1366
f 1824/9/1367 1859/4/1367 1860/9/1367
f 1825/4/1368 1858/5/1368 1859/4/1368
f 1855/9/50 2627/9/50 2626/4/50
f 1826/5/1369 1857/10/1369 1858/5/1369
f 2630/5/1370 2628/4/1370 1781/4/1370
s 0
f 2631/10/68 2632/10/1371 1861/10/1372
s 1
f 1828/8/1373 1857/10/1373 1827/10/1373
f 1810/1/1374 1878/1/1374 1811/1/1374
s 0
f 2635/5/68 2634/5/1375 2588/10/1376
s 1
f 1828/8/1377 1852/7/1377 1854/8/1377
f 2628/4/1378 1779/9/1378 1781/4/1378
f 1861/10/50 2632/10/50 2636/5/1379
f 1862/8/50 2610/7/50 2633/8/50
f 1830/3/1380 1852/7/1380 1829/7/1380
f 1851/4/50 2637/5/1381 2638/4/50
f 1923/4/50 2626/4/50 2635/5/50
f 1831/2/1382 1850/3/1382 1830/3/1382
f 1847/1/1383 1939/1/1383 1846/1/1383
f 1872/2/50 2589/2/50 2640/3/50
f 1805/6/1384 1849/2/1384 1831/2/1384
f 1911/4/1385 1967/5/1385 1968/4/1385
f 1888/1/50 1931/1/50 1873/1/50
f 1911/4/1386 1969/9/1386 1912/9/1386
f 1993/5/50 2058/4/50 1994/4/50
f 2355/2/1387 2344/6/1387 2370/2/1387
f 2400/1/1388 2176/1/1388 2177/1/1388
f 1994/4/50 1978/9/50 1918/9/50
f 1887/1/50 1971/1/50 1888/1/50
s 0
f 2641/6/68 2539/6/1389 1762/6/1390
s 1
f 1889/2/50 1989/6/50 1919/6/50
f 2113/4/50 2052/5/50 2053/4/50
f 1932/1/50 1936/1/50 1875/1/50
f 2025/9/50 2053/4/50 1969/9/50
f 1913/3/50 1981/2/50 1889/2/50
f 1887/1/50 1945/1/50 1970/1/50
f 1946/1/50 2068/1/50 1998/1/50
f 1977/4/1391 2042/5/1391 1976/5/1391
f 2052/5/50 2111/10/50 2051/10/50
f 1931/1/50 2027/1/50 1995/1/50
f 1999/1/50 2068/1/50 2069/1/50
f 1899/2/1392 1805/6/1392 1870/2/1392
f 2108/8/50 2046/7/50 2048/8/50
f 1779/9/877 1764/4/877 1723/9/877
f 1999/1/50 2071/1/50 2000/1/50
f 2537/2/1393 2643/3/1393 1770/3/1393
f 1990/10/1394 2048/8/1394 1987/8/1394
f 1900/3/1395 1870/2/1395 1869/3/1395
f 1942/1/50 1998/1/50 1999/1/50
f 1902/7/1396 1869/3/1396 1868/7/1396
f 2135/4/50 2104/9/50 2044/9/50
f 2642/3/1397 2645/7/1397 1769/7/1397
f 1942/1/50 2000/1/50 1943/1/50
f 1840/1/50 1891/1/50 1839/1/50
f 1857/10/50 1906/8/50 1909/10/50
f 2045/1/50 1940/1/50 1972/1/50
f 1893/1/50 1840/1/50 1841/1/50
f 1852/7/50 1906/8/50 1854/8/50
f 1940/1/50 2037/1/50 1939/1/50
f 1894/1/50 1841/1/50 1842/1/50
f 1976/5/50 1907/10/50 1916/5/50
f 1852/7/50 1903/3/50 1905/7/50
f 1920/10/50 1987/8/50 1915/8/50
f 1843/1/50 1894/1/50 1842/1/50
s 0
f 2646/3/68 2526/3/1398 1822/3/1399
s 1
f 1850/3/50 1901/2/50 1903/3/50
f 1883/1/50 1941/1/50 1942/1/50
f 1844/1/50 1895/1/50 1843/1/50
f 1876/1/50 1936/1/50 1937/1/50
f 1849/2/50 1908/6/50 1901/2/50
f 1991/5/1400 2051/10/1400 1990/10/1400
f 1897/1/50 1844/1/50 1845/1/50
f 2365/1/1401 2384/1/1401 2427/1/1401
f 1883/1/50 1943/1/50 1884/1/50
f 1874/1/50 1845/1/50 1832/1/50
f 1917/4/50 1976/5/50 1916/5/50
f 1833/6/1402 1979/2/1402 1930/2/1402
f 1914/7/50 1983/3/50 1913/3/50
f 2277/2/1403 2249/6/1403 2192/6/1403
f 1978/9/50 1917/4/50 1918/9/50
f 1930/2/1404 1980/3/1404 1929/3/1404
f 1886/1/50 1944/1/50 1945/1/50
f 2648/6/1405 2532/2/1405 1792/2/1405
f 1929/3/1406 1982/7/1406 1928/7/1406
f 2051/10/50 2108/8/50 2048/8/50
f 1982/7/50 2055/8/50 1984/8/50
f 1966/10/50 2019/8/50 2022/10/50
f 1948/1/50 2003/1/50 1947/1/50
f 2060/1/50 2207/1/50 2141/1/50
f 1967/5/50 2022/10/50 2023/5/50
f 2003/1/50 1946/1/50 1947/1/50
f 1967/5/50 2024/4/50 1968/4/50
f 1925/10/1407 1984/8/1407 1988/10/1407
f 1968/4/50 2025/9/50 1969/9/50
f 2058/4/1408 2044/9/1408 1978/9/1408
f 1971/1/50 2026/1/50 2027/1/50
f 1927/8/1409 1982/7/1409 1984/8/1409
f 1981/2/1410 2050/6/1410 1989/6/1410
f 2082/9/1411 2113/4/1411 2025/9/1411
f 1970/1/50 2010/1/50 2026/1/50
f 2107/1/50 2028/1/50 2036/1/50
f 2040/3/1412 1981/2/1412 1983/3/1412
f 2105/1/50 1997/1/50 2028/1/50
f 1944/1/50 2010/1/50 1945/1/50
f 1924/5/1413 1988/10/1413 1993/5/1413
f 2054/7/1414 2117/3/1414 2118/7/1414
f 2035/10/50 2100/8/50 2034/8/50
f 2049/3/1415 2116/2/1415 2117/3/1415
f 2014/1/50 2077/1/50 2086/1/50
f 2109/1/50 2036/1/50 2037/1/50
f 1898/1/50 1874/1/50 1832/1/50
f 2028/1/50 1933/1/50 1934/1/50
f 1881/1/50 1960/1/50 1898/1/50
f 2117/3/50 2197/2/50 2198/3/50
f 1881/1/50 1956/1/50 1958/1/50
f 2117/3/50 2200/7/50 2118/7/50
f 1947/1/50 1890/1/50 1891/1/50
f 1910/5/1416 1966/10/1416 1967/5/1416
f 1997/1/50 2094/1/50 1996/1/50
f 1892/1/50 1947/1/50 1891/1/50
f 1909/10/1417 1963/8/1417 1966/10/1417
f 1943/1/50 2001/1/50 1944/1/50
f 1949/1/50 1892/1/50 1893/1/50
f 1905/7/1418 1963/8/1418 1906/8/1418
f 2056/10/1419 2127/8/1419 2129/10/1419
f 1950/1/50 1893/1/50 1894/1/50
f 2622/10/1420 1818/5/1420 2615/5/1420
f 1903/3/1421 1961/7/1421 1905/7/1421
f 2046/7/1422 1983/3/1422 1986/7/1422
f 1951/1/50 1894/1/50 1895/1/50
f 1865/5/1423 1907/10/1423 1866/10/1423
f 1901/2/1424 1959/3/1424 1903/3/1424
f 2054/7/1425 2127/8/1425 2055/8/1425
f 1896/1/50 1951/1/50 1895/1/50
f 2644/7/1426 1768/8/1426 1769/7/1426
f 1901/2/1427 1965/6/1427 1957/2/1427
f 2288/1/1428 2389/1/1428 2289/1/1428
f 1897/1/50 1952/1/50 1896/1/50
f 1866/10/1429 1904/8/1429 1867/8/1429
f 2044/9/1430 1977/4/1430 1978/9/1430
f 1874/1/50 1953/1/50 1897/1/50
f 2272/1/1431 2428/1/1431 2273/1/1431
f 2048/8/1432 1986/7/1432 1987/8/1432
f 1771/1/1433 1882/1/1434 1801/1/1434
f 1867/8/1435 1902/7/1435 1868/7/1435
f 2000/1/50 2073/1/50 2001/1/50
f 2650/10/1436 1767/10/1436 1768/8/1436
f 2169/1/50 2011/1/50 2094/1/50
f 2024/4/1437 2082/9/1437 2025/9/1437
f 2026/1/50 2085/1/50 2027/1/50
f 2036/1/50 1934/1/50 1935/1/50
f 2095/2/50 2050/6/50 2038/2/50
f 1982/7/50 2049/3/50 2054/7/50
f 1988/10/50 2055/8/50 2056/10/50
f 1939/1/50 2036/1/50 1935/1/50
f 2026/1/50 2083/1/50 2084/1/50
f 2142/1/50 2207/1/50 2208/1/50
f 2133/5/50 2204/4/50 2135/4/50
f 2172/5/50 2242/10/50 2171/10/50
f 1933/1/50 1996/1/50 1932/1/50
f 2040/3/50 2095/2/50 2038/2/50
f 2171/10/50 2231/8/50 2168/8/50
f 1955/1/50 2020/1/50 1956/1/50
f 1979/2/50 1989/6/50 2047/2/50
f 1964/3/1438 2031/2/1438 1962/2/1438
f 1979/2/50 2049/3/50 1980/3/50
f 1973/7/1439 2032/3/1439 1964/3/1439
f 2267/5/50 2332/4/50 2268/4/50
f 1954/1/50 2018/1/50 1955/1/50
f 2167/7/1440 2097/3/1440 2106/7/1440
f 1938/1/50 2016/1/50 1954/1/50
f 1931/1/50 2115/1/50 2045/1/50
f 2034/8/1441 1973/7/1441 1974/8/1441
f 2187/1/50 2258/1/50 2185/1/50
f 1975/10/1442 2034/8/1442 1974/8/1442
f 2073/1/50 2151/1/50 2083/1/50
f 1938/1/50 2012/1/50 2014/1/50
f 2210/1/50 2287/1/50 2288/1/50
f 2042/5/1443 1975/10/1443 1976/5/1443
f 2005/1/50 1948/1/50 1949/1/50
f 1961/7/50 2019/8/50 1963/8/50
f 2104/9/50 2043/4/50 2044/9/50
f 2006/1/50 1949/1/50 1950/1/50
f 2057/5/1444 2129/10/1444 2133/5/1444
f 1959/3/50 2017/7/50 1961/7/50
f 1951/1/50 2006/1/50 1950/1/50
f 1877/1/50 1937/1/50 1938/1/50
f 1959/3/50 2013/2/50 2015/3/50
f 2103/4/50 2042/5/50 2043/4/50
f 1952/1/50 2007/1/50 1951/1/50
f 1907/10/50 1974/8/50 1904/8/50
f 1965/6/50 2013/2/50 1957/2/50
f 2011/1/50 2077/1/50 2012/1/50
f 2009/1/50 1952/1/50 1953/1/50
f 1877/1/50 1954/1/50 1878/1/50
f 2042/5/50 2101/10/50 2035/10/50
f 1926/1/50 2009/1/50 1953/1/50
f 1974/8/50 1902/7/50 1904/8/50
f 1878/1/50 1955/1/50 1879/1/50
f 2245/4/50 2172/5/50 2173/4/50
f 1902/7/50 1964/3/50 1900/3/50
f 1995/1/50 2085/1/50 2059/1/50
f 1880/1/50 1955/1/50 1956/1/50
f 2082/9/50 2245/4/50 2173/4/50
f 1964/3/50 1899/2/50 1900/3/50
f 2133/5/50 2202/10/50 2203/5/50
f 1899/2/50 1908/6/50 1856/6/50
f 2079/10/50 2134/8/50 2137/10/50
f 2062/1/50 2120/1/50 2061/1/50
f 2266/10/50 2329/8/50 2330/10/50
f 2080/5/50 2137/10/50 2138/5/50
f 2120/1/50 2060/1/50 2061/1/50
f 2080/5/50 2139/4/50 2081/4/50
f 2204/4/1445 2165/9/1445 2104/9/1445
f 2082/9/50 2139/4/50 2140/9/50
f 2069/1/50 2143/1/50 2071/1/50
f 2166/3/1446 2095/2/1446 2097/3/1446
f 2171/10/1447 2108/8/1447 2111/10/1447
f 2045/1/50 2114/1/50 2039/1/50
f 2068/1/50 2142/1/50 2069/1/50
f 2084/1/50 2151/1/50 2152/1/50
f 2112/5/1448 2171/10/1448 2111/10/1448
f 2210/1/50 2289/1/50 2225/1/50
f 2068/1/50 2060/1/50 2141/1/50
f 2197/2/1449 2263/3/1449 2198/3/1449
f 2109/1/50 2184/1/50 2107/1/50
f 2113/4/1450 2172/5/1450 2112/5/1450
f 2094/1/50 1936/1/50 1996/1/50
f 2092/2/50 1965/6/50 2031/2/50
f 2085/1/50 2131/1/50 2059/1/50
f 2029/1/50 2091/1/50 2030/1/50
f 2039/1/50 2109/1/50 2037/1/50
f 2029/1/50 2089/1/50 2090/1/50
f 2399/1/1451 2175/1/1451 2176/1/1451
f 2032/3/50 2092/2/50 2031/2/50
f 2166/3/50 2228/2/50 2154/2/50
f 2099/7/50 2032/3/50 2033/7/50
f 2255/1/50 2301/1/50 2254/1/50
f 2020/1/50 2088/1/50 2089/1/50
f 2024/4/1452 2080/5/1452 2081/4/1452
f 2003/1/50 2060/1/50 2002/1/50
f 2023/5/1453 2079/10/1453 2080/5/1453
f 2047/2/1454 2050/6/1454 2116/2/1454
f 2062/1/50 2003/1/50 2004/1/50
f 2019/8/1455 2079/10/1455 2022/10/1455
f 2165/9/1456 2103/4/1456 2104/9/1456
f 2063/1/50 2004/1/50 2005/1/50
f 2019/8/1457 2074/7/1457 2076/8/1457
f 2085/1/50 2152/1/50 2153/1/50
f 2006/1/50 2063/1/50 2005/1/50
f 2106/7/50 2040/3/50 2046/7/50
f 2015/3/1458 2074/7/1458 2017/7/1458
f 1874/1/50 2030/1/50 1926/1/50
f 2065/1/50 2006/1/50 2007/1/50
f 2010/1/50 2073/1/50 2083/1/50
f 2013/2/1459 2072/3/1459 2015/3/1459
f 1960/1/50 2029/1/50 2030/1/50
f 2008/1/50 2065/1/50 2007/1/50
f 2114/1/50 2185/1/50 2109/1/50
f 2013/2/1460 2078/6/1460 2070/2/1460
f 1962/2/1461 1965/6/1461 1908/6/1461
f 2009/1/50 2066/1/50 2008/1/50
f 2191/1/50 2114/1/50 2115/1/50
f 1958/1/50 2020/1/50 2029/1/50
f 2041/1/50 2009/1/50 1985/1/50
f 2295/7/1462 2229/3/1462 2230/7/1462
f 2050/6/50 2197/2/50 2116/2/50
f 1936/1/50 2012/1/50 1937/1/50
f 2095/2/1463 2170/6/1463 2110/6/1463
f 2151/1/50 2210/1/50 2225/1/50
f 2180/1/50 2123/1/50 2124/1/50
f 2159/3/1464 2092/2/1464 2093/3/1464
f 2130/3/1465 2189/7/1465 2132/7/1465
f 2292/2/1466 2232/6/1466 2228/2/1466
f 2123/1/50 2178/1/50 2122/1/50
f 2090/1/50 2149/1/50 2156/1/50
f 2134/8/1467 2189/7/1467 2190/8/1467
f 2178/1/50 2121/1/50 2122/1/50
f 2092/2/1468 2078/6/1468 2021/6/1468
f 2134/8/1469 2193/10/1469 2137/10/1469
f 2177/1/50 2120/1/50 2121/1/50
f 2091/1/50 2156/1/50 2157/1/50
f 2138/5/1470 2193/10/1470 2194/5/1470
f 2176/1/50 2119/1/50 2120/1/50
f 2139/4/1471 2194/5/1471 2195/4/1471
f 2243/5/1472 2298/10/1472 2242/10/1472
f 2139/4/1473 2196/9/1473 2140/9/1473
f 2119/1/50 2285/1/50 2207/1/50
f 2301/1/50 2144/1/50 2254/1/50
f 2191/1/50 2260/1/50 2187/1/50
f 2143/1/50 2210/1/50 2150/1/50
f 2207/1/50 2286/1/50 2208/1/50
f 2230/7/50 2166/3/50 2167/7/50
f 2298/10/1474 2231/8/1474 2242/10/1474
f 2165/9/50 2332/4/50 2241/9/50
f 2197/2/1475 2170/6/1475 2262/2/1475
f 2183/1/50 2096/1/50 2105/1/50
f 2231/8/1476 2295/7/1476 2230/7/1476
f 2208/1/50 2287/1/50 2209/1/50
f 2131/1/50 2227/1/50 2199/1/50
f 2086/1/50 2147/1/50 2087/1/50
f 2224/4/50 2163/5/50 2164/4/50
f 2122/1/50 2062/1/50 2063/1/50
f 2074/7/50 2134/8/50 2076/8/50
f 2144/1/50 2206/1/50 2145/1/50
f 2123/1/50 2063/1/50 2064/1/50
f 2142/1/50 2209/1/50 2143/1/50
f 2072/3/50 2132/7/50 2074/7/50
f 2163/5/50 2222/10/50 2162/10/50
f 2065/1/50 2123/1/50 2064/1/50
f 2108/8/1477 2167/7/1477 2106/7/1477
f 2072/3/50 2128/2/50 2130/3/50
f 2146/1/50 2206/1/50 2212/1/50
f 2066/1/50 2124/1/50 2065/1/50
f 2073/1/50 2143/1/50 2150/1/50
f 2078/6/50 2128/2/50 2070/2/50
f 2162/10/50 2221/8/50 2161/8/50
f 2126/1/50 2066/1/50 2067/1/50
f 2256/1/50 2174/1/50 2183/1/50
f 1926/1/50 2091/1/50 1985/1/50
f 2041/1/50 2126/1/50 2067/1/50
f 2165/9/50 2224/4/50 2164/4/50
f 2196/9/1478 2245/4/1478 2140/9/1478
f 2245/4/1479 2299/5/1479 2243/5/1479
f 2228/2/50 2170/6/50 2154/2/50
f 2014/1/50 2087/1/50 2016/1/50
f 2263/3/50 2328/7/50 2264/7/50
f 2100/8/50 2033/7/50 2034/8/50
f 2152/1/50 2225/1/50 2226/1/50
f 2016/1/50 2088/1/50 2018/1/50
f 2299/5/1480 2345/10/1480 2298/10/1480
f 2221/8/50 2160/7/50 2161/8/50
f 2189/7/1481 2248/8/1481 2190/8/1481
f 2306/1/1482 2395/1/1482 2417/1/1482
f 2147/1/50 2214/1/50 2148/1/50
f 2193/10/1483 2248/8/1483 2250/10/1483
f 2350/1/1484 2390/1/1484 2349/1/1484
f 2220/7/50 2159/3/50 2160/7/50
f 2194/5/1485 2250/10/1485 2251/5/1485
f 2339/1/1486 2387/1/1486 2302/1/1486
f 2194/5/1487 2252/4/1487 2195/4/1487
f 2298/10/1488 2343/8/1488 2296/8/1488
f 2195/4/1489 2253/9/1489 2196/9/1489
f 2273/1/1490 2429/1/1490 2274/1/1490
f 2131/1/50 2324/1/50 2261/1/50
f 2321/1/50 2256/1/50 2257/1/50
f 2293/3/1491 2228/2/1491 2229/3/1491
f 2308/1/1492 2434/1/1492 2309/1/1492
f 2258/1/50 2184/1/50 2185/1/50
f 2343/8/1493 2295/7/1493 2296/8/1493
f 2204/4/1494 2267/5/1494 2268/4/1494
f 2264/7/50 2329/8/50 2265/8/50
f 2329/8/1495 2357/7/1495 2358/8/1495
f 2118/7/50 2201/8/50 2127/8/50
f 2184/1/50 2105/1/50 2107/1/50
f 2321/1/50 2350/1/50 2320/1/50
f 2320/1/50 2255/1/50 2256/1/50
f 2327/3/1496 2357/7/1496 2328/7/1496
f 2227/1/50 2259/1/50 2199/1/50
f 2352/1/50 2321/1/50 2322/1/50
f 2337/1/1497 2419/1/1497 2388/1/1497
f 2041/1/50 2217/1/50 2098/1/50
f 2203/5/1498 2266/10/1498 2267/5/1498
f 2128/2/1499 2188/3/1499 2130/3/1499
f 2088/1/50 2149/1/50 2089/1/50
f 2125/1/50 2180/1/50 2124/1/50
f 2198/3/1500 2264/7/1500 2200/7/1500
f 2136/6/1501 2186/2/1501 2128/2/1501
f 2160/7/1502 2093/3/1502 2099/7/1502
f 2126/1/50 2181/1/50 2125/1/50
f 2231/8/50 2167/7/50 2168/8/50
f 2088/1/50 2147/1/50 2148/1/50
f 2155/1/50 2126/1/50 2098/1/50
f 2091/1/50 2041/1/50 1985/1/50
f 2267/5/50 2330/10/50 2331/5/50
f 2226/1/50 2289/1/50 2290/1/50
f 2214/1/50 2274/1/50 2215/1/50
f 2253/9/1503 2300/4/1503 2196/9/1503
f 2279/7/1504 2219/3/1504 2220/7/1504
f 2347/4/1505 2299/5/1505 2300/4/1505
f 2214/1/50 2272/1/50 2273/1/50
f 2103/4/1506 2163/5/1506 2102/5/1506
f 2221/8/1507 2279/7/1507 2220/7/1507
f 2102/5/1508 2162/10/1508 2101/10/1508
f 2212/1/50 2272/1/50 2213/1/50
f 2077/1/50 2144/1/50 2145/1/50
f 2206/1/50 2271/1/50 2212/1/50
f 2077/1/50 2146/1/50 2086/1/50
f 2281/10/1509 2221/8/1509 2222/10/1509
f 2162/10/1510 2100/8/1510 2101/10/1510
f 2152/1/50 2227/1/50 2153/1/50
f 2100/8/1511 2160/7/1511 2099/7/1511
f 1995/1/50 2191/1/50 2115/1/50
f 2333/1/1512 2416/1/1512 2334/1/1512
f 2223/5/1513 2281/10/1513 2222/10/1513
f 2188/3/1514 2247/7/1514 2189/7/1514
f 2146/1/50 2213/1/50 2147/1/50
f 2412/1/1515 2259/1/1515 2291/1/1515
f 2205/1/50 2270/1/50 2206/1/50
f 2188/3/1516 2244/2/1516 2246/3/1516
f 2342/7/1517 2293/3/1517 2295/7/1517
f 2175/1/1518 2411/1/1518 2285/1/1518
f 2224/4/1519 2282/5/1519 2223/5/1519
f 2186/2/1520 2249/6/1520 2244/2/1520
f 2184/1/50 2256/1/50 2183/1/50
f 2274/1/1521 2377/1/1521 2275/1/1521
f 2349/1/50 2301/1/50 2319/1/50
f 2227/1/50 2290/1/50 2291/1/50
f 2390/1/1522 2348/1/1522 2349/1/1522
f 2149/1/50 2214/1/50 2215/1/50
f 2284/9/1523 2224/4/1523 2241/9/1523
f 2255/1/50 2169/1/50 2174/1/50
f 2159/3/50 2218/2/50 2158/2/50
f 2329/8/1524 2359/10/1524 2330/10/1524
f 2156/1/50 2215/1/50 2216/1/50
f 2169/1/50 2144/1/50 2075/1/50
f 2218/2/50 2078/6/50 2158/2/50
f 2201/8/1525 2266/10/1525 2202/10/1525
f 2156/1/50 2217/1/50 2157/1/50
f 2201/8/1526 2264/7/1526 2265/8/1526
f 2281/10/1527 2314/8/1527 2280/8/1527
f 2350/1/50 2319/1/50 2320/1/50
f 2314/8/1528 2279/7/1528 2280/8/1528
f 2131/1/50 2191/1/50 2059/1/50
f 2310/1/1529 2426/1/1529 2211/1/1529
f 2323/1/50 2352/1/50 2322/1/50
f 2269/1/1530 2431/1/1530 2270/1/1530
f 2415/1/1531 2287/1/1531 2286/1/1531
f 2278/3/1532 2311/2/1532 2277/2/1532
f 2430/1/1533 2272/1/1533 2271/1/1533
f 2217/1/50 2275/1/50 2276/1/50
f 2216/1/50 2274/1/50 2275/1/50
f 2331/5/1534 2359/10/1534 2360/5/1534
f 2360/5/1535 2374/10/1535 2375/5/1535
f 2359/10/1536 2373/8/1536 2374/10/1536
f 2324/1/50 2353/1/50 2323/1/50
f 2366/1/1537 2436/1/1537 2384/1/1537
f 2357/7/1538 2373/8/1538 2358/8/1538
f 2317/4/1539 2282/5/1539 2283/4/1539
f 2270/1/1540 2430/1/1540 2271/1/1540
f 2356/3/1541 2370/2/1541 2371/3/1541
f 2282/5/1542 2315/10/1542 2281/10/1542
f 2278/3/1543 2218/2/1543 2219/3/1543
f 1813/1/50 2656/1/50 2658/1/50
f 1774/1/50 2665/1/50 2666/1/50
f 2674/1/50 2675/1/50 1847/1/50
f 2684/1/50 2685/1/50 1802/1/50
f 2235/1/1544 2471/1/1544 2236/1/1544
f 2370/2/1545 2503/6/1545 2455/2/1545
f 2304/1/1546 2492/1/1546 2303/1/1546
f 2308/1/1547 2449/1/1547 2307/1/1547
f 2340/2/1548 2503/6/1548 2344/6/1548
f 2235/1/1549 2469/1/1549 2470/1/1549
f 2312/3/1550 2459/2/1550 2311/2/1550
f 2368/1/1551 2501/1/1551 2369/1/1551
f 2234/1/1552 2468/1/1552 2469/1/1552
f 2339/1/1553 2500/1/1553 2338/1/1553
f 2346/5/1554 2488/10/1554 2345/10/1554
f 2364/1/1555 2489/1/1555 2365/1/1555
f 2371/3/1556 2455/2/1556 2452/3/1556
f 2347/4/1557 2478/9/1557 2491/4/1557
f 2345/10/1558 2504/8/1558 2343/8/1558
f 2371/3/1559 2451/7/1559 2372/7/1559
f 2363/1/1560 2492/1/1560 2445/1/1560
f 2335/1/1561 2464/1/1561 2461/1/1561
f 2317/4/1562 2453/9/1562 2454/4/1562
f 2333/1/1563 2468/1/1563 2233/1/1563
f 2339/1/1564 2467/1/1564 2466/1/1564
f 2346/5/1565 2491/4/1565 2487/5/1565
f 2336/1/1566 2465/1/1566 2464/1/1566
f 2369/1/1567 2467/1/1567 2302/1/1567
f 2334/1/1568 2477/1/1568 2333/1/1568
f 2365/1/1569 2490/1/1569 2366/1/1569
f 2305/1/1570 2493/1/1570 2448/1/1570
f 2376/4/1571 2453/9/1571 2318/9/1571
f 2309/1/1572 2450/1/1572 2308/1/1572
f 2341/3/1573 2502/2/1573 2340/2/1573
f 2375/5/1574 2462/10/1574 2444/5/1574
f 2341/3/1575 2441/7/1575 2442/3/1575
f 2404/1/1576 2180/1/1576 2181/1/1576
f 2303/1/1577 2392/1/1577 2433/1/1577
f 2182/1/1578 2404/1/1578 2181/1/1578
f 2233/1/1579 2408/1/1579 2409/1/1579
f 2285/1/1580 2415/1/1580 2286/1/1580
f 2155/1/1581 2405/1/1581 2182/1/1581
f 2234/1/1582 2407/1/1582 2408/1/1582
f 2307/1/1583 2397/1/1583 2308/1/1583
f 2378/1/1584 2155/1/1584 2276/1/1584
f 2365/1/1585 2393/1/1585 2364/1/1585
f 2236/1/1586 2407/1/1586 2235/1/1586
f 2339/1/1587 2438/1/1587 2420/1/1587
f 2236/1/1588 2422/1/1588 2421/1/1588
f 2432/1/1589 2269/1/1589 2348/1/1589
f 2304/1/1590 2395/1/1590 2305/1/1590
f 2354/1/1591 2379/1/1591 2353/1/1591
f 2238/1/1592 2422/1/1592 2237/1/1592
f 2259/1/1593 2380/1/1593 2354/1/1593
f 2369/1/1594 2437/1/1594 2368/1/1594
f 2238/1/1595 2424/1/1595 2423/1/1595
f 2335/1/1596 2416/1/1596 2381/1/1596
f 2383/1/1597 2351/1/1597 2352/1/1597
f 2303/1/1598 2394/1/1598 2304/1/1598
f 2240/1/1599 2424/1/1599 2239/1/1599
f 2363/1/1600 2393/1/1600 2392/1/1600
f 2306/1/1601 2396/1/1601 2307/1/1601
f 2240/1/1602 2426/1/1602 2425/1/1602
f 2310/1/1603 2434/1/1603 2435/1/1603
f 2367/1/1604 2437/1/1604 2436/1/1604
f 2377/1/1605 2276/1/1605 2275/1/1605
f 2337/1/1606 2438/1/1606 2338/1/1606
f 2385/1/1607 2350/1/1607 2351/1/1607
f 2441/7/806 2464/1/806 2465/1/806
f 2504/8/805 2461/1/805 2464/1/805
f 2488/10/847 2460/1/847 2461/1/847
f 2460/1/908 2491/4/908 2477/1/908
f 2491/4/1038 2468/1/1038 2477/1/1038
f 2468/1/1019 2479/4/1019 2469/1/1019
f 2470/1/878 2479/4/878 2480/5/878
f 2470/1/879 2481/10/879 2471/1/879
f 2471/1/937 2482/8/937 2472/1/937
f 2472/1/860 2483/7/860 2473/1/860
f 2473/1/936 2484/3/936 2474/1/936
f 2474/1/940 2485/2/940 2475/1/940
f 2475/1/858 2486/6/858 2476/1/858
f 2486/6/830 2495/1/830 2476/1/830
f 2458/3/828 2450/1/828 2494/1/828
f 2459/2/829 2494/1/829 2495/1/829
f 2450/1/827 2457/8/827 2449/1/827
f 2457/8/826 2493/1/826 2449/1/826
f 2456/10/804 2448/1/804 2493/1/804
f 2498/5/920 2447/1/920 2448/1/920
f 2453/9/846 2447/1/846 2454/4/846
f 2445/1/877 2453/9/877 2443/4/877
f 2446/1/943 2443/4/943 2444/5/943
f 2446/1/910 2462/10/910 2489/1/910
f 2463/8/880 2489/1/880 2462/10/880
f 2496/1/881 2463/8/881 2451/7/881
f 2452/3/882 2496/1/882 2451/7/882
f 2455/2/883 2497/1/883 2452/3/883
f 2503/6/809 2466/1/809 2467/1/809
f 2502/2/808 2500/1/808 2466/1/808
f 2442/3/807 2465/1/807 2500/1/807
f 2501/1/884 2503/6/884 2467/1/884
f 2311/2/1608 2486/6/1608 2249/6/1608
f 2306/1/1609 2449/1/1609 2493/1/1609
f 2252/4/1610 2478/9/1610 2253/9/1610
f 2236/1/1611 2472/1/1611 2237/1/1611
f 2310/1/1612 2494/1/1612 2309/1/1612
f 2305/1/1613 2447/1/1613 2304/1/1613
f 2251/5/1614 2479/4/1614 2252/4/1614
f 2237/1/1615 2473/1/1615 2238/1/1615
f 2315/10/1616 2457/8/1616 2314/8/1616
f 2343/8/1617 2441/7/1617 2342/7/1617
f 2368/1/1618 2496/1/1618 2497/1/1618
f 2251/5/1619 2481/10/1619 2480/5/1619
f 2239/1/1620 2473/1/1620 2474/1/1620
f 2375/5/1621 2443/4/1621 2376/4/1621
f 2374/10/1622 2463/8/1622 2462/10/1622
f 2334/1/1623 2461/1/1623 2460/1/1623
f 2250/10/1624 2482/8/1624 2481/10/1624
f 2239/1/1625 2475/1/1625 2240/1/1625
f 2364/1/1626 2445/1/1626 2446/1/1626
f 2316/5/1627 2456/10/1627 2315/10/1627
f 2248/8/1628 2483/7/1628 2482/8/1628
f 2240/1/1629 2476/1/1629 2211/1/1629
f 2338/1/1630 2465/1/1630 2337/1/1630
f 2312/3/1631 2499/7/1631 2458/3/1631
f 2246/3/1632 2483/7/1632 2247/7/1632
f 2244/2/1633 2486/6/1633 2485/2/1633
f 2367/1/1634 2490/1/1634 2496/1/1634
f 2246/3/1635 2485/2/1635 2484/3/1635
f 2310/1/1636 2476/1/1636 2495/1/1636
f 2313/7/1637 2457/8/1637 2499/7/1637
f 2372/7/1638 2463/8/1638 2373/8/1638
f 2316/5/1639 2454/4/1639 2498/5/1639
s 0
f 1719/2/1640 2574/2/50 2568/2/1641
f 1755/3/1642 2548/3/50 2547/3/1643
s 1
f 2570/3/1644 1788/3/1644 2624/2/1644
f 1760/2/1645 2640/3/1645 2589/2/1645
f 1704/9/1646 2551/4/1646 2552/9/1646
s 0
f 1702/6/1647 2535/6/50 2536/6/1648
s 1
f 1707/4/1649 2554/5/1649 2550/4/1649
s 0
f 2553/5/68 2554/5/1650 1709/5/1651
s 1
f 2556/10/1652 1710/10/1652 2560/8/1652
s 0
f 1715/7/1653 2567/7/68 2563/7/1654
s 1
f 1760/2/1655 2590/2/1655 2582/6/1655
s 0
f 1717/3/1656 2569/3/68 2566/3/1657
s 1
f 2607/4/1658 1727/4/1658 2606/9/1658
s 0
f 2632/10/68 2631/10/1659 1732/10/1660
s 1
f 1782/10/1661 2586/8/1661 2587/10/1661
f 1749/10/1662 1748/5/1662 2565/5/1662
s 0
f 2562/10/50 2540/10/1663 2541/8/1664
s 1
f 2633/8/1665 1732/10/1665 2631/10/1665
f 1752/8/1666 2541/8/1666 2545/7/1666
f 2636/5/1667 1727/4/1667 2638/4/1667
f 1735/7/1668 2611/7/1668 2612/3/1668
f 1724/9/1669 2557/9/1669 2558/4/1669
s 0
f 1758/2/1670 2585/2/50 2534/2/1671
f 2587/10/50 2588/10/1672 2634/5/1673
f 2558/4/50 2559/4/1674 2565/5/1675
s 1
f 1780/5/1676 2634/5/1676 2639/4/1676
f 1721/6/1677 2581/6/1677 2583/2/1677
f 2572/7/1678 2578/8/1678 1784/8/1678
f 2548/3/1679 1753/7/1679 2546/7/1679
f 2611/7/1680 1735/7/1680 1734/8/1680
f 1763/4/1681 2639/4/1681 2627/9/1681
f 1785/7/1682 2571/3/1682 2573/7/1682
f 133/1/1 134/1/1 198/1/1
f 147/1/2 141/1/2 77/1/2
f 97/1/3 161/1/3 160/1/3
f 120/1/4 184/1/4 183/1/4
f 131/1/5 195/1/5 196/1/5
f 136/1/2 84/1/2 148/1/2
f 160/1/6 159/1/6 95/1/6
f 119/1/7 183/1/7 182/1/7
f 93/1/8 114/1/8 178/1/8
f 94/1/9 93/1/9 157/1/9
f 118/1/10 182/1/10 168/1/10
f 130/1/11 194/1/11 155/1/11
f 91/1/12 155/1/12 156/1/12
f 104/1/3 168/1/3 169/1/3
f 90/1/13 154/1/13 153/1/13
f 105/1/6 169/1/6 170/1/6
f 124/1/14 188/1/14 154/1/14
f 87/1/13 151/1/13 193/1/13
f 88/1/14 152/1/14 151/1/14
f 78/1/15 142/1/15 180/1/15
f 174/1/16 173/1/16 109/1/16
f 81/1/17 145/1/17 188/1/17
f 75/1/18 139/1/18 167/1/18
f 175/1/19 150/1/19 86/1/19
f 132/1/18 196/1/18 187/1/18
f 117/1/20 181/1/20 148/1/20
f 133/1/21 197/1/21 145/1/21
f 140/1/1 144/1/1 80/1/1
f 85/1/19 116/1/19 180/1/19
f 126/1/22 190/1/22 138/1/22
f 191/1/23 179/1/23 115/1/23
f 77/1/24 141/1/24 140/1/24
f 158/1/25 211/1/25 228/1/25
f 170/1/26 214/1/26 215/1/26
f 250/1/27 249/1/27 162/1/27
f 186/1/28 224/1/28 223/1/28
f 251/1/29 172/1/29 159/1/29
s 0
f 252/1/68 253/1/1683 251/1/1684
s 1
f 162/1/1685 249/1/1686 256/1/1687
s 0
f 255/1/50 254/1/1688 161/1/1689
s 1
f 162/1/30 256/1/30 255/1/30
f 184/1/31 185/1/31 223/1/31
f 197/1/32 198/1/32 231/1/32
f 141/1/33 147/1/33 259/1/33
s 0
f 147/1/1690 258/1/50 259/1/1691
s 1
f 161/1/34 254/1/34 261/1/34
f 261/1/1692 260/1/1692 160/1/1693
f 183/1/35 184/1/35 222/1/35
f 195/1/36 228/1/36 229/1/36
f 200/1/37 148/1/37 204/1/37
f 260/1/38 252/1/38 159/1/38
f 182/1/39 183/1/39 221/1/39
f 178/1/40 217/1/40 210/1/40
f 157/1/41 210/1/41 211/1/41
f 182/1/42 220/1/42 212/1/42
f 194/1/43 227/1/43 208/1/43
f 155/1/44 208/1/44 209/1/44
f 168/1/45 212/1/45 213/1/45
f 154/1/46 207/1/46 206/1/46
f 170/1/47 169/1/47 213/1/47
f 188/1/48 226/1/48 207/1/48
f 193/1/49 151/1/49 264/1/49
s 0
f 263/1/50 262/1/1694 193/1/1695
s 1
f 151/1/1696 152/1/1696 266/1/1696
s 0
f 266/1/50 267/1/1697 151/1/1698
s 1
f 267/1/1696 265/1/1696 151/1/1696
f 142/1/53 202/1/53 218/1/53
f 174/1/54 269/1/54 268/1/54
f 188/1/55 145/1/55 203/1/55
f 139/1/56 272/1/56 271/1/56
s 0
f 271/1/68 270/1/1699 167/1/1700
s 1
f 150/1/1701 175/1/1701 274/1/1701
f 175/1/1701 275/1/1701 274/1/1701
f 196/1/59 229/1/59 225/1/59
f 120/1/60 121/1/60 185/1/60
f 98/1/10 162/1/10 161/1/10
f 95/1/61 159/1/61 172/1/61
f 122/1/62 186/1/62 185/1/62
f 163/1/7 162/1/7 98/1/7
f 107/1/61 106/1/61 170/1/61
f 94/1/22 158/1/22 195/1/22
f 122/1/63 123/1/63 187/1/63
f 100/1/4 164/1/4 163/1/4
f 89/1/64 153/1/64 194/1/64
f 114/1/23 92/1/23 156/1/23
f 146/1/17 152/1/17 88/1/17
f 101/1/60 165/1/60 164/1/60
f 193/1/64 201/1/64 137/1/64
f 117/1/16 135/1/16 199/1/16
f 102/1/62 166/1/62 165/1/62
f 134/1/24 136/1/24 200/1/24
f 107/1/65 171/1/65 177/1/65
f 167/1/63 166/1/63 102/1/63
f 80/1/21 144/1/21 146/1/21
f 189/1/9 190/1/9 126/1/9
f 115/1/8 179/1/8 189/1/8
f 176/1/66 143/1/66 79/1/66
f 85/1/67 149/1/67 199/1/67
f 192/1/12 191/1/12 127/1/12
f 109/1/20 173/1/20 147/1/20
f 137/1/11 201/1/11 192/1/11
f 150/1/67 174/1/67 110/1/67
f 79/1/15 143/1/15 175/1/15
f 172/1/65 176/1/65 112/1/65
f 138/1/5 139/1/5 75/1/5
f 113/1/66 177/1/66 142/1/66
s 0
f 276/1/68 280/1/68 279/1/68
f 277/1/68 278/1/68 281/1/68
f 276/1/68 279/1/68 277/1/68
f 279/1/68 234/1/68 278/1/68
f 283/1/68 284/1/68 282/1/68
f 286/1/68 285/1/68 288/1/68
f 286/1/68 288/1/68 287/1/68
f 286/1/68 287/1/68 283/1/68
f 285/1/68 286/1/68 282/1/68
f 290/1/68 234/1/68 292/1/68
f 294/1/68 293/1/68 296/1/68
f 292/1/68 234/1/68 297/1/68
f 303/1/68 304/1/68 302/1/68
f 302/1/68 281/1/68 278/1/68
f 305/1/68 304/1/68 303/1/68
f 290/1/68 291/1/68 306/1/68
f 305/1/68 303/1/68 290/1/68
f 307/1/68 288/1/68 285/1/68
f 308/1/68 309/1/68 307/1/68
f 309/1/68 308/1/68 310/1/68
f 312/1/68 279/1/68 280/1/68
f 311/1/68 309/1/68 310/1/68
f 312/1/68 280/1/68 311/1/68
f 310/1/68 308/1/68 234/1/68
f 279/1/68 312/1/68 310/1/68
f 315/1/68 313/1/68 314/1/68
f 314/1/68 282/1/68 284/1/68
f 318/1/68 316/1/68 317/1/68
f 314/1/68 313/1/68 318/1/68
s 1
f 186/1/71 187/1/71 225/1/71
s 0
f 164/1/1702 320/1/50 321/1/1703
s 1
f 163/1/72 164/1/72 321/1/72
s 0
f 321/1/1704 319/1/50 250/1/1705
s 1
f 194/1/73 153/1/73 206/1/73
f 178/1/74 156/1/74 209/1/74
f 266/1/75 152/1/75 146/1/75
s 0
f 322/1/50 323/1/1706 266/1/1707
s 1
f 325/1/1708 320/1/1708 164/1/1708
f 164/1/1708 165/1/1708 325/1/1708
f 201/1/78 193/1/78 262/1/78
s 0
f 326/1/50 327/1/1709 201/1/1710
s 1
f 181/1/79 199/1/79 232/1/79
f 328/1/80 324/1/80 165/1/80
f 200/1/81 233/1/81 231/1/81
f 177/1/82 171/1/82 215/1/82
f 167/1/83 270/1/83 329/1/83
s 0
f 329/1/50 328/1/1711 166/1/1712
s 1
f 331/1/1713 322/1/1713 146/1/1713
f 146/1/1713 144/1/1713 331/1/1713
s 0
f 333/1/50 332/1/1714 190/1/1715
s 1
f 333/1/86 190/1/86 189/1/86
s 0
f 335/1/50 334/1/1716 333/1/1717
s 1
f 335/1/87 189/1/87 179/1/87
s 0
f 176/1/1718 340/1/50 339/1/1719
f 339/1/1720 338/1/50 337/1/1721
s 1
f 337/1/88 143/1/88 339/1/88
f 149/1/89 205/1/89 232/1/89
f 192/1/1722 342/1/1723 343/1/1723
f 343/1/90 341/1/90 191/1/90
f 147/1/91 173/1/91 344/1/91
s 0
f 173/1/1724 268/1/50 344/1/1725
s 1
f 201/1/92 327/1/92 342/1/92
f 174/1/1726 150/1/1726 345/1/1726
f 150/1/1726 273/1/1726 345/1/1726
f 175/1/95 143/1/95 337/1/95
s 0
f 346/1/50 275/1/1727 175/1/1728
s 1
f 340/1/96 176/1/96 172/1/96
s 0
f 251/1/68 347/1/1343 340/1/1729
s 1
f 138/1/1730 349/1/1730 139/1/1730
f 349/1/1730 348/1/1730 139/1/1730
f 142/1/99 177/1/99 216/1/99
s 0
f 141/1/1731 257/1/50 351/1/1732
s 1
f 351/1/100 350/1/100 140/1/100
s 0
f 352/1/50 336/1/1733 179/1/1734
s 1
f 179/1/101 191/1/101 353/1/101
s 0
f 191/1/1735 341/1/50 353/1/1736
s 1
f 190/1/102 332/1/102 354/1/102
f 354/1/1737 349/1/1737 138/1/1737
f 180/1/103 218/1/103 205/1/103
f 350/1/1738 355/1/1738 140/1/1738
f 355/1/104 330/1/104 140/1/104
f 145/1/105 197/1/105 230/1/105
f 181/1/106 219/1/106 204/1/106
s 0
f 300/1/68 234/1/68 296/1/68
f 360/1/68 295/1/68 294/1/68
f 357/1/68 358/1/68 359/1/68
f 359/1/68 360/1/68 294/1/68
f 363/1/68 358/1/68 357/1/68
f 317/1/68 316/1/68 363/1/68
s 1
f 48/2/109 70/2/109 69/3/109
f 17/4/110 49/4/110 50/5/110
f 31/2/111 30/3/111 59/3/111
f 63/2/112 41/6/112 16/6/112
f 59/3/113 30/3/113 29/7/113
f 58/7/114 29/7/114 28/8/114
f 64/4/115 53/9/115 24/9/115
f 68/7/116 67/8/116 45/8/116
f 56/10/117 57/8/117 28/8/117
f 9/4/118 34/4/118 33/9/118
f 9/4/119 10/5/119 35/5/119
f 11/10/120 36/10/120 35/5/120
f 11/10/121 12/8/121 37/8/121
f 55/5/122 56/10/122 27/10/122
f 38/7/123 37/8/123 12/8/123
f 39/3/124 38/7/124 13/7/124
f 15/2/125 40/2/125 39/3/125
f 7/6/126 23/6/126 40/2/126
f 65/5/127 64/4/127 42/4/127
f 18/5/128 50/5/128 51/10/128
f 67/8/129 66/10/129 44/10/129
f 8/9/130 33/9/130 49/4/130
f 25/4/131 54/4/131 55/5/131
f 53/9/132 54/4/132 25/4/132
f 70/2/133 48/2/133 16/6/133
f 62/3/134 63/2/134 32/2/134
f 61/7/135 62/3/135 22/3/135
f 69/3/136 68/7/136 46/7/136
f 7/6/137 31/2/137 60/2/137
f 66/10/138 65/5/138 43/5/138
f 20/8/139 52/8/139 61/7/139
f 19/10/140 51/10/140 52/8/140
f 471/11/1739 472/11/1739 395/11/1739
f 483/1/1740 371/1/1740 461/1/1740
f 385/12/145 421/13/1741 449/13/146
f 370/14/68 430/15/68 432/15/68
f 387/16/1742 413/17/1742 453/17/1742
f 422/18/68 424/21/68 378/12/68
f 426/19/68 368/20/68 381/20/68
f 423/18/50 372/12/50 385/12/50
f 378/12/149 464/12/1743 437/13/150
f 489/1/152 444/1/1744 443/1/152
f 406/11/68 370/11/68 399/11/68
f 370/11/68 383/14/68 399/11/68
f 383/14/68 434/25/68 397/11/68
f 434/25/68 408/26/68 397/11/68
f 408/26/68 384/11/68 401/11/68
f 408/26/68 401/11/68 397/11/68
f 405/11/68 399/11/68 383/14/68
f 383/14/68 397/11/68 402/11/68
f 394/11/68 405/11/68 383/14/68
f 414/22/68 366/23/68 379/23/68
f 431/15/50 433/15/50 389/24/50
f 394/11/1745 470/11/1745 469/11/1745
f 427/19/50 429/19/50 388/20/50
f 411/17/50 413/17/50 387/16/50
f 415/22/50 417/22/50 386/23/50
f 421/13/50 385/12/50 372/12/50
f 446/14/156 481/25/1746 434/25/157
f 390/14/50 377/11/50 404/11/50
f 377/11/50 407/11/50 398/11/50
f 377/11/50 398/11/50 404/11/50
f 409/26/50 435/25/50 396/11/50
f 435/25/50 390/14/50 396/11/50
f 400/11/50 391/11/50 409/26/50
f 396/11/50 400/11/50 409/26/50
f 390/14/50 404/11/50 395/11/50
f 390/14/50 395/11/50 403/11/50
f 435/25/159 482/25/1747 458/14/160
f 391/11/162 460/11/1748 459/26/163
f 476/1/165 465/1/1749 495/1/166
f 472/11/1750 473/11/1750 403/11/1750
f 445/15/1751 446/14/1751 383/14/1751
f 425/21/1752 385/12/1752 463/12/1752
f 470/1/170 475/1/1753 496/1/170
f 390/14/1754 458/14/1754 457/15/1754
f 384/11/1755 448/11/1755 465/11/1755
f 375/20/50 388/20/50 413/17/50
f 448/1/173 447/1/173 499/1/173
f 374/16/50 387/16/50 417/22/50
f 483/1/144 484/1/144 462/1/144
f 486/1/175 438/1/266 437/1/176
f 373/23/50 386/23/50 421/13/50
f 380/16/1756 440/16/1756 441/17/1756
f 389/24/1757 456/24/1757 455/19/1757
f 413/17/1758 388/20/1758 454/20/1758
f 393/21/50 423/18/50 425/21/50
f 430/15/68 369/24/68 382/24/68
f 376/24/50 389/24/50 429/19/50
f 410/17/68 367/16/68 380/16/68
f 381/20/1759 442/20/1759 443/19/1759
f 377/14/50 390/14/50 433/15/50
f 365/12/68 378/12/68 420/13/68
f 417/22/1760 387/16/1760 452/16/1760
f 474/11/1761 466/11/1761 400/11/1761
f 502/1/186 485/1/187 463/1/187
f 501/1/189 486/1/175 450/1/190
f 487/1/192 452/1/192 453/1/192
f 504/1/193 488/1/193 454/1/193
f 505/1/194 489/1/194 456/1/195
f 490/1/196 458/1/196 482/1/196
f 405/11/155 469/11/154 480/11/1762
f 484/1/198 461/1/198 468/1/198
f 420/13/199 437/13/1763 438/23/200
f 491/1/202 460/1/202 466/1/203
f 492/1/205 472/1/205 471/1/206
f 495/1/166 466/1/1764 474/1/207
f 490/1/208 446/1/208 445/1/209
f 497/1/210 471/1/1765 478/1/211
f 480/1/213 469/1/1766 497/1/210
f 499/1/173 459/1/173 460/1/173
f 500/1/214 453/1/214 454/1/215
f 487/1/216 501/1/275 451/1/217
f 486/1/175 502/1/177 449/1/218
f 485/1/219 503/1/219 468/1/219
f 489/1/152 504/1/152 455/1/152
f 490/1/208 505/1/208 457/1/221
f 499/1/222 506/1/222 482/1/222
f 429/19/1767 455/19/1767 454/20/1767
f 478/11/1768 471/11/141 404/11/143
f 424/21/1769 467/21/1769 464/12/1769
f 379/23/201 438/23/200 439/22/1770
f 473/11/1771 474/11/1771 396/11/1771
f 366/23/68 418/13/68 420/13/68
f 406/11/1772 479/11/1772 436/11/1772
f 369/24/68 426/19/68 428/19/68
f 364/27/231 462/27/1773 467/21/232
f 502/1/186 437/1/1774 464/1/187
f 466/11/1775 460/11/1775 391/11/1775
f 377/11/1776 436/11/1776 477/11/1776
f 477/11/1777 478/11/1777 398/11/1777
f 443/19/1778 444/24/1778 382/24/1778
f 505/1/194 445/1/238 444/1/238
f 485/1/219 464/1/219 467/1/219
f 481/25/239 447/26/1779 408/26/240
f 386/23/1780 417/22/182 451/22/184
f 467/1/198 462/1/198 484/1/198
f 441/1/192 440/1/192 487/1/192
f 371/27/1781 425/21/1781 468/21/1781
f 421/13/247 386/23/242 450/23/244
f 433/15/1782 457/15/1782 456/24/1782
f 409/26/250 459/26/1783 482/25/251
f 475/1/253 476/1/1784 493/1/254
f 477/1/255 498/1/265 494/1/256
f 444/24/1785 445/15/1785 432/15/1785
f 473/1/259 496/1/254 493/1/254
f 397/11/1786 476/11/1786 475/11/1786
f 399/11/1787 480/11/1787 479/11/1787
f 472/1/170 492/1/170 496/1/170
f 447/1/222 481/1/222 506/1/222
f 481/1/196 446/1/196 490/1/196
f 479/1/264 480/1/1788 494/1/256
f 504/1/193 443/1/193 442/1/193
f 501/1/189 439/1/1789 438/1/266
f 401/11/1790 465/11/1790 476/11/1790
f 416/22/228 439/22/227 440/16/1791
f 402/11/1792 475/11/1792 470/11/1792
f 368/20/68 410/17/68 412/17/68
f 367/16/68 414/22/68 416/22/68
f 412/17/270 441/17/1793 442/20/271
f 392/21/68 364/27/68 424/21/68
f 469/1/273 470/1/205 492/1/205
f 487/1/216 440/1/216 439/1/274
f 442/1/214 441/1/215 500/1/214
f 465/1/277 448/1/202 491/1/202
f 447/26/278 448/11/1794 384/11/279
f 483/1/1795 364/1/1795 392/1/1795
f 392/1/1796 393/1/1796 483/1/1796
f 419/13/282 372/12/282 365/12/282
f 372/12/283 423/18/283 422/18/283
f 423/18/284 393/21/284 392/1/284
f 418/13/282 366/23/282 373/23/282
f 366/23/285 414/22/285 415/22/285
f 414/22/285 367/16/285 374/16/285
f 367/16/286 410/17/286 411/17/286
f 410/17/286 368/20/286 375/20/286
f 368/20/287 426/19/287 427/19/287
f 426/19/288 369/24/288 376/24/288
f 369/24/289 430/15/289 431/15/289
f 431/15/1797 430/15/1797 436/11/1797
f 430/15/1798 370/14/1798 436/11/1798
f 614/11/1799 615/11/1799 538/11/1799
f 626/1/1800 514/1/1800 604/1/1800
f 528/12/295 564/13/1801 592/13/296
f 513/14/68 573/15/68 575/15/68
f 530/16/1802 556/17/1802 596/17/1802
f 565/18/68 567/21/68 521/12/68
f 569/19/68 511/20/68 524/20/68
f 566/18/50 515/12/50 528/12/50
f 521/12/299 607/12/1803 580/13/300
f 632/1/302 587/1/1804 586/1/302
f 549/11/68 513/11/68 542/11/68
f 513/11/68 526/14/68 542/11/68
f 526/14/68 577/25/68 540/11/68
f 577/25/68 551/26/68 540/11/68
f 551/26/68 527/11/68 544/11/68
f 551/26/68 544/11/68 540/11/68
f 548/11/68 542/11/68 526/14/68
f 526/14/68 540/11/68 545/11/68
f 537/11/68 548/11/68 526/14/68
f 557/22/68 509/23/68 522/23/68
f 574/15/50 576/15/50 532/24/50
f 537/11/1805 613/11/1805 612/11/1805
f 570/19/50 572/19/50 531/20/50
f 554/17/50 556/17/50 530/16/50
f 558/22/50 560/22/50 529/23/50
f 564/13/50 528/12/50 515/12/50
f 589/14/306 624/25/1806 577/25/307
f 533/14/50 520/11/50 547/11/50
f 520/11/50 550/11/50 541/11/50
f 520/11/50 541/11/50 547/11/50
f 552/26/50 578/25/50 539/11/50
f 578/25/50 533/14/50 539/11/50
f 543/11/50 534/11/50 552/26/50
f 539/11/50 543/11/50 552/26/50
f 533/14/50 547/11/50 538/11/50
f 533/14/50 538/11/50 546/11/50
f 578/25/309 625/25/1807 601/14/310
f 534/11/312 603/11/1808 602/26/313
f 619/1/315 608/1/1809 638/1/316
f 615/11/1810 616/11/1810 546/11/1810
f 588/15/1811 589/14/1811 526/14/1811
f 568/21/1812 528/12/1812 606/12/1812
f 613/1/321 618/1/1813 639/1/322
f 533/14/1814 601/14/1814 600/15/1814
f 527/11/1815 591/11/1815 608/11/1815
f 518/20/50 531/20/50 556/17/50
f 591/1/325 590/1/325 642/1/325
f 517/16/50 530/16/50 560/22/50
f 626/1/294 627/1/294 605/1/294
f 629/1/327 581/1/417 580/1/328
f 516/23/50 529/23/50 564/13/50
f 523/16/1816 583/16/1816 584/17/1816
f 532/24/1817 599/24/1817 598/19/1817
f 556/17/1818 531/20/1818 597/20/1818
f 536/21/50 566/18/50 568/21/50
f 573/15/68 512/24/68 525/24/68
f 519/24/50 532/24/50 572/19/50
f 553/17/68 510/16/68 523/16/68
f 524/20/1819 585/20/1819 586/19/1819
f 520/14/50 533/14/50 576/15/50
f 508/12/68 521/12/68 563/13/68
f 560/22/1820 530/16/1820 595/16/1820
f 617/11/1821 609/11/1821 543/11/1821
f 645/1/338 628/1/338 606/1/338
f 644/1/340 629/1/327 593/1/341
f 630/1/343 595/1/343 596/1/343
f 647/1/344 631/1/344 597/1/344
f 648/1/345 632/1/345 599/1/346
f 633/1/347 601/1/347 625/1/347
f 548/11/305 612/11/304 623/11/1822
f 627/1/349 604/1/349 611/1/349
f 563/13/350 580/13/1823 581/23/351
f 634/1/353 603/1/353 609/1/354
f 635/1/356 615/1/356 614/1/357
f 638/1/316 609/1/1824 617/1/359
f 633/1/360 589/1/360 588/1/361
f 640/1/362 614/1/1825 621/1/363
f 623/1/365 612/1/1826 640/1/362
f 642/1/325 602/1/325 603/1/325
f 643/1/366 596/1/366 597/1/366
f 630/1/367 644/1/367 594/1/368
f 629/1/327 645/1/329 592/1/369
f 628/1/370 646/1/370 611/1/370
f 632/1/302 647/1/302 598/1/302
f 633/1/360 648/1/360 600/1/372
f 649/1/373 625/1/373 602/1/373
f 572/19/1827 598/19/1827 597/20/1827
f 621/11/1828 614/11/291 547/11/293
f 567/21/1829 610/21/1829 607/12/1829
f 522/23/352 581/23/351 582/22/1830
f 616/11/1831 617/11/1831 539/11/1831
f 509/23/68 561/13/68 563/13/68
f 549/11/1832 622/11/1832 579/11/1832
f 512/24/68 569/19/68 571/19/68
f 507/27/382 605/27/1833 610/21/383
f 645/1/338 580/1/1834 607/1/338
f 609/11/1835 603/11/1835 534/11/1835
f 520/11/1836 579/11/1836 620/11/1836
f 620/11/1837 621/11/1837 541/11/1837
f 586/19/1838 587/24/1838 525/24/1838
f 648/1/345 588/1/389 587/1/389
f 628/1/370 607/1/370 610/1/370
f 624/25/390 590/26/1839 551/26/391
f 529/23/1840 560/22/334 594/22/336
f 610/1/349 605/1/349 627/1/349
f 584/1/343 583/1/343 630/1/343
f 514/27/1841 568/21/1841 611/21/1841
f 564/13/398 529/23/393 593/23/395
f 576/15/1842 600/15/1842 599/24/1842
f 552/26/401 602/26/1843 625/25/402
f 618/1/404 619/1/1844 636/1/405
f 620/1/406 641/1/416 637/1/407
f 587/24/1845 588/15/1845 575/15/1845
f 616/1/410 639/1/405 636/1/405
f 540/11/1846 619/11/1846 618/11/1846
f 542/11/1847 623/11/1847 622/11/1847
f 615/1/322 635/1/322 639/1/322
f 642/1/373 590/1/373 624/1/373
f 624/1/347 589/1/347 633/1/347
f 622/1/415 623/1/1848 637/1/407
f 647/1/344 586/1/344 585/1/344
f 644/1/340 582/1/1849 581/1/417
f 544/11/1850 608/11/1850 619/11/1850
f 559/22/379 582/22/378 583/16/1851
f 545/11/1852 618/11/1852 613/11/1852
f 511/20/68 553/17/68 555/17/68
f 510/16/68 557/22/68 559/22/68
f 555/17/421 584/17/1853 585/20/422
f 535/21/68 507/27/68 567/21/68
f 612/1/356 613/1/356 635/1/356
f 630/1/367 583/1/367 582/1/424
f 585/1/366 584/1/366 643/1/366
f 608/1/426 591/1/353 634/1/353
f 590/26/427 591/11/1854 527/11/428
f 626/1/1855 507/1/1855 535/1/1855
f 535/1/1856 536/1/1856 626/1/1856
f 562/13/431 515/12/431 508/12/431
f 515/12/432 566/18/432 565/18/432
f 566/18/434 536/21/434 535/1/434
f 561/13/431 509/23/431 516/23/431
f 509/23/435 557/22/435 558/22/435
f 557/22/435 510/16/435 517/16/435
f 510/16/436 553/17/436 554/17/436
f 553/17/436 511/20/436 518/20/436
f 511/20/437 569/19/437 570/19/437
f 569/19/438 512/24/438 519/24/438
f 512/24/439 573/15/439 574/15/439
f 574/15/1857 573/15/1857 579/11/1857
f 573/15/1858 513/14/1858 579/11/1858
f 757/11/1859 758/11/1859 681/11/1859
f 769/1/1860 657/1/1860 747/1/1860
f 671/12/445 707/13/1861 735/13/446
f 656/14/68 716/15/68 718/15/68
f 673/16/1862 699/17/1862 739/17/1862
f 708/18/68 710/21/68 664/12/68
f 712/19/68 654/20/68 667/20/68
f 709/18/50 658/12/50 671/12/50
f 664/12/449 750/12/1863 723/13/450
f 775/1/452 730/1/1864 729/1/452
f 692/11/68 656/11/68 685/11/68
f 656/11/68 669/14/68 685/11/68
f 669/14/68 720/25/68 683/11/68
f 720/25/68 694/26/68 683/11/68
f 694/26/68 670/11/68 687/11/68
f 694/26/68 687/11/68 683/11/68
f 691/11/68 685/11/68 669/14/68
f 669/14/68 683/11/68 688/11/68
f 680/11/68 691/11/68 669/14/68
f 700/22/68 652/23/68 665/23/68
f 717/15/50 719/15/50 675/24/50
f 680/11/1865 756/11/1865 755/11/1865
f 713/19/50 715/19/50 674/20/50
f 697/17/50 699/17/50 673/16/50
f 701/22/50 703/22/50 672/23/50
f 707/13/50 671/12/50 658/12/50
f 732/14/456 767/25/1866 720/25/457
f 676/14/50 663/11/50 690/11/50
f 663/11/50 693/11/50 684/11/50
f 663/11/50 684/11/50 690/11/50
f 695/26/50 721/25/50 682/11/50
f 721/25/50 676/14/50 682/11/50
f 686/11/50 677/11/50 695/26/50
f 682/11/50 686/11/50 695/26/50
f 676/14/50 690/11/50 681/11/50
f 676/14/50 681/11/50 689/11/50
f 721/25/459 768/25/1867 744/14/460
f 677/11/462 746/11/1868 745/26/463
f 762/1/465 751/1/1869 781/1/466
f 758/11/1870 759/11/1870 689/11/1870
f 731/15/1871 732/14/1871 669/14/1871
f 711/21/1872 671/12/1872 749/12/1872
f 756/1/471 761/1/1873 782/1/472
f 676/14/1874 744/14/1874 743/15/1874
f 670/11/1875 734/11/1875 751/11/1875
f 661/20/50 674/20/50 699/17/50
f 734/1/475 733/1/475 785/1/475
f 660/16/50 673/16/50 703/22/50
f 769/1/444 770/1/444 748/1/444
f 772/1/477 724/1/567 723/1/478
f 659/23/50 672/23/50 707/13/50
f 666/16/1876 726/16/1876 727/17/1876
f 675/24/1877 742/24/1877 741/19/1877
f 699/17/1878 674/20/1878 740/20/1878
f 679/21/50 709/18/50 711/21/50
f 716/15/68 655/24/68 668/24/68
f 662/24/50 675/24/50 715/19/50
f 696/17/68 653/16/68 666/16/68
f 667/20/1879 728/20/1879 729/19/1879
f 663/14/50 676/14/50 719/15/50
f 651/12/68 664/12/68 706/13/68
f 703/22/1880 673/16/1880 738/16/1880
f 760/11/1881 752/11/1881 686/11/1881
f 788/1/487 771/1/487 749/1/487
f 787/1/489 772/1/477 736/1/490
f 773/1/491 738/1/491 739/1/491
f 790/1/492 774/1/492 740/1/492
f 791/1/493 775/1/493 742/1/494
f 776/1/496 744/1/496 768/1/496
f 691/11/455 755/11/454 766/11/1882
f 770/1/498 747/1/498 754/1/498
f 706/13/499 723/13/1883 724/23/500
f 777/1/502 746/1/502 752/1/503
f 778/1/505 758/1/505 757/1/506
f 781/1/466 752/1/1884 760/1/507
f 776/1/508 732/1/508 731/1/509
f 783/1/510 757/1/1885 764/1/511
f 766/1/513 755/1/1886 783/1/510
f 785/1/475 745/1/475 746/1/475
f 786/1/514 739/1/514 740/1/514
f 773/1/515 787/1/515 737/1/516
f 772/1/477 788/1/477 735/1/517
f 771/1/518 789/1/518 754/1/518
f 775/1/452 790/1/452 741/1/452
f 776/1/508 791/1/508 743/1/520
f 792/1/521 768/1/521 745/1/521
f 715/19/1887 741/19/1887 740/20/1887
f 764/11/1888 757/11/441 690/11/443
f 710/21/1889 753/21/1889 750/12/1889
f 665/23/501 724/23/500 725/22/1890
f 759/11/1891 760/11/1891 682/11/1891
f 652/23/68 704/13/68 706/13/68
f 692/11/1892 765/11/1892 722/11/1892
f 655/24/68 712/19/68 714/19/68
f 650/27/530 748/27/1893 753/21/531
f 788/1/487 723/1/1894 750/1/487
f 752/11/1895 746/11/1895 677/11/1895
f 663/11/1896 722/11/1896 763/11/1896
f 763/11/1897 764/11/1897 684/11/1897
f 729/19/1898 730/24/1898 668/24/1898
f 791/1/493 731/1/1899 730/1/537
f 771/1/518 750/1/518 753/1/518
f 767/25/538 733/26/1900 694/26/539
f 672/23/1901 703/22/483 737/22/485
f 753/1/498 748/1/498 770/1/498
f 727/1/491 726/1/491 773/1/491
f 657/27/1902 711/21/1902 754/21/1902
f 707/13/546 672/23/541 736/23/543
f 719/15/1903 743/15/1903 742/24/1903
f 695/26/549 745/26/1904 768/25/550
f 761/1/552 762/1/1905 779/1/553
f 763/1/555 784/1/566 780/1/556
f 730/24/1906 731/15/1906 718/15/1906
f 759/1/559 782/1/554 779/1/553
f 683/11/1907 762/11/1907 761/11/1907
f 685/11/1908 766/11/1908 765/11/1908
f 758/1/563 778/1/472 782/1/472
f 733/1/521 767/1/521 792/1/521
f 767/1/496 732/1/496 776/1/496
f 765/1/565 766/1/1909 780/1/556
f 790/1/492 729/1/492 728/1/492
f 787/1/489 725/1/1910 724/1/567
f 687/11/1911 751/11/1911 762/11/1911
f 702/22/527 725/22/526 726/16/1912
f 688/11/1913 761/11/1913 756/11/1913
f 654/20/68 696/17/68 698/17/68
f 653/16/68 700/22/68 702/22/68
f 698/17/571 727/17/1914 728/20/572
f 678/21/68 650/27/68 710/21/68
f 755/1/574 756/1/505 778/1/505
f 773/1/515 726/1/515 725/1/575
f 728/1/514 727/1/514 786/1/514
f 751/1/577 734/1/502 777/1/502
f 733/26/578 734/11/1915 670/11/579
f 769/1/1916 650/1/1916 678/1/1916
f 678/1/1917 679/1/1917 769/1/1917
f 705/13/582 658/12/582 651/12/582
f 658/12/583 709/18/583 708/18/583
f 709/18/584 679/21/584 678/1/584
f 704/13/582 652/23/582 659/23/582
f 652/23/585 700/22/585 701/22/585
f 700/22/585 653/16/585 660/16/585
f 653/16/586 696/17/586 697/17/586
f 696/17/586 654/20/586 661/20/586
f 654/20/587 712/19/587 713/19/587
f 712/19/588 655/24/588 662/24/588
f 655/24/589 716/15/589 717/15/589
f 717/15/1918 716/15/1918 722/11/1918
f 716/15/1919 656/14/1919 722/11/1919
f 900/11/1920 901/11/1920 824/11/1920
f 912/1/1921 800/1/1921 890/1/1921
f 814/12/595 850/13/1922 878/13/596
f 799/14/68 859/15/68 861/15/68
f 816/16/1923 842/17/1923 882/17/1923
f 851/18/68 853/21/68 807/12/68
f 855/19/68 797/20/68 810/20/68
f 852/18/50 801/12/50 814/12/50
f 807/12/599 893/12/1924 866/13/600
f 918/1/602 873/1/1925 872/1/602
f 835/11/68 799/11/68 828/11/68
f 799/11/68 812/14/68 828/11/68
f 812/14/68 863/25/68 826/11/68
f 863/25/68 837/26/68 826/11/68
f 837/26/68 813/11/68 830/11/68
f 837/26/68 830/11/68 826/11/68
f 834/11/68 828/11/68 812/14/68
f 812/14/68 826/11/68 831/11/68
f 823/11/68 834/11/68 812/14/68
f 843/22/68 795/23/68 808/23/68
f 860/15/50 862/15/50 818/24/50
f 823/11/1926 899/11/1926 898/11/1926
f 856/19/50 858/19/50 817/20/50
f 840/17/50 842/17/50 816/16/50
f 844/22/50 846/22/50 815/23/50
f 850/13/50 814/12/50 801/12/50
f 875/14/606 910/25/1927 863/25/607
f 819/14/50 806/11/50 833/11/50
f 806/11/50 836/11/50 827/11/50
f 806/11/50 827/11/50 833/11/50
f 838/26/50 864/25/50 825/11/50
f 864/25/50 819/14/50 825/11/50
f 829/11/50 820/11/50 838/26/50
f 825/11/50 829/11/50 838/26/50
f 819/14/50 833/11/50 824/11/50
f 819/14/50 824/11/50 832/11/50
f 864/25/609 911/25/1928 887/14/610
f 820/11/612 889/11/1929 888/26/613
f 905/1/615 894/1/1930 924/1/616
f 901/11/1931 902/11/1931 832/11/1931
f 874/15/1932 875/14/1932 812/14/1932
f 854/21/1933 814/12/1933 892/12/1933
f 899/1/621 904/1/1934 925/1/622
f 819/14/1935 887/14/1935 886/15/1935
f 813/11/1936 877/11/1936 894/11/1936
f 804/20/50 817/20/50 842/17/50
f 877/1/625 876/1/625 928/1/625
f 803/16/50 816/16/50 846/22/50
f 912/1/594 913/1/594 891/1/594
f 915/1/627 867/1/718 866/1/628
f 802/23/50 815/23/50 850/13/50
f 809/16/1937 869/16/1937 870/17/1937
f 818/24/1938 885/24/1938 884/19/1938
f 842/17/1939 817/20/1939 883/20/1939
f 822/21/50 852/18/50 854/21/50
f 859/15/68 798/24/68 811/24/68
f 805/24/50 818/24/50 858/19/50
f 839/17/68 796/16/68 809/16/68
f 810/20/1940 871/20/1940 872/19/1940
f 806/14/50 819/14/50 862/15/50
f 794/12/68 807/12/68 849/13/68
f 846/22/1941 816/16/1941 881/16/1941
f 903/11/1942 895/11/1942 829/11/1942
f 931/1/638 914/1/638 892/1/639
f 930/1/641 915/1/627 879/1/642
f 916/1/643 881/1/643 882/1/643
f 933/1/644 917/1/644 883/1/644
f 934/1/645 918/1/645 885/1/646
f 919/1/648 887/1/648 911/1/648
f 834/11/605 898/11/604 909/11/1943
f 913/1/650 890/1/650 897/1/650
f 849/13/651 866/13/1944 867/23/652
f 920/1/654 889/1/654 895/1/655
f 921/1/657 901/1/657 900/1/658
f 924/1/616 895/1/1945 903/1/659
f 919/1/660 875/1/660 874/1/661
f 926/1/662 900/1/1946 907/1/663
f 909/1/664 898/1/1947 926/1/662
f 928/1/625 888/1/625 889/1/625
f 929/1/665 882/1/665 883/1/665
f 916/1/666 930/1/727 880/1/667
f 915/1/627 931/1/629 878/1/668
f 914/1/669 932/1/669 897/1/669
f 918/1/602 933/1/602 884/1/602
f 919/1/660 934/1/660 886/1/671
f 928/1/672 935/1/672 911/1/672
f 858/19/1948 884/19/1948 883/20/1948
f 907/11/1949 900/11/591 833/11/593
f 853/21/1950 896/21/1950 893/12/1950
f 808/23/653 867/23/652 868/22/1951
f 902/11/1952 903/11/1952 825/11/1952
f 795/23/68 847/13/68 849/13/68
f 835/11/1953 908/11/1953 865/11/1953
f 798/24/68 855/19/68 857/19/68
f 793/27/681 891/27/1954 896/21/682
f 931/1/638 866/1/1955 893/1/638
f 895/11/1956 889/11/1956 820/11/1956
f 806/11/1957 865/11/1957 906/11/1957
f 906/11/1958 907/11/1958 827/11/1958
f 872/19/1959 873/24/1959 811/24/1959
f 934/1/645 874/1/1960 873/1/688
f 914/1/669 893/1/669 896/1/669
f 910/25/689 876/26/1961 837/26/690
f 815/23/1962 846/22/634 880/22/636
f 896/1/650 891/1/650 913/1/650
f 870/1/643 869/1/643 916/1/643
f 800/27/1963 854/21/1963 897/21/1963
f 850/13/697 815/23/692 879/23/694
f 862/15/1964 886/15/1964 885/24/1964
f 838/26/700 888/26/1965 911/25/701
f 904/1/703 905/1/1966 922/1/704
f 906/1/706 927/1/717 923/1/707
f 873/24/1967 874/15/1967 861/15/1967
f 902/1/710 925/1/705 922/1/704
f 826/11/1968 905/11/1968 904/11/1968
f 828/11/1969 909/11/1969 908/11/1969
f 901/1/714 921/1/622 925/1/622
f 876/1/672 910/1/672 935/1/672
f 910/1/648 875/1/648 919/1/648
f 908/1/716 909/1/1970 923/1/707
f 933/1/644 872/1/644 871/1/644
f 930/1/641 868/1/1971 867/1/718
f 830/11/1972 894/11/1972 905/11/1972
f 845/22/678 868/22/677 869/16/1973
f 831/11/1974 904/11/1974 899/11/1974
f 797/20/68 839/17/68 841/17/68
f 796/16/68 843/22/68 845/22/68
f 841/17/722 870/17/1975 871/20/723
f 821/21/68 793/27/68 853/21/68
f 898/1/725 899/1/657 921/1/657
f 916/1/666 869/1/666 868/1/726
f 871/1/665 870/1/665 929/1/665
f 894/1/729 877/1/654 920/1/654
f 876/26/730 877/11/1976 813/11/731
f 912/1/1977 793/1/1977 821/1/1977
f 821/1/1978 822/1/1978 912/1/1978
f 848/13/734 801/12/734 794/12/734
f 801/12/735 852/18/735 851/18/735
f 852/18/736 822/21/736 821/1/736
f 847/13/734 795/23/734 802/23/734
f 795/23/737 843/22/737 844/22/737
f 843/22/737 796/16/737 803/16/737
f 796/16/738 839/17/738 840/17/738
f 839/17/738 797/20/738 804/20/738
f 797/20/739 855/19/739 856/19/739
f 855/19/740 798/24/740 805/24/740
f 798/24/741 859/15/741 860/15/741
f 860/15/1979 859/15/1979 865/11/1979
f 859/15/1980 799/14/1980 865/11/1980
f 961/3/773 962/2/773 1238/2/773
f 990/30/774 963/43/774 1023/45/774
f 989/28/775 990/30/775 1051/46/775
f 988/40/776 989/28/776 1050/47/776
f 987/39/777 988/40/777 1049/48/777
f 1047/50/778 986/37/778 987/39/778
f 1046/51/779 985/35/779 986/37/779
f 1045/52/780 984/33/780 985/35/780
f 1044/53/781 983/31/781 984/33/781
f 1063/51/782 972/35/782 996/37/782
f 1064/50/783 996/37/783 997/39/783
f 1062/52/784 971/33/784 972/35/784
f 1053/53/785 973/31/785 971/33/785
f 1044/53/786 1039/52/786 976/33/786
f 1039/52/787 1040/51/787 977/35/787
f 1040/51/788 1041/50/788 978/37/788
f 1052/47/789 981/28/789 980/40/789
f 1061/46/790 982/30/790 981/28/790
f 1043/48/791 980/40/791 979/39/791
f 997/39/792 998/40/792 1066/48/792
f 998/40/793 999/28/793 1067/47/793
f 1053/53/794 1054/52/794 974/33/794
f 1054/52/795 1055/51/795 975/35/795
f 1055/51/796 1056/50/796 991/37/796
f 1056/50/797 1057/49/797 992/39/797
f 1058/48/798 993/40/798 992/39/798
f 1059/47/799 994/28/799 993/40/799
f 1060/46/800 995/30/800 994/28/800
f 1023/45/801 963/43/801 995/30/801
f 1272/3/802 1273/2/802 966/2/802
f 1086/54/847 1056/50/847 1055/51/847
f 1087/56/805 1057/49/805 1056/50/805
f 1088/57/806 1058/48/806 1057/49/806
f 1089/58/807 1059/47/807 1058/48/807
f 1090/59/808 1060/46/808 1059/47/808
f 1080/60/809 1023/45/809 1060/46/809
f 1030/61/810 1080/60/1058 1090/59/810
f 1029/62/811 1090/59/810 1089/58/812
f 1247/64/813 1146/115/68 1357/65/68
f 1027/67/814 1028/63/812 1089/58/812
f 1026/68/816 1027/67/814 1088/57/815
f 1025/69/818 1026/68/816 1087/56/817
f 1024/70/1981 1025/69/818 1086/54/819
f 1024/70/1982 1085/55/1982 1084/71/1982
f 1004/73/824 1005/72/823 1084/71/822
f 1081/56/826 1042/49/826 1041/50/826
f 1082/57/827 1043/48/827 1042/49/827
f 1091/58/828 1052/47/828 1043/48/828
f 1092/59/829 1061/46/829 1052/47/829
f 1093/60/830 1031/45/830 1061/46/830
f 1013/61/831 1093/60/1055 1092/59/832
f 1012/62/833 1092/59/832 1091/58/834
f 1349/75/835 1347/85/835 1014/73/835
f 1014/73/836 1015/72/836 1103/77/836
f 1015/72/837 1016/70/837 1104/78/837
f 1016/70/838 1017/69/838 1105/79/838
f 1017/69/839 1018/68/839 1106/80/839
f 1018/68/840 1019/67/840 1107/81/840
f 1019/67/841 1020/63/841 1108/82/841
f 1108/82/842 1020/63/842 1021/62/842
f 1109/83/843 1021/62/843 1022/61/843
f 1031/45/844 967/43/844 982/30/844
f 1041/50/845 1042/49/845 979/39/845
f 1069/71/846 1039/52/846 1044/53/846
f 1071/54/804 1041/50/804 1040/51/804
f 1008/69/848 1009/68/918 1081/56/849
f 1007/70/1983 1070/55/1983 1069/71/1983
f 1116/77/854 1005/72/854 1004/73/854
f 1118/79/855 1025/69/855 1024/70/855
f 1120/81/856 1027/67/856 1026/68/856
f 1121/82/857 1122/83/857 1029/62/857
f 1068/46/858 1031/45/858 1093/60/858
f 970/2/859 1302/2/859 1301/3/859
f 1065/49/860 1066/48/860 1098/57/860
f 1032/70/861 1033/69/861 1131/79/861
f 1100/59/862 1093/60/1055 1038/61/863
f 1035/67/865 1098/57/907 1099/58/866
f 1033/69/867 1096/54/906 1097/56/868
f 1094/71/1984 1095/55/1984 1032/70/1984
f 1349/75/873 1101/76/873 1003/73/873
f 1112/78/874 1007/70/874 1006/72/874
f 1114/80/875 1009/68/875 1008/69/875
f 1124/81/876 1010/67/876 1009/68/876
f 1044/53/877 1045/52/877 1073/71/877
f 1073/71/943 1045/52/943 1046/51/943
f 1046/51/910 1047/50/910 1075/54/910
f 1047/50/880 1048/49/880 1076/56/880
f 1048/49/881 1049/48/881 1077/57/881
f 1049/48/882 1050/47/882 1078/58/882
f 1050/47/883 1051/46/883 1079/59/883
f 1051/46/884 1023/45/884 1080/60/884
f 1079/59/885 1080/60/1058 1022/61/885
f 1078/58/887 1079/59/885 1021/62/886
f 1019/67/888 1077/57/890 1078/58/887
f 1018/68/889 1076/56/892 1077/57/890
f 1017/69/891 1075/54/894 1076/56/892
f 1016/70/1985 1074/55/1985 1075/54/1985
f 1073/71/1986 1074/55/1986 1016/70/1986
f 1014/73/898 1072/74/900 1073/71/895
f 1125/82/901 1126/83/901 1012/62/901
f 1113/79/902 1008/69/902 1007/70/902
f 1111/77/903 1006/72/903 1003/73/903
f 1001/73/904 1083/74/825 1094/71/870
f 1032/70/1987 1095/55/1987 1096/54/1987
f 1034/68/869 1097/56/868 1098/57/907
f 1099/58/866 1100/59/862 1037/62/864
f 1084/71/920 1085/55/920 1055/51/920
f 1126/83/909 1127/84/909 1013/61/909
f 1063/51/879 1064/50/879 1096/54/879
f 999/28/911 1000/30/911 1068/46/911
f 1122/83/912 1123/84/912 1030/61/912
f 1121/82/913 1028/63/913 1027/67/913
f 1119/80/914 1026/68/914 1025/69/914
f 1117/78/915 1024/70/915 1005/72/915
f 1346/75/916 1115/76/916 1004/73/916
f 1007/70/1988 1008/69/848 1071/54/850
f 1009/68/918 1010/67/1073 1082/57/919
f 1069/71/908 1070/55/908 1040/51/908
f 953/3/921 1259/3/921 1274/2/921
f 1206/86/68 1109/83/68 1110/84/68
f 1205/88/68 1108/82/68 1109/83/68
f 1107/81/68 1108/82/68 1205/88/68
f 1106/80/68 1107/81/68 1204/89/68
f 1105/79/68 1106/80/68 1203/90/68
f 1104/78/68 1105/79/68 1202/91/68
f 1103/77/68 1104/78/68 1201/92/68
f 1102/76/68 1103/77/68 1200/93/68
f 1349/75/68 1102/76/68 1199/94/68
f 1149/96/50 1193/109/50 1192/97/50
f 1128/76/68 1129/77/68 1249/93/68
f 953/3/923 954/2/923 1163/102/923
f 952/7/924 1161/107/924 1160/104/924
f 950/10/925 1159/108/925 1149/96/925
f 948/4/926 1148/98/926 1147/105/926
f 1156/103/50 1208/118/50 1190/106/50
f 1153/108/50 1188/116/50 1187/109/50
f 1151/98/50 1186/97/50 1185/110/50
f 1130/78/68 1131/79/68 1253/91/68
f 1132/80/68 1133/81/68 1277/89/68
f 1278/88/68 1144/82/68 1145/83/68
f 1183/102/50 1246/117/50 1212/111/50
f 966/2/929 936/6/929 1158/112/929
f 965/3/930 1156/103/930 1155/107/930
f 947/8/931 1154/104/931 1153/108/931
f 945/5/932 1152/96/932 1151/98/932
f 1225/92/68 1112/78/68 1111/77/68
f 1227/90/68 1114/80/68 1113/79/68
f 1001/73/935 1002/72/935 1129/77/935
f 1066/48/936 1067/47/936 1099/58/936
f 1064/50/937 1065/49/937 1097/56/937
f 1000/30/939 967/43/939 1031/45/939
f 1067/47/940 1068/46/940 1100/59/940
f 1038/114/941 1356/124/941 1357/65/942
f 1243/86/68 1210/87/68 1123/84/68
f 1242/88/68 1243/86/68 1122/83/68
f 1242/88/68 1121/82/68 1120/81/68
f 1241/89/68 1120/81/68 1119/80/68
f 1240/90/68 1119/80/68 1118/79/68
f 1222/91/68 1118/79/68 1117/78/68
f 1094/71/878 1062/52/878 1063/51/878
f 1145/83/944 1037/62/944 1038/61/944
f 1035/67/945 1036/63/945 1144/82/945
f 1033/69/946 1034/68/946 1132/80/946
f 1002/72/947 1032/70/947 1130/78/947
f 1346/75/948 1348/85/948 1001/73/948
f 1230/86/68 1211/87/1079 1127/84/68
f 1134/105/950 1135/98/950 956/4/950
f 1135/98/951 1136/96/951 957/5/951
f 1136/96/952 1137/108/952 958/10/952
f 1137/108/953 1138/104/953 959/8/953
f 1138/104/954 1139/107/954 960/7/954
f 1139/107/955 1140/103/955 961/3/955
f 961/3/956 1140/103/956 1141/102/956
f 962/2/957 1141/102/957 1142/112/957
f 1220/93/68 1116/77/68 1115/76/68
f 1219/94/68 1115/76/68 1346/75/68
f 1192/97/958 1224/93/958 1223/94/958
f 1216/116/50 1217/119/50 1180/104/50
f 1353/113/50 1351/120/50 1213/110/50
f 1180/104/959 1181/107/959 968/7/959
f 1166/105/960 1177/98/960 939/4/960
f 1162/103/50 1163/102/50 1198/117/50
f 1161/107/50 1196/106/50 1195/119/50
f 1229/88/68 1125/82/68 1124/81/68
f 1218/106/50 1245/118/50 1182/103/50
f 1215/109/50 1216/116/50 1179/108/50
f 1213/110/50 1214/97/50 1177/98/50
f 970/2/963 1183/102/963 1184/112/963
f 1181/107/964 1182/103/964 969/3/964
f 1179/108/965 1180/104/965 942/8/965
f 1177/98/966 1178/96/966 940/5/966
f 1350/113/50 1352/120/50 1167/110/50
f 1167/110/50 1168/97/50 1135/98/50
f 1168/97/50 1169/109/50 1136/96/50
f 1169/109/50 1170/116/50 1137/108/50
f 1170/116/50 1171/119/50 1138/104/50
f 1171/119/50 1172/106/50 1139/107/50
f 1172/106/50 1173/118/50 1140/103/50
f 1140/103/50 1173/118/50 1174/117/50
f 1141/102/50 1174/117/50 1143/111/50
f 1226/91/68 1113/79/68 1112/78/68
f 1223/94/68 1101/76/68 1349/75/68
f 944/4/968 1151/98/968 1150/105/968
f 946/10/969 1153/108/969 1152/96/969
f 964/7/970 1155/107/970 1154/104/970
f 965/3/971 966/2/971 1157/102/971
f 1279/86/68 1145/83/68 1146/84/68
f 1133/81/68 1144/82/68 1278/88/68
f 1131/79/68 1132/80/68 1276/90/68
f 1353/113/50 1150/105/50 1185/110/50
f 1152/96/50 1187/109/50 1186/97/50
f 1154/104/50 1189/119/50 1188/116/50
f 1156/103/50 1157/102/50 1209/117/50
f 949/5/972 1149/96/972 1148/98/972
f 951/8/973 1160/104/973 1159/108/973
f 953/3/974 1162/103/974 1161/107/974
f 954/2/975 938/6/975 1164/112/975
f 1346/75/68 1128/76/68 1248/94/68
f 1350/113/50 1147/105/50 1191/110/50
f 1159/108/50 1194/116/50 1193/109/50
f 1354/95/976 1199/94/976 1167/110/977
f 1199/94/979 1200/93/979 1168/97/979
f 1200/93/980 1201/92/980 1169/109/980
f 1201/92/981 1202/91/981 1170/116/981
f 1202/91/982 1203/90/983 1171/119/983
f 1203/90/984 1204/89/984 1172/106/984
f 1204/89/985 1205/88/985 1173/118/985
f 1173/118/986 1205/88/986 1206/86/986
f 1174/117/987 1206/86/987 1175/87/987
f 1281/4/908 1282/5/908 1255/5/908
f 1186/97/988 1220/93/988 1219/94/988
f 1196/106/989 1228/89/989 1227/90/989
f 956/4/990 1232/4/990 1231/9/990
f 969/3/991 1182/103/991 1183/102/991
f 962/2/992 936/6/992 1207/6/992
f 1187/109/993 1221/92/993 1220/93/993
f 1197/118/994 1229/88/994 1228/89/994
f 956/4/995 957/5/995 1233/5/995
f 1214/97/50 1215/109/50 1178/96/50
f 1188/116/996 1222/91/996 1221/92/996
f 1197/118/997 1198/117/997 1230/86/997
f 957/5/998 958/10/998 1234/10/998
f 1182/103/50 1245/118/50 1246/117/50
f 1189/119/999 1240/90/999 1222/91/999
f 1198/117/1000 1165/111/1000 1211/87/1000
f 959/8/1001 1235/8/1001 1234/10/1001
f 1193/109/1002 1225/92/1002 1224/93/1002
f 1208/118/1003 1242/88/1003 1241/89/1003
f 1248/94/1004 1249/93/1004 1214/97/1004
f 1162/103/50 1197/118/50 1196/106/50
f 960/7/1005 1236/7/1005 1235/8/1005
f 1190/106/1006 1241/89/1006 1240/90/1006
f 1274/2/1007 1244/6/1007 938/6/1007
f 1163/102/50 1164/112/1078 1165/111/927
f 961/3/1008 1237/3/1008 1236/7/1008
f 1185/110/1009 1219/94/1010 1355/95/1010
f 1195/119/1012 1227/90/1012 1226/91/1013
f 1231/9/1014 1254/4/1014 948/4/1014
f 1178/96/1015 1179/108/1015 941/10/1015
f 1282/5/847 1283/10/847 1256/10/847
f 1255/5/1016 1256/10/1016 950/10/1016
f 941/10/1017 942/8/1017 1299/8/1017
f 1268/5/1018 1269/10/1018 946/10/1018
f 1232/4/1019 1261/4/1019 1260/9/1019
f 1253/91/1020 1276/90/1020 1217/119/1020
f 1233/5/878 1262/5/878 1261/4/878
f 946/10/1022 1269/10/1022 1270/8/1022
f 1234/10/879 1263/10/879 1262/5/879
f 1256/10/1023 1257/8/1023 951/8/1023
f 1208/118/1024 1209/117/1024 1243/86/1024
f 1235/8/937 1264/8/937 1263/10/937
f 1277/89/1025 1278/88/1025 1245/118/1025
f 1209/117/1026 1176/111/1026 1210/87/1026
f 1235/8/860 1236/7/860 1265/7/860
f 947/8/1027 1270/8/1027 1271/7/1027
f 1285/7/807 1286/3/807 1259/3/807
f 1237/3/936 1266/3/936 1265/7/936
f 1276/90/1028 1277/89/1028 1218/106/1028
f 1254/4/1029 1255/5/1029 949/5/1029
f 1238/2/940 1267/2/940 1266/3/940
f 1258/7/1030 1259/3/1030 953/3/1030
f 1251/9/1031 1252/4/1031 944/4/1031
f 1207/6/858 1239/6/858 1267/2/858
f 1355/95/1032 1248/94/1032 1213/110/1033
f 966/2/1035 1273/2/1035 1207/6/1035
f 941/10/1036 1298/10/1036 1297/5/1036
f 1250/92/1037 1253/91/1037 1216/116/1037
f 1260/9/1038 1281/4/1038 1254/4/1038
f 944/4/1039 1252/4/1039 1268/5/1039
f 1318/2/109 1340/2/109 1339/3/109
f 939/4/1040 940/5/1040 1297/5/1040
f 1281/4/110 1319/4/110 1320/5/110
f 938/6/1041 1244/6/1041 1302/2/1041
f 1329/3/111 1330/2/111 1295/2/111
f 1283/10/805 1284/8/805 1257/8/805
f 1333/2/112 1311/6/112 1275/6/112
f 1295/2/830 1239/6/830 1207/6/830
f 1294/3/829 1295/2/829 1273/2/829
f 1293/7/113 1328/7/113 1329/3/113
f 1245/118/1042 1278/88/1042 1279/86/1042
f 1293/7/828 1294/3/828 1272/3/828
f 1270/8/827 1292/8/827 1293/7/827
f 1291/10/826 1292/8/826 1270/8/826
f 1292/8/114 1327/8/114 1328/7/114
f 1290/5/804 1291/10/804 1269/10/804
f 1289/4/920 1290/5/920 1268/5/920
f 1246/117/1043 1279/86/1043 1247/87/1043
f 1257/8/806 1284/8/806 1285/7/806
f 942/8/1044 968/7/1044 1300/7/1044
f 1301/3/882 1317/3/882 1316/7/882
f 1299/8/881 1300/7/881 1316/7/881
f 1288/9/115 1312/4/115 1334/4/115
f 1299/8/880 1315/8/880 1314/10/880
f 1315/8/116 1316/7/116 1338/7/116
f 1298/10/910 1314/10/910 1313/5/910
f 1326/10/117 1327/8/117 1292/8/117
f 1244/6/884 1275/6/884 1318/2/884
f 1302/2/883 1318/2/883 1317/3/883
f 1261/4/118 1304/4/118 1303/9/118
f 1261/4/119 1262/5/119 1305/5/119
f 1263/10/120 1306/10/120 1305/5/120
f 1271/7/1045 1272/3/1045 965/3/1045
f 1264/8/121 1307/8/121 1306/10/121
f 1249/93/1046 1250/92/1046 1215/109/1046
f 1325/5/122 1326/10/122 1291/10/122
f 1264/8/123 1265/7/123 1308/7/123
f 951/8/1047 1257/8/1047 1258/7/1047
f 1266/3/124 1309/3/124 1308/7/124
f 939/4/1048 1280/4/1048 1251/9/1048
f 1267/2/125 1310/2/125 1309/3/125
f 1286/3/808 1296/2/808 1274/2/808
f 1239/6/126 1287/6/126 1310/2/126
f 1288/9/846 1289/4/846 1252/4/846
f 1296/2/809 1275/6/809 1244/6/809
f 1312/4/127 1313/5/127 1335/5/127
f 1282/5/128 1320/5/128 1321/10/128
f 1315/8/129 1337/8/129 1336/10/129
f 969/3/1049 1301/3/1049 1300/7/1049
f 1260/9/130 1303/9/130 1319/4/130
f 1297/5/943 1313/5/943 1312/4/943
f 1289/4/131 1324/4/131 1325/5/131
f 1323/9/132 1324/4/132 1289/4/132
f 1275/6/133 1311/6/133 1340/2/133
f 1280/4/877 1312/4/877 1288/9/877
f 1332/3/134 1333/2/134 1296/2/134
f 1331/7/135 1332/3/135 1286/3/135
f 1316/7/136 1317/3/136 1339/3/136
f 1330/2/137 1287/6/137 1239/6/137
f 1212/121/1050 1247/64/1051 1360/66/1051
f 1313/5/138 1314/10/138 1336/10/138
f 1284/8/139 1322/8/139 1331/7/139
f 1176/121/1053 1344/122/1053 1345/66/1054
f 1321/10/140 1322/8/140 1284/8/140
f 1343/101/967 1344/122/967 1176/121/967
f 1212/121/50 1359/122/927 1358/101/967
f 1342/65/1059 1341/124/1060 1030/114/1060
f 1210/64/68 1345/66/68 1342/65/68
f 1165/121/1061 1359/122/1989 1360/66/1062
f 1157/102/50 1158/112/50 1176/111/967
f 1143/121/1063 1175/64/1064 1345/66/1064
f 1228/89/68 1124/81/68 1114/80/68
f 1143/121/50 1344/122/967 1343/101/967
f 1175/64/68 1110/115/68 1342/65/68
f 1155/107/50 1190/106/50 1189/119/50
f 1022/114/1067 1341/124/1067 1342/65/1067
f 1084/71/1038 1054/52/1038 1053/53/1038
f 1221/92/68 1117/78/68 1116/77/68
f 1144/82/1068 1036/63/1068 1037/62/1068
f 1160/104/50 1195/119/50 1194/116/50
f 1194/116/1070 1226/91/1070 1225/92/1070
f 1148/98/50 1192/97/50 1191/110/50
f 1034/68/1072 1035/67/1072 1133/81/1072
f 1010/67/1073 1011/63/834 1091/58/834
f 1125/82/1074 1011/63/1074 1010/67/1074
f 1224/93/68 1111/77/68 1101/76/68
f 1229/88/68 1230/86/68 1126/83/68
f 1003/73/962 1006/72/853 1069/71/852
f 1191/110/1075 1223/94/1076 1354/95/1076
f 1358/101/967 1359/122/927 1165/121/927
f 1211/64/1079 1360/66/68 1357/65/68
f 1217/119/50 1218/106/50 1181/107/50
f 1357/65/1080 1356/124/1081 1013/114/1081
f 1053/53/1019 1062/52/1019 1094/71/1019
f 1129/77/68 1130/78/68 1250/92/68
f 1491/1/1147 1555/1/1147 1516/1/1147
f 1453/1/1148 1452/1/1148 1516/1/1148
f 1465/1/1149 1529/1/1149 1530/1/1149
f 1451/1/1150 1515/1/1150 1514/1/1150
f 1466/1/1151 1530/1/1151 1531/1/1151
f 1485/1/1152 1549/1/1152 1515/1/1152
f 1512/1/1150 1554/1/1150 1490/1/1150
f 1513/1/1152 1512/1/1152 1448/1/1152
f 1439/1/1153 1503/1/1153 1541/1/1153
f 1535/1/1154 1534/1/1154 1470/1/1154
f 1485/1/1155 1442/1/1155 1506/1/1155
f 1500/1/1156 1528/1/1156 1464/1/1156
f 1536/1/1157 1511/1/1157 1447/1/1157
f 1493/1/1156 1557/1/1156 1548/1/1156
f 1478/1/1158 1542/1/1158 1509/1/1158
f 1494/1/1159 1558/1/1159 1506/1/1159
f 1437/1/1160 1501/1/1160 1505/1/1160
f 1446/1/1157 1477/1/1157 1541/1/1157
f 1551/1/1161 1499/1/1161 1435/1/1161
f 1552/1/1162 1540/1/1162 1476/1/1162
f 1438/1/1163 1502/1/1163 1501/1/1163
f 1439/1/1164 1474/1/1164 1538/1/1164
f 1499/1/1165 1500/1/1165 1436/1/1165
f 1533/1/1166 1537/1/1166 1473/1/1166
f 1440/1/1153 1504/1/1153 1536/1/1153
f 1511/1/1167 1535/1/1167 1471/1/1167
f 1562/1/1147 1553/1/1147 1489/1/1147
f 1470/1/1158 1534/1/1158 1508/1/1158
f 1489/1/1148 1553/1/1148 1552/1/1148
f 1446/1/1167 1510/1/1167 1560/1/1167
f 1473/1/1164 1537/1/1164 1504/1/1164
f 1476/1/1168 1540/1/1168 1550/1/1168
f 1557/1/1169 1556/1/1169 1620/1/1169
f 1509/1/1170 1573/1/1170 1625/1/1170
f 1585/1/1171 1584/1/1171 1520/1/1171
f 1543/1/1172 1544/1/1172 1608/1/1172
f 1539/1/1173 1603/1/1173 1582/1/1173
f 1518/1/1174 1582/1/1174 1583/1/1174
f 1543/1/1175 1607/1/1175 1593/1/1175
f 1555/1/1176 1619/1/1176 1580/1/1176
f 1516/1/1177 1580/1/1177 1581/1/1177
f 1530/1/1178 1529/1/1178 1593/1/1178
f 1514/1/1179 1515/1/1179 1579/1/1179
f 1531/1/1180 1530/1/1180 1594/1/1180
f 1549/1/1181 1613/1/1181 1579/1/1181
f 1512/1/1182 1576/1/1182 1618/1/1182
f 1513/1/1183 1577/1/1183 1576/1/1183
f 1503/1/1184 1567/1/1184 1605/1/1184
f 1599/1/1185 1598/1/1185 1534/1/1185
f 1549/1/1186 1506/1/1186 1570/1/1186
f 1500/1/1187 1564/1/1187 1592/1/1187
f 1536/1/1188 1600/1/1188 1575/1/1188
f 1557/1/1189 1621/1/1189 1612/1/1189
f 1542/1/1190 1606/1/1190 1573/1/1190
f 1506/1/1191 1558/1/1191 1622/1/1191
f 1565/1/1192 1569/1/1192 1505/1/1192
f 1541/1/1193 1605/1/1193 1574/1/1193
f 1551/1/1194 1615/1/1194 1563/1/1194
f 1616/1/1195 1604/1/1195 1540/1/1195
f 1502/1/1196 1566/1/1196 1565/1/1196
f 1503/1/1197 1538/1/1197 1602/1/1197
f 1563/1/1198 1564/1/1198 1500/1/1198
f 1597/1/1199 1601/1/1199 1537/1/1199
f 1504/1/1200 1568/1/1200 1600/1/1200
f 1479/1/1201 1543/1/1201 1529/1/1201
f 1455/1/1202 1454/1/1202 1518/1/1202
f 1475/1/1168 1539/1/1168 1518/1/1168
f 1479/1/1203 1480/1/1203 1544/1/1203
f 1521/1/1151 1520/1/1151 1456/1/1151
f 1497/1/1204 1445/1/1204 1509/1/1204
f 1493/1/1165 1492/1/1165 1556/1/1165
f 1481/1/1205 1545/1/1205 1544/1/1205
f 1522/1/1149 1521/1/1149 1457/1/1149
f 1444/1/1204 1508/1/1204 1502/1/1204
f 1494/1/1160 1495/1/1160 1559/1/1160
f 1482/1/1206 1546/1/1206 1545/1/1206
f 1523/1/1201 1522/1/1201 1458/1/1201
f 1520/1/1207 1533/1/1207 1469/1/1207
f 1483/1/1208 1547/1/1208 1546/1/1208
f 1524/1/1203 1523/1/1203 1459/1/1203
f 1467/1/1207 1531/1/1207 1532/1/1207
f 1455/1/1161 1519/1/1161 1556/1/1161
f 1483/1/1209 1484/1/1209 1548/1/1209
f 1461/1/1205 1525/1/1205 1524/1/1205
f 1450/1/1210 1514/1/1210 1555/1/1210
f 1475/1/1162 1453/1/1162 1517/1/1162
f 1507/1/1155 1513/1/1155 1449/1/1155
f 1462/1/1206 1526/1/1206 1525/1/1206
f 1554/1/1210 1562/1/1210 1498/1/1210
f 1478/1/1154 1496/1/1154 1560/1/1154
f 1463/1/1208 1527/1/1208 1526/1/1208
f 1497/1/1163 1561/1/1163 1559/1/1163
f 1474/1/1166 1468/1/1166 1532/1/1166
f 1528/1/1209 1527/1/1209 1463/1/1209
f 1441/1/1159 1505/1/1159 1507/1/1159
f 1550/1/1202 1551/1/1202 1487/1/1202
f 1544/1/1211 1545/1/1211 1609/1/1211
f 1522/1/1212 1586/1/1212 1585/1/1212
f 1572/1/1213 1566/1/1213 1502/1/1213
f 1558/1/1214 1559/1/1214 1623/1/1214
f 1545/1/1215 1546/1/1215 1610/1/1215
f 1523/1/1216 1587/1/1216 1586/1/1216
f 1520/1/1217 1584/1/1217 1597/1/1217
f 1547/1/1218 1611/1/1218 1610/1/1218
f 1588/1/1219 1587/1/1219 1523/1/1219
f 1531/1/1220 1595/1/1220 1596/1/1220
f 1519/1/1221 1583/1/1221 1620/1/1221
f 1547/1/1222 1548/1/1222 1612/1/1222
f 1589/1/1223 1588/1/1223 1524/1/1223
f 1555/1/1224 1514/1/1224 1578/1/1224
f 1539/1/1225 1517/1/1225 1581/1/1225
f 1571/1/1226 1577/1/1226 1513/1/1226
f 1590/1/1227 1589/1/1227 1525/1/1227
f 1618/1/1228 1626/1/1228 1562/1/1228
f 1542/1/1229 1560/1/1229 1624/1/1229
f 1527/1/1230 1591/1/1230 1590/1/1230
f 1561/1/1231 1625/1/1231 1623/1/1231
f 1532/1/1232 1596/1/1232 1602/1/1232
f 1592/1/1233 1591/1/1233 1527/1/1233
f 1505/1/1234 1569/1/1234 1571/1/1234
f 1614/1/1235 1615/1/1235 1551/1/1235
f 1540/1/1236 1604/1/1236 1614/1/1236
f 1601/1/1237 1568/1/1237 1504/1/1237
f 1510/1/1238 1574/1/1238 1624/1/1238
f 1617/1/1239 1616/1/1239 1552/1/1239
f 1534/1/1240 1598/1/1240 1572/1/1240
f 1562/1/1241 1626/1/1241 1617/1/1241
f 1511/1/1242 1575/1/1242 1599/1/1242
s 0
f 1642/1/68 1646/1/68 1645/1/68
f 1643/1/68 1644/1/68 1647/1/68
f 1642/1/68 1645/1/68 1643/1/68
f 1645/1/68 1627/1/68 1644/1/68
f 1649/1/68 1650/1/68 1648/1/68
f 1652/1/68 1651/1/68 1654/1/68
f 1652/1/68 1654/1/68 1653/1/68
f 1652/1/68 1653/1/68 1649/1/68
f 1651/1/68 1652/1/68 1648/1/68
f 1656/1/68 1627/1/68 1658/1/68
f 1660/1/68 1659/1/68 1662/1/68
f 1658/1/68 1627/1/68 1663/1/68
f 1668/1/68 1669/1/68 1667/1/68
f 1667/1/68 1647/1/68 1644/1/68
f 1670/1/68 1669/1/68 1668/1/68
f 1656/1/68 1657/1/68 1671/1/68
f 1670/1/68 1668/1/68 1656/1/68
f 1672/1/68 1654/1/68 1651/1/68
f 1673/1/68 1674/1/68 1672/1/68
f 1674/1/68 1673/1/68 1675/1/68
f 1677/1/68 1645/1/68 1646/1/68
f 1676/1/68 1674/1/68 1675/1/68
f 1677/1/68 1646/1/68 1676/1/68
f 1675/1/68 1673/1/68 1627/1/68
f 1645/1/68 1677/1/68 1675/1/68
f 1680/1/68 1678/1/68 1679/1/68
f 1679/1/68 1648/1/68 1650/1/68
f 1683/1/68 1681/1/68 1682/1/68
f 1679/1/68 1678/1/68 1683/1/68
f 1666/1/68 1627/1/68 1662/1/68
f 1688/1/68 1661/1/68 1660/1/68
f 1685/1/68 1686/1/68 1687/1/68
f 1687/1/68 1688/1/68 1660/1/68
f 1690/1/68 1686/1/68 1685/1/68
f 1682/1/68 1681/1/68 1690/1/68
s 1
f 2382/1/1243 2414/1/1243 2288/1/1243
f 2335/1/1244 2381/1/1244 2419/1/1244
f 2403/1/1245 2402/1/1245 2179/1/1245
f 2379/1/1246 2383/1/1246 2352/1/1246
f 2332/4/1247 2331/5/1247 2360/5/1247
f 2318/9/1248 2317/4/1248 2283/4/1248
s 0
f 2508/2/1990 2510/3/68 1696/3/1991
f 1697/2/68 2509/2/68 2508/2/68
s 1
f 2361/4/1251 2376/4/1251 2318/9/1251
f 2293/3/1252 2341/3/1252 2340/2/1252
f 2233/1/1253 2409/1/1253 2410/1/1253
f 2289/1/1254 2389/1/1254 2413/1/1254
f 2260/1/50 2323/1/50 2322/1/50
f 2348/1/50 2269/1/50 2205/1/50
f 2179/1/1259 2402/1/1259 2401/1/1259
f 2369/1/1260 2302/1/1260 2387/1/1260
f 2332/4/1261 2361/4/1261 2284/9/1261
f 2292/2/1264 2340/2/1264 2344/6/1264
f 2258/1/50 2322/1/50 2321/1/50
f 2178/1/1267 2401/1/1267 2400/1/1267
f 2324/1/50 2323/1/50 2260/1/50
f 2170/6/50 2232/6/50 2325/2/50
f 1729/5/908 1766/5/908 1765/4/908
f 2263/3/50 2262/2/50 2325/2/50
f 2325/2/1268 2355/2/1268 2356/3/1268
f 1794/1/1269 1873/1/1269 1972/1/1269
f 2360/5/1271 2375/5/1271 2376/4/1271
f 1731/10/847 1767/10/847 1766/5/847
f 1739/9/1019 1740/4/1019 1706/4/1019
f 1740/4/878 1741/5/878 1708/5/878
f 1741/5/879 1742/10/879 1711/10/879
f 1742/10/937 1743/8/937 1713/8/937
f 1743/8/860 1744/7/860 1714/7/860
f 1737/3/807 1770/3/807 1769/7/807
f 1744/7/936 1745/3/936 1716/3/936
f 1745/3/940 1746/2/940 1718/2/940
f 1746/2/858 1720/6/858 1703/6/858
f 1728/4/1038 1765/4/1038 1739/9/1038
f 1823/2/1992 1822/3/1992 2525/2/1992
f 1822/3/1992 2526/3/1992 2525/2/1992
f 2356/3/1274 2371/3/1274 2372/7/1274
f 2413/1/1275 2412/1/1275 2291/1/1275
f 1766/5/1276 2529/5/1276 2528/4/1276
s 0
f 2528/4/50 2527/4/1993 1765/4/1994
f 1697/2/70 2521/6/50 2530/6/69
s 1
f 2259/1/50 2354/1/50 2324/1/50
s 0
f 1792/2/1995 2532/2/50 2533/2/1996
s 1
f 2533/2/1279 2531/3/1279 1791/3/1279
f 1733/8/805 1768/8/805 1767/10/805
f 2535/6/50 2534/2/50 1870/2/50
f 1870/2/50 1805/6/50 2536/6/50
f 1793/2/1282 1762/6/1282 2539/6/1282
s 0
f 2538/2/68 2537/2/1997 1793/2/1998
s 1
f 1703/6/830 1720/6/830 1792/2/830
f 1866/10/50 1867/8/50 2541/8/50
f 1747/1/1283 1832/1/1283 1845/1/1283
f 1759/2/829 1792/2/829 1791/3/829
s 0
f 1791/3/1999 2531/3/50 2544/3/2000
s 1
f 2544/3/1284 2542/7/1284 1791/3/1284
s 0
f 2542/7/50 2543/7/50 1791/3/50
s 1
f 1867/8/50 1868/7/50 2545/7/50
f 1778/1/1285 1845/1/1285 1844/1/1285
f 1808/1/1286 1875/1/1286 1876/1/1287
f 1757/3/828 1791/3/828 1789/7/828
s 0
f 2546/7/50 2545/7/2001 1868/7/2002
s 1
f 1868/7/50 1869/3/50 2548/3/50
s 0
f 1869/3/2003 2547/3/50 2548/3/2004
s 1
f 1756/7/827 1789/7/827 1787/8/827
f 1777/1/1288 1844/1/1288 1843/1/1288
f 1754/8/826 1787/8/826 1786/10/826
f 2543/7/1289 2549/8/1289 1787/8/1289
f 2277/2/1290 2192/6/1290 2136/6/1290
f 1846/1/1291 1939/1/1291 1935/1/1291
f 1751/10/804 1786/10/804 1783/5/804
f 1776/1/1292 1843/1/1292 1842/1/1292
f 1750/5/920 1783/5/920 1781/4/920
f 1825/4/50 1824/9/50 2552/9/50
s 0
f 2551/4/50 2550/4/2005 1825/4/2006
s 1
f 1814/1/1293 1813/1/1293 1880/1/1293
f 1826/5/50 1825/4/50 2554/5/50
f 1825/4/50 2550/4/50 2554/5/50
f 1813/1/1296 1812/1/1296 1879/1/1296
f 1827/10/50 1826/5/50 2553/5/50
s 0
f 2556/10/50 2555/10/2007 1827/10/2008
s 1
f 2557/9/50 1855/9/50 1864/4/50
s 0
f 2559/4/68 2558/4/1683 2557/9/1684
s 1
f 1828/8/50 1827/10/50 2555/10/50
f 2561/5/50 1865/5/50 1866/10/50
s 0
f 2540/10/68 2562/10/2009 2561/5/2010
s 1
f 1736/7/806 1769/7/806 1768/8/806
f 2564/8/50 2563/7/50 1828/8/50
f 2563/7/50 1829/7/50 1828/8/50
f 2565/5/50 2559/4/50 1864/4/50
f 1864/4/50 1865/5/50 2561/5/50
f 2567/7/50 2566/3/50 1830/3/50
f 1830/3/50 1829/7/50 2567/7/50
f 1821/7/882 1822/3/882 1799/3/882
f 1932/1/1303 1875/1/1304 1808/1/1304
f 2569/3/50 2568/2/50 1831/2/50
f 1831/2/50 1830/3/50 2569/3/50
s 0
f 2571/3/68 2570/3/2011 1929/3/2012
s 1
f 1929/3/50 1928/7/50 2573/7/50
s 0
f 1928/7/2013 2572/7/68 2573/7/2014
s 1
f 2058/4/1307 2057/5/1307 2133/5/1307
f 2574/2/50 2536/6/50 1805/6/50
f 1805/6/50 1831/2/50 2568/2/50
f 1820/8/881 1821/7/881 1798/7/881
f 1816/1/1310 1807/1/1310 1887/1/1310
f 1807/1/1311 1806/1/1311 1886/1/1311
s 0
f 2577/9/50 2576/9/2015 1779/9/2016
s 1
f 2576/9/1312 2575/4/1312 1779/9/1312
f 1819/10/880 1820/8/880 1797/8/880
f 2572/7/50 1928/7/50 1927/8/50
f 1820/8/1313 2580/8/1313 2579/7/1313
f 2217/1/50 2276/1/50 2155/1/50
f 1818/5/910 1819/10/910 1796/10/910
f 1747/1/1314 1815/1/2017 1898/1/1314
f 2232/6/1315 2297/6/1315 2355/2/1315
f 1815/1/1316 1814/1/1316 1881/1/1316
s 0
f 2581/6/68 2582/6/2018 1833/6/2019
s 1
f 1833/6/50 1930/2/50 2581/6/50
f 2584/10/1317 1786/10/1317 1787/8/1317
f 1823/2/884 1762/6/884 1722/6/884
f 2585/2/50 2547/3/50 1869/3/50
f 1869/3/50 1870/2/50 2534/2/50
s 0
f 2586/8/68 2578/8/2020 1927/8/2021
s 1
f 2586/8/50 1927/8/50 2588/10/50
f 1927/8/50 1925/10/50 2588/10/50
f 1842/1/1322 1841/1/1322 1774/1/1322
f 1822/3/883 1823/2/883 1800/2/883
f 1809/1/1323 1876/1/1323 1877/1/1323
f 1794/1/1324 1816/1/1324 1888/1/1324
s 0
f 2590/2/68 2589/2/2022 1872/2/2023
s 1
f 1872/2/50 1833/6/50 2582/6/50
f 1739/9/1325 2592/9/1325 2591/4/1325
f 1841/1/1326 1840/1/1326 1773/1/1326
f 1741/5/1327 1740/4/1327 2595/4/1327
s 0
f 1740/4/2024 2591/4/50 2595/4/2025
f 2595/4/2026 2594/5/68 2593/5/2027
s 1
f 2313/7/1328 2312/3/1328 2278/3/1328
f 1742/10/2028 1741/5/2028 2597/10/2028
f 1741/5/2028 2593/5/2028 2597/10/2028
f 1840/1/1331 1839/1/1331 1772/1/1331
f 2596/10/1332 2599/8/1332 1743/8/1332
s 0
f 1786/10/2029 2584/10/50 2601/10/2030
s 1
f 2601/10/1333 2600/5/1333 1783/5/1333
f 2602/7/1334 1744/7/1334 1743/8/1334
s 0
f 2599/8/50 2603/8/1705 2602/7/1704
s 1
f 1839/1/1335 1838/1/1336 1771/1/1336
f 1745/3/1337 1744/7/1337 2605/7/1337
s 0
f 1744/7/2031 2602/7/50 2605/7/2032
f 2552/9/2033 1824/9/2033 2606/9/68
s 1
f 1824/9/50 1851/4/50 2606/9/50
f 1746/2/1338 1745/3/1338 2609/3/1338
s 0
f 1745/3/2034 2604/3/50 2609/3/2035
s 1
f 1761/2/808 1793/2/808 1770/3/808
s 0
f 2611/7/68 2610/7/2036 1863/7/2037
s 1
f 1863/7/50 1871/3/50 2611/7/50
f 1720/6/1339 1746/2/1339 2614/2/1339
s 0
f 1746/2/2038 2608/2/50 2614/2/2039
s 1
f 1725/4/846 1781/4/846 1779/9/846
f 1811/1/1340 1878/1/1340 1879/1/1340
f 1931/1/50 2045/1/50 1972/1/50
f 1857/10/50 1909/10/50 1910/5/50
f 1722/6/809 1762/6/809 1793/2/809
f 1839/1/50 1891/1/50 1890/1/50
f 1859/4/50 1858/5/50 1910/5/50
f 1923/4/1341 1924/5/1341 1993/5/1341
f 1859/4/50 1911/4/50 1912/9/50
f 1824/9/1342 1860/9/1342 1922/4/1342
f 1851/4/1343 1922/4/1343 1921/5/1343
f 1855/9/1344 1923/4/1344 1994/4/1344
f 1853/5/1345 1921/5/1345 1920/10/1345
f 1912/9/50 1992/4/50 1922/4/50
f 1818/5/1346 1817/4/1346 2617/4/1346
s 0
f 1817/4/2040 2575/4/50 2617/4/2041
f 2617/4/2042 2616/5/50 2615/5/2043
s 1
f 1922/4/50 1992/4/50 1991/5/50
f 1992/4/1347 2053/4/1347 2052/5/1347
f 1882/1/50 1838/1/50 1890/1/50
f 1969/9/1348 2053/4/1348 1992/4/1348
f 1935/1/1349 1934/1/1349 1836/1/1349
f 1991/5/50 1990/10/50 1920/10/50
f 1889/2/1350 1919/6/1350 1833/6/1350
f 1987/8/50 1986/7/50 1914/7/50
f 1913/3/1351 1889/2/1351 1872/2/1351
f 1890/1/50 1946/1/50 1998/1/50
f 1914/7/1352 1913/3/1352 1871/3/1352
f 2096/1/50 2174/1/50 2169/1/50
f 1855/9/1353 1918/9/1353 1917/4/1353
f 1884/1/50 1943/1/50 1944/1/50
f 1864/4/1354 1917/4/1354 1916/5/1354
f 1920/10/1355 1915/8/1355 1862/8/1355
f 1988/10/50 2056/10/50 2057/5/50
f 1934/1/1356 1933/1/1356 1835/1/1356
f 2129/10/50 2127/8/50 2201/8/50
f 1862/8/1357 1915/8/1357 1914/7/1357
f 1766/5/1358 1767/10/1358 2619/10/1358
s 0
f 2618/5/68 2529/5/2044 1766/5/2045
s 1
f 1848/1/1359 1972/1/1359 1940/1/1359
f 1801/1/1360 1882/1/1360 1883/1/1360
f 1820/8/1361 1819/10/1361 2622/10/1361
s 0
f 1820/8/2046 2622/10/68 2621/10/2047
f 2620/8/68 2580/8/2048 1820/8/2049
f 2623/3/2050 1695/7/2051 1696/3/50
f 2624/2/68 2583/2/2052 1930/2/2053
s 1
f 1930/2/50 1929/3/50 2570/3/50
f 1802/1/1362 1883/1/1362 1884/1/1362
f 1803/1/1363 1884/1/1363 1885/1/1363
f 1765/4/1364 2527/4/1364 2625/9/1364
s 0
f 2625/9/50 2592/9/2015 1739/9/2016
s 1
f 1817/4/943 1818/5/943 1795/5/943
f 1933/1/1365 1932/1/1365 1834/1/1365
f 1806/1/1366 1804/1/1366 1885/1/1366
f 1824/9/1367 1825/4/1367 1859/4/1367
f 1825/4/1368 1826/5/1368 1858/5/1368
f 2626/4/50 1923/4/50 1855/9/50
s 0
f 1855/9/2033 2557/9/68 2627/9/2033
s 1
f 1826/5/1369 1827/10/1369 1857/10/1369
s 0
f 1783/5/2054 2600/5/50 2630/5/2055
s 1
f 1781/4/1370 1783/5/1370 2630/5/1370
s 0
f 2630/5/2056 2629/4/50 2628/4/2057
s 1
f 1861/10/50 1862/8/50 2631/10/50
f 1862/8/50 2633/8/50 2631/10/50
f 1828/8/1373 1854/8/1373 1857/10/1373
f 1810/1/1374 1877/1/1374 1878/1/1374
f 2588/10/50 1925/10/50 2635/5/50
f 1925/10/50 1924/5/50 2635/5/50
f 1828/8/1377 1829/7/1377 1852/7/1377
f 2628/4/1378 2577/9/1378 1779/9/1378
f 2636/5/1379 2637/5/1381 1853/5/50
f 1853/5/50 1861/10/50 2636/5/1379
f 1862/8/50 1863/7/50 2610/7/50
f 1830/3/1380 1850/3/1380 1852/7/1380
f 1851/4/50 1853/5/50 2637/5/1381
s 0
f 2638/4/68 2607/4/2058 1851/4/2059
s 1
f 2635/5/50 1924/5/50 1923/4/50
s 0
f 2626/4/68 2639/4/2027 2635/5/2026
s 1
f 1831/2/1382 1849/2/1382 1850/3/1382
f 1847/1/1383 1940/1/1383 1939/1/1383
s 0
f 2640/3/68 2612/3/2060 1871/3/2061
s 1
f 1871/3/50 1872/2/50 2640/3/50
f 1805/6/1384 1856/6/1384 1849/2/1384
f 1911/4/1385 1910/5/1385 1967/5/1385
f 1888/1/50 1971/1/50 1931/1/50
f 1911/4/1386 1968/4/1386 1969/9/1386
f 1993/5/50 2057/5/50 2058/4/50
f 2355/2/1387 2297/6/1387 2344/6/1387
f 2400/1/1388 2399/1/1388 2176/1/1388
f 1994/4/50 2058/4/50 1978/9/50
f 1887/1/50 1970/1/50 1971/1/50
f 1762/6/2062 1823/2/2062 2524/2/2062
f 2524/2/2062 2641/6/2062 1762/6/2062
f 1889/2/50 1981/2/50 1989/6/50
f 2113/4/50 2112/5/50 2052/5/50
f 1932/1/50 1996/1/50 1936/1/50
f 2025/9/50 2113/4/50 2053/4/50
f 1913/3/50 1983/3/50 1981/2/50
f 1887/1/50 1886/1/50 1945/1/50
f 1946/1/50 2002/1/50 2068/1/50
f 1977/4/1391 2043/4/1391 2042/5/1391
f 2052/5/50 2112/5/50 2111/10/50
f 1931/1/50 1971/1/50 2027/1/50
f 1999/1/50 1998/1/50 2068/1/50
f 1899/2/1392 1856/6/1392 1805/6/1392
f 2108/8/50 2106/7/50 2046/7/50
f 1779/9/877 1817/4/877 1764/4/877
f 1999/1/50 2069/1/50 2071/1/50
f 1770/3/1393 1793/2/1393 2537/2/1393
s 0
f 2643/3/68 2642/3/2063 1770/3/2064
s 1
f 1990/10/1394 2051/10/1394 2048/8/1394
f 1900/3/1395 1899/2/1395 1870/2/1395
f 1942/1/50 1941/1/50 1998/1/50
f 1902/7/1396 1900/3/1396 1869/3/1396
f 2135/4/50 2204/4/50 2104/9/50
f 1769/7/1397 1770/3/1397 2642/3/1397
s 0
f 2645/7/68 2644/7/2065 1769/7/2066
s 1
f 1942/1/50 1999/1/50 2000/1/50
f 1840/1/50 1892/1/50 1891/1/50
f 1857/10/50 1854/8/50 1906/8/50
f 2045/1/50 2039/1/50 1940/1/50
f 1893/1/50 1892/1/50 1840/1/50
f 1852/7/50 1905/7/50 1906/8/50
f 1940/1/50 2039/1/50 2037/1/50
f 1894/1/50 1893/1/50 1841/1/50
f 1976/5/50 1975/10/50 1907/10/50
f 1852/7/50 1850/3/50 1903/3/50
f 1920/10/50 1990/10/50 1987/8/50
f 1843/1/50 1895/1/50 1894/1/50
f 1822/3/2067 1821/7/2067 2647/7/2067
s 0
f 1821/7/2068 2579/7/68 2647/7/2069
s 1
f 2647/7/2067 2646/3/2067 1822/3/2067
f 1850/3/50 1849/2/50 1901/2/50
f 1883/1/50 1882/1/50 1941/1/50
f 1844/1/50 1896/1/50 1895/1/50
f 1876/1/50 1875/1/50 1936/1/50
f 1849/2/50 1856/6/50 1908/6/50
f 1991/5/1400 2052/5/1400 2051/10/1400
f 1897/1/50 1896/1/50 1844/1/50
f 2365/1/1401 2366/1/1401 2384/1/1401
f 1883/1/50 1942/1/50 1943/1/50
f 1874/1/50 1897/1/50 1845/1/50
f 1917/4/50 1977/4/50 1976/5/50
f 1833/6/1402 1919/6/1402 1979/2/1402
f 1914/7/50 1986/7/50 1983/3/50
f 2277/2/1403 2311/2/1403 2249/6/1403
f 1978/9/50 1977/4/50 1917/4/50
f 1930/2/1404 1979/2/1404 1980/3/1404
f 1886/1/50 1885/1/50 1944/1/50
f 1792/2/1405 1720/6/1405 2613/6/1405
s 0
f 2613/6/50 2648/6/50 1792/2/50
s 1
f 1929/3/1406 1980/3/1406 1982/7/1406
f 2051/10/50 2111/10/50 2108/8/50
f 1982/7/50 2054/7/50 2055/8/50
f 1966/10/50 1963/8/50 2019/8/50
f 1948/1/50 2004/1/50 2003/1/50
f 2060/1/50 2119/1/50 2207/1/50
f 1967/5/50 1966/10/50 2022/10/50
f 2003/1/50 2002/1/50 1946/1/50
f 1967/5/50 2023/5/50 2024/4/50
f 1925/10/1407 1927/8/1407 1984/8/1407
f 1968/4/50 2024/4/50 2025/9/50
f 2058/4/1408 2135/4/1408 2044/9/1408
f 1971/1/50 1970/1/50 2026/1/50
f 1927/8/1409 1928/7/1409 1982/7/1409
f 1981/2/1410 2038/2/1410 2050/6/1410
f 2082/9/1411 2173/4/1411 2113/4/1411
f 1970/1/50 1945/1/50 2010/1/50
f 2107/1/50 2105/1/50 2028/1/50
f 2040/3/1412 2038/2/1412 1981/2/1412
f 2105/1/50 2096/1/50 1997/1/50
f 1944/1/50 2001/1/50 2010/1/50
f 1924/5/1413 1925/10/1413 1988/10/1413
f 2054/7/1414 2049/3/1414 2117/3/1414
f 2035/10/50 2101/10/50 2100/8/50
f 2049/3/1415 2047/2/1415 2116/2/1415
f 2014/1/50 2012/1/50 2077/1/50
f 2109/1/50 2107/1/50 2036/1/50
f 1898/1/50 1960/1/50 1874/1/50
f 2028/1/50 1997/1/50 1933/1/50
f 1881/1/50 1958/1/50 1960/1/50
f 2117/3/50 2116/2/50 2197/2/50
f 1881/1/50 1880/1/50 1956/1/50
f 2117/3/50 2198/3/50 2200/7/50
f 1947/1/50 1946/1/50 1890/1/50
f 1910/5/1416 1909/10/1416 1966/10/1416
f 1997/1/50 2096/1/50 2094/1/50
f 1892/1/50 1948/1/50 1947/1/50
f 1909/10/1417 1906/8/1417 1963/8/1417
f 1943/1/50 2000/1/50 2001/1/50
f 1949/1/50 1948/1/50 1892/1/50
f 1905/7/1418 1961/7/1418 1963/8/1418
f 2056/10/1419 2055/8/1419 2127/8/1419
f 1950/1/50 1949/1/50 1893/1/50
f 2622/10/1420 1819/10/1420 1818/5/1420
f 1903/3/1421 1959/3/1421 1961/7/1421
f 2046/7/1422 2040/3/1422 1983/3/1422
f 1951/1/50 1950/1/50 1894/1/50
f 1865/5/1423 1916/5/1423 1907/10/1423
f 1901/2/1424 1957/2/1424 1959/3/1424
f 2054/7/1425 2118/7/1425 2127/8/1425
f 1896/1/50 1952/1/50 1951/1/50
f 2644/7/1426 2649/8/1426 1768/8/1426
f 1901/2/1427 1908/6/1427 1965/6/1427
f 2288/1/1428 2414/1/1428 2389/1/1428
f 1897/1/50 1953/1/50 1952/1/50
f 1866/10/1429 1907/10/1429 1904/8/1429
f 2044/9/1430 2043/4/1430 1977/4/1430
f 1874/1/50 1926/1/50 1953/1/50
f 2272/1/1431 2418/1/1431 2428/1/1431
f 2048/8/1432 2046/7/1432 1986/7/1432
f 1771/1/1433 1838/1/1433 1882/1/1434
f 1867/8/1435 1904/8/1435 1902/7/1435
f 2000/1/50 2071/1/50 2073/1/50
f 1768/8/1436 2649/8/1436 2650/10/1436
s 0
f 2650/10/68 2619/10/2070 1767/10/2071
s 1
f 2169/1/50 2075/1/50 2011/1/50
f 2024/4/1437 2081/4/1437 2082/9/1437
f 2026/1/50 2084/1/50 2085/1/50
f 2036/1/50 2028/1/50 1934/1/50
f 2095/2/50 2110/6/50 2050/6/50
f 1982/7/50 1980/3/50 2049/3/50
f 1988/10/50 1984/8/50 2055/8/50
f 1939/1/50 2037/1/50 2036/1/50
f 2026/1/50 2010/1/50 2083/1/50
f 2142/1/50 2141/1/50 2207/1/50
f 2133/5/50 2203/5/50 2204/4/50
f 2172/5/50 2243/5/50 2242/10/50
f 1933/1/50 1997/1/50 1996/1/50
f 2040/3/50 2097/3/50 2095/2/50
f 2171/10/50 2242/10/50 2231/8/50
f 1955/1/50 2018/1/50 2020/1/50
f 1979/2/50 1919/6/50 1989/6/50
f 1964/3/1438 2032/3/1438 2031/2/1438
f 1979/2/50 2047/2/50 2049/3/50
f 1973/7/1439 2033/7/1439 2032/3/1439
f 2267/5/50 2331/5/50 2332/4/50
f 1954/1/50 2016/1/50 2018/1/50
f 2167/7/1440 2166/3/1440 2097/3/1440
f 1938/1/50 2014/1/50 2016/1/50
f 1931/1/50 1995/1/50 2115/1/50
f 2034/8/1441 2033/7/1441 1973/7/1441
f 2187/1/50 2260/1/50 2258/1/50
f 1975/10/1442 2035/10/1442 2034/8/1442
f 2073/1/50 2150/1/50 2151/1/50
f 1938/1/50 1937/1/50 2012/1/50
f 2210/1/50 2209/1/50 2287/1/50
f 2042/5/1443 2035/10/1443 1975/10/1443
f 2005/1/50 2004/1/50 1948/1/50
f 1961/7/50 2017/7/50 2019/8/50
f 2104/9/50 2103/4/50 2043/4/50
f 2006/1/50 2005/1/50 1949/1/50
f 2057/5/1444 2056/10/1444 2129/10/1444
f 1959/3/50 2015/3/50 2017/7/50
f 1951/1/50 2007/1/50 2006/1/50
f 1877/1/50 1876/1/50 1937/1/50
f 1959/3/50 1957/2/50 2013/2/50
f 2103/4/50 2102/5/50 2042/5/50
f 1952/1/50 2008/1/50 2007/1/50
f 1907/10/50 1975/10/50 1974/8/50
f 1965/6/50 2021/6/50 2013/2/50
f 2011/1/50 2075/1/50 2077/1/50
f 2009/1/50 2008/1/50 1952/1/50
f 1877/1/50 1938/1/50 1954/1/50
f 2042/5/50 2102/5/50 2101/10/50
f 1926/1/50 1985/1/50 2009/1/50
f 1974/8/50 1973/7/50 1902/7/50
f 1878/1/50 1954/1/50 1955/1/50
f 2245/4/50 2243/5/50 2172/5/50
f 1902/7/50 1973/7/50 1964/3/50
f 1995/1/50 2027/1/50 2085/1/50
f 1880/1/50 1879/1/50 1955/1/50
f 2082/9/50 2140/9/50 2245/4/50
f 1964/3/50 1962/2/50 1899/2/50
f 2133/5/50 2129/10/50 2202/10/50
f 1899/2/50 1962/2/50 1908/6/50
f 2079/10/50 2076/8/50 2134/8/50
f 2062/1/50 2121/1/50 2120/1/50
f 2266/10/50 2265/8/50 2329/8/50
f 2080/5/50 2079/10/50 2137/10/50
f 2120/1/50 2119/1/50 2060/1/50
f 2080/5/50 2138/5/50 2139/4/50
f 2204/4/1445 2268/4/1445 2165/9/1445
f 2082/9/50 2081/4/50 2139/4/50
f 2069/1/50 2142/1/50 2143/1/50
f 2166/3/1446 2154/2/1446 2095/2/1446
f 2171/10/1447 2168/8/1447 2108/8/1447
f 2045/1/50 2115/1/50 2114/1/50
f 2068/1/50 2141/1/50 2142/1/50
f 2084/1/50 2083/1/50 2151/1/50
f 2112/5/1448 2172/5/1448 2171/10/1448
f 2210/1/50 2288/1/50 2289/1/50
f 2068/1/50 2002/1/50 2060/1/50
f 2197/2/1449 2262/2/1449 2263/3/1449
f 2109/1/50 2185/1/50 2184/1/50
f 2113/4/1450 2173/4/1450 2172/5/1450
f 2094/1/50 2011/1/50 1936/1/50
f 2092/2/50 2021/6/50 1965/6/50
f 2085/1/50 2153/1/50 2131/1/50
f 2029/1/50 2090/1/50 2091/1/50
f 2039/1/50 2114/1/50 2109/1/50
f 2029/1/50 2020/1/50 2089/1/50
f 2399/1/1451 2398/1/1451 2175/1/1451
f 2032/3/50 2093/3/50 2092/2/50
f 2166/3/50 2229/3/50 2228/2/50
f 2099/7/50 2093/3/50 2032/3/50
f 2255/1/50 2319/1/50 2301/1/50
f 2020/1/50 2018/1/50 2088/1/50
f 2024/4/1452 2023/5/1452 2080/5/1452
f 2003/1/50 2061/1/50 2060/1/50
f 2023/5/1453 2022/10/1453 2079/10/1453
f 2047/2/1454 1989/6/1454 2050/6/1454
f 2062/1/50 2061/1/50 2003/1/50
f 2019/8/1455 2076/8/1455 2079/10/1455
f 2165/9/1456 2164/4/1456 2103/4/1456
f 2063/1/50 2062/1/50 2004/1/50
f 2019/8/1457 2017/7/1457 2074/7/1457
f 2085/1/50 2084/1/50 2152/1/50
f 2006/1/50 2064/1/50 2063/1/50
f 2106/7/50 2097/3/50 2040/3/50
f 2015/3/1458 2072/3/1458 2074/7/1458
f 1874/1/50 1960/1/50 2030/1/50
f 2065/1/50 2064/1/50 2006/1/50
f 2010/1/50 2001/1/50 2073/1/50
f 2013/2/1459 2070/2/1459 2072/3/1459
f 1960/1/50 1958/1/50 2029/1/50
f 2008/1/50 2066/1/50 2065/1/50
f 2114/1/50 2187/1/50 2185/1/50
f 2013/2/1460 2021/6/1460 2078/6/1460
f 1962/2/1461 2031/2/1461 1965/6/1461
f 2009/1/50 2067/1/50 2066/1/50
f 2191/1/50 2187/1/50 2114/1/50
f 1958/1/50 1956/1/50 2020/1/50
f 2041/1/50 2067/1/50 2009/1/50
f 2295/7/1462 2293/3/1462 2229/3/1462
f 2050/6/50 2110/6/50 2197/2/50
f 1936/1/50 2011/1/50 2012/1/50
f 2095/2/1463 2154/2/1463 2170/6/1463
f 2151/1/50 2150/1/50 2210/1/50
f 2180/1/50 2179/1/50 2123/1/50
f 2159/3/1464 2158/2/1464 2092/2/1464
f 2130/3/1465 2188/3/1465 2189/7/1465
f 2292/2/1466 2297/6/1466 2232/6/1466
f 2123/1/50 2179/1/50 2178/1/50
f 2090/1/50 2089/1/50 2149/1/50
f 2134/8/1467 2132/7/1467 2189/7/1467
f 2178/1/50 2177/1/50 2121/1/50
f 2092/2/1468 2158/2/1468 2078/6/1468
f 2134/8/1469 2190/8/1469 2193/10/1469
f 2177/1/50 2176/1/50 2120/1/50
f 2091/1/50 2090/1/50 2156/1/50
f 2138/5/1470 2137/10/1470 2193/10/1470
f 2176/1/50 2175/1/50 2119/1/50
f 2139/4/1471 2138/5/1471 2194/5/1471
f 2243/5/1472 2299/5/1472 2298/10/1472
f 2139/4/1473 2195/4/1473 2196/9/1473
f 2119/1/50 2175/1/50 2285/1/50
f 2301/1/50 2205/1/50 2144/1/50
f 2191/1/50 2261/1/50 2260/1/50
f 2143/1/50 2209/1/50 2210/1/50
f 2207/1/50 2285/1/50 2286/1/50
f 2230/7/50 2229/3/50 2166/3/50
f 2298/10/1474 2296/8/1474 2231/8/1474
f 2165/9/50 2268/4/50 2332/4/50
f 2197/2/1475 2110/6/1475 2170/6/1475
f 2183/1/50 2174/1/50 2096/1/50
f 2231/8/1476 2296/8/1476 2295/7/1476
f 2208/1/50 2286/1/50 2287/1/50
f 2131/1/50 2153/1/50 2227/1/50
f 2086/1/50 2146/1/50 2147/1/50
f 2224/4/50 2223/5/50 2163/5/50
f 2122/1/50 2121/1/50 2062/1/50
f 2074/7/50 2132/7/50 2134/8/50
f 2144/1/50 2205/1/50 2206/1/50
f 2123/1/50 2122/1/50 2063/1/50
f 2142/1/50 2208/1/50 2209/1/50
f 2072/3/50 2130/3/50 2132/7/50
f 2163/5/50 2223/5/50 2222/10/50
f 2065/1/50 2124/1/50 2123/1/50
f 2108/8/1477 2168/8/1477 2167/7/1477
f 2072/3/50 2070/2/50 2128/2/50
f 2146/1/50 2145/1/50 2206/1/50
f 2066/1/50 2125/1/50 2124/1/50
f 2073/1/50 2071/1/50 2143/1/50
f 2078/6/50 2136/6/50 2128/2/50
f 2162/10/50 2222/10/50 2221/8/50
f 2126/1/50 2125/1/50 2066/1/50
f 2256/1/50 2255/1/50 2174/1/50
f 1926/1/50 2030/1/50 2091/1/50
f 2041/1/50 2098/1/50 2126/1/50
f 2165/9/50 2241/9/50 2224/4/50
f 2196/9/1478 2300/4/1478 2245/4/1478
f 2245/4/1479 2300/4/1479 2299/5/1479
f 2228/2/50 2232/6/50 2170/6/50
f 2014/1/50 2086/1/50 2087/1/50
f 2263/3/50 2327/3/50 2328/7/50
f 2100/8/50 2099/7/50 2033/7/50
f 2152/1/50 2151/1/50 2225/1/50
f 2016/1/50 2087/1/50 2088/1/50
f 2299/5/1480 2346/5/1480 2345/10/1480
f 2221/8/50 2220/7/50 2160/7/50
f 2189/7/1481 2247/7/1481 2248/8/1481
f 2306/1/1482 2305/1/1482 2395/1/1482
f 2147/1/50 2213/1/50 2214/1/50
f 2193/10/1483 2190/8/1483 2248/8/1483
f 2350/1/1484 2391/1/1484 2390/1/1484
f 2220/7/50 2219/3/50 2159/3/50
f 2194/5/1485 2193/10/1485 2250/10/1485
f 2339/1/1486 2420/1/1486 2387/1/1486
f 2194/5/1487 2251/5/1487 2252/4/1487
f 2298/10/1488 2345/10/1488 2343/8/1488
f 2195/4/1489 2252/4/1489 2253/9/1489
f 2273/1/1490 2428/1/1490 2429/1/1490
f 2131/1/50 2199/1/50 2324/1/50
f 2321/1/50 2320/1/50 2256/1/50
f 2293/3/1491 2292/2/1491 2228/2/1491
f 2308/1/1492 2397/1/1492 2434/1/1492
f 2258/1/50 2257/1/50 2184/1/50
f 2343/8/1493 2342/7/1493 2295/7/1493
f 2204/4/1494 2203/5/1494 2267/5/1494
f 2264/7/50 2328/7/50 2329/8/50
f 2329/8/1495 2328/7/1495 2357/7/1495
f 2118/7/50 2200/7/50 2201/8/50
f 2184/1/50 2183/1/50 2105/1/50
f 2321/1/50 2351/1/50 2350/1/50
f 2320/1/50 2319/1/50 2255/1/50
f 2327/3/1496 2356/3/1496 2357/7/1496
f 2227/1/50 2291/1/50 2259/1/50
f 2352/1/50 2351/1/50 2321/1/50
f 2337/1/1497 2336/1/1497 2419/1/1497
f 2041/1/50 2157/1/50 2217/1/50
f 2203/5/1498 2202/10/1498 2266/10/1498
f 2128/2/1499 2186/2/1499 2188/3/1499
f 2088/1/50 2148/1/50 2149/1/50
f 2125/1/50 2181/1/50 2180/1/50
f 2198/3/1500 2263/3/1500 2264/7/1500
f 2136/6/1501 2192/6/1501 2186/2/1501
f 2160/7/1502 2159/3/1502 2093/3/1502
f 2126/1/50 2182/1/50 2181/1/50
f 2231/8/50 2230/7/50 2167/7/50
f 2088/1/50 2087/1/50 2147/1/50
f 2155/1/50 2182/1/50 2126/1/50
f 2091/1/50 2157/1/50 2041/1/50
f 2267/5/50 2266/10/50 2330/10/50
f 2226/1/50 2225/1/50 2289/1/50
f 2214/1/50 2273/1/50 2274/1/50
f 2253/9/1503 2347/4/1503 2300/4/1503
f 2279/7/1504 2278/3/1504 2219/3/1504
f 2347/4/1505 2346/5/1505 2299/5/1505
f 2214/1/50 2213/1/50 2272/1/50
f 2103/4/1506 2164/4/1506 2163/5/1506
f 2221/8/1507 2280/8/1507 2279/7/1507
f 2102/5/1508 2163/5/1508 2162/10/1508
f 2212/1/50 2271/1/50 2272/1/50
f 2077/1/50 2075/1/50 2144/1/50
f 2206/1/50 2270/1/50 2271/1/50
f 2077/1/50 2145/1/50 2146/1/50
f 2281/10/1509 2280/8/1509 2221/8/1509
f 2162/10/1510 2161/8/1510 2100/8/1510
f 2152/1/50 2226/1/50 2227/1/50
f 2100/8/1511 2161/8/1511 2160/7/1511
f 1995/1/50 2059/1/50 2191/1/50
f 2333/1/1512 2410/1/1512 2416/1/1512
f 2223/5/1513 2282/5/1513 2281/10/1513
f 2188/3/1514 2246/3/1514 2247/7/1514
f 2146/1/50 2212/1/50 2213/1/50
f 2412/1/1515 2386/1/1515 2259/1/1515
f 2205/1/50 2269/1/50 2270/1/50
f 2188/3/1516 2186/2/1516 2244/2/1516
f 2342/7/1517 2341/3/1517 2293/3/1517
f 2175/1/1518 2398/1/1518 2411/1/1518
f 2224/4/1519 2283/4/1519 2282/5/1519
f 2186/2/1520 2192/6/1520 2249/6/1520
f 2184/1/50 2257/1/50 2256/1/50
f 2274/1/1521 2429/1/1521 2377/1/1521
f 2349/1/50 2348/1/50 2301/1/50
f 2227/1/50 2226/1/50 2290/1/50
f 2390/1/1522 2432/1/1522 2348/1/1522
f 2149/1/50 2148/1/50 2214/1/50
f 2284/9/1523 2283/4/1523 2224/4/1523
f 2255/1/50 2254/1/50 2169/1/50
f 2159/3/50 2219/3/50 2218/2/50
f 2329/8/1524 2358/8/1524 2359/10/1524
f 2156/1/50 2149/1/50 2215/1/50
f 2169/1/50 2254/1/50 2144/1/50
f 2218/2/50 2136/6/50 2078/6/50
f 2201/8/1525 2265/8/1525 2266/10/1525
f 2156/1/50 2216/1/50 2217/1/50
f 2201/8/1526 2200/7/1526 2264/7/1526
f 2281/10/1527 2315/10/1527 2314/8/1527
f 2350/1/50 2349/1/50 2319/1/50
f 2314/8/1528 2313/7/1528 2279/7/1528
f 2131/1/50 2261/1/50 2191/1/50
f 2310/1/1529 2435/1/1529 2426/1/1529
f 2323/1/50 2353/1/50 2352/1/50
f 2269/1/1530 2440/1/1530 2431/1/1530
f 2415/1/1531 2382/1/1531 2287/1/1531
f 2278/3/1532 2312/3/1532 2311/2/1532
f 2430/1/1533 2418/1/1533 2272/1/1533
f 2217/1/50 2216/1/50 2275/1/50
f 2216/1/50 2215/1/50 2274/1/50
f 2331/5/1534 2330/10/1534 2359/10/1534
f 2360/5/1535 2359/10/1535 2374/10/1535
f 2359/10/1536 2358/8/1536 2373/8/1536
f 2324/1/50 2354/1/50 2353/1/50
f 2366/1/1537 2367/1/1537 2436/1/1537
f 2357/7/1538 2372/7/1538 2373/8/1538
f 2317/4/1539 2316/5/1539 2282/5/1539
f 2270/1/1540 2431/1/1540 2430/1/1540
f 2356/3/1541 2355/2/1541 2370/2/1541
f 2282/5/1542 2316/5/1542 2315/10/1542
f 2278/3/1543 2277/2/1543 2218/2/1543
f 1815/1/50 1747/1/50 2652/1/50
s 0
f 1747/1/2072 2651/1/68 2652/1/2073
s 1
f 1813/1/50 1814/1/50 2657/1/50
f 1814/1/50 1815/1/50 2655/1/50
f 1811/1/50 1812/1/50 2660/1/50
f 1812/1/50 1813/1/50 2658/1/50
f 2660/1/50 1812/1/50 2658/1/50
f 1809/1/50 1810/1/50 2654/1/50
f 1810/1/50 1811/1/50 2659/1/50
f 2654/1/50 1810/1/50 2659/1/50
f 2653/1/50 1808/1/50 1809/1/50
f 2654/1/50 2653/1/50 1809/1/50
f 1814/1/50 2655/1/50 2657/1/50
f 1815/1/50 2652/1/50 2655/1/50
f 2659/1/50 1811/1/50 2660/1/50
f 1813/1/50 2657/1/50 2656/1/50
f 1772/1/50 1771/1/50 2663/1/50
f 1772/1/50 2663/1/50 2662/1/50
f 1774/1/50 1773/1/50 2664/1/50
f 1773/1/50 1772/1/50 2662/1/50
f 1776/1/50 1775/1/50 2667/1/50
f 1775/1/50 1774/1/50 2666/1/50
f 2667/1/50 1775/1/50 2666/1/50
f 1778/1/50 1777/1/50 2661/1/50
f 1777/1/50 1776/1/50 2668/1/50
f 2661/1/50 1777/1/50 2668/1/50
f 2651/1/50 1747/1/50 1778/1/50
f 2661/1/50 2651/1/50 1778/1/50
f 1773/1/50 2662/1/50 2664/1/50
f 2668/1/50 1776/1/50 2667/1/50
f 1774/1/50 2664/1/50 2665/1/50
s 0
f 1808/1/2033 2653/1/68 2672/1/2033
s 1
f 1808/1/50 2672/1/50 2671/1/50
f 1835/1/50 1834/1/50 2676/1/50
f 1834/1/50 1808/1/50 2671/1/50
f 2676/1/50 1834/1/50 2671/1/50
f 1837/1/50 1836/1/50 2677/1/50
f 1836/1/50 1835/1/50 2678/1/50
f 2677/1/50 1836/1/50 2678/1/50
f 1847/1/50 1846/1/50 2674/1/50
f 1846/1/50 1837/1/50 2677/1/50
f 1794/1/50 1848/1/50 2673/1/50
f 1848/1/50 1847/1/50 2675/1/50
s 0
f 2669/1/68 2670/1/2018 1794/1/2019
s 1
f 2673/1/50 2669/1/50 1794/1/50
f 1848/1/50 2675/1/50 2673/1/50
f 1846/1/50 2677/1/50 2674/1/50
f 2676/1/50 2678/1/50 1835/1/50
f 1794/1/50 2670/1/50 2679/1/50
f 1794/1/50 2679/1/50 1816/1/50
f 2679/1/50 2683/1/50 1816/1/50
f 1807/1/50 1816/1/50 2683/1/50
f 1804/1/50 1806/1/50 2686/1/50
f 1806/1/50 1807/1/50 2682/1/50
f 2686/1/50 1806/1/50 2682/1/50
f 1802/1/50 1803/1/50 2684/1/50
f 1803/1/50 1804/1/50 2686/1/50
f 1771/1/50 1801/1/50 2681/1/50
f 1801/1/50 1802/1/50 2685/1/50
s 0
f 2680/1/68 2663/1/2033 1771/1/2033
s 1
f 2681/1/50 2680/1/50 1771/1/50
f 1801/1/50 2685/1/50 2681/1/50
f 1803/1/50 2686/1/50 2684/1/50
f 2683/1/50 2682/1/50 1807/1/50
f 2235/1/1544 2470/1/1544 2471/1/1544
f 2370/2/1545 2344/6/1545 2503/6/1545
f 2304/1/1546 2447/1/1546 2492/1/1546
f 2308/1/1547 2450/1/1547 2449/1/1547
f 2340/2/1548 2502/2/1548 2503/6/1548
f 2235/1/1549 2234/1/1549 2469/1/1549
f 2312/3/1550 2458/3/1550 2459/2/1550
f 2368/1/1551 2497/1/1551 2501/1/1551
f 2234/1/1552 2233/1/1552 2468/1/1552
f 2339/1/1553 2466/1/1553 2500/1/1553
f 2346/5/1554 2487/5/1554 2488/10/1554
f 2364/1/1555 2446/1/1555 2489/1/1555
f 2371/3/1556 2370/2/1556 2455/2/1556
f 2347/4/1557 2253/9/1557 2478/9/1557
f 2345/10/1558 2488/10/1558 2504/8/1558
f 2371/3/1559 2452/3/1559 2451/7/1559
f 2363/1/1560 2303/1/1560 2492/1/1560
f 2335/1/1561 2336/1/1561 2464/1/1561
f 2317/4/1562 2318/9/1562 2453/9/1562
f 2333/1/1563 2477/1/1563 2468/1/1563
f 2339/1/1564 2302/1/1564 2467/1/1564
f 2346/5/1565 2347/4/1565 2491/4/1565
f 2336/1/1566 2337/1/1566 2465/1/1566
f 2369/1/1567 2501/1/1567 2467/1/1567
f 2334/1/1568 2460/1/1568 2477/1/1568
f 2365/1/1569 2489/1/1569 2490/1/1569
f 2305/1/1570 2306/1/1570 2493/1/1570
f 2376/4/1571 2443/4/1571 2453/9/1571
f 2309/1/1572 2494/1/1572 2450/1/1572
f 2341/3/1573 2442/3/1573 2502/2/1573
f 2375/5/1574 2374/10/1574 2462/10/1574
f 2341/3/1575 2342/7/1575 2441/7/1575
f 2404/1/1576 2403/1/1576 2180/1/1576
f 2303/1/1577 2363/1/1577 2392/1/1577
f 2182/1/1578 2405/1/1578 2404/1/1578
f 2233/1/1579 2234/1/1579 2408/1/1579
f 2285/1/1580 2411/1/1580 2415/1/1580
f 2155/1/1581 2406/1/1581 2405/1/1581
f 2234/1/1582 2235/1/1582 2407/1/1582
f 2307/1/1583 2396/1/1583 2397/1/1583
f 2378/1/1584 2406/1/1584 2155/1/1584
f 2365/1/1585 2427/1/1585 2393/1/1585
f 2236/1/1586 2421/1/1586 2407/1/1586
f 2339/1/1587 2338/1/1587 2438/1/1587
f 2236/1/1588 2237/1/1588 2422/1/1588
f 2432/1/1589 2440/1/1589 2269/1/1589
f 2304/1/1590 2394/1/1590 2395/1/1590
f 2354/1/1591 2380/1/1591 2379/1/1591
f 2238/1/1592 2423/1/1592 2422/1/1592
f 2259/1/1593 2386/1/1593 2380/1/1593
f 2369/1/1594 2439/1/1594 2437/1/1594
f 2238/1/1595 2239/1/1595 2424/1/1595
f 2335/1/1596 2334/1/1596 2416/1/1596
f 2383/1/1597 2385/1/1597 2351/1/1597
f 2303/1/1598 2433/1/1598 2394/1/1598
f 2240/1/1599 2425/1/1599 2424/1/1599
f 2363/1/1600 2364/1/1600 2393/1/1600
f 2306/1/1601 2417/1/1601 2396/1/1601
f 2240/1/1602 2211/1/1602 2426/1/1602
f 2310/1/1603 2309/1/1603 2434/1/1603
f 2367/1/1604 2368/1/1604 2437/1/1604
f 2377/1/1605 2378/1/1605 2276/1/1605
f 2337/1/1606 2388/1/1606 2438/1/1606
f 2385/1/1607 2391/1/1607 2350/1/1607
f 2441/7/806 2504/8/806 2464/1/806
f 2504/8/805 2488/10/805 2461/1/805
f 2488/10/847 2487/5/847 2460/1/847
f 2460/1/908 2487/5/908 2491/4/908
f 2491/4/1038 2478/9/1038 2468/1/1038
f 2468/1/1019 2478/9/1019 2479/4/1019
f 2470/1/878 2469/1/878 2479/4/878
f 2470/1/879 2480/5/879 2481/10/879
f 2471/1/937 2481/10/937 2482/8/937
f 2472/1/860 2482/8/860 2483/7/860
f 2473/1/936 2483/7/936 2484/3/936
f 2474/1/940 2484/3/940 2485/2/940
f 2475/1/858 2485/2/858 2486/6/858
f 2486/6/830 2459/2/830 2495/1/830
f 2458/3/828 2499/7/828 2450/1/828
f 2459/2/829 2458/3/829 2494/1/829
f 2450/1/827 2499/7/827 2457/8/827
f 2457/8/826 2456/10/826 2493/1/826
f 2456/10/804 2498/5/804 2448/1/804
f 2498/5/920 2454/4/920 2447/1/920
f 2453/9/846 2492/1/846 2447/1/846
f 2445/1/877 2492/1/877 2453/9/877
f 2446/1/943 2445/1/943 2443/4/943
f 2446/1/910 2444/5/910 2462/10/910
f 2463/8/880 2490/1/880 2489/1/880
f 2496/1/881 2490/1/881 2463/8/881
f 2452/3/882 2497/1/882 2496/1/882
f 2455/2/883 2501/1/883 2497/1/883
f 2503/6/809 2502/2/809 2466/1/809
f 2502/2/808 2442/3/808 2500/1/808
f 2442/3/807 2441/7/807 2465/1/807
f 2501/1/884 2455/2/884 2503/6/884
f 2311/2/1608 2459/2/1608 2486/6/1608
f 2306/1/1609 2307/1/1609 2449/1/1609
f 2252/4/1610 2479/4/1610 2478/9/1610
f 2236/1/1611 2471/1/1611 2472/1/1611
f 2310/1/1612 2495/1/1612 2494/1/1612
f 2305/1/1613 2448/1/1613 2447/1/1613
f 2251/5/1614 2480/5/1614 2479/4/1614
f 2237/1/1615 2472/1/1615 2473/1/1615
f 2315/10/1616 2456/10/1616 2457/8/1616
f 2343/8/1617 2504/8/1617 2441/7/1617
f 2368/1/1618 2367/1/1618 2496/1/1618
f 2251/5/1619 2250/10/1619 2481/10/1619
f 2239/1/1620 2238/1/1620 2473/1/1620
f 2375/5/1621 2444/5/1621 2443/4/1621
f 2374/10/1622 2373/8/1622 2463/8/1622
f 2334/1/1623 2335/1/1623 2461/1/1623
f 2250/10/1624 2248/8/1624 2482/8/1624
f 2239/1/1625 2474/1/1625 2475/1/1625
f 2364/1/1626 2363/1/1626 2445/1/1626
f 2316/5/1627 2498/5/1627 2456/10/1627
f 2248/8/1628 2247/7/1628 2483/7/1628
f 2240/1/1629 2475/1/1629 2476/1/1629
f 2338/1/1630 2500/1/1630 2465/1/1630
f 2312/3/1631 2313/7/1631 2499/7/1631
f 2246/3/1632 2484/3/1632 2483/7/1632
f 2244/2/1633 2249/6/1633 2486/6/1633
f 2367/1/1634 2366/1/1634 2490/1/1634
f 2246/3/1635 2244/2/1635 2485/2/1635
f 2310/1/1636 2211/1/1636 2476/1/1636
f 2313/7/1637 2314/8/1637 2457/8/1637
f 2372/7/1638 2451/7/1638 2463/8/1638
f 2316/5/1639 2317/4/1639 2454/4/1639
f 2568/2/2074 2569/3/2074 1717/3/2074
f 1717/3/2074 1719/2/2074 2568/2/2074
f 2547/3/2075 2585/2/2075 1758/2/2075
f 1758/2/2075 1755/3/2075 2547/3/2075
s 0
f 2570/3/68 2571/3/2076 1788/3/2077
s 1
f 1788/3/1644 1790/2/1644 2624/2/1644
s 0
f 2589/2/68 2590/2/2078 1760/2/2079
s 1
f 1760/2/1645 1738/3/1645 2640/3/1645
s 0
f 2552/9/68 2606/9/2080 1704/9/2081
s 1
f 1704/9/1646 1707/4/1646 2551/4/1646
f 2536/6/2082 2574/2/2082 1719/2/2082
f 1719/2/2082 1702/6/2082 2536/6/2082
f 1707/4/1649 1709/5/1649 2554/5/1649
s 0
f 2550/4/68 2551/4/2083 1707/4/2084
s 1
f 1709/5/2085 1710/10/2085 2553/5/2085
f 1710/10/2085 2556/10/2085 2553/5/2085
f 1710/10/1652 1712/8/1652 2560/8/1652
s 0
f 1712/8/2086 2564/8/68 2560/8/2087
f 2560/8/1707 2555/10/50 2556/10/1706
s 1
f 2563/7/2088 2564/8/2088 1712/8/2088
f 1712/8/2088 1715/7/2088 2563/7/2088
s 0
f 2581/6/2089 1721/6/2090 2582/6/68
s 1
f 1721/6/1655 1760/2/1655 2582/6/1655
f 2566/3/2091 2567/7/2091 1715/7/2091
f 1715/7/2091 1717/3/2091 2566/3/2091
f 1727/4/1658 1704/9/1658 2606/9/1658
s 0
f 2607/4/68 2638/4/2092 1727/4/2093
s 1
f 1732/10/2094 1730/5/2094 2632/10/2094
f 1730/5/2094 2636/5/2094 2632/10/2094
f 1782/10/1661 1784/8/1661 2586/8/1661
s 0
f 2561/5/2095 2562/10/2096 2565/5/50
s 1
f 2562/10/1662 1749/10/1662 2565/5/1662
f 2541/8/2097 1752/8/2098 2562/10/2098
f 1752/8/2098 1749/10/2098 2562/10/2098
f 2633/8/1665 1734/8/1665 1732/10/1665
s 0
f 2545/7/68 2546/7/2099 1753/7/2100
s 1
f 1753/7/1666 1752/8/1666 2545/7/1666
f 2638/4/2101 2637/5/2102 2636/5/2102
f 2636/5/1667 1730/5/1667 1727/4/1667
s 0
f 2612/3/68 2640/3/2103 1738/3/2104
s 1
f 1738/3/1668 1735/7/1668 2612/3/1668
f 2558/4/1669 1726/4/1669 1724/9/1669
s 0
f 1724/9/2081 2627/9/68 2557/9/2080
s 1
f 2534/2/2105 2535/6/2105 1758/2/2105
f 2535/6/2105 1702/6/2105 1758/2/2105
f 2634/5/2106 1780/5/2106 2587/10/2106
f 1780/5/2106 1782/10/2106 2587/10/2106
f 2565/5/2107 1748/5/2107 2558/4/2107
f 1748/5/2107 1726/4/2107 2558/4/2107
f 2639/4/1676 1763/4/1676 1780/5/1676
s 0
f 2634/5/50 2635/5/2043 2639/4/2042
f 2583/2/68 2624/2/2108 1790/2/2109
s 1
f 1790/2/1677 1721/6/1677 2583/2/1677
s 0
f 2578/8/68 2586/8/2110 1784/8/2111
s 1
f 1784/8/1678 1785/7/1678 2573/7/1678
s 0
f 2573/7/68 2572/7/2112 1784/8/2113
s 1
f 2548/3/1679 1755/3/1679 1753/7/1679
f 2633/8/1680 2610/7/1680 1734/8/1680
s 0
f 2610/7/50 2611/7/2114 1734/8/2115
s 1
f 2627/9/1681 1724/9/1681 1763/4/1681
s 0
f 2639/4/50 2626/4/2116 2627/9/2117
s 1
f 1785/7/1682 1788/3/1682 2571/3/1682
l 297 361
l 1 235
l 73 239
l 241 242
l 1633 1640
l 1665 1666
l 2505 2598
l 2 237
l 1426 1628
l 1434 1632
l 1634 1635
l 1698 2326
l 2362 2513
l 2514 2523
l 2506 2507
l 3 72
l 235 248
l 299 300
l 1427 1630
l 1699 2517
l 2515 2516
l 4 243
l 236 237
l 1428 1433
l 1628 1641
l 1700 2326
l 5 72
l 1429 1636
l 1629 1630
l 1701 2513
l 1701 2520
l 1693 2505
l 238 246
l 6 239
l 6 245
l 1430 1433
l 2294 2519
l 1694 2507
l 71 244
l 1631 1639
l 1431 1632
l 1431 1638
l 1663 1689
l 2687 2690
l 240 247
l 1432 1637
l 2512 2522
l 2688 2689
